-6.20417982674551e-05,1.1696832670731332e-05,0.0004349715199675555,3.359104626537403e-05,5.745724544807728e-05,9.83352355409393e-06,-0.00018081491270915089,8.609003699826029e-06,8.484713272948762e-06,4.751837560695198e-05,8.703839945020808e-06,8.043162610264135e-06,1.0612775160922974e-05,8.490349722092438e-06,1.0010622702100672e-05,0.00011806296366433736,7.106916162935997e-06,0.0006858645301736991,7.028664996730189e-05,9.46732277364498e-06,0.00010780066921749288,0.00010682201933264486,0.0004426293194139746,5.932350239918188e-06,-3.734295650806312e-05,1.8412683115915653e-05,1.8553221403445596e-05,1.8493069602760066e-05,5.6839269311000755e-06,7.396002563212404e-05,3.286404576046253e-05,2.11826850091169e-05,5.9099626470043706e-06,5.400918806460739e-06,2.086928327224035e-05,3.782808658867812e-05,4.765075274543674e-06,2.497665735077373e-05,2.500567350507897e-05,4.119292151466735e-06,4.270203207912064e-06,5.284842832341915e-06,3.6600394396395837e-06,1.4521346737603238e-05,3.256623861514295e-06,3.3728825828799326e-06,2.8896559354236875e-06,3.636298363111647e-06,0.00011160156290540693,8.453246418819191e-06,4.5150736599205364e-05,2.3034728789515454e-05,7.453456130125511e-06,0.00014578736340250184,1.8805553909015455e-06,1.0849088920621303e-05,5.254017820634187e-06,0.00011958115656839123,0.00021044929091335756,2.7028224368952697e-05,3.0298001639277334e-05,1.2723660272504655e-06,0.00010490763469763924,1.3209309159635037e-06,7.271108771083234e-06,9.922897707177565e-05,1.1685347285982955e-06,8.472956979042984e-05,8.325296518597462e-05,7.731343731623891e-05,2.1051056322757583e-05,7.766993405238767e-05,0.007595662091503268,5.34264705882353e-07,1.7365724463939133e-05,2.088681854118356e-06,2.8738599372597634e-06,1.9124648958409247e-07,1
1.277972103109509e-05,4.743067922091236e-05,0.00010974454116093751,1.0345081272526493e-05,7.960183833095268e-05,0.0007026459378201871,1.0694063272865215e-05,4.4952499823501116e-05,0.0004946696085676428,1.718840589293698e-05,3.465240480527621e-05,9.352771882068914e-06,0.0008837188237343038,0.0009217911651299997,0.0032409451818776612,0.0004120572420526008,8.778686656159642e-06,1.0306994268686728e-05,-6.226035506571595e-05,4.673255635649568e-05,0.002357320174373029,-7.881843957638235e-05,8.087074688457867e-05,8.061689654374393e-06,8.416111565683231e-06,7.739035001355873e-06,6.463394555437619e-05,1.0515793832628726e-05,1.2563085028434077e-05,2.065268879299727e-05,0.00013530930519562936,0.00028338410808358545,0.0002708547016853738,4.434498428915075e-05,0.00010613085796375359,4.319237200744017e-05,7.143303529440889e-06,1.4018480177343275e-05,2.8854660290366547e-05,6.457339682481158e-06,0.0001574053997243695,4.1627921798254176e-05,0.00017038759089602924,0.01548306584042422,2.451078501304256e-05,-4.5255885527844526e-05,7.241288200510673e-06,0.000358515758881196,-8.555975761935656e-05,1.1750998855768321e-05,8.205122493893348e-06,8.790219326253516e-06,7.088059860262001e-06,1.7329860303188713e-05,5.622732311035222e-05,0.00022373773747400255,5.052701645664389e-06,-3.612194756347165e-05,5.366654271622488e-06,9.748357553758047e-05,3.80552744007384e-06,-0.00011905293962593641,6.331191567415173e-06,1.375046302724809e-06,-9.559741504491632e-06,7.473568006568173e-05,2.6514692605519354e-06,9.766231558776177e-07,4.785236878708218e-05,8.966376394257242e-07,1.372129092685381e-06,4.6934287067479867e-07,-3.3071425330711026e-06,1.3670108951407723e-05,4.84329776775017e-07,7.625781178508435e-06,1.4043793273151996e-07,6.327474337620792e-06,-1
1.3800141216430336e-05,1.2179587405996724e-05,1.1542811858078004e-05,0.0003550387239594315,2.872320044768104e-05,2.901418327780051e-05,-0.0029742201141567345,4.200981668648668e-05,8.218764938075971e-05,4.675335758265591e-05,0.0004730266945383464,8.472161869375998e-06,9.183536338361544e-06,8.63486575892978e-06,8.374086084250591e-06,9.927540519817303e-06,-0.00010030693273195851,0.00012564728529223848,7.860014521602424e-06,-9.720625474951775e-05,3.807357959168712e-05,-0.0006216833978305552,1.6214394538400716e-05,-0.0001260103642809602,-0.00019850635434121526,-9.162503438112439e-05,1.068105115480582e-05,-0.00017091948760798522,-8.754985760420224e-05,7.099650497026456e-05,7.206242135413944e-06,6.71863954326689e-06,8.673793898534063e-05,7.334522990315172e-06,0.0005148867488025197,8.606338333388733e-05,4.050446016250658e-05,-8.702422236101156e-05,6.2952865640651195e-06,0.0007880746651486309,8.975325189203012e-05,1.0597944106188195e-05,6.711832439577932e-06,6.551791527492763e-06,8.497531327588276e-06,7.301813422705455e-06,4.0969296656031846e-05,0.00037818946807392036,1.9908378841533017e-05,6.115301967629271e-06,0.00028868962360563925,-0.00013204584298318303,-3.4200999283149715e-05,7.353546426226124e-06,-0.0011644422259266224,7.383520955308128e-06,5.623322110541255e-06,-4.0312186762574884e-05,7.404349062676373e-06,5.072901828429728e-06,-3.769154044871341e-05,3.5393372057606456e-05,5.861166814856748e-06,3.3248627780358714e-05,5.376849359227457e-06,3.115946688490092e-05,5.840677271401843e-06,1.1679741133977168e-05,3.613548060248242e-06,2.4500795132938644e-05,2.583812754739092e-06,2.931263287112385e-06,5.340416097116656e-05,0.0002394224701709021,4.91340910402079e-06,7.212673790045934e-07,-7.674922600619193e-06,1.0105220085345182e-07,-1
1.0357767285600034e-05,6.336374377732995e-05,1.0553156402456357e-05,0.00046514531112145654,1.0674149866101147e-05,0.00026324744531463395,1.003969515983847e-05,1.1617825340845527e-05,1.0341889432071493e-05,0.00016279539149516637,0.00015219290773689362,5.4779809675389816e-05,1.0795567614060925e-05,9.9072051933243e-06,6.366118167736926e-05,5.5668501387484404e-05,0.0003993304446632559,9.165948848794902e-06,-0.00010030235424960699,7.473670050493151e-05,1.0118416432235277e-05,8.821143634944314e-06,8.96163624291653e-06,9.299297509187367e-06,1.6212311547398702e-05,1.176262712125308e-05,9.0598615866935e-06,8.559633578806436e-06,-5.2923687067882556e-05,8.492808326632362e-06,6.446758194056684e-05,4.252137302333578e-05,3.997477296629043e-05,6.663560793098694e-06,8.560200584965112e-06,0.00010443170562929876,4.0442553860627036e-05,7.247333026172398e-05,6.843049629040185e-06,7.153429982482468e-06,6.4297499224802635e-06,6.5994546310399015e-06,4.438417313526975e-05,7.92317099009605e-06,3.791450843344871e-05,0.0003853509893576126,6.338586819635027e-05,1.1469061435343115e-05,7.132740629547503e-06,7.569743294509758e-06,0.0005360692223516461,7.646201601022545e-06,5.835364526834753e-06,-3.905271627565261e-05,5.893551927347603e-06,6.126694043520162e-06,3.618845025707207e-05,6.8062869595772675e-06,-3.484472249514255e-05,3.493110437392599e-05,0.00017903620369223106,5.6986076241926785e-06,7.461262786263509e-06,5.4474184962830275e-06,1.1325225155851743e-05,-3.186974169709108e-05,2.8806446592987206e-05,5.3533781906365654e-05,3.065378389361026e-05,6.54532547188499e-06,5.609154078498827e-05,8.172964005385238e-05,7.699089068826855e-05,6.888539289844677e-05,8.134900197046476e-06,8.162572768734202e-07,1.283382072162513e-07,1.0211106588620702e-05,-1
0.0003411549021082017,0.00028695444496525607,0.0003666269866835221,0.00030768374123601056,0.0003138643964083508,1.8660386398162965e-05,6.152698994229573e-05,1.5983222173717574e-05,1.050579952192743e-05,9.696013599558503e-05,1.6363284107917814e-05,0.00011412093242775012,8.981407005490042e-06,9.402667276357286e-06,0.0001311924715037222,0.0002056722522911559,1.1177459493879437e-05,1.007931170069612e-05,0.0003950369637817266,5.5788695743909975e-05,9.021424380953268e-06,9.032949201964264e-06,1.2545550326449446e-05,-0.002592649679458038,-0.0010121716196951017,-0.001086147081185698,1.1263288657142323e-05,-0.004450671333309455,8.32246409740153e-06,9.002717942899726e-05,5.166553450836994e-05,8.174685201199645e-06,7.701042421963015e-06,7.188783163331673e-05,7.183583591961786e-06,1.0406866552748472e-05,6.864219945204008e-06,7.015861698735131e-06,0.0003414485587218665,1.2762782961326249e-05,4.7438631247593126e-05,4.432596589656967e-05,8.783832216779415e-05,3.776287400365034e-05,9.817909051679113e-05,8.275064673946397e-06,0.00010727257825559277,3.479758041265238e-05,-6.169656903480304e-05,7.397558899479296e-05,8.943246137544739e-06,6.133856887746641e-06,6.290390313623383e-06,4.069456678830127e-05,3.1959982027902556e-05,0.013358312248003046,0.0003213586688866378,5.739158062239404e-06,0.0002943159527556798,6.621872115849852e-06,0.0003320411473178599,7.714943954894713e-06,0.00013086153136251605,4.98419487182149e-06,9.230448687400688e-06,4.882255558785666e-06,2.4113096655872238e-05,-2.474379095377832e-05,3.643168630883054e-05,2.8853058876950735e-06,-0.0010549669343559354,-0.0009466694975897368,-0.0007965196517560407,1.4184559180675706e-05,-0.00039073430687078427,4.040507335021125e-06,7.173935903981838e-07,6.580294643277557e-07,-1
0.0012104096480681397,1.0977396949052486e-05,1.1693114083564391e-05,1.1684628760871605e-05,-0.0004646683921200224,1.2760697258953794e-05,-0.004929002302572901,2.3840719988552744e-05,1.680068820119936e-05,1.5692257408841073e-05,4.905845644182649e-05,1.104614523827615e-05,0.0003823345056404259,9.143954078802699e-06,1.1082874987461605e-05,1.3567854447518602e-05,9.015121612643181e-06,0.002265692484050656,1.018201340463427e-05,9.278467370328198e-06,0.0006616983943835409,0.022811635121168974,9.752434798426e-06,1.190840784982556e-05,2.5695625334467903e-05,2.3770319002555184e-05,1.269381391149933e-05,3.398514665637185e-05,6.865910778107864e-05,1.0674947338740002e-05,2.9059940779218387e-05,0.0001922364796980829,2.5415648602108413e-05,1.0796976255659398e-05,2.3978437077447226e-05,4.845653087088436e-05,7.544807986567618e-06,6.783842669171019e-06,7.870794504159383e-06,6.592103964663699e-06,6.396296296296297e-07,6.374928774928776e-07,4.227179095160914e-05,5.134987278584043e-05,3.9886976330245265e-05,6.677828852366218e-06,2.6044236460092758e-05,-6.562848569896763e-05,7.434918164843771e-06,1.026979304430347e-05,0.00020004639219816918,0.00034452728204115515,0.00034890239038846586,-4.657408467943596e-05,3.8718215171458414e-05,5.060279283713582e-05,5.2786956195998194e-05,-4.5781434047627776e-05,6.079731016220181e-06,0.000652114448914491,6.396278929007622e-06,7.959069332951863e-06,-0.0013519934247379092,2.9654457354489817e-06,3.2733428197104816e-06,3.2706659940950434e-06,7.81112192378072e-05,0.000464750745920042,3.986502682463835e-06,0.0003442762233696129,0.00013068798829428654,1.6894328579537432e-06,2.1255136736428914e-05,2.830275597125268e-05,1.044582114203787e-05,1.0806472657851185e-05,9.839804140603103e-06,3.8064825112190225e-07,-1
1.0645929425210477e-05,9.713733905579402e-06,7.947528088709312e-05,1.0486611410778549e-05,1.822531321312773e-05,0.0002546662310559204,0.00028514464901459134,0.00029913640062172463,0.0007642782085805437,-6.922805492461723e-05,6.147535640540129e-05,5.104285135334837e-05,1.0873221209967e-05,1.125115947418415e-05,9.290422791589483e-06,0.0008482733549294669,9.19019250038908e-06,0.00023638553981415205,0.00023638553981415205,1.3321159434169316e-05,9.156231917325147e-06,8.385652169885716e-06,0.0005743000209529465,0.0003655710625629622,8.21427904915536e-06,8.019717545363273e-06,8.111054324016482e-06,0.0005303043970241367,0.0005331898328857649,0.0005286098294347783,0.0005239356280816444,7.878667506650178e-06,9.300255974922173e-06,8.373444877342509e-06,-5.814806166223935e-05,8.250076934988617e-06,9.044944989950471e-06,7.624612485980269e-06,7.355996137333275e-06,-5.1311219281543976e-05,8.474017437099587e-06,0.00029541271829496636,7.978489188661586e-06,5.6801841217272205e-05,4.8777269283576913e-05,0.00028148030144474484,7.125014489071862e-06,7.974373652072562e-06,6.926406756544839e-06,6.535783264061378e-05,-3.8036763401594326e-05,6.774586020400307e-06,6.289203229315991e-06,7.311951507978266e-06,7.294966324796363e-06,-4.28525980569553e-05,7.1251144929773145e-06,6.458064170224307e-06,5.945922423420302e-06,5.985833764995371e-06,3.4569878105819706e-05,0.0002199430452491071,5.267826764583582e-06,5.498800103676056e-06,7.232284580270977e-06,0.0002499782820553143,0.0002640746255569631,6.839038802902233e-06,4.150596087218699e-06,4.4577510155167195e-06,3.872104502217441e-06,6.215081446592431e-06,-0.0001692528838775451,-0.001166520890534744,1.3938194819235917e-06,1.3384348277558054e-06,2.591177152278118e-06,-0.00011682480714296997,-1
-0.0020106595903952315,0.005500844242281468,5.944147893184191e-05,5.5451154113403965e-05,-0.00011460924946612988,0.0002064898907665159,9.006549722821576e-06,9.2005878661398e-06,5.5067385232337214e-05,0.00010536478107609675,8.569345785982603e-06,0.01094432394284682,-0.0004244227096499007,4.490751404746343e-05,9.64942821375449e-06,8.240448291888453e-05,5.071410895206972e-05,7.244733000449928e-05,7.244733000449928e-05,4.4829844720149596e-05,1.0258625843934377e-05,1.1393804702380071e-05,8.557544024941593e-06,0.000216182738662197,0.0002373845061817267,9.348485413820826e-06,0.0002124267996282769,0.0014092073178472104,8.15218514791844e-05,1.0537477189566798e-05,4.5198516487888147e-05,4.334425007242633e-05,0.0038835483788817174,4.603902212951705e-05,0.4104227217391304,8.209815017786133e-06,9.507973223313278e-06,7.37719298245614e-06,4.997592308837308e-05,0.0001935963407454581,7.961769732735076e-06,-9.351811260156567e-05,6.625959699788418e-06,0.00017685886833763813,6.533621419037596e-06,6.758850135992071e-06,0.0006047212683569737,6.142752094207925e-06,6.204813926480164e-06,0.00013657790859105494,0.00013548416708100662,3.6709324983405004e-05,0.00014492974977686299,1.6579269645393035e-05,0.0002221343680829205,3.5719355837903225e-05,0.00010559515281902673,6.5306345262970645e-06,6.373197528230264e-06,-0.000579333603962439,0.00024423847063287206,0.0001549116217608573,4.8400635283694905e-06,-0.0002245629898116678,5.970768867463673e-06,4.4225817288439316e-05,4.231294575455292e-05,5.2796875608197545e-06,-0.0001362582357498086,4.0869755543705744e-06,0.00011277814755200273,6.953395268947291e-05,2.5130104882407266e-06,6.782247151038964e-06,8.533298500545885e-07,7.171032087720007e-05,3.536514726287032e-06,6.518366385689946e-06,1
1.38878553549201e-05,2.1216865041385143e-05,2.084475084775744e-05,4.1061773238720156e-05,4.070591034805885e-05,5.812468310717606e-05,7.746459966052855e-05,9.088848452293415e-06,-0.00011808556037745401,2.594516411394566e-05,2.269810210970327e-05,4.263267346149248e-05,8.004741544638663e-06,7.962718674062175e-06,1.0182627021303677e-05,-0.00029118828621725606,4.212524654186208e-05,1.731078724812904e-05,8.055533566347153e-06,7.866159738054377e-05,5.521963397960304e-05,4.894936019277406e-05,4.869032677344376e-05,7.456952223959101e-06,3.470175337264265e-05,2.3636853740740987e-05,0.0010754295610151735,-0.00013785168805130723,8.512748402064328e-06,0.0010016871335531091,0.04004295379342101,0.00018356533071831212,2.329400391800482e-05,1.0244563904779871e-05,2.305712698418469e-05,5.118980393107831e-05,2.7164931077439733e-05,-4.2752546203049654e-05,6.536632988591078e-06,1.0937962122808524e-05,6.55495846748881e-06,1.2830476390663938e-05,6.05355095436681e-06,6.141392882150611e-06,6.495287830132205e-06,6.183722397524919e-06,6.176311239062917e-06,6.201437475601084e-06,5.772617269729107e-06,7.229539721251634e-05,8.321974997949858e-06,0.00016073097277025724,4.157992126331198e-05,5.673691407568964e-06,6.468255374528979e-06,5.459537524592293e-06,3.363772931942344e-05,0.00014675910623889715,6.133074311129692e-06,0.0006436267939343663,1.4646919950895755e-05,5.418249849877276e-06,5.165346706585505e-06,3.198569392411986e-05,1.0965299382719086e-05,0.0004398536554722428,0.0004855340089791034,0.0005092778724813687,-8.857853027166516e-05,4.598444244145178e-06,8.647731831434434e-06,8.871817279506212e-06,1.0163903300527812e-05,1.0136355859817695e-05,6.1011068044962694e-06,9.913842446017286e-07,2.3554296278763093e-06,5.118518080403765e-07,1
0.00015253280154521872,0.00017480266110496274,9.798700056697409e-06,5.145511817817814e-05,1.02692272006122e-05,7.864205786648207e-05,8.369591380300197e-05,8.311794087572489e-05,4.6821896825190016e-05,9.504411845046975e-06,2.2713468752670293e-05,4.669788866312708e-05,9.63354023874488e-06,8.681365653045814e-05,-0.0006629864533856405,-0.0006841476803649179,-0.0010160351886768831,9.257528812119866e-06,9.963518932192186e-06,0.0002838538600068263,1.2823476050342518e-05,8.604712898788531e-06,9.106908835528687e-06,8.50915574967008e-06,1.5645745864169892e-05,-7.462398389493323e-05,9.461324343946877e-06,0.0011356880044212513,0.00040059157621236076,1.1813535550183441e-05,6.578203881386055e-05,7.90156170323928e-05,1.1137757526297e-05,0.00013616181838608997,7.818735900024534e-06,-0.0004140189366428518,-5.1584713682013436e-05,1.0213633686716794e-05,1.1486920504090381e-05,6.691861865206425e-05,-4.282938819543078e-05,-0.001971999310146348,0.00025931254038238585,7.93397683746015e-06,7.513397596535394e-06,3.921576808435767e-05,0.0008546823818833932,9.349497330049421e-06,5.140973141477002e-05,-4.6068828839959956e-05,6.4961992465145435e-06,0.001204621964824094,8.166010973101138e-06,1.07687313745713e-05,1.158461570968618e-05,0.0005085915152493656,6.0834903809540176e-05,6.296828281411009e-06,6.637137416001958e-05,6.2320091414680355e-06,0.0001809852433247991,0.00015149919006249141,9.443242124779695e-05,2.7817388426117976e-05,5.701696550195522e-06,5.477974560647135e-06,2.486227277754664e-05,5.250858003831722e-06,-3.296652188700932e-05,2.0105710155127674e-05,-2.8132187485997428e-05,3.0531136719720374e-06,5.515648060129198e-05,0.0002722838338339889,5.865548932655829e-05,3.178943617454654e-05,9.47463384363089e-06,5.091564155639905e-07,1
0.001197601509641924,1.3331099085740553e-05,7.917520390931662e-05,0.0011025037898781535,7.420901464495386e-05,7.319258981011545e-05,-0.0005976882164444399,7.255776045290308e-05,5.2063593648555043e-05,1.0937825765120888e-05,0.0005154500446931003,0.0012885926467819514,2.8417403454578322e-05,8.7979787510706e-06,0.00012737642167254075,2.1750262197256013e-05,-0.00015705448930199075,4.6274577546294356e-05,6.0798921322148885e-05,5.8482473382201724e-05,1.2879245886417913e-05,1.1922944680013506e-05,2.7987151152800384e-05,8.037572336990006e-06,1.1226588826577287e-05,-0.00018677771006700653,1.9526675096525475e-05,3.338675125943597e-05,1.914979592691013e-05,1.1823084743879937e-05,2.2871897193712456e-05,6.845215987166652e-05,0.0001253104510764241,5.5192556428262945e-05,6.863290208254741e-06,9.893099437367958e-06,0.004564950576305245,2.7225764903477015e-05,-0.00010370546422388498,9.105587634125533e-05,0.00020409948336377968,1.870132657334814e-05,7.095758595993992e-06,1.5992189780153932e-05,6.304809433352982e-05,4.786397500436965e-05,0.00017273416516825886,6.285462327929656e-06,1.2586689380207192e-05,-5.5235577134228004e-05,1.2723287306938902e-05,2.6915204216795732e-05,9.12722502805664e-06,7.889068135795446e-06,5.850013087597932e-05,5.724182719610944e-06,4.342184955367337e-05,1.5473462859434004e-05,1.202782777003727e-05,3.576803725121039e-05,2.5666624903643847e-05,6.465238721955614e-06,1.3292595815411337e-05,5.870608617418851e-06,3.531373672547251e-06,1.5626027121614576e-06,-0.00011518904373497452,1.934440000503027e-05,1.5368477294616354e-06,-5.711705739614141e-05,-7.190258494570664e-06,2.2663253145065863e-05,8.571713317917335e-06,8.342882958067373e-06,4.461033903651802e-06,4.896608225125922e-07,1.8512758434409913e-06,-2.869288629828801e-06,1
0.000103681678616212,0.00037444312239076535,4.491056372031476e-05,0.00019134473185269883,0.00062485029992113,-7.580544665149053e-05,1.0647572579188666e-05,4.8561675060844556e-05,9.938593298242128e-05,3.772186415385858e-05,0.00032227206610190994,1.4142200362837423e-05,0.0007093451300489247,9.267161463639753e-06,0.003067726682237471,1.375420134742139e-05,9.083193205877838e-06,0.0004000416990372128,0.00016209337270564172,7.616063633625694e-06,1.5622560508015104e-05,-0.00017619610079123987,-5.5515149361831395e-05,-0.0027583115532246634,-0.007835768179223969,1.0451328067271034e-05,6.9864685080555125e-06,-7.485580235585614e-05,-0.0006250219887104354,0.0015497339553971995,8.70408665587304e-06,7.849359034179485e-05,-3.739740755788927e-05,8.760870088786601e-05,1.638119415875932e-05,1.1284887178159188e-05,-0.00014251015079953097,0.0006907594289874417,8.017881483784797e-06,8.90140116778492e-06,9.455132370612584e-05,7.932910770394245e-06,0.001726086334574382,2.711333192232628e-05,0.00013721285358436451,0.0017453145763367695,-0.000649003540976633,0.0007655433360458149,0.0026833151763395575,0.0028545159969068355,0.0003290667573554902,0.0009090330860218311,5.798785679773183e-06,5.06078069755491e-06,0.01659569097767759,6.279627905165006e-05,6.764277014522614e-05,-3.902599168622817e-05,0.0004321948639910678,8.22174264963546e-05,0.0001043732858666618,2.635613924816321e-06,3.5599842341726363e-06,2.52741070924787e-06,-0.0003101852034608633,2.411490219219113e-05,0.0005218252847551186,0.00012637902766038985,2.147959579493616e-06,0.0005280177167294105,1.7763632336240854e-06,3.9641113649226445e-05,3.158307695347107e-05,1.1916433066153645e-06,-0.00010562725296884349,-0.0004110923315186235,6.201966605454587e-07,8.006525385721493e-06,1
1.1201813628869302e-05,0.0006264775731570742,1.04945838074664e-05,1.5113707219553474e-05,-0.0005636323902435472,1.371584144179258e-05,0.00041604099721543654,0.0004133583112252642,0.0003942526284567454,0.00012083048770657087,-5.519016770519616e-05,1.2321643259502608e-05,-5.204416388731909e-05,0.00011088092658866956,0.0001091435720213027,8.295198532622758e-06,4.057252036148612e-05,8.905837478045444e-06,1.1898998422524773e-05,0.00024141728475779575,9.646743854118618e-06,6.727325063356527e-05,7.970858910800895e-06,7.90266835862061e-06,4.3650115621572365e-05,1.1105250801859081e-05,-6.83799785431159e-05,9.33575493518593e-06,3.879947388242602e-05,9.071610213828223e-06,6.093701778611964e-05,9.675808809435947e-06,6.842741792018449e-06,3.685049404378871e-05,0.0001317954861106596,6.584338719862541e-06,4.496375195005119e-05,7.6198649846647164e-06,3.3528294379218554e-05,7.604893837297425e-06,3.2334132069172424e-05,3.947454622435098e-05,7.323935029877984e-06,6.440582022773627e-05,6.190577906934037e-06,0.0015384038812848923,0.00023484554796624792,5.939686160151778e-06,5.806532535856425e-05,3.144727131731112e-05,-0.0004905774325500535,8.380797961891719e-05,0.0002425915083120744,2.850515446058233e-05,5.092163227108745e-05,5.133576678375668e-06,4.944681333022291e-06,4.900712771332728e-06,4.437472136088672e-06,4.232436428988923e-06,0.0002582031388300049,0.00028457807417024195,3.895743807681776e-06,-3.705049301988572e-05,1.7122727791421313e-05,2.921033046069307e-06,2.7018281686770667e-06,5.4450917667999e-05,2.793859883007862e-06,-0.0002283954345504496,4.225963784618625e-05,-0.00022700367939299098,1.435807258266257e-06,-9.285171242573898e-06,-0.00010382495555774594,3.6468531468531475e-06,6.981002274653954e-07,6.845532306215114e-06,1
0.00012928735636971427,2.84920459303243e-05,0.00017425887228220773,5.550596997235373e-05,8.880831342234717e-05,8.880831342234717e-05,8.56720976729432e-06,8.897055952056276e-06,8.692576825422704e-06,8.593791273640876e-06,9.95110206428225e-06,2.4986423513347734e-05,8.780102722686735e-06,8.672550243438896e-06,9.743631731938372e-06,8.064588716545947e-06,9.50835934507021e-06,8.073893144685345e-06,7.933367299282396e-06,2.2800383193732525e-05,8.062467268807445e-06,7.4674476448572815e-06,8.741270320131905e-06,3.347179131339967e-05,-6.0359211222286104e-05,7.824930311759677e-06,2.120249178318536e-05,6.844656472902177e-06,3.703092245594666e-05,2.2656788310831253e-05,2.441467102535624e-05,-0.00011189290059685331,6.326004447882045e-06,-3.754176352599745e-05,4.1238888300895806e-05,-3.617866616642589e-05,2.543820272621833e-05,6.193792396184367e-06,6.186481757519325e-06,-4.744678402987133e-05,5.972304213899822e-06,5.943838576523179e-06,1.6953825297781692e-05,5.796166760907831e-06,5.706784274691e-05,5.585427229240923e-06,2.5928183614621347e-05,0.00010693515572300339,7.041372492920201e-05,7.00688005507448e-05,6.0902832610291335e-05,6.107448218258262e-05,6.970931578051871e-05,7.370287993819896e-05,6.368669079111427e-05,1.3756295074357874e-05,5.561601333683559e-05,4.215251012872417e-06,3.387580810482234e-06,3.280418602374119e-06,1.1021795950556831e-05,4.6843463317151116e-05,1.6314141666404479e-06,2.1338727183710745e-06,3.3054619681098826e-05,9.952207879501538e-06,1.0734171310735037e-05,9.026357479781075e-06,9.869021388942929e-06,1.889227509781475e-05,5.44050902361403e-07,5.719145910873722e-07,1.0218954953737451e-05,4.5735493910507743e-07,4.548269789889104e-06,4.540166794378318e-07,6.7723479938609026e-06,2.409103921238125e-06,1
0.0010290430845541585,2.7873353619898126e-05,1.0218837096079902e-05,1.0092587275750888e-05,4.219894598598973e-05,9.673179868129082e-06,0.00014351680256461164,1.6780954730660647e-05,2.4128026891761113e-05,1.0337210495129125e-05,1.1194173618263002e-05,8.609731979671073e-06,3.566410479040028e-05,3.236628677271738e-05,0.0013538944054691127,0.0010812907555630082,0.0010609552933161833,0.001368752849884126,0.0012968466553793525,8.098291660946062e-06,0.00011960114255108949,8.554028607028989e-05,0.0001077431822759277,0.008456371213183501,7.836900095555323e-06,7.609808091545629e-06,9.498296670026127e-06,-0.001038056979188172,7.161628397310522e-06,0.00017646571353641712,0.00018453506707281737,2.0222762633736456e-05,3.464082013431999e-05,3.427917189819396e-05,3.8107833133979814e-05,0.00021052273417114452,0.0009783094237020167,6.178763549900031e-06,1.563498861961356e-05,4.187363712758154e-05,3.6348867842868374e-05,1.4709737944674227e-05,-4.356811439039612e-05,8.760272267076493e-06,2.424368265749434e-05,0.0005630812373678867,2.2379254284974615e-05,5.2765395510286376e-06,2.646218131945519e-05,6.146048487054748e-06,6.861419155011608e-06,0.000306867967125094,0.00029112291624253274,0.0005708076657339642,5.154982294900356e-05,5.193147130312969e-06,-0.00020887456993614638,4.880268594062332e-06,4.7496583205184765e-06,2.6718010966664226e-05,4.2766809583392534e-06,3.850173522843062e-06,2.6057213777873864e-06,1.973933277976218e-05,-3.9208268359800136e-05,1.997289936754557e-05,1.0307308415875392e-06,9.753935967524353e-07,9.422478293660199e-06,2.51645213897253e-05,-5.682110315628531e-06,7.900564708223849e-05,7.872657742723656e-06,5.136547003709541e-06,3.915374442811662e-06,2.988223042653846e-06,2.564481168776635e-07,1.747488445854249e-07,1
8.613863316041115e-05,4.086019997247804e-05,6.948434280883556e-05,1.3418712544156124e-05,1.3350709193754615e-05,9.675312826621818e-06,4.609139970410571e-05,9.014066205972866e-05,2.121179660667793e-05,0.00010917983921489971,9.458498480528796e-06,9.95563866181302e-06,1.6544596121172898e-05,9.27885671936824e-06,0.0007929701276704827,9.272568688368662e-06,8.844213341886826e-06,-0.00013563609293406337,2.2651848795532555e-05,-8.438688080499775e-05,3.8306503554179307e-05,8.40979969166365e-06,0.00017683581524878438,8.749022651665739e-06,0.018602498972202758,8.525356588928348e-06,8.204603600863908e-06,7.83013500274058e-06,7.581760339402828e-06,7.771279226543933e-06,7.2786396038781596e-06,7.2786396038781596e-06,0.00025833521131135773,8.536177265600008e-06,7.6098286603793545e-06,0.0003176302564381064,-4.335156334459806e-05,0.0005965729493728935,8.329444112800837e-06,1.7736627346187674e-05,-7.233442072841825e-05,7.210306676808921e-06,6.915661856181523e-06,8.006940394434132e-06,6.494482964234082e-05,8.468356501509973e-06,0.00015428740142292303,6.583467882884872e-06,-5.245698991953845e-05,7.548538222233613e-06,3.7789675924312974e-05,3.639963709073079e-05,-4.446692294108708e-05,6.104343583762069e-06,8.770859594802492e-05,3.556663227042773e-05,3.589576778815732e-05,6.474853303967094e-05,5.935264057209695e-06,5.7980047314364106e-06,3.2205960215314745e-05,6.488509670618747e-06,0.0004070071856053019,1.1942825574499841e-05,4.418181985892567e-06,1.1598266476446533e-05,2.855834938571322e-06,1.7838271159424889e-06,1.6982447372195722e-06,-1.2762186425146795e-05,5.553566263536929e-07,5.452038003326202e-07,5.369767926318111e-07,-7.855161910928365e-06,5.826956243531356e-06,1.989844220920583e-06,-3.985552952086738e-05,1.4252558417353654e-06,1
1.0125622960004222e-05,0.0001499012200768596,1.8220012265573124e-05,8.648692410475184e-05,0.0001885011513909158,5.335724819780207e-05,8.614378538389352e-05,7.191594989240103e-05,8.657681673814628e-06,2.5278761348993098e-05,0.0007700802860359177,8.592857021057589e-06,0.0002499272958814316,-4.975912997908814e-05,1.0539218737167317e-05,0.00031514074947384024,8.278322491706646e-06,7.294178410506091e-05,0.0002622174598090354,0.00027252089805891337,7.2903507263897e-06,2.0570940996772142e-05,4.6842419732283784e-05,2.135381746979206e-05,3.331699194868823e-05,8.614209438451484e-05,-4.9770478495276346e-05,0.0006396307930627913,0.00063792424463236,0.0006362630112086059,0.00014357710229329917,0.0006345046556976144,8.57171514750375e-05,0.0074615388893848585,6.382636027985651e-06,6.34912878267359e-06,3.7090478456730275e-05,6.381754874314919e-06,9.788364958632971e-05,0.00011148047233160983,8.047403607685938e-06,9.606060556677078e-06,8.040942430228307e-05,3.694859361015147e-05,-5.775572067459191e-05,5.0241794033285536e-05,1.7841916578139323e-05,2.474440994219017e-05,0.00013167070484131454,0.00014171058279022536,0.0001301818744588508,0.00014087395152508297,0.0001403181166261465,6.025979090636777e-06,6.018032709654042e-06,7.593573233907521e-06,0.0005755561505328662,1.3942322862416828e-05,1.292891876137542e-05,5.607939139302068e-06,3.765468732077145e-05,4.095239983771209e-05,3.622241122515328e-05,8.465932673248504e-05,-2.566871040725668e-05,4.491008467360548e-06,2.6761940636293767e-05,4.66573701432144e-06,4.133691975530846e-06,1.859444734656978e-05,2.9162929120523035e-06,3.2020738813909983e-06,6.75475350735511e-05,1.2617312850515991e-06,3.465094448648919e-06,6.25640494413394e-07,6.848293332770653e-07,3.931830111493751e-05,1
1.893308074073901e-05,0.00014104222813211053,8.346935696111382e-05,3.4221076709916824e-05,9.578050894841444e-06,9.220353149763884e-06,-5.9107212912383906e-05,0.00018871705829470045,1.3801536252337237e-05,-5.905071139645683e-05,8.270288408366124e-05,6.105372892760691e-05,5.5217985199976955e-05,9.0504734514556e-06,1.833196545233922e-05,2.3004451257800494e-05,-0.00016293415444223246,-8.726915447784853e-05,8.946641020541935e-06,1.8531974235475187e-05,1.0797785141004745e-05,2.4130603414455546e-05,9.498970788279049e-06,0.00011737478227015807,1.3688569475336741e-05,8.717659997329683e-06,1.3507552929344426e-05,-5.454412140811797e-05,1.7770331122123194e-05,8.658604875190855e-06,8.682712004136186e-06,8.694691699722288e-06,8.626358684992088e-06,8.598576444217004e-06,1.806871555310432e-05,8.663022566058143e-06,2.6441706457195054e-05,1.2956790868280598e-05,-6.407704518346124e-05,-0.00023911912652508383,8.596070996000202e-06,0.00011082364322939192,-6.321446542519615e-05,1.4445909636146053e-05,8.609379634153796e-06,8.356824724645704e-06,8.340500723977347e-06,8.208512770768507e-06,8.266340995077005e-06,5.025088587349222e-05,8.083895290907947e-06,2.042340207606134e-05,7.894622157548812e-06,0.0021861775280715367,-5.387524299580238e-05,8.071050747218042e-06,4.888947210213477e-05,7.106015057577779e-06,8.611471440951113e-06,6.7790867234556904e-06,-4.192597167821521e-05,7.801755431419134e-06,1.044492319508818e-05,1.5629190315830975e-05,5.602579879707432e-06,5.526641112308399e-06,6.754941069495695e-05,0.00014809038860269709,5.19406395929275e-05,4.915129213645678e-06,2.00694669703803e-05,2.2215159457328628e-05,1.7664243943062835e-05,4.214585169835026e-06,1.8005417542633747e-05,1.0824623966527528e-06,-1.1523419175510288e-05,-7.940081063681758e-06,-1
0.00041966777611050944,1.0383961441719631e-05,0.00011119006165201827,-5.610240310153957e-05,0.0003203737375420479,8.602596573739939e-06,8.61060829495908e-06,1.0547728945787325e-05,9.650829210626655e-05,0.00012206142032827484,1.002406681965365e-05,1.565627201447363e-05,-4.727518062222338e-05,-0.0032475535795907094,7.526308675469522e-06,0.00018562975973334186,7.295556238205643e-05,7.5244772897601145e-06,1.4656514909856621e-05,8.30685623013165e-06,4.122196703276365e-05,0.0013181808457218588,8.323844487188918e-06,8.346833503098483e-06,6.8787687135995244e-06,1.6296534591015865e-05,4.999909148690938e-05,0.0024323210739613603,3.4133294710151885e-05,6.623253420360689e-06,-8.182384109557793e-05,5.126344278658332e-05,6.283938044466417e-06,8.62131952844709e-05,6.161455112692739e-06,6.4624899528386485e-06,-6.359351264024044e-05,0.0002449327561324973,6.238369821600951e-06,5.859148985268346e-06,-0.0007751713241705144,5.8074584269950745e-06,-3.530392431213379e-05,1.8093062291229755e-05,0.00010101047287541622,-3.598739207294412e-05,1.957420841840355e-05,5.563833592901924e-06,-3.287940831282154e-05,5.504724779277913e-06,1.6748551578551435e-05,5.230230138979233e-06,6.159485617829728e-06,1.0660463085323614e-05,-9.167216245500005e-05,0.00013592477408692064,6.058955871313682e-05,-0.00017780184807780712,-2.9494324124079267e-05,-8.909976060459349e-05,-2.8448183962480675e-05,0.00014433907085622627,0.00015707799991599268,7.732703708447672e-06,-3.502021608815985e-05,2.1706895963526124e-06,1.9258555251160808e-06,3.654777475924399e-06,-0.0002773523335885322,1.2649667596927554e-06,2.8950444612280375e-05,8.031898204834128e-07,9.78831983334308e-06,9.838122185294137e-06,3.3651616929379403e-06,5.91504288482654e-07,3.3226364476766127e-07,1.7795603137400512e-06,-1
0.0009212601356392608,6.668750186128335e-05,1.9751646451683756e-05,-0.00012697547137417717,9.244315593007255e-06,1.5957273358261015e-05,0.0007208208536304387,3.412065460952449e-05,0.00012764721085828934,3.547473269688929e-05,3.459755088084445e-05,0.000712781487382599,1.957009735107684e-05,0.0006106625740466895,1.0517321888043397e-05,7.332620843761444e-05,8.170443044539056e-06,-0.0001912249123790738,0.0006014477014823169,8.08020228455967e-06,2.146747971655568e-05,2.167046784789847e-05,2.2902507359646394e-05,0.0005823027962390562,0.0005759323104522708,3.183860801268743e-05,0.00048351812354063026,7.736642839697794e-06,4.8778063329200546e-05,0.00048221865546308216,0.0006085101915324345,0.00047897601761885184,0.00046510585545692725,0.0004544545354679212,7.483888068854423e-06,0.0002682451614236115,0.00030753565359076235,0.00035060810406640635,0.00026470329332008803,0.0002623201549481423,0.0002629391161267982,0.0002581594025924257,0.0002564274928826555,0.00025927688978483594,0.00026011497825488187,8.952897027380042e-05,8.942347008156825e-05,8.937825571346878e-05,8.918442827184326e-05,8.306755623450886e-06,7.089706888626335e-06,5.276744471083455e-05,1.6202865707368024e-05,5.915942408985867e-06,6.421696515200942e-06,6.234683530803107e-05,6.158147444908396e-06,6.133511506322687e-05,1.2256937286619709e-05,1.1027222439040945e-05,6.377800256900077e-06,8.681025425855838e-05,2.0010788764484896e-05,1.5191751021012814e-05,5.4073307919467485e-06,5.41238728630513e-06,6.05484309738902e-06,6.559631692034285e-06,3.980144220145635e-06,1.4970356786886386e-05,3.821272513617807e-06,2.056750233601784e-06,1.6306189212773908e-06,1.6306189212773908e-06,2.3718461995596985e-06,-1.965956614451581e-05,1.5535303933488924e-05,2.951959538130999e-07,1
1.0074599312845582e-05,1.7112373053685895e-05,-9.678057143808471e-05,-0.0002751731942092889,9.543471096550667e-06,-5.679891116993895e-05,3.6439355395750895e-05,9.191496673733954e-06,1.0851242510251902e-05,9.156930106130378e-06,8.854263424076742e-06,2.66240503902261e-05,-0.00014789041282403656,-8.785398678019477e-05,0.00015566729011019407,1.2903432352583507e-05,9.959217757877296e-06,8.602435272085494e-06,-5.057977902164211e-05,3.035269048435215e-05,2.49480877553137e-05,-8.39614477526224e-05,8.442617643017331e-06,2.4053581598977805e-05,8.271796966887301e-06,-5.614228326645993e-05,1.26206515676329e-05,8.25127348318352e-06,1.0553395050225534e-05,8.419113955094384e-06,8.104135954995882e-06,8.395232479173514e-06,8.330136418749125e-06,8.322843675112664e-06,1.1331899594990746e-05,7.944447866574268e-06,7.894460551366916e-06,8.083879813623411e-06,7.609678487329494e-06,9.209099401374983e-06,-5.4266010124562875e-05,9.108751876099982e-06,7.63434130611807e-06,8.843132343852789e-06,-7.093881446282032e-05,7.1006484473567876e-06,8.798227477587837e-06,8.454799828512738e-06,1.5316394382258937e-05,7.474801500179314e-06,3.780387642331748e-05,-6.256725453097452e-05,1.0199619536822584e-05,8.366453886985113e-06,6.676962713898617e-06,7.3932948293702896e-06,5.977703287596821e-06,-4.3546461444905045e-05,2.1237497291229737e-05,5.828080233725582e-06,6.312951428689807e-06,1.9970216133894118e-05,5.466750569806687e-06,-3.622151416506348e-05,1.5458444784629927e-05,5.491878251719636e-06,3.331787957941353e-06,3.903862165832811e-06,1.8451021491736095e-05,0.000222342031191284,0.00020580239365158766,0.00016957368421052635,1.4505725561626055e-06,2.8442390486299477e-06,8.35976364112467e-06,1.1318996706643768e-06,3.016653748546988e-07,6.385582865892194e-07,-1
0.0019021330100398067,2.083805148155698e-05,1.97669993995471e-05,9.521792785287431e-06,-0.0005842621224259304,9.323881324385044e-06,1.1852584661906136e-05,9.141899792098228e-06,1.1100939296283743e-05,0.0001578196857701827,8.898938104720106e-06,8.902904136203826e-06,0.0005564134254388488,8.861834131798247e-06,0.0002316363927742972,4.860564491848561e-05,8.580398842485007e-06,1.7487557898100456e-05,5.127114343811523e-05,6.357639290941143e-05,8.95164489223758e-06,8.911683305954147e-06,2.253558115847186e-05,2.5825636865861352e-05,3.331529071123656e-05,9.431415369346028e-06,8.212648681138771e-06,1.6864066178243085e-05,1.6864066178243085e-05,1.0920431320335883e-05,-9.941018631183392e-05,-0.0007510402466389026,4.0100869391367016e-05,4.0742709486139656e-05,6.60412290777747e-06,6.5636448352853e-06,1.2468420297617607e-05,6.663686387587008e-06,3.7205086419009387e-05,5.982140272533264e-06,5.919416866907653e-06,3.553965158169098e-05,-7.455991473343593e-05,8.306172508811632e-05,8.305356041831747e-05,4.049219010558876e-05,5.420329832987464e-06,2.0881045778383138e-05,1.9987257958384478e-05,1.4950962465918723e-05,4.774965339264357e-06,6.631686998720959e-06,9.479433216138969e-06,4.81141162325037e-06,4.629614029819688e-06,4.41924344406139e-06,3.925314615254612e-06,-0.00039578685668043066,6.022353640439008e-06,-1.7254964595290444e-05,-0.000642177424195612,-0.00010697395408245092,6.2248934345495e-06,5.054137398325603e-06,6.160349464796281e-06,1.7556970907153712e-06,-1.0514595754517702e-05,1.7950015724886516e-06,3.6750820111768635e-05,1.2717912265145202e-06,1.0872391302079464e-05,1.8717978150413305e-05,9.713699061204853e-06,9.713699061204853e-06,9.767550632957036e-06,8.811147763546705e-06,9.624746264754031e-07,4.569707396337502e-06,1
0.0001373071493706835,0.00014282817124348023,-0.00022835716851192668,0.00017985502944209615,-5.561671732729078e-05,6.275346300710007e-05,1.586529904055929e-05,1.0870566797715866e-05,4.089548483703065e-05,0.0007189536385964667,3.671779178620602e-05,-0.0006951626894772709,9.478452221670004e-06,2.9176495720725702e-05,0.0003483846914771801,1.0535974443870795e-05,1.8595992763564018e-05,1.9107211611102148e-05,-0.00018867596550264018,9.404188966497315e-06,-0.00010016144608988781,9.482072904292175e-06,2.6006197405624536e-05,1.357543638991838e-05,1.4819412664424974e-05,2.5483949931159842e-05,1.6383411229290717e-05,4.137075239132778e-05,8.744278526108144e-06,0.0015314849180655845,6.487564785113426e-05,1.639243331980663e-05,1.1864296508135314e-05,-0.0006519122305277701,1.3621414040664186e-05,4.6225888585013254e-05,7.776561246514487e-06,0.00045112279544820463,6.61489207033179e-05,4.552298692153644e-05,0.001436431878065322,2.4806966229322453e-05,4.27440220499268e-05,7.108709343417405e-06,8.170080553833292e-06,0.00010488283804176264,0.00017945408168608618,1.5882792780746884e-05,1.7591193000130283e-05,8.015933439590983e-06,2.4174200592158677e-05,1.4989214279425999e-05,7.242975951914067e-06,7.425987203504261e-06,7.93634325235706e-06,2.2556662002445912e-05,7.75616953864982e-06,6.433177144923009e-06,6.519156376365061e-06,1.3883611792336906e-05,1.3334584586097018e-05,1.951076040990754e-05,0.00034912247548994185,7.755385288789754e-05,7.332062885966788e-05,5.933300516407369e-05,4.846113904480894e-05,6.678838294306503e-05,2.0610041819581893e-05,6.861332900339533e-05,0.0005898965901943541,3.257756758606913e-05,-2.377831800828968e-05,-2.5453938905954522e-05,0.00011053306143819734,2.4735952385778783e-06,2.779547796183969e-06,2.779547796183969e-06,-1
9.570421358256848e-05,2.8146238960571133e-05,0.0001688774337634268,2.2320801502374873e-05,9.702957641505059e-05,2.681035100766778e-05,2.5473206255242003e-05,1.7480503620368687e-05,0.00032924660152973666,0.0002383293270564465,2.347746781878562e-05,8.136766771729567e-06,9.619267978783254e-05,1.843717816394024e-05,1.0698966587106854e-05,9.249355062513052e-05,8.492109337200024e-06,-4.637076986782997e-05,1.0255683534166902e-05,1.745009056542143e-05,2.2178988859486205e-05,0.000168839915873741,1.6278276712821943e-05,7.336689137677244e-06,8.448846253394665e-06,7.594693167201738e-06,6.958115262162884e-06,7.951990901896581e-06,6.7062198482172515e-06,0.0002830300532748903,0.00027111293125474113,0.00027116628534314114,0.00027130856291220773,6.689928519438542e-06,6.74643471744913e-06,6.571847069813484e-06,0.00010170463283964188,4.8967227861044514e-05,0.0001070765491405293,0.011269609967547521,6.591220520657261e-06,0.00021932395163168483,3.6823905591553836e-05,6.34603371008234e-06,6.346981718635112e-06,9.723204526224e-05,6.5410150502497755e-06,4.9167774923117014e-05,1.4389196669798145e-05,-0.0001383771844513949,0.0001894332464061041,5.421869584127081e-05,5.922139793183727e-05,5.206567672260873e-06,5.17751438338312e-06,3.9370745021657964e-05,4.8467994511483025e-06,0.00014194129558994494,0.0002365797599296678,3.2842058945117466e-05,1.0670519065219468e-05,4.666488265488929e-05,7.284689960566591e-05,5.264402406778129e-06,5.575800308762438e-06,3.562035017361204e-06,8.929978999481194e-06,1.7842287161385965e-05,2.9350483380219768e-06,1.2209550166548222e-06,1.965144651281914e-06,1.028271745432781e-06,2.488351734712258e-06,9.14566173006604e-06,2.74817688217567e-07,1.1728355380243261e-06,2.061517987829652e-06,1.0242186848794679e-07,1
-6.092989844889091e-05,3.3886641054305295e-05,0.0020611602822024912,0.003006383170526999,0.00025804642506998393,-0.00021516776684901506,3.586129447483585e-05,1.0625987683121464e-05,6.113844475573117e-05,2.8241509366649624e-05,0.0004176511559476523,4.7864533645663806e-05,-0.00021961902975068426,-0.00017749957714272826,7.803593027076316e-06,7.733560422819967e-06,4.191627345767177e-05,1.533262004468793e-05,7.647235785917756e-06,2.6457124227372683e-05,2.265601610631918e-05,3.780188048628643e-05,-0.00013643014483408943,2.2643999779956624e-05,9.128234839258536e-06,1.0685207531362365e-05,2.1364815609756125e-05,7.587654942172402e-06,3.6385012044515685e-05,7.717835099285533e-06,2.8750711875218706e-05,2.2070837629039328e-05,2.154335251875763e-05,2.1287673894871256e-05,2.0147053186013643e-05,6.4886217386201584e-06,6.608820201929411e-06,0.00014669043830545597,-0.0002754442432536606,0.00013705951847166065,9.534823240909316e-06,6.26087954257216e-06,5.773404695800643e-06,6.044773301446384e-06,9.151729471568282e-05,9.027216214009839e-05,7.699319700122488e-05,5.5876552342905e-06,3.269095431560094e-05,0.00012400406428368483,2.8329071372408593e-05,2.810257281404908e-05,2.2040585015344682e-05,8.391417410733145e-05,8.531965119305266e-05,8.548984568390175e-05,0.00010044772582043119,0.00010018458060927591,0.00010031936230279443,6.992235471054671e-05,-0.00026624435885615563,2.037923898149243e-05,1.3395204489800813e-05,7.176940710309207e-06,1.7806660776843414e-05,1.8517035358380692e-06,-3.9721494665798694e-05,-0.00013740704526203992,1.3350274983351243e-06,1.096479385325905e-06,7.0375658704251185e-06,-5.738195423028593e-06,6.738326255290107e-06,-1.5920396518508447e-05,9.911076512030578e-06,1.0567898740747042e-06,2.636853479778039e-06,1.7421687909926553e-07,-1
-0.00021005948371788,8.02614208247539e-05,-8.110201865850565e-05,1.0647964117987195e-05,1.6562280766084673e-05,0.0002805641374495811,1.502480006981074e-05,1.2806622747017178e-05,9.02545283544411e-06,7.334494152469467e-05,4.575500504188645e-05,9.886609366626237e-06,1.1853955201252364e-05,8.914944398217358e-06,8.45351948354159e-06,6.895289499478183e-05,-0.00043752513246410736,1.9029483365300538e-05,0.00011548429549332921,0.00011438516126985023,0.00011219651824246186,8.005936803655544e-06,6.534254740430994e-05,-0.00016411438566552898,2.7321378427072462e-05,-0.00016259586255041886,4.000417813725213e-05,-0.00014052697493865113,4.638483032112939e-05,7.636413826051393e-06,1.0138165670042028e-05,5.662341064225876e-05,4.4438035956054496e-05,7.352536791667841e-06,7.279721374072716e-06,7.706304861365751e-06,4.501727191633995e-05,0.00010811262481313288,1.1822432498660197e-05,1.1822432498660197e-05,7.032532613601107e-06,-4.2282081276619745e-05,2.2655926138126542e-05,1.5420272261867827e-05,1.2747512163991764e-05,5.548315436986996e-05,3.325235115857614e-05,0.0003116250155487548,0.00011642047316165063,1.0439713775985108e-05,4.578541546202014e-05,1.89080538318337e-05,-0.0001883679671325417,8.252099187656901e-06,0.00036487878575155834,6.411409894790285e-05,0.000276981255993851,0.00034366349208811664,7.271282525456239e-06,6.642037204185823e-06,1.8909011613967788e-05,5.288796328942543e-06,2.25090959157194e-05,2.0318703441880806e-05,0.00014539292662116036,1.6218320240882294e-05,0.00010252960089766734,0.0001009845359525287,9.939402792076838e-05,-2.5810759209375795e-05,6.6058649479592705e-06,-7.304455772431106e-05,6.291370229599751e-06,6.768864024201054e-06,1.1865134438552451e-05,-1.2291074803260656e-06,1.8270516599441515e-07,1.0519388345132993e-06,-1
2.8101189859842465e-05,1.1489523328135165e-05,0.0006465572429548509,0.0006283326688386056,-6.496517127382436e-05,9.40206134009922e-06,9.489794283313669e-05,3.515263750001306e-05,2.8238934139123618e-05,8.9955422546599e-06,0.00023068079327355398,0.0010063339375694892,9.333910945824276e-05,0.0004421576393641915,0.00044426178029983245,0.000485707660849928,8.719481379740669e-06,0.00044351834912089035,8.389207958017977e-06,8.285802657606416e-06,9.564552998324311e-06,2.1766138053213146e-05,9.222202010221789e-06,0.002974213162897605,1.0149086906048324e-05,-0.00014098879411937243,8.48473731184612e-06,-0.0018029555513673265,8.944275380770646e-06,7.643629962203346e-06,-0.00020977802937604626,2.41663733250854e-05,-0.001310363694216499,-5.2457331311539885e-05,5.8154092984575456e-05,-0.1413669292540724,7.376495179207732e-06,7.691561144069675e-06,-4.395874977518951e-05,7.120162718114617e-06,2.280191347926101e-05,7.117845717763737e-06,2.4112807387327045e-05,4.6032817852179835e-05,7.4870364588471875e-06,3.1990210530004295e-05,2.9142201970088714e-05,8.424802001037734e-06,6.602711978672832e-06,1.323294915657875e-05,-0.00018654478819569103,6.868902450224398e-06,6.263204568867471e-06,3.654792287716356e-05,6.108831664422851e-06,0.00014400636261601926,1.7470734244597e-05,9.626408030434651e-06,5.792999192888218e-06,0.00011785897332623314,2.1737304290024698e-05,3.916891984957744e-05,1.7569684029789226e-05,9.669355106293582e-05,5.004679378561746e-06,3.85487846973738e-06,2.9339499312740308e-06,9.74880697080719e-06,3.1254015046278904e-06,2.161683283969149e-06,-3.2404284592668425e-05,-3.205870804615852e-05,5.4003472503236164e-06,1.7567433767145386e-06,7.390916670384603e-06,1.3258388990821548e-06,2.027750495680706e-06,2.147292286567048e-05,1
6.224756381188142e-05,1.0144689233502724e-05,5.575583491673978e-05,0.0001434162014295907,0.0009479384072973576,0.0001461547675729956,3.340851068918559e-05,0.00018240146322687434,9.211676371309779e-06,-5.9447384691737614e-05,-8.194047799229191e-05,9.588131968594646e-06,7.027213073791295e-05,8.131098469773458e-06,1.8392227668360184e-05,0.0001339503424664229,7.776656474946242e-06,7.99063700931631e-06,-0.00026528899253373735,8.032975433349893e-06,1.6059822841451212e-05,0.0007741835274269911,7.867776902697051e-06,1.545077157785901e-05,0.0006113355238345142,-0.0001557461894407836,4.1386530925458755e-05,7.123381273109071e-06,3.8921868482982364e-05,3.8921868482982364e-05,3.8921868482982364e-05,1.4020265465894956e-05,7.148309072212105e-06,1.6274221445174088e-05,1.1088974480191078e-05,6.522848502696485e-06,2.182330873574176e-05,0.00013657037840621104,8.641292907414892e-06,6.791370418355341e-06,1.039959693772014e-05,4.00832077993292e-05,6.223540319825697e-06,0.00037582827353348626,6.335029650052895e-06,8.440961132400338e-05,1.9452117297792e-05,5.7381706151517775e-06,5.628974905663255e-06,-0.00017900916292480618,5.529319251185669e-06,1.9847814805833395e-05,1.9847814805833395e-05,8.349201262435155e-05,0.0003143745253711854,6.777407734920183e-06,1.3350665627292526e-05,3.527230836562531e-05,0.00016903116508172763,9.661665922171097e-06,4.843230343499352e-06,2.640222897320399e-05,1.0319167669709616e-05,4.112452501727752e-06,4.984950066166653e-05,9.04296834644998e-06,4.48554056427697e-05,-0.0001273765293400989,-0.00011558005020186271,1.6879539834012265e-05,4.360547042066218e-05,2.445372614046617e-06,5.7090327921342795e-06,1.7976679822088165e-05,2.961521475983208e-06,9.923564865020523e-06,3.8286742092148037e-07,3.9887752079061953e-07,-1
1.3582974503868574e-05,0.00021675722319363107,0.00010627348944782457,1.1856129860344422e-05,1.1958943442293105e-05,6.348505591857307e-05,9.027179265235455e-06,1.1949239929371276e-05,9.973318001245509e-06,0.00022611621070708744,0.0002853608228564384,5.781369332333845e-05,5.781369332333845e-05,4.5904767557588465e-05,0.0001066915078533506,8.54508977752309e-06,-5.452665742541506e-05,9.079722126009215e-06,2.5662284514927205e-05,0.0005815036788662877,8.632479026398925e-06,2.928727402055939e-05,0.0007891652138470519,0.00011948219955397536,0.00047011447161019175,2.599569136242701e-05,5.828747103000274e-05,-4.4667746947963664e-05,1.8495088919244812e-05,4.0305456034055294e-05,6.509393921635939e-06,6.739406332430995e-06,4.532256646371636e-05,3.12549326693729e-05,6.70711006175654e-06,7.3478534700282074e-06,0.0015782674335922072,0.0004361178544253273,7.895837911055729e-05,7.895837911055729e-05,1.5326516207341404e-05,5.874058577405858e-06,4.1257940121190885e-05,6.275784360152546e-06,-0.0005003218819346462,1.663734420790648e-05,4.6524788892768416e-05,7.251159424371448e-05,3.762537458114932e-05,0.0002257522474868959,-0.0005284434906210132,1.197408540884937e-05,4.546410284020686e-05,0.0004894483060074011,1.775703623831179e-05,1.2008110064289027e-05,1.90183015288472e-05,1.3526116547699357e-05,3.859843517610443e-05,4.6608414204753e-05,0.0001051896672281113,0.0017867534626765423,1.0306701977143981e-05,7.330802561466445e-06,2.129585560395726e-06,0.00019313132027124863,0.00014658363537128712,1.6785426773233943e-05,8.61581294618627e-06,8.61581294618627e-06,2.214661429478798e-06,7.856028961433499e-06,3.475342414001978e-06,1.588561778720575e-05,2.3456052139995801e-07,2.38631127916039e-06,-1.0046382807301652e-05,9.307584628525415e-06,1
1.0712183716643627e-05,4.4808831930102825e-05,-0.00013070417689331026,3.2882349972371336e-05,1.1416077751574704e-05,0.0008970180109655045,9.889766039026259e-06,2.3227321787157758e-05,-5.7381323470360494e-05,2.215543521586613e-05,0.0002714069969083729,1.3343589399730869e-05,1.1866055620607103e-05,2.557771578935627e-05,2.557771578935627e-05,2.013109133041657e-05,8.053629706755695e-06,0.0006623816299959842,0.0006880568173345326,0.0003056671335453322,5.160981837152569e-05,2.275147218996405e-05,0.0002978584097494416,4.4914046531246565e-05,0.0001364309107500288,1.7950766921434876e-05,7.100961920285238e-06,3.471272203554569e-05,7.230126321764035e-06,3.292503408820377e-05,2.1424476072192177e-05,2.1424476072192177e-05,1.0449136690650106e-05,1.6896126438628958e-05,7.527625245092782e-06,6.761259395010376e-06,1.9882287395631474e-05,1.5910878268104437e-05,6.222130222266109e-06,3.672335833633655e-05,6.335748050059141e-06,0.0005199197927661145,4.161609907041158e-05,7.660329169109751e-06,6.235250896514468e-06,1.2746050461732198e-05,0.0002721199750174926,1.2315675811538351e-05,1.705704912730371e-05,6.0027720354702686e-05,1.16869026772467e-05,0.0008344893688743631,5.354049531913479e-06,5.2259140165337e-06,1.0765266569826466e-05,1.0063025834672924e-05,0.0001928969057415096,0.00014571265934223686,4.128188849013798e-06,0.00015700849062628828,0.0001439040437061021,0.0001426857255924958,1.6490208158854977e-05,0.00018044993494611958,0.00015309250813059217,2.3340678152546715e-06,0.0001156280482653545,2.69678670800043e-06,2.218264326468408e-06,4.052307851219614e-05,1.2001810953488012e-05,2.8433707812768895e-06,7.905699297219457e-06,9.053635843350028e-06,6.2690025728568814e-06,1.4360831601098646e-06,0.0011229374532019298,1.2288740186253733e-06,1
2.3294906583454735e-05,1.1421025910495908e-05,6.0626634625046076e-05,1.0213426685614858e-05,9.74413877535192e-06,2.5595371868487075e-05,0.00032939122605778415,0.0003075062859236538,2.2764961051368543e-05,1.785246458132402e-05,5.423905034881949e-05,0.00017383321953907887,2.7881242828890187e-05,2.7836646642896844e-05,3.8498125530699e-05,1.9023727266504618e-05,9.515995835556452e-06,7.976264341645796e-06,1.353687147284422e-05,4.6241545960528366e-05,4.603519292744645e-05,5.9286669526328294e-05,9.326552782989559e-06,0.00035583975603611955,5.2168073657080136e-05,2.2145985209153797e-05,4.4535309701723895e-05,1.1844504579143678e-05,1.7295641174676415e-05,4.585815735993926e-05,0.0002207976812226329,4.0610780419351585e-05,9.43971211985894e-06,1.545557262835958e-05,-4.2982296915891257e-05,5.449612965953932e-05,8.599421981841524e-05,1.625038555964473e-05,1.625038555964473e-05,1.625038555964473e-05,1.625038555964473e-05,6.315489898476746e-06,7.416295141273267e-06,6.184907818316478e-06,6.396920884552307e-06,7.173093110941976e-06,0.00011668479710519611,7.279124268106214e-06,1.306469389072971e-05,1.913450672490582e-05,6.015137050138633e-06,0.0001416513641997939,1.6436373660128284e-05,5.3932757338057526e-05,0.00021249088267968699,5.40190911760653e-05,2.003597853641334e-05,2.038038792240819e-05,1.2533859714072876e-05,1.825509150085151e-05,6.3197322248790955e-06,1.9990459535935475e-05,1.1337949752139644e-05,1.189983729079529e-05,7.139902374477173e-05,8.12736209154159e-06,1.1889410501297628e-05,1.0813051930172764e-05,1.2705060690139779e-05,-2.5835270832431205e-05,1.8617002816959396e-06,4.743876114911289e-06,6.990243974580676e-06,-1.5943463922652328e-05,4.729586406179835e-06,-7.26704246963727e-06,-3.844081406717089e-06,4.847240518245531e-07,1
0.0002769867917329592,9.833780594475149e-06,0.00024185619602741144,1.59888365905089e-05,1.6536565217991946e-05,-0.0005116823837228194,9.04336248041431e-06,0.00022199858332892764,9.803107538416639e-06,0.00014931482352076986,1.491952118607755e-05,0.00020396776388096802,1.484775419008093e-05,-0.0003784437138588278,8.705334147052213e-06,0.0007159161494662698,-0.00032132357740569177,-0.000317078605693884,0.00019717439648529197,7.647561492065734e-05,8.70018575988422e-06,-5.2678994753066295e-05,7.542949924736159e-05,-4.89282410588118e-05,-4.917276483780079e-05,8.131130023078037e-06,1.038937436974204e-05,8.213236050559266e-06,8.066831075273323e-06,1.54052201480547e-05,9.045652887530718e-06,0.0001701859081234947,5.1237669024482275e-05,8.970754237978468e-06,8.970754237978468e-06,0.0004225135839903872,6.36171807590529e-05,3.1906652972267046e-05,0.0003636549751373054,7.48449913973686e-06,-7.483308867302615e-05,4.982329360046125e-05,1.5009955249431176e-05,0.0003278859798108774,1.1953521736103362e-05,1.2312262175789152e-05,0.0003230474081603917,0.0002630367491995917,0.0002905090874824179,0.0002802141553283937,0.00027551981717016015,0.0003134345389295035,7.167901903781626e-06,8.531398497342101e-05,0.00027944921424484254,6.73421971002106e-05,0.000349919201205424,4.253040058920527e-05,7.0579081223067846e-06,0.00015602467667109337,0.00015584824403093518,0.00015355290414289404,4.970918360427489e-05,0.00015896793277608308,2.527763492225485e-05,0.00023492014921162028,0.003584085479652745,6.007253486674437e-05,1.078929900018425e-05,0.00013696257887395696,6.972942703116305e-06,6.2096100495653345e-06,6.935747511954207e-06,-2.819194404581257e-05,1.9865442411890288e-06,1.4984303977675319e-06,-2.2257634542780777e-06,2.1725701090853218e-07,1
5.067995357092905e-05,5.917174161029963e-05,4.0882122438769483e-05,0.00031797513246787723,0.0003320958114504744,1.6921700870333978e-05,2.1760422241295834e-05,-0.0003578508421526957,0.00014009021675096014,1.8269892488897935e-05,-5.4016635082459e-05,3.5442537331402596e-05,3.0493834268015345e-05,-0.00012278728140441555,1.0936743899099194e-05,-0.00024338179594678416,8.196925210150022e-06,1.2693539229544294e-05,3.837109544507509e-05,8.010865288318144e-06,0.00024019013334622828,-0.00015123867402419536,7.228738494151955e-05,1.8667621385996805e-05,0.0001006676618811303,2.78170873753167e-05,1.2095470602579795e-05,6.45649739802305e-05,4.889219797482456e-05,3.371905969511048e-05,8.355026509082224e-06,3.138643102970868e-05,0.00029522288649484903,0.0028183085749035556,0.00014684418923053338,8.67562610859052e-06,2.4400188347571118e-05,1.6576492607817773e-05,0.00027751014442893075,0.00025194359522351595,9.324217716248435e-05,0.00017829199650812934,0.00017499050739630418,0.00043450756258368585,0.0004981076271263844,0.00010280916955730447,7.526252284068489e-06,7.908594019467642e-06,0.00013589801327425457,7.261275006016212e-05,1.0241686418656038e-05,7.107593449421076e-06,0.00013962852699042017,4.70537955374981e-05,7.822845412512556e-06,1.408410621804211e-05,5.271235357715564e-05,6.55033714446528e-06,6.44153296617109e-05,0.00011987494082932535,6.555668208262011e-05,0.00012483089690252004,-4.900179536395778e-05,0.00023539288697496275,1.1075370821102626e-05,7.102880573520851e-06,6.4843080333371485e-06,3.694292633841241e-05,5.131880202928765e-05,0.001090974366359172,-0.0001284503949975398,3.703302321245347e-05,2.6133173219383802e-05,2.9522533633159382e-05,1.2568494066724662e-05,3.015469441910153e-05,3.2976525297359434e-05,6.525993017190333e-06,-1
1.0103883563171346e-05,1.9691426193956217e-05,1.0036592560651685e-05,9.92615450714265e-06,1.120707490997105e-05,5.2068446907195804e-05,1.0011829590896034e-05,1.4086373639543544e-05,-0.0003713605230886001,8.784819367959066e-06,-0.005405264952390548,8.638541553839119e-06,4.601515054045636e-05,2.2032947923724312e-05,0.00023230110137278188,0.0010868092790309737,7.859988458330022e-06,2.136423812210139e-05,1.569657741164844e-05,2.360777876248811e-05,0.00019820816189944896,1.5420517429757808e-05,2.35509852357712e-05,0.0001965288305184305,1.2269801636595455e-05,1.2269801636595455e-05,0.00019344554914178382,0.00019227989620430563,0.00019490416808473228,0.00019224572739740187,7.729536557756862e-06,0.00019525747493692665,3.158994914280767e-05,6.658314805041974e-06,1.7416960122180335e-05,2.0669225619708532e-05,6.575267889733373e-06,2.7290200657545834e-05,1.4634545668780239e-05,1.2796517185707639e-05,0.00010952868572808929,1.0838142788461109e-05,2.8578734759450426e-05,0.00018193596770929007,2.6377178238817065e-05,9.812058221981395e-05,1.6872005044608916e-05,6.686937167839609e-06,-4.162197669460557e-05,4.544162969388767e-05,5.342912921668446e-05,8.100306533986505e-06,1.1333397518977216e-05,0.0005472896907837565,1.1908566989294369e-05,3.406129423490529e-05,1.8034761089554936e-05,1.5435319171683522e-05,4.744167307702915e-06,4.597223706605439e-06,4.7551985009667855e-06,1.2991724030917421e-05,4.177248301101326e-06,1.5069406333119369e-05,1.672190997507682e-05,4.283612810600406e-05,0.00018183231254693743,4.317081658079573e-06,5.098941756389718e-06,6.040959464259371e-05,4.143996289817393e-06,2.1816258394322924e-06,1.3439844536532873e-06,-3.1878004178176206e-05,5.589609637233487e-07,1.1183194258726373e-06,2.8344079397070997e-06,1.494346905507301e-07,-1
2.0792478096085416e-05,1.6924279493661097e-05,3.154125148393185e-05,1.5527068930519623e-05,9.954193133799763e-06,9.77944226713607e-06,-0.00020688266228210118,1.2151412852281305e-05,4.926594006385392e-05,5.386235341959174e-05,8.792410508219704e-06,9.645258028628296e-05,1.5389379675629282e-05,8.408692073962456e-06,9.679518704206678e-05,4.369334083199463e-05,0.00019175661364235973,1.2247633700210924e-05,1.1502353651790172e-05,1.6704560774108628e-05,1.4446298061236407e-05,1.250309047054488e-05,7.999769173127278e-06,-5.083841162999523e-05,1.0496497295498962e-05,-6.984949866967836e-05,7.305705056640932e-05,4.63314395201408e-05,0.0001693885866447755,4.61933299116141e-05,6.948507315228115e-06,2.6751040341748715e-05,1.693125528285692e-05,4.5919186052215645e-05,6.910076378495273e-06,6.958217113940587e-06,7.044036543478742e-06,4.746606940346024e-05,0.002134666923192876,6.743682716956481e-06,6.616056082946171e-06,6.660640751107654e-06,1.2566823431400097e-05,-6.754859992335665e-05,-4.1047285633034215e-05,2.2224289049319804e-05,3.598513120818468e-05,5.285442308657274e-05,1.897903473065544e-05,1.2580781490498778e-05,1.004114619167044e-05,6.112862955595151e-06,6.649799091991688e-06,9.397263811036316e-06,6.425553408543623e-06,7.673998015982593e-06,6.20310630290213e-06,2.0523021346890218e-05,2.678681289531579e-05,1.3210022295465486e-05,5.240633481107639e-06,4.147501851290083e-05,1.1684281951265871e-05,1.3537438121949338e-05,4.634390182307728e-06,-4.128122990918994e-05,4.699584576483022e-06,0.00021640820458346146,5.123894598137886e-05,4.347965154029114e-06,3.6017315385732266e-06,3.2007933861639494e-06,1.102916276817768e-06,1.2388715885352e-06,2.0404895724174757e-05,4.429038588849342e-06,1.161379176677207e-06,2.2931383732137547e-07,1
1.197514520942579e-05,1.4056558226617948e-05,1.0945046958304015e-05,1.8790369861580705e-05,1.5657798662807346e-05,-9.444847334710426e-05,3.3216674824523615e-05,1.794139785072414e-05,1.794139785072414e-05,1.9934191728943217e-05,1.420886621418979e-05,1.1238901731366859e-05,1.5210632182973737e-05,8.957734861451703e-06,1.6758820378919438e-05,1.6758820378919438e-05,1.6758820378919438e-05,1.6758820378919438e-05,8.235248991687796e-06,2.5922293351863956e-05,2.099624897683428e-05,1.0566980064629877e-05,1.461528915786016e-05,4.7854489309094795e-05,1.4009831417400627e-05,1.5034804942305251e-05,3.16311147157539e-05,3.6938842096528926e-05,7.816175982223132e-06,3.585631049646126e-05,9.814539503307234e-06,7.034075995706802e-06,7.828617444694267e-06,5.988894402082417e-05,1.0591303194986628e-05,-5.30587467866269e-05,2.1106441118743852e-05,2.3714873663896176e-05,1.0826232837657826e-05,1.6509698193113358e-05,2.228710282444559e-05,0.0013180806798242805,8.701439903133789e-06,1.4006528583822641e-05,-8.865757868104257e-05,1.9405973009537743e-05,1.215681143118318e-05,5.129766349082927e-05,2.489610305195735e-05,2.221112325263213e-05,3.3520723226703756e-05,6.770962833450542e-05,9.372553605502035e-06,6.256092522013438e-06,-3.0947252518960956e-05,5.813517261631083e-06,6.795469475926967e-06,5.625436255193881e-05,1.4118559021675951e-05,2.4075512770714984e-05,7.480139290317207e-06,6.909958637864741e-06,6.572582912487366e-06,6.54347306386638e-06,6.149855727691853e-06,0.00010600173409472261,2.015743635333263e-05,4.1184300226533285e-06,-0.0003890131679310149,-1.3110755681935274e-05,-8.847067499889358e-05,-1.223040167125618e-05,-0.00022688137149392708,-1.201189383740428e-05,1.3568794299825052e-06,1.6903432841869915e-06,5.316342608042383e-07,3.6959599500752123e-07,-1
1.0469283651639699e-05,9.630364349542284e-06,9.46801771374653e-06,9.526307260499726e-06,0.0002388523961327893,9.649550553976587e-05,1.0568852079634536e-05,8.430268023149919e-06,3.429312393261154e-05,-0.00012332419951488306,8.35784138490017e-06,0.00016740502733483345,0.004402971280339705,0.00012578454022694682,8.052776126809602e-06,0.00010476822767931298,7.885927162399998e-06,0.003923869506567593,4.647443899268387e-05,7.928940662887846e-06,0.00010320259218409342,5.115537811920676e-05,0.0038677948658878874,0.009276785437199656,0.005920231372431158,0.0036576929014365614,4.8773529463814855e-05,3.8922601814784785e-05,3.085337764226968e-05,7.613763347998288e-06,7.531465487081291e-06,7.870717729637573e-06,8.705075631283189e-06,7.951761332712938e-06,7.859947424339904e-06,7.68512829951246e-06,4.3428374219899695e-05,3.165456336527787e-05,-0.0012724359247387122,-0.0012860349148541906,3.496137911307032e-05,-0.00044797600206744007,-0.001298208126277155,-0.00045357211802962683,2.747096045676685e-05,6.9883244135674824e-06,0.00048307308136526846,6.275035509807025e-06,0.00017258796614563393,0.01724817051907181,6.549441821499953e-06,0.00010804103379472733,0.0006363893024367627,0.0001398227759712217,4.147766860318854e-05,2.2454663783351647e-05,5.591203696014817e-06,0.00010193508144483535,0.0060158585190822214,5.242032258178692e-06,0.00010773351199250131,8.699631218559146e-05,0.0001294735303516555,0.0001322120613050438,0.00013228789754682994,0.00013289800263747772,0.00013776877509183222,0.00012337681994198174,0.0003150979142077979,1.630043595432101e-05,0.0002907636515089648,4.845348330194559e-05,4.468088710672056e-06,4.2113409945590794e-05,-1.816136805258147e-05,1.2023709415564529e-06,4.4262924766582757e-07,3.5937147165109925e-07,-1
1.0058563130857535e-05,1.0224113517432115e-05,3.936056249455357e-05,1.809650767221394e-05,1.0140122114899269e-05,0.0005753329885273478,0.0005221658214963801,0.000578885451734734,1.715529068536248e-05,0.0005650961125607086,0.0023385232212661373,-5.94824047203108e-05,1.1852551919693405e-05,2.715423393418064e-05,2.411062182980463e-05,2.6754879808648866e-05,5.465397179009616e-05,1.675168175102353e-05,3.3033421178122984e-05,3.266420193778845e-05,-0.00023650981067081377,5.0655184477289085e-05,7.378487098560046e-06,7.6117830899602115e-06,-0.0001818774629545333,0.0003807553743611355,0.0002624869335078104,1.4842573798231734e-05,0.00010118046512953237,0.0006628403579396203,7.178892856551818e-05,6.62124128474738e-06,0.000221553208555876,6.471585197242583e-05,0.0002943703101219544,0.001007628807928994,6.543870950634777e-06,7.149023911088788e-06,0.0017202276904960136,4.833524356090382e-05,7.327760888213078e-06,3.696795909805162e-05,7.295029785469303e-06,1.2719279508727734e-05,6.147672785789923e-06,6.398497120165613e-06,6.298224794930526e-06,6.399546699694339e-06,6.278451867269957e-06,-0.0008634114353139569,3.825571271815943e-05,6.086087829503822e-06,6.078632934993979e-06,1.6425492627514048e-05,1.6425492627514048e-05,7.923883115737719e-05,1.031237780487814e-05,2.07027469372087e-05,3.221113461303137e-05,1.9498390786878547e-05,5.243859820959904e-06,-0.00016349785394493416,8.216593773111234e-06,-1.778252802016707e-05,-0.0001279096838470719,7.194158178015078e-05,7.608746602645345e-05,4.641023190500971e-05,2.4158612525923254e-05,3.4092426358853308e-06,2.151533305933777e-06,7.904345851242187e-07,5.58232224839732e-07,9.4899442958291e-06,2.817708242794287e-06,4.782195096373268e-07,5.639846957610049e-06,4.326809264160708e-07,1
5.8897351046066384e-05,2.26011195247635e-05,1.4993843299767763e-05,0.00010771484194937264,0.00010771484194937264,1.4316604235976808e-05,4.1688399651869376e-05,8.613084367232705e-06,8.571457039192535e-06,0.00012740393103375636,1.3627886543986006e-05,-5.4449964195581544e-05,-5.3573845436861933e-05,-5.036059291659755e-05,0.00015551087864826488,0.00016691547111323936,1.4123372830625322e-05,8.324906795913703e-06,8.51495760794587e-05,9.865779494621964e-05,7.562721338756877e-06,1.0508670385520488e-05,1.0822051369988166e-05,0.0008610873144338483,1.6844501989912407e-05,-5.2055271367712734e-05,7.93159430938805e-06,7.165552127424375e-06,7.168332565018282e-06,7.422839907349648e-05,-4.2416664696324446e-05,-8.442185781936617e-05,1.407030963656103e-05,1.706574543823042e-05,6.173043613559265e-05,2.9453630893314456e-05,0.00012367223827665483,6.264272674877395e-05,0.0007589572058491917,1.2214583877468545e-05,5.630036082130124e-05,1.0372792814670019e-05,8.659381472577855e-06,8.653311100983789e-06,-5.125627798063507e-05,1.0171082697385365e-05,1.0171082697385365e-05,6.4882586359451035e-06,1.0515255908761992e-05,6.21702008695681e-06,8.148392505838001e-06,8.501842633209631e-06,8.670578542778551e-06,-4.865953328423706e-05,7.12321414786241e-06,1.191495906319428e-05,4.001451257599886e-05,9.505435923996271e-06,5.878489163823109e-06,7.840630171450085e-06,5.725393495671206e-06,9.870148484310512e-06,1.1001979105284657e-05,1.1001979105284657e-05,1.1059845747919828e-05,0.0007625296560602636,1.29430294997359e-05,4.005044862792668e-06,4.281454324475918e-06,3.549984640134627e-06,6.208504432096142e-06,3.3657996089980194e-06,5.525251878160381e-06,1.5478290276586584e-05,6.888188145980088e-06,1.9080977226776806e-06,3.283347589096564e-07,1.7530999370833075e-06,-1
0.00013645275493727468,1.3689195297756068e-05,0.00013700875554022228,0.0001318891744773791,7.044706465857451e-05,1.0052326908888077e-05,-7.186396481806607e-05,-0.00026896494914746923,-0.0001571811535827645,2.619685893046075e-05,2.619685893046075e-05,6.156057673119232e-05,6.341049840797912e-05,3.7647176979411155e-05,0.0002258830618764669,1.059737904371611e-05,4.242902957580198e-05,4.629544228341722e-05,0.008483825490196079,1.34636136806542e-05,2.4902960155933506e-05,9.348197185200479e-06,-0.0001093462193616217,1.840905187331469e-05,5.008484840681623e-05,7.915823243944416e-06,1.671888641419995e-05,-9.265729941587575e-05,-9.609349358114306e-05,4.932991316932323e-05,3.157605276609608e-05,4.465565036979164e-05,8.090883647235743e-06,4.835366560564952e-05,1.5480397071752917e-05,7.012834604019708e-06,7.183444679599222e-06,6.953998530236197e-06,9.922308007132383e-05,6.8142025824947055e-06,6.622439041986331e-06,6.722508198591978e-06,-5.6966242548549926e-05,0.00011893125088436687,5.17823463505254e-05,1.863601967645961e-05,7.742978587019928e-06,1.2158335298751149e-05,1.738618116448852e-05,1.738618116448852e-05,1.42843470891127e-05,1.0925718013220706e-05,5.475823851268845e-06,2.3879826215076708e-05,-9.717067003252326e-05,6.6276650231098965e-06,4.1068679563542625e-05,2.1242575178529077e-05,6.553339793224268e-06,6.37053959545976e-06,1.0459307421944991e-05,7.762772631204392e-05,8.766142631346858e-05,9.556012934127895e-05,9.915752180806194e-06,3.9406433495255675e-06,3.158489130262741e-06,1.3278032027724426e-06,1.377712395859844e-05,1.1045367723834706e-05,1.0116657575391729e-05,4.144835316480417e-06,6.072616277441235e-06,1.0621348691549498e-06,2.095283792630667e-05,3.869654622779856e-05,3.869654622779856e-06,2.3836384400470565e-06,1
9.97173896160554e-06,-5.8410254147753364e-05,5.810998813762832e-05,9.520085464286478e-06,0.0004064984785238524,9.539556754475843e-06,-0.004247797525279238,0.0017381448372769226,7.964744135952777e-05,1.0497584842441602e-05,-7.901630516867675e-05,-5.537181157666372e-05,-0.0019224420968798341,1.2097933315807337e-05,7.569500414390577e-05,0.00031053180967741947,0.00022924388995404434,6.06344127424931e-05,-0.002869680744526091,1.674850093889695e-05,8.645545310637362e-06,-0.0004381893810072622,8.089792345743304e-06,0.00017810129209750496,-4.843816131113264e-05,-6.072274025415766e-05,8.072965516044474e-06,0.0032664316818429282,9.984428943150247e-06,7.765040647630694e-06,0.0004166230069163275,8.763129683091779e-06,-6.055847187132531e-05,5.669075185283166e-05,7.833504279766188e-06,1.140547854362911e-05,4.783579630829955e-05,8.564121978475985e-06,7.6072047229809935e-06,-0.0003311639550791932,4.8118904119485004e-05,4.5096847163564204e-05,4.355046276848309e-05,0.00047368046011418805,0.0016680280836255125,0.0003720380897834542,6.753800743255322e-06,1.024780734744883e-05,6.677263119325322e-06,0.0002654751443471854,7.637939071111975e-06,8.600735305921823e-05,6.7364896942643114e-06,8.230786098408097e-06,5.940602834855532e-06,5.889216077102593e-06,5.645215398707833e-06,5.749209181045295e-06,6.411707748370608e-06,5.416578791342056e-06,5.55108559613914e-06,0.00029827353451402977,7.716263152288485e-06,3.3267172952975385e-05,5.774254707777753e-06,0.00020783168008549604,4.604728547167116e-06,2.948244814809618e-06,1.6400919087018158e-06,-1.437976235479537e-05,6.958640716818702e-06,2.1406286671272595e-05,2.3887943355687454e-05,5.538052486478489e-06,3.322831491887093e-05,2.8547484445326185e-06,-4.943553678229952e-05,9.226673106632356e-07,1
9.376073452698291e-06,1.7903971483120153e-05,0.0002626499893170472,1.7234820481648715e-05,1.7234820481648715e-05,0.00023419236700454016,0.0002471390130104689,5.144826798444584e-05,1.1450036523489811e-05,1.313370005001933e-05,1.1094058159254606e-05,1.119689659277241e-05,1.046327171460215e-05,7.386364831123011e-06,7.244561524808314e-06,5.125809231776262e-05,1.153979809848701e-05,-6.990834631652145e-05,7.103230899995843e-06,2.658770102525218e-05,-6.715361628414069e-05,2.6623240034898024e-05,-6.642772390128979e-05,6.968789809021326e-06,-6.571943821188144e-05,2.207652983329277e-05,6.8236708479066965e-06,0.00011475894911356252,0.00015086071416152294,1.2113477974639242e-05,6.94047041531934e-06,1.2257470012893405e-05,8.775695296597905e-06,1.0480674780883711e-05,2.7517272897471305e-05,2.700079291217908e-05,2.7412005720019823e-05,8.634096747790513e-06,5.905729419307074e-06,5.868716518639568e-06,5.878748846348795e-06,9.924026384864395e-06,2.0542618687115493e-05,1.796343138476717e-05,1.749765771579827e-05,1.752374075245573e-05,5.592051271788434e-06,5.5242399811388775e-06,8.85713103079882e-06,5.605006623035743e-06,4.8923074435432365e-05,5.445072963559893e-06,7.037962507769683e-06,4.010166271757252e-05,1.7954738051769966e-05,4.328563871168593e-06,4.086279321590651e-06,3.94999764726404e-06,3.842007066599811e-06,3.8077767337218664e-06,6.283473052972034e-06,3.492515337036624e-06,4.484664631143504e-06,6.347553724569414e-06,6.328675010633938e-06,3.074421850217173e-06,-4.429894139384395e-05,6.010783914610801e-06,2.3369513271923887e-06,1.2687210731658383e-05,-8.329359506870228e-05,1.1454613968614367e-05,0.0010747737308234382,1.7634190544917502e-05,2.9721325597059117e-06,1.6142090922755221e-06,7.36325173376569e-07,7.302963319729052e-07,-1
1.3544672464384776e-05,0.00026260932869148453,0.0002770432360279581,6.943943340829348e-05,0.00023155481282049106,0.0002652015099496023,0.02673060341208445,8.601479652158886e-05,-9.514524884074479e-05,1.4474268220582139e-05,9.848761957911477e-06,9.254721130282089e-06,0.0006097304022875742,0.00015557065935118102,1.3430719710869642e-05,1.2664908187363974e-05,9.436052548638695e-06,0.001148187396226044,9.914949734281942e-06,1.1058502828745578e-05,1.0676857669675739e-05,1.0917101050387127e-05,8.719863348931087e-06,8.815160931008772e-06,0.0002959443569626582,8.793454058487204e-06,8.49250156433289e-06,8.769016442946189e-06,3.253988639450507e-05,-0.00033122144455713625,0.0002305887005380469,6.071249958335569e-05,-0.00032808277078640757,8.228976206523447e-05,1.0413256829578072e-05,9.723671185063363e-05,3.8335314283359636e-05,8.512160029171146e-06,7.785314685314686e-06,-5.584370072650848e-05,5.3324108284805025e-05,-0.00030653558360938476,0.00016051928857812602,0.00015979117314691982,0.00016063500911268493,7.770631427268709e-06,4.4060883154458535e-05,0.0001913530002305911,0.00043096661087207734,7.372727272727273e-06,7.370200154841752e-06,7.1157544944514194e-06,-0.0001957477989206135,3.9601775004624884e-05,8.0712776172322e-06,3.7503994215313216e-05,-4.003977440068141e-05,2.772470190941166e-05,2.9417836040560786e-05,6.400180247745274e-06,6.3413821523615006e-06,-0.00014662712070161423,7.066045215840221e-06,6.524991114018327e-06,-3.745932890201888e-05,2.6785556123106457e-05,0.00016071333673863873,0.004097898962625511,0.005584957859730114,2.281419091959951e-05,3.1709645202700156e-05,2.1042003349753803e-05,0.00024141821229823942,0.0015188393450260372,1.67447874475987e-05,7.939578204424394e-07,7.139888275297921e-07,3.115879470333054e-07,1
3.92886174313876e-05,3.909477249172837e-05,6.117796711912846e-05,6.826999618986564e-05,1.3652646717018226e-05,8.900260448686827e-06,0.0008621900538974957,6.115188255835962e-05,2.6340062461829303e-05,1.3527279307743833e-05,8.283760683760685e-06,2.526295486372081e-05,-4.629908112069451e-05,0.00010068778001495323,9.203390737694762e-05,9.256619712977223e-06,9.851444073427347e-06,8.703879798107388e-06,1.1370421676614102e-05,2.7096278174948557e-05,7.786288817669645e-06,1.3777610871824393e-05,1.1010537132693888e-05,-0.0001258671361238031,-0.0001258671361238031,7.43067977074622e-06,7.544360700984981e-06,9.784184908042042e-06,1.079262005168128e-05,1.2700223911663815e-05,0.0026661226102751407,9.715006093671704e-06,1.3617245040323023e-05,8.085407935326923e-06,4.9107048788631734e-05,1.290658268354051e-05,0.0026621791722896988,1.1378130316784177e-05,6.772773830970916e-06,4.358863076848162e-05,2.177670078422423e-05,-3.721162259433974e-05,9.411317700397962e-06,9.386906113031796e-06,1.194668626647438e-05,2.235499095888934e-05,1.0772377372294419e-05,2.222562778728334e-05,6.7470456580438435e-06,-6.049595296676359e-05,1.0230175943796017e-05,1.0507932714131222e-05,5.998953631069308e-06,-0.0002724415523855206,6.097661501196631e-06,1.2499649760233057e-05,5.923606199459296e-06,5.9628548611609445e-06,4.3484683413701246e-05,4.136109465433356e-05,2.5538527172107496e-05,6.397345732572919e-05,6.954633542676357e-05,3.677860088636086e-05,6.62376416498935e-06,5.10653835452775e-06,4.677265930852616e-06,7.450298877447198e-06,4.316454624590334e-06,-0.00016654462837010334,9.522112998409022e-06,1.1585667729261815e-05,6.855797545538689e-06,3.18239466434698e-06,1.0375525287806853e-06,6.21082412582905e-06,-1.6572836285912387e-05,5.663222692109805e-06,1
1.4827208420055464e-05,1.3579705136209534e-05,4.051586621463217e-05,-0.00029267896219415047,0.0009128110973991516,1.3536753512970754e-05,0.00021556403411555452,1.3870873196858008e-05,4.321160560255164e-05,9.296747002805172e-06,2.615268282984333e-05,-0.00013988373229817272,-0.00034552906296647445,2.1948478079443533e-05,8.061390629472761e-05,1.143295631712504e-05,0.00011497411487634573,8.096985364149782e-06,5.912416485300872e-05,0.00011867009257862821,4.514838107031036e-05,0.0002033734909958944,5.8556517116158894e-05,3.5919133311153044e-05,0.0006904826714801446,7.359769173090471e-05,7.223309077350361e-06,0.0007241617246167384,-0.0006399772214996553,-0.0004287636170443235,4.680953994627807e-05,6.77154637198224e-05,8.707515828454122e-06,3.21578549814509e-05,-0.00015337724862639118,2.410527315112078e-05,6.648779380580239e-06,2.9065371881444767e-05,0.00011423654428104056,1.0824638093957274e-05,3.5482787366918684e-05,0.0006221716438032425,9.286601382875985e-05,6.31028567380494e-06,6.082127682238423e-06,0.0002553188847218815,5.885838390439555e-06,0.0001918674839670212,1.277297604325425e-05,9.5185331935064e-06,0.00017888467131200732,1.2558913252307993e-05,2.7471155311647422e-05,0.0005575029686518056,-3.321341548287843e-05,1.6071414336853434e-05,3.557596597248464e-05,1.073605033062963e-05,5.811717819742615e-06,0.00011472619606743543,3.4782274346254726e-06,1.1957305340425686e-05,1.0237948547194279e-05,3.2311491989217127e-06,7.961421261084434e-06,-3.2836244433404265e-05,2.3954026846375045e-06,7.243654621289123e-06,5.9752658511794195e-06,5.912113490589184e-05,5.6595040482282446e-05,5.5753009007745965e-06,5.3647930321404796e-06,1.5678952701027113e-06,2.0395888682485718e-05,4.817977894819952e-06,4.7075160401431486e-06,5.254201023898919e-07,-1
9.81837698667135e-06,0.0001744795090175149,0.0001970023995095753,8.847901994476018e-06,9.193936069876143e-05,1.060496936324396e-05,0.0002387873801050909,9.047043568557452e-05,0.00010192834129140367,8.642419866058089e-06,0.0005941727934133665,1.2803928835519336e-05,0.00016009421221112644,0.0013635900481392908,-0.0013269156596640791,1.149857153310335e-05,0.0001149980185239373,8.659231497032277e-06,8.374477875554894e-06,0.00022861892139934743,0.0004022284667670898,0.00014771772559395163,0.0001648035769564682,-0.00046014677297141613,0.0001446413530692111,7.555977520337743e-06,3.228045917059298e-05,8.487770695085372e-06,0.00016173809125202693,0.00026233754221154196,-7.255567412045046e-05,0.0001071224831540997,0.00046415663249275925,0.00010586863539669232,1.0854456023982671e-05,7.311425948314467e-06,8.139366938074644e-05,6.3753303508307e-06,9.359365931452573e-05,0.00028651171490460506,0.0003707763190884562,0.000326319714356012,6.3651979578471945e-06,6.472880217647585e-06,7.0253926818568e-05,6.5766417947787964e-06,9.613931581360154e-05,6.628667475407332e-06,5.761636234207592e-06,0.0004257900004978111,5.878218198927648e-05,6.625761029016857e-05,0.0005701741127246213,0.00030109416883051816,0.00016689561514367086,0.0003017179291579192,5.043064841751305e-06,0.00021721014986495168,4.551612396396143e-06,5.723478570176417e-06,4.29973225017217e-05,3.6543288315918326e-05,8.08501383213309e-05,4.078260676712418e-05,3.370643557052248e-05,3.2228718316754627e-06,-3.2228718316754626e-05,3.785238630242184e-05,2.008085343221187e-05,1.8672996022316484e-06,1.4745870133924046e-05,7.901062281875693e-05,8.335635112539946e-07,8.504993146145871e-07,0.00010099099705763424,7.496193453318048e-07,7.020405766260622e-07,1.0134645348682905e-07,-1
4.16112757826636e-05,3.3741230569550494e-05,9.466525669514342e-05,0.00011227585651438918,0.00011080881591854779,9.466525669514342e-05,9.481196075472755e-05,1.2260135693906906e-05,8.845312721795136e-06,4.413465138753759e-05,1.0236953996234454e-05,8.767425189408246e-06,0.00010438435090348105,9.967283347767227e-06,8.993963058823505e-06,2.3213956942718883e-05,0.00012424243725189048,3.6632406183363803e-05,5.1298829113245795e-05,8.224168618481636e-06,4.8137373808738354e-05,0.00010193579486207048,7.576122430496561e-06,4.072124554235665e-05,8.734743203688596e-05,9.820458351325293e-05,7.5075970536014045e-06,7.214466145688504e-06,0.009958554927961239,8.454274821993884e-06,7.309960667935591e-06,9.053407465995386e-06,2.0131509525087142e-05,6.593688639551192e-06,1.1807344792843742e-05,7.77331399816013e-06,4.04741709541731e-05,6.375816364680368e-06,1.8300664075949024e-05,2.901669617316119e-05,7.695259127100823e-06,-4.128180990223559e-05,6.211218483407172e-06,-0.00010669558156800166,6.776119013677321e-06,5.911486172385769e-06,5.942528453351728e-06,5.5418789611635426e-05,9.036737152607452e-06,4.910322641387534e-05,0.00015956980349517106,3.79273214009408e-05,3.750921100788941e-05,3.677313935491252e-05,0.00010925628235290824,3.328758349650551e-05,1.4700495398174594e-05,1.4827057797136427e-05,2.6622179215561947e-05,4.166303304783446e-06,-1.9579991028313507e-05,2.9241246399767626e-06,2.339832862065031e-06,4.1291200687130354e-05,2.221983823978538e-06,3.158095176009627e-05,1.8025501991768895e-06,1.8491209699900697e-06,3.932371912090575e-06,6.378246421902899e-06,-5.510837699054547e-06,3.325819250559596e-06,6.931019970721174e-06,6.216560092646378e-06,5.449491203468368e-07,4.3878076709377596e-07,1.4720206794523717e-06,2.94871962559715e-07,-1
0.0018773525322874404,9.055784494671148e-05,-0.00011460214229183314,9.810496803704721e-06,9.92564545389832e-05,0.0001389081454325201,1.929906521764679e-05,9.564525611029525e-06,0.00010682621281713923,8.712122861346733e-06,8.900355310255293e-06,9.47314829524832e-06,5.1424557901742146e-05,8.806396894949615e-05,6.15973157444535e-05,8.04833724225542e-06,8.731531333856046e-06,8.494951485211984e-06,5.7107814401634e-05,5.7107814401634e-05,5.7107814401634e-05,4.621167063987433e-05,4.621167063987433e-05,0.0001430551644250714,8.451769458331487e-06,0.0005882187851645453,9.817943211801677e-06,7.934710562304456e-06,3.597813310110897e-05,6.616291197225718e-06,8.058472899365214e-06,6.912533148050485e-06,4.8543953022371115e-05,-0.0007538524368331644,0.001298316460459348,7.797742773849202e-06,7.429968684759168e-05,-0.00023032902922753417,3.838817153792236e-05,0.0005287989003630296,0.0005133768429379694,3.808943271453269e-05,0.00016141290207228004,0.00016120553279488556,-0.00018901005587883152,5.962323231598431e-06,7.296154284340922e-05,6.37066952219395e-06,5.775190008928366e-06,7.049947673445555e-06,5.698137011914416e-06,4.2121087976536794e-05,-3.255703987293622e-05,5.350060075916017e-06,0.00013225926396634352,3.768007999648986e-05,2.5899571388313435e-05,-4.930556989231083e-05,5.017911331618002e-06,0.00012041650776952686,0.0001297923320424237,3.2528364912918112e-06,3.3600541204931937e-06,2.715205145774631e-06,1.4916062119644895e-05,0.00010244866675139676,7.476839935971305e-05,6.384141262427692e-05,5.262669850267711e-05,4.27784527220157e-05,0.0016879640074765894,1.9971233353294386e-05,7.512151522493501e-07,1.8798154386295423e-05,-3.5723082943453636e-06,7.943826845985174e-06,1.7886358857519592e-05,4.4615392053372e-06,1
9.920991942895441e-06,1.0591497081061673e-05,0.00026915151480989613,0.0009076913476556615,1.1114343124404231e-05,9.683574585959194e-06,-9.291855593357707e-05,0.000376722231977896,4.492509905579875e-05,9.289915799617874e-06,3.9382807733929354e-05,0.0001064796695543436,4.702535152439049e-05,0.0002942036330166756,8.089576739035519e-06,0.0003767529449578842,-5.254343927673376e-05,1.2336897662048018e-05,3.1399189879438746e-05,-8.19565529268304e-05,7.81306058258164e-06,7.80127648917831e-06,3.893881995566481e-05,7.70316319290261e-06,7.964408077827555e-06,7.86674476977845e-06,5.48247794866369e-05,3.8609272511401136e-05,7.236357097912321e-06,8.77578367399333e-06,-4.744644907222976e-05,3.9911016312895484e-05,8.131452795439837e-05,-0.0001684264599782397,8.318884722664577e-06,5.4546960693396114e-05,7.263592961419278e-05,3.150197740404813e-05,6.694534754722218e-06,9.398991739715597e-06,-3.844526610653081e-05,-3.9241327702649094e-05,0.0006990420885715216,-6.59277598904764e-05,2.6490550448422786e-05,6.344172175454233e-06,2.98395957126128e-05,6.066498928918219e-06,3.384309602443383e-05,5.915464191127657e-06,2.9808025870507867e-05,3.936253519803574e-05,3.423197753726455e-05,0.00013368111473666073,8.631574926630551e-05,5.405924289970265e-06,2.129738959233323e-05,5.583630263536408e-06,5.759613641040169e-06,8.107234235394618e-05,5.671335239203766e-06,5.14486460696007e-06,5.593423194475397e-06,2.0127432080162206e-05,1.340700228272574e-05,1.30307191848421e-05,9.831817671615512e-06,4.7117532053949756e-05,1.797896391105223e-06,1.3523982563302001e-05,1.2173399513190308e-05,9.074749933638309e-05,1.2172255587245498e-05,5.215405745984469e-06,6.376458386326785e-07,3.40977559559929e-06,6.349398116277599e-07,2.2448796988639394e-06,1
1.1039665999906964e-05,-0.00020562691433747852,-8.576593932246321e-05,-0.0003822051873329021,0.0012675895744436116,1.9845332186784543e-05,0.0008872526006134609,0.0036912666870992424,0.003850965991971675,9.10246847169119e-06,9.325147615779993e-06,-0.00013384273051372244,-0.00017084597307226966,0.00019377929151835225,2.829175038012911e-05,8.405188814825317e-06,8.258970295420697e-06,8.114163433181927e-06,0.0035824828755888372,0.0006405217921556979,7.1355534997065355e-06,7.334142809356784e-06,7.806924236050845e-05,1.2261313688581192e-05,6.897015930038652e-06,0.003670006087411944,0.00013634720063318797,-4.015294265140122e-05,6.552072588235641e-06,1.0559839132895927e-05,1.6380966214875618e-05,0.00022315229031964553,0.0006866360844082096,5.139601025110354e-06,0.00029032504228796823,8.152005678519068e-05,5.140215191074163e-06,3.4837881495131966e-05,3.592900451991809e-05,4.2915109610992034e-05,1.90660198762729e-05,2.0210488853125506e-05,9.640014445513667e-05,9.640014445513667e-05,9.640014445513667e-05,0.00029543085425902437,0.00029543085425902437,0.00029543085425902437,0.00029543085425902437,5.774232055463969e-06,3.967098764781489e-06,0.00011901192906636711,0.00011901192906636711,0.00011901192906636711,0.00011901192906636711,2.335064850774709e-06,7.524732325868697e-05,9.525994157082575e-05,0.0005715596494249544,4.2451872456312806e-05,1.1340790333725105e-05,7.115970602530095e-05,2.0732827000384112e-05,0.00013398415672913116,1.4241459008899384e-05,1.3409731686541737e-05,1.3867181713838446e-05,0.0002031032028408306,0.0004263235769952925,5.190873488527657e-05,0.0003114524093116594,2.3204778115111193e-05,0.00013922866869066713,4.9113537071070785e-06,-2.9641126106182247e-06,1.435263372988379e-06,1.2483924899310462e-07,5.665767316369727e-07,1
9.864998509212975e-06,9.82173586489504e-06,1.6268462959374678e-05,1.4500689502228545e-05,9.287502401577549e-06,9.414070344174599e-06,9.928920741255943e-06,1.0579037584010938e-05,1.141581920831347e-05,7.85312505177094e-06,7.933747859477578e-06,8.006609825569493e-06,5.44646267463944e-05,-5.050772067195659e-05,1.4404763441452688e-05,8.176958499854408e-06,1.9644599360360696e-05,7.847129869138406e-06,7.254909600463248e-06,7.319860481223115e-05,7.0334355250703294e-06,7.022819499343088e-06,6.926799002166265e-06,1.8234560984249354e-05,1.8234560984249354e-05,6.781263180057374e-06,6.614889629597746e-06,-3.969942067739747e-05,1.5134235148522075e-05,6.3677032849131385e-06,6.436750016356106e-06,0.00039753340542997284,6.219069866505012e-06,5.99437558476186e-06,0.0001584383487067153,0.00015367587840399443,1.4164256875951982e-05,1.1093688200619414e-05,-5.5603849469886125e-05,-5.5064657376664544e-05,-7.043412542791148e-05,0.00021815339573951823,-5.2999549820981345e-05,9.187402975457115e-06,1.3036772460544777e-05,-7.822063476326866e-05,5.950113025610154e-06,4.3124751159307235e-06,8.899229279176954e-05,5.947086701985812e-05,9.39618116562675e-05,8.776241037653892e-05,0.00010120093611479242,3.5634810456566934e-05,0.0030448696805927223,4.090300357676569e-06,1.291674673489918e-05,3.395279660964965e-05,3.7234971119403296e-06,4.153978017597983e-06,3.670040263669294e-06,4.370592239606842e-06,-4.969791942932688e-05,4.067789175215414e-05,1.0748320792530036e-05,3.2189571098067465e-06,3.3636695040074683e-06,3.039653656176778e-06,2.3767677511490688e-06,3.3983789751143766e-06,1.202866116352709e-06,7.824088067951898e-07,2.5224078246760723e-06,4.204005151509385e-07,4.682245098584069e-07,2.575798212558885e-07,1.079813284727048e-06,1.5260320152453383e-07,-1
1.0372465032257273e-05,0.0010204722845904566,2.8261671065754017e-05,2.0188536483168935e-05,-0.0011275225084160453,-0.0011196770842054663,-0.001250034032787465,-0.004474642839008743,2.848311548646595e-05,9.50828351940065e-06,2.0507439939724464e-05,5.04525364152637e-05,9.5824274409586e-06,-5.653662522756894e-05,4.897838122536906e-05,-5.555971980347823e-05,9.208331275644615e-06,-5.136357663408214e-05,8.687035429834874e-06,2.45706000480397e-05,3.171733752936389e-05,3.651671238759178e-05,3.563118233486229e-05,8.179046449899273e-06,5.2699237164428095e-05,8.516770271616133e-06,-4.8314204159692575e-05,2.8986380088250536e-05,0.0005826768080177891,-4.6764483301518246e-05,4.900424092213656e-05,2.1778014994037093e-05,1.7670476398229847e-05,0.00018095966960225197,0.00018204933342587298,7.378091570371762e-06,8.123755848942553e-06,0.00019258359155788983,7.087177726665625e-06,4.9657378321133246e-05,7.138706300611544e-06,1.5700175836269284e-05,1.8849260693728827e-05,7.771871001927647e-06,1.3487913787478487e-05,3.953257281623079e-05,6.4933068123675215e-06,1.4715025555289e-05,6.267090640248328e-06,6.19272558514934e-06,6.190066681789455e-06,6.3622653483981116e-06,6.396921795306128e-06,6.2383928165432374e-06,6.2383928165432374e-06,6.0878807321474885e-06,3.9642781327777126e-05,7.803120344553309e-06,5.906910261551003e-06,5.9425744617631115e-06,5.729427055579651e-06,5.797141817068295e-06,6.174968679500812e-06,3.35720427224207e-05,5.266866428492188e-06,4.024772496432315e-05,8.937361845206763e-05,3.83218901029314e-05,3.79062852541167e-05,3.7399391478972766e-05,-0.000261417209607151,-8.36421517914003e-05,2.9775272502500478e-06,2.2370398052007703e-06,6.953429102772473e-05,2.0770140443428386e-06,5.24977471585882e-06,1.0043098180227586e-07,-1
9.639315834858751e-06,9.422628953058348e-06,9.362693992420454e-06,1.22942228379297e-05,8.866092001541073e-06,2.955285939230565e-05,8.905030807822156e-06,0.002291526450895177,8.68269287400861e-06,-6.097348700897701e-05,-5.477883755029138e-05,0.0005522996602339214,5.3540199833953325e-05,8.653575557180905e-06,8.302966878303532e-06,-5.1645175568323366e-05,8.414784909406557e-06,8.357835453743175e-06,8.397271353403163e-06,8.837607319632064e-06,3.753732977211738e-05,8.269180082485533e-06,0.00011579203094214757,0.00016825725112137386,0.00029577597874124557,6.156700206863491e-05,0.0002198835864448998,7.801923586859124e-06,2.01195987525648e-05,8.739328454159904e-06,6.904796081028005e-06,8.909052735366621e-06,2.8316146827207373e-05,0.00016989688096324422,7.414011178415809e-06,1.22364016070929e-05,1.210012834946644e-05,2.2478017722191997e-05,9.623216853119157e-06,6.5965887819197875e-06,6.466166896781891e-06,1.1480176833036582e-05,2.5532773269099037e-05,1.9538349248209906e-05,5.898301253639705e-06,6.4675178726838495e-06,-0.0027045674083428783,1.65702795886333e-05,-0.0013026700653048394,2.7318723089651373e-05,5.6589658900259295e-06,-2.8480159243834084e-05,4.6408580726891e-06,0.00015975137773838711,5.060140135201714e-06,1.7704784073503198e-05,-0.0009213692223166004,4.257495698797182e-06,1.9275078834137675e-05,-2.1592238846991223e-05,0.000106997882706425,3.790253926676339e-06,0.00040034700934898085,2.8977272380241986e-06,2.7925104861524863e-06,3.671900333452209e-06,2.275113361655996e-06,1.8250921343111793e-06,-0.0005539799094763753,1.5209019275759499e-05,1.0553702643478299e-06,1.3236620685265434e-05,6.312479526247292e-07,5.48584527422802e-07,5.391688366360693e-07,0.0006091872505431548,5.083026995238619e-07,-2.587774843498832e-06,1
