3.6517698337350386e-05,1.3594176627008164e-05,1.1300694924228696e-05,1.135735273988834e-05,9.665931925831775e-06,1.09069809590748e-05,1.09069809590748e-05,5.465043585687118e-05,8.67283882795256e-06,9.315878943994886e-05,1.4993076169995303e-05,8.30696242347074e-06,8.063044820482861e-06,4.670569107383744e-05,1.1821292224053468e-05,-4.173989637305699e-06,3.97017713308998e-05,3.0224540689069e-05,7.4444267781103715e-06,4.2644713798332474e-05,6.8903885658967504e-06,7.516191071681187e-06,3.437042943702189e-05,4.30943011018235e-05,1.5372639281637732e-05,5.223147014266854e-06,-3.119276187176846e-05,4.996652097206681e-06,4.864874656333908e-06,4.857270609785038e-06,5.577112803612608e-06,0.00028335501781716815,2.7471045809650488e-05,4.456548833447809e-06,4.404280775664691e-06,4.3983041176943505e-06,4.195208544532225e-06,9.942463669987234e-06,4.57112163827877e-06,-5.738740147944741e-05,5.667817495173042e-06,2.0478578339988492e-05,2.2871456724736215e-05,2.4489321010745643e-05,8.686383226180833e-06,3.602837222990236e-06,3.634849552533905e-06,2.015351772001415e-05,3.812539510707513e-06,1.5972073097364806e-05,2.5391977894087418e-06,2.4926910369220046e-06,1.3463206323775205e-05,1.3463206323775205e-05,2.513688680277023e-06,2.1393316050629678e-06,5.686471554377496e-06,7.713876280713273e-06,1.2446303355735013e-05,1.1285745858939458e-05,-4.692247187345461e-05,5.638360399016636e-06,1.010657844244922e-05,1.8528263894415275e-06,3.316920817825085e-06,7.400111620933664e-06,1.0939704494006331e-06,2.026497641653257e-06,1.968005456007902e-06,1.2332549584157655e-06,1.7444006330461896e-06,-8.49812477795165e-06,6.801440719086642e-07,-3.009594767151861e-06,1.1323864522118856e-06,3.4717050118831435e-07,1.1899967604060248e-07,1.6704042128546944e-07,-1
5.810067494723905e-05,5.810067494723905e-05,0.00010504211256696842,0.0021279089169034737,5.691781781584317e-05,0.00041308291960361277,9.67743344858345e-06,1.028242628581983e-05,9.23283358400808e-06,5.539700150404847e-05,9.492622203470809e-06,5.695573322082484e-05,9.120956669424398e-06,6.103627368467502e-05,1.0192500484109842e-05,1.7302329630774365e-05,0.00011193972547645732,-5.972842000543398e-05,5.083455256866438e-05,8.387935633011024e-06,1.0096689433415025e-05,5.190334962280207e-05,8.809513111609152e-06,4.690577709652807e-05,0.00012453163764083945,0.00012728626864989562,4.335720570234043e-05,7.199844230398476e-06,7.022017278899117e-06,9.088976717683327e-06,-0.0009130033467773228,6.757604627071071e-06,0.00011519229913103051,6.894385852526928e-06,1.9109896390244705e-05,1.9070056301036104e-05,6.6806258539422485e-06,4.077575099327835e-05,6.592527487142281e-06,3.942843023020412e-05,6.3717756398160755e-06,6.279586666990815e-06,6.461121264003473e-06,0.0011459926491506392,0.00016271670021362662,7.0096869912326765e-06,1.635260382229685e-05,5.8887519725772505e-06,5.918333569060682e-06,0.0001045621851141425,6.063070197620629e-06,-4.565755049757719e-05,0.00019944254823386735,-0.00352186105519855,-0.002352680069214869,-0.03231610931048086,-0.15515233761339842,3.407433392036313e-05,0.0002361119475794002,-0.0006676437034438334,1.223018274787469e-05,0.0005333834474024775,-3.6215583878053794e-05,5.596185288401055e-06,3.097945072023356e-05,6.150097866829255e-06,7.600508073190861e-06,5.8995300021330425e-05,5.050044610399633e-06,8.373394263316101e-05,5.7337986555187644e-06,4.612330590116472e-06,0.0001425726073560071,1.3180824821489528e-06,1.00402911119975e-06,8.125056672951675e-07,6.892267294892846e-07,4.550625458455162e-07,1
1.004762516950765e-05,1.0137335253102489e-05,5.919447705741044e-05,9.851328488018678e-06,5.902403041569224e-05,1.1304293049047145e-05,9.569893855849272e-06,-5.476491400288097e-05,9.89056978794474e-06,0.0008518712102763747,0.0008517972060135125,0.000851649197487788,0.0008670790862945689,0.0008516861996192192,0.0008666720628488265,0.000855941444733799,0.000851649197487788,0.0008671900926888623,0.0008625278241285398,8.51649197487788e-05,0.0008543873552136913,0.0008589386173797205,0.0008557564340766433,0.0008598636706654986,0.000851649197487788,0.0008621948049456598,0.0008509443824145151,0.0008509443824145151,0.0008725727151169525,0.0008598175445488483,0.0008509813539234083,0.0008509813539234083,0.0008509813539234083,0.0008785251280487342,0.0008600024020933135,0.0008607788037800677,0.0008510183254323012,0.0008597805730399552,8.50944382414515e-05,0.0008513140975034454,0.0008605569747267091,0.0008598914875666344,0.0008509443824145151,0.0008629970943136511,0.0008510922684500872,0.0008511662114678734,0.0008510922684500872,0.0008512401544856597,0.0008509813539234083,0.0008512401544856597,0.0008510922684500872,0.0008503503900003072,0.0008503503900003072,8.502395673412422e-05,0.000850387330886662,0.0008503503900003072,0.0008577016263849485,0.0008503134491139523,0.0008502765082275973,7.948676873169118e-06,7.624381375264892e-06,2.8957319480484725e-05,7.2534359637125554e-06,6.387103424449774e-05,1.1618230769334034e-05,1.2475445143943074e-05,4.19001658820462e-05,1.0610888224609777e-05,3.9381950509451185e-05,-4.073610539357838e-05,6.355517163388965e-06,6.40936584754302e-06,6.858405703796696e-06,7.1965581516355426e-06,7.5871063185955675e-06,6.354620802419833e-06,5.505983575490486e-06,1.0914791556843308e-06,-1
0.0007119750422153689,-5.9005690651193125e-05,4.61959007236443e-05,2.7565877658371676e-05,2.9858054758880743e-05,9.422247587673872e-06,-5.646841169992597e-05,9.246765452779714e-06,9.584110151475149e-06,4.428931689965025e-05,9.26065230726211e-06,8.888095736583344e-06,0.00038155092065129725,8.900644020185594e-06,8.782140467582576e-06,8.48329353494607e-06,8.296387758932082e-06,5.7515467378789155e-05,2.3851225137215727e-05,8.169496407355777e-06,7.706420097697139e-07,7.773925319540083e-06,7.9875076875735e-06,7.618429740966843e-06,7.648656332431954e-06,2.1878016919832353e-05,7.398624074516548e-06,-4.4283378645761666e-05,7.496255270468183e-06,7.2769096180608116e-06,2.128891133388652e-05,6.806915496470546e-06,7.936261067969148e-06,6.7086636007423786e-06,6.64785746387361e-06,7.142562236795756e-06,-3.981357969778766e-05,0.0001475626605990833,2.0166665140470516e-05,6.56639705684606e-06,6.393350491537756e-06,3.788586564684273e-05,6.325709524647798e-06,-3.698054540997375e-05,6.115331454811173e-06,6.0915481932980225e-06,6.017940052840795e-06,6.045717268268538e-06,-3.640060937136563e-05,5.6158185303004525e-06,5.511789263256054e-06,6.622956366895618e-05,1.5168990722913944e-05,0.00010469397231801202,5.048945141483799e-06,5.022867401178427e-06,2.9506540387440523e-05,4.953245286009391e-06,0.0001356176020921667,4.7640173808575925e-06,4.739849897583464e-06,4.310226228429927e-06,2.271943683732593e-05,3.73242194784441e-06,1.9786977672955865e-05,1.5770001209138522e-05,2.990619604463401e-06,1.0436686590056732e-06,2.857906792299017e-06,1.4197257975684034e-05,3.7027080126915863e-06,1.996690309009491e-06,7.051120989960647e-07,4.77051758297155e-07,3.5366773741288246e-07,1.7856070800155998e-07,1.737120708061824e-06,1.0703475949950723e-07,1
3.3003403155290174e-05,1.1282749872473347e-05,9.855466327779275e-06,3.5979019285763926e-05,9.623845187698267e-06,5.914502939110704e-05,3.435849062417382e-05,9.233871559819027e-06,2.5616156109145498e-05,-5.365765888766203e-05,5.9015033954944125e-05,0.0013175723011146427,4.4966262806162584e-05,9.549072686545344e-06,0.00010608712556821125,8.25158963882701e-06,2.409088701674472e-05,8.518161496968936e-06,5.398908282480107e-05,-0.0009824547452865807,8.094629137614888e-06,2.364225195684055e-05,-0.0009803649638130455,5.672762760572919e-05,8.367394876890392e-06,8.504876294455358e-06,8.405568227015391e-06,8.17969582444326e-06,7.786266111547492e-06,1.0655169863168746e-05,9.94447800941248e-06,3.648875988158643e-05,7.721638523842867e-06,2.3298240127337088e-05,2.2067388125919524e-05,-4.573646363836035e-05,7.047394217673478e-06,7.23259069528586e-06,9.694917095435878e-05,2.238341030752799e-05,6.5274698207653264e-06,0.00052692881283798,2.2950797442953456e-05,9.322243616081041e-05,7.095144919334165e-06,9.110100416599096e-05,6.27844021361363e-06,-3.912295603392774e-05,6.131839025562254e-06,0.0006298243313282235,5.881434310635605e-06,5.980116068030384e-06,-0.00011848939352316196,5.976104825112616e-06,7.268786753288042e-05,1.680521256550718e-05,5.690455620619184e-06,-0.0006966652212743974,-0.000684415761616506,3.1402087330615045e-05,0.0006518963242042712,4.238213560110859e-05,2.6269487986448483e-05,1.5738252324558258e-05,5.2243496485082035e-06,5.688969041237724e-06,5.824670920113371e-06,-9.427497446585287e-05,4.8386703556768785e-06,0.0003258857693119317,1.4129684713641718e-05,4.473550105109475e-06,0.0003142774068541657,7.093069645470379e-06,4.085438682769456e-06,6.291903973747129e-06,8.327546685500414e-06,-2.01403350058735e-06,-1
0.0002783997199510666,2.7635476026141626e-05,-0.0007621637697109158,-0.00016022305823313153,-0.00017384495122006025,8.842860322393452e-06,8.935804399898904e-06,2.60489946776487e-05,2.60489946776487e-05,0.00015892451861797746,2.5612429103510992e-05,5.798860732594706e-05,5.930394072201439e-05,1.0738031358116615e-05,2.4957580742304433e-05,8.228822953148586e-06,8.494966863245483e-06,8.508491271675017e-06,-4.837804602759425e-05,1.0777952258898815e-05,8.383029951417342e-06,2.3263808840975514e-05,-0.00022964628681241598,7.619304728361233e-06,8.106417757149916e-06,8.11699626131812e-06,0.00014032805275206127,0.00028247344911477027,4.3332902116056225e-05,-4.992996757359314e-05,7.096305049989763e-06,0.0016369939127495047,-4.464067801293918e-05,0.00021197073689203477,4.404014734717465e-05,6.730776548057883e-06,-3.9050752519480235e-05,1.931964139179899e-05,-4.1747796771488575e-05,6.604697999503677e-06,0.0002650797510186301,-0.0006112608495407383,8.67435140640339e-06,6.1288553748870205e-06,0.00030983201222213147,7.603304897708748e-06,6.405081875278179e-06,-0.00030090123391797143,6.225993887712733e-06,7.587997792798993e-06,7.653560981854004e-06,2.9181832778734807e-05,6.346839226021108e-06,4.478895658619321e-05,5.669163354388052e-06,0.00013715657757859144,5.283857187905187e-06,-0.00034514345666678437,2.6676594415693696e-05,3.511473924399011e-05,3.795757226607154e-05,1.615335101573386e-05,6.774069406696417e-06,4.259045534843092e-06,4.2336225840427415e-06,2.4530035142654222e-05,3.2663131553874675e-06,3.382107407315085e-06,3.3588965187717e-06,2.5385847650072835e-06,1.3765684008956866e-05,7.692265734750474e-05,1.682010662195343e-05,6.460263266855852e-06,2.196822152342384e-05,7.52943846667604e-06,3.0819017124701076e-05,8.560251747844299e-06,1
1.96593530732671e-05,6.040531479677231e-05,1.0192059956838105e-05,9.941838427148232e-06,1.3049268585609828e-05,3.104431144254748e-05,5.189726773684715e-05,5.1647037819842766e-05,1.2044743306083065e-05,1.177714157541843e-05,8.017598691604945e-06,7.959867127421817e-06,1.0894236873548046e-05,4.589157507991971e-05,7.605501446961567e-06,4.522429784068751e-05,1.329294993961204e-05,2.2240061823590468e-05,4.330587577789495e-05,1.017513629355163e-05,7.134236308078468e-06,1.3031377297124346e-05,7.155019537768241e-06,-4.2636474704612685e-05,7.698495147657546e-05,-4.267219230684271e-05,1.2767267923128099e-05,-0.0011443780286094934,9.655865842529779e-06,-4.10072638778881e-05,-0.0011042101665561974,1.2641392663806231e-05,6.767822033811284e-06,-0.001110165927481874,-0.0010910590958948037,-0.0010873019198353651,6.621690676847522e-06,7.880995850329843e-06,6.602225844202052e-05,9.103361613283995e-06,6.3353053126553985e-06,6.331981459091587e-06,6.2647419460884055e-06,6.375036791367452e-05,6.64206109681097e-05,6.115609391505405e-06,6.02698832170318e-06,6.348319940562252e-05,5.764094106035111e-06,5.771621805852256e-06,4.812740880946386e-05,5.6409008826703835e-06,5.6104987277182586e-06,7.794817308676004e-06,7.625673099122859e-06,5.2077549563271165e-06,7.222425882898005e-06,7.213695205525998e-06,1.5457243633673272e-05,1.964429257942087e-05,4.95888228652907e-06,2.942206801781024e-05,-2.716786510941273e-05,4.158453015492827e-06,1.2601971058003164e-05,1.2353821196002956e-05,1.163662941039717e-05,1.9076585842634663e-06,-1.0808625425979802e-05,2.188858436776875e-06,2.2616415963890018e-06,1.8619134337127732e-06,-1.1233808506062448e-05,2.2145764801484735e-05,4.2308966992124646e-07,1.4968991351216595e-06,3.639941152278019e-07,3.125853800229166e-07,1
0.00011093731446001734,0.00020931478691698543,0.00018802209167055495,9.62461530738768e-06,5.390248492747159e-05,5.585609075741665e-05,9.390692486262e-06,0.0001541474877479644,9.162055642802828e-06,9.099150041638563e-06,-5.276168007932352e-05,8.588086616692488e-05,5.9432723650949354e-05,-6.18635990744957e-05,8.191922005571031e-06,0.000834548129648594,8.576774220294404e-06,1.785014784557943e-05,7.845401452049982e-06,7.915515742009383e-06,0.0009343357878721617,7.694624282281832e-06,0.0001345010832573348,7.565181058495823e-06,4.375945066305322e-05,0.00042667868841629575,0.0013877882072643479,0.0003124703060878899,7.248647177018417e-06,6.917548746518108e-07,6.940801151318281e-06,6.785958594822037e-06,7.1526462128847745e-06,6.7518841780827395e-06,-4.172858190123563e-05,-3.9311706942962344e-05,-0.0004048328865679189,6.482588637191942e-06,6.845364499915385e-06,1.154771741152875e-05,6.268765643724705e-06,8.239910249280524e-06,7.161269128322853e-06,2.041892800642582e-05,6.437525627579557e-06,3.4068358248393834e-05,0.00016144754451179872,5.810306406685238e-06,-3.4820055710306406e-05,5.648763409328774e-05,5.926452758948011e-06,3.85365170921106e-05,8.285770282627851e-05,8.681102180642256e-05,3.160145076526493e-05,5.410356548390894e-06,-3.2665762501963553e-05,5.6120979285498624e-05,2.794481524362376e-05,4.9728964656601915e-06,-2.6823428755677027e-05,4.428278037343228e-06,4.489467453362896e-06,4.25041782729805e-06,4.172614974551775e-06,4.15380838270582e-06,4.061580107056883e-06,4.291906732812272e-06,0.00016884547300320338,7.183798074981014e-05,1.732270965884053e-06,1.8010782555830687e-06,-0.000441775741021424,8.41370521171026e-05,-0.00017326152757936994,7.247555697759599e-05,3.2594846788441005e-06,1.2130290559642301e-07,1
5.420763172126875e-05,6.710938398941935e-05,5.7295814702857775e-05,0.00017560552423503717,9.270974219214507e-06,1.892165738739047e-05,5.17827525815152e-05,1.1817845834610762e-05,-5.4459764184299636e-05,-5.4363655326014714e-05,0.0004600180329644519,8.928445980905646e-06,3.0723130032596124e-05,0.00023232395113768472,3.8031032727531625e-05,8.702225312934633e-06,9.03213142815514e-06,0.0006643063344141328,-0.006852526329454807,8.33311701902282e-06,3.400865735382011e-05,7.997622561191831e-06,7.923457115495514e-06,7.851346464555804e-06,1.596790473610129e-05,-5.137860695500884e-05,8.0068009890783e-06,9.051651369150094e-05,1.252147112079146e-05,0.0001120094987662795,7.611957746835532e-06,-4.5116431489863804e-05,0.0001758151444185451,7.272094303471218e-05,7.27332837510809e-06,7.1149604911734906e-06,0.0010766299691559007,3.7666586342797044e-05,7.6181725142362275e-06,3.1278166599880295e-05,2.081421993956552e-05,7.327925718459756e-06,9.614338128215485e-06,6.629542247264553e-06,2.4260496635368424e-05,-6.91564046453378e-05,6.48444799935204e-05,7.448861069632557e-06,1.1898757532298583e-05,-0.00010448110923566608,7.378804392877285e-06,1.8831661974493304e-05,7.989601140057015e-06,4.730832350269232e-05,7.30145594775568e-06,0.00017226526307797963,9.585768595400206e-06,4.7101642993898245e-06,-9.220734184296209e-05,4.9528073242564605e-06,5.646209101842246e-06,8.668254442175243e-06,4.505815534768753e-05,-1.0059350931028562e-05,1.3138783928135735e-06,1.2735272489778253e-06,1.252182772011918e-06,-7.150764951321279e-07,2.0327163229377152e-05,6.845482847883662e-07,9.695177348046323e-07,2.0844912904269068e-05,7.889664685613e-06,9.114767897664709e-06,1.9740412357325647e-05,1.822537761332298e-05,9.842859002742565e-07,0.00016849280192351906,1
1.011449370761389e-05,1.0720256664674842e-05,8.769294126279194e-05,8.541709029475723e-05,-0.0006084561191078296,-0.0006051156272246256,9.219390824943376e-06,4.270151855944162e-05,1.038299552909534e-05,8.28211783807294e-06,0.00010449646221095551,0.00010417305417008889,8.169552469725415e-06,7.964621343795307e-06,-4.803207336260715e-05,8.197119128927495e-06,0.00023631562838959946,7.839164532504468e-06,0.0003211194848730181,3.998934597059176e-05,7.464294163085823e-06,7.418805034929133e-06,7.39939771345049e-06,4.637470763209133e-05,7.186614510395127e-06,2.220839908776252e-05,0.0007720157747346749,2.2364796690546912e-05,6.812688702444847e-06,0.00012042387603265056,8.822939226119523e-05,6.924373297506835e-05,2.1779731111799854e-05,3.9030256396962713e-05,6.355268617181164e-06,4.644042385695721e-05,6.135774264863013e-06,6.861869704819115e-06,6.053533129512245e-06,5.965778393245721e-06,6.31002231678015e-06,-4.205943347081151e-05,1.753037576534635e-05,5.862545357843725e-06,-3.5472012271394996e-05,-3.938846181441175e-05,6.135702598072634e-06,3.551858743961171e-05,5.7578929219849846e-06,6.206198562341166e-05,8.098897922438073e-06,8.285031363451146e-06,3.453070242565165e-05,5.738313726083695e-06,6.44322030268173e-05,3.0267493089366145e-05,2.1865539695706113e-05,3.923143566755928e-05,9.889112430479418e-06,5.1479234843283234e-05,-2.604754145318723e-05,2.6030148586168405e-06,1.0731358881500099e-05,1.6888501742160282e-07,3.9786906460610845e-06,1.1452961672473869e-07,1.007210689545912e-06,8.317073170731707e-08,8.109496272321051e-07,2.1788150936914578e-06,7.50027369434111e-07,-3.538919710125898e-06,7.606529015780666e-06,1.5839592659889107e-06,8.939285361569615e-06,2.3421431420098126e-07,1.9296177730113624e-07,1.6983531989012461e-07,1
9.986740090240198e-06,0.0002376226232438856,4.155513684579143e-05,4.1629392976250774e-05,4.1629392976250774e-05,9.710140848658746e-06,-5.75014267091004e-05,0.00018177373431713242,0.0002342927621661874,6.940440078519523e-05,1.1195930371342588e-05,9.525979554476736e-06,0.00022035439991913576,8.592648851212499e-06,1.2067074330581749e-05,0.0005401053126790685,3.451984862501164e-05,8.069646666585689e-06,-0.0012039020865007956,3.4053757739239654e-05,5.0804428155067434e-05,-4.762029742786006e-05,7.488860637231962e-06,0.0001271406473616446,-0.0004697220664473934,3.062689118568352e-05,0.0001531903215686841,0.00019082027377652247,3.180337896275375e-05,7.034542009477542e-06,0.0012846824170846564,4.2426071515191437e-05,7.233591182130424e-06,6.769432817879721e-06,6.712294593943769e-06,6.69239710206566e-06,6.618787863434137e-06,2.7927417528598608e-05,6.584827838886093e-06,9.53374190433022e-05,6.802327840462931e-06,6.907945714636461e-05,2.8850331476707566e-05,2.7102977699759063e-05,6.452707240343628e-06,3.711458447496691e-05,2.8858874404737094e-05,6.17889675970332e-06,6.158835003136289e-06,0.00012401722704245472,0.0001991900647642479,0.00012609245596897857,2.5324469839546297e-05,5.974061375280897e-06,5.95123131833256e-06,0.00012552184298334835,5.9266596527941435e-06,5.879983486466979e-06,-3.510692114618075e-05,5.577394323877256e-06,6.864671801861697e-05,1.1989836949966707e-05,2.264951807778553e-06,1.5780159474336306e-06,6.551778053371483e-06,0.00014365326928158725,1.1238851252575864e-06,1.0004395580368734e-05,6.452251569542541e-05,1.040895803582042e-05,7.280416562069239e-07,5.768954718289116e-07,2.5879556210422478e-06,3.662935535348643e-05,4.2337448369580635e-07,3.158774703835404e-05,1.9795879793507845e-05,-1.668359462419505e-05,1
0.00021984198166901504,0.00011118907065107624,9.229670899489827e-05,1.1925421606014435e-05,1.2099553683677412e-05,4.260988297085413e-05,-5.604417528172489e-05,3.546841225214059e-05,1.1142942083719687e-05,8.176718804292e-05,0.0002332584990386319,0.0008925669812725553,-0.0025560610319313535,8.900013654268266e-06,5.391590577356079e-05,0.0002072791185522442,1.2977814853597266e-05,-7.350429165026158e-05,8.33520096946406e-06,1.0056375171402052e-05,8.079967116481906e-06,8.524401985055916e-06,-6.95856648590297e-05,0.00010257158168249471,9.587680220529885e-06,1.057048299295519e-05,9.4999712519364e-06,7.2312699388265505e-06,1.4132285870505307e-05,7.220876474701091e-06,0.0002874107157640109,-4.5633854372910386e-05,6.860661530811654e-06,2.462270957791462e-05,2.6760940837608414e-05,0.00039539615031758803,2.646793355825826e-05,5.2816779656169205e-05,9.959973465504262e-05,7.836388555699992e-06,7.635296141869217e-06,2.6627560571759396e-05,0.0007591168996938483,2.3953868356145987e-05,5.7790847430236505e-06,5.72558825919832e-06,2.3572697614894007e-05,4.416105416614712e-05,3.812595113329483e-05,9.16253572269026e-06,6.4923678115327745e-06,3.735730149370049e-05,6.907761637349244e-06,0.00013413986470522214,0.00014270676547517564,0.00017735996900816205,0.0002588380980884938,5.1656473653932856e-05,-2.5201588227859107e-05,8.272428267579355e-06,5.119916722336248e-06,1.8188402545322995e-05,2.915304688412242e-06,4.018787066445517e-06,1.207487312574755e-05,1.319793565603465e-05,1.1681240139829526e-06,6.796395517347308e-05,1.3502854447671397e-05,2.2587822686512436e-05,1.2019331951827856e-06,3.984943556851456e-06,8.826407807919324e-07,3.195152584048638e-05,1.563782816458159e-06,2.721946551476811e-07,9.938798577313033e-07,4.19980681389363e-07,-1
1.06273044432485e-05,0.0002897595697294866,9.722763201270392e-06,1.0719165087975142e-05,1.2321042618000986e-05,9.348603881864682e-06,5.5939778632605495e-05,9.281341814566248e-06,4.752210841250029e-05,5.718590891291341e-05,-0.0002548909114773582,0.00042994247322533397,3.52505505536387e-05,1.1450280510959896e-05,8.900705688276091e-06,8.781899103617598e-06,2.603769734801031e-05,0.00013626918509614092,8.64617375294966e-06,5.648417701468282e-05,-0.00023971408121864528,8.893402491144608e-06,6.084669050054474e-05,7.834495678012675e-06,7.805601978380115e-06,7.71470420017729e-06,-0.0004730936915548816,8.369230284253183e-06,7.342714881827159e-06,7.455945425872212e-06,7.135823047230515e-06,4.2779434751271304e-05,3.435246972077302e-05,2.0423487530135885e-05,4.162967242477945e-05,4.13779663214795e-05,4.129406428704619e-05,4.995831637241263e-05,3.986772970167978e-05,1.8894211215617058e-05,4.471220581965668e-05,4.114729857617623e-05,-0.0004120636688034171,7.981503866107748e-06,6.273749459901385e-06,0.00028636282317120895,0.00013332195335141424,6.175012639941365e-06,0.00030166771349443485,1.8485751838109026e-05,0.00016672108056120448,4.763058811915769e-05,2.063544929526138e-05,6.723076852033199e-06,3.479016091012924e-05,3.4686351151778106e-05,3.7532519154420624e-05,-3.334138691240707e-05,0.0001088592714453417,2.0393768110157286e-05,0.00013134705129661173,0.00013604059345317243,2.8580991742574003e-05,2.5080768111356062e-05,0.00013292335193635098,2.820413435541068e-05,4.323886415215795e-06,3.1867711689119705e-06,4.6206393901942176e-05,3.075773435548955e-06,1.1970195084014165e-05,1.1474605491908374e-05,1.6083337550349292e-06,-8.433733033224275e-06,1.2751654538748807e-06,1.883385233238102e-05,1.0549033837503767e-06,8.739771737734056e-07,1
-0.0001012875986470783,1.484680885612933e-05,9.399215330723226e-06,0.0008632201771488903,0.0008583091208996707,7.614515285782213e-05,0.0007544489129863802,0.0007526018710332394,0.0007526088387503757,0.0007489355211936543,0.0007489424547103285,0.0007483336733754935,1.0058121004558948e-05,0.0007458570039368795,0.0007452550991179487,0.000739706817438849,0.0007378391972386894,0.0007378323663234014,0.0007353832371488655,0.0007353628128039259,0.0007324471202989668,0.0007316687288976443,0.0007298487142016506,0.0007273656983542947,0.0007267701969448758,0.0007249365090181524,0.0007249230865908111,9.882149893265443e-06,0.0007224602727853912,0.0007218445693340362,0.0007212021578298468,1.057167824800413e-05,0.0007206131624313264,0.0007205998198050632,0.0007206064911181948,7.81013786536122e-06,7.716855835120533e-06,7.457510856502671e-06,7.385037808460431e-06,8.477762733198936e-06,8.510754583650321e-06,0.0002527844797513292,6.919907276315412e-06,-4.12897543711369e-05,6.44737820821314e-05,7.746885265947689e-06,6.128589979434663e-06,5.0060254644282316e-05,6.227948825271509e-06,1.3496953746078229e-05,-3.8586929594063285e-05,5.916539263377346e-06,-5.9336279149446664e-05,6.063689907115713e-06,5.878495745343935e-06,8.645867576719815e-06,8.768283273787629e-06,5.614969262765728e-06,5.1960861467159415e-06,5.294386674386195e-06,6.093759112086613e-06,1.5217408152943579e-05,2.910165130815708e-06,1.0255387300807442e-05,1.342229285011778e-05,1.4306539397293858e-06,5.434913298356046e-06,1.2585523154633036e-06,5.150194923662032e-06,1.4037776588852825e-06,4.035962135651358e-06,4.044367301202291e-06,-5.193074996625896e-06,8.20433273118954e-07,4.5103047488386327e-07,5.926302699598182e-07,4.6890597979018153e-07,1.7280003441479504e-06,1
0.00016540211908504243,5.881630634217414e-05,1.0285235817284676e-05,0.00016091368952326086,9.054465874004667e-06,9.220503904855922e-06,2.964342418485302e-05,8.418124357813965e-06,4.966998818800265e-05,8.212170251157153e-06,1.6879210796132837e-05,1.794340023278605e-05,9.032079172776297e-06,0.00026495478406104685,7.95680748042934e-06,7.944164329557275e-06,-5.0006809544701045e-05,1.5321875394467792e-05,4.058033151470265e-05,2.285709521442238e-05,7.922423840702904e-06,8.121633979950862e-06,2.1869613573138698e-05,7.74920850121353e-06,2.214419432051446e-05,2.1156915968145572e-05,7.371671099259332e-06,7.198133762716514e-06,8.2521386166516e-06,-0.0001082955094133998,4.768391671466648e-05,6.9220301762057555e-06,6.705040319021276e-06,3.922487940922524e-05,8.295982789767144e-06,-5.928124065406027e-05,6.52732245645473e-06,1.9476767916401557e-05,0.00012243412479460815,7.2206820307879715e-06,-4.041654956691267e-05,4.562587503519313e-05,6.130769949696487e-06,1.2818895424780938e-05,1.2498179357836042e-05,6.352954479710676e-06,1.290579246768126e-05,6.1663595338361185e-06,0.00017232572029724234,8.425174964252723e-05,6.170306802657074e-06,7.03088176030421e-05,0.00015173608527884068,8.467956687986413e-06,0.00013032400497249181,8.729284458945172e-05,5.394753534299901e-06,7.442484135311143e-05,0.00011469038437719941,5.737597298282661e-06,4.7268403573478e-06,4.238099529538546e-06,7.844381689273129e-06,1.212666193266185e-05,2.2606149819230487e-06,8.141057682011364e-06,8.869723485770719e-06,1.531914849443708e-05,4.141786876683568e-06,8.641582622850795e-05,2.290730861355134e-06,2.1573110613167255e-05,4.170324971681944e-06,3.7876134448698344e-05,-4.912065245563246e-05,-2.679855965900138e-06,8.213650581814446e-07,1.1208020142891968e-07,-1
1.1054842347858606e-05,1.9380224275791685e-05,0.0001892028385749316,1.939999288893325e-05,1.81230598474609e-05,0.0001587303302030929,4.946272166483089e-05,1.7590993749753245e-05,5.558804072745801e-05,-0.00032176262042881484,9.218995676229777e-06,9.0540009739902e-06,5.4281871347823956e-05,2.4710318496626647e-05,9.489564234506475e-06,-0.00014595487120725914,3.2636286763365004e-05,8.681398948030605e-05,-5.271896585363882e-05,3.197910488732227e-05,7.98659373902044e-06,8.070425088178832e-06,9.371802450746087e-06,-4.6739652346707056e-05,7.947835996519808e-06,1.0858086724094531e-05,0.00017084126071941928,-4.430409721962468e-05,7.194216733313343e-06,2.732067231770825e-05,7.450093828580117e-06,0.00010415899169184467,7.056946609658495e-06,7.15726957591173e-06,6.869659589598875e-06,6.862558090868929e-06,0.0006216465606771475,6.458764712439918e-06,1.2101970067425554e-05,6.356561222746449e-06,-0.00014034378802737596,6.096765834210474e-06,-6.598173010178372e-05,8.016670488308394e-06,5.94847798637866e-06,6.072724506440716e-06,0.0007435318853669861,1.2465983375431468e-05,0.00044359354827824474,1.3655157053283658e-05,0.00042032378641270395,5.49427591714117e-05,9.020471577110209e-05,-3.0429478560498e-05,5.170035988377185e-06,4.8940931602599875e-06,4.960316406202254e-06,7.042289472496727e-06,4.567586633946822e-05,3.840548513268019e-06,2.3375471050844793e-05,3.3780817374264693e-06,3.3780817374264693e-06,9.925183519397618e-05,3.714051697208707e-06,1.7190216596875187e-05,2.7251300775028946e-06,4.242002539996952e-06,1.4400524015504089e-05,0.00011943040387673913,1.9188495409388817e-06,6.69944592616201e-05,2.6678735664167118e-06,9.780305197687017e-07,2.050087912994776e-05,0.006798288811188812,4.284777345638682e-07,6.207252024304328e-06,-1
1.0194347192427004e-05,9.648279203713238e-06,0.0001827070146063724,0.0001728927667003059,1.7005572494528726e-05,9.06475018515025e-06,8.819207285872315e-06,8.865031966367849e-06,1.8594605600236447e-05,2.4039617585768754e-05,0.00025770962569889483,0.00025260763086442696,0.0016717064898046374,0.00020997042867532223,7.742222025031169e-05,4.285304417515085e-05,0.0007112104405322449,9.014663251240255e-05,0.00012422593434496067,0.0010199559195422723,8.026082202066918e-06,4.903916966938348e-05,0.0011144767024476533,0.0011624799006458015,0.00028239761196235404,8.223095431999831e-05,-0.0005693686152726228,4.651448714319257e-05,0.0001647144652772228,0.00016197112280190914,0.00015884958569448152,7.424569678562091e-06,1.7255539878064268e-05,5.853733525698592e-05,-7.597569971230279e-05,8.228892008223207e-06,8.106760633461837e-05,6.943265543967832e-06,9.853518586281819e-06,6.810732521398398e-06,-0.00031683014139969977,6.7607471067448536e-06,8.431825876938524e-06,6.670886084305811e-06,0.00033711326273357675,7.527696792957581e-06,9.404447463034995e-06,6.552847604506954e-06,6.743005627163855e-06,1.2167384480864828e-05,-0.00023556738276257188,-0.00018022785066413682,6.310495404822474e-06,0.0003015336824486196,1.3418160862392907e-05,6.980841465536009e-06,6.11288057740542e-06,-0.0001363546020600739,1.0055174606377535e-05,1.2319594143359466e-05,9.601097132450251e-06,5.333715349889177e-06,0.0007928050873036062,-2.8642004165066883e-05,0.0006280467781140535,2.0121469129937638e-05,-0.00019176365214615572,-2.4077045832593217e-05,2.806413536355023e-06,2.7257324612136555e-06,1.1200439390320856e-05,1.837411749748152e-05,4.758417623976497e-06,2.206201600330239e-06,2.038962401715872e-06,-1.5825325666714287e-05,6.565219856942653e-05,3.251697313988523e-07,-1
5.9503944471746264e-05,1.5700384876118272e-05,1.3824860903130163e-05,1.0844452687078305e-05,-5.5472707438793744e-05,9.003831975968302e-06,7.64121064497764e-06,7.564348645550875e-06,8.567177240867854e-06,8.481850553451356e-06,7.865483022653679e-06,1.0519717117337238e-05,4.559395561124312e-05,6.641956905877283e-06,7.31642773226147e-06,8.483622457091885e-06,6.485148225608356e-06,0.0006117024914579043,0.0006110721277978206,0.0006131922130667352,0.0006102968281735376,0.0006120522394584059,0.0006091078185975432,0.0006089272738405662,8.681859946060122e-06,0.0006082604677900085,0.0005355581509887697,0.0005354312310229694,0.0005342858288296977,0.0005330963775402964,0.000534684225082771,0.0005337663182272053,0.0005331444593854558,0.0005331444593854558,0.0005325857569616435,0.0005319322830351414,0.0005312473784028071,0.00053153091851941,0.0005319724637448148,0.0005312285236100306,0.0005303485175836783,0.0005300342297171239,0.0005353108835539163,0.0005307644153738712,0.0005287325594894205,0.0005280148358519736,0.0005258631345992251,0.0005248333152174686,0.0005230926915224865,0.0005237751909524639,0.0005259586618238988,0.0005238063740191991,0.0005235579569301708,0.0005192076894844222,0.0005186233289820646,0.0005172821007193942,0.0005173624483160869,0.0005177082850854872,0.0005168809622662869,0.0005161636423473948,0.0005146991396265531,0.0005138483853939896,0.0005139397437432808,0.0005134524992137282,1.4790000546152966e-05,3.5483978243350385e-05,5.403522375170593e-06,5.354511230318172e-06,2.005002147216599e-05,1.0557684112706944e-05,2.5316968554447714e-05,6.906199840072925e-05,6.793085107819098e-05,1.7598750300047723e-06,8.217963601437896e-06,8.753514883191839e-07,2.830784298784972e-06,1.1123567779642034e-06,-1
2.764678024120302e-05,1.0251875689556242e-05,6.317857043920147e-05,0.00018831086589855245,0.0001806328773639943,9.207029393544243e-06,0.00017697142687749955,9.17617436537376e-06,9.15068393074804e-06,0.00012998736179270837,8.967028138855237e-06,1.4035930375206825e-05,-0.00012126567805559825,-8.187129319153548e-05,8.946665427286586e-06,5.8329608001847074e-05,0.00015111060466095215,8.155958861399955e-05,0.00015013555442996586,0.00015590630714172908,5.034241260162602e-05,2.2595367875019858e-05,0.0001832584021144442,8.485742939924757e-06,1.281859995813785e-05,1.3143907827389285e-05,1.3143907827389285e-05,7.997286175428674e-06,1.2030732176930655e-05,7.634445372789347e-05,8.32744479816648e-06,7.796403329191976e-06,0.00010513493246698155,3.3258966396529673e-05,1.692953277198134e-05,0.00029307843500471904,7.609498436072775e-06,-6.996872076957441e-05,2.8519322314394046e-05,8.15596314190887e-06,7.663936541809522e-06,7.551012409953233e-06,0.00029715427526308413,0.006534113177598082,6.9634472215004315e-06,6.842573381613605e-06,2.852315675932547e-05,6.480512109237507e-05,6.543771932643782e-06,6.573030346463753e-06,1.0048823044851357e-05,-9.953587409802844e-05,6.512613173380578e-06,6.783561534786368e-06,9.530649223826277e-06,1.641111688313604e-05,6.222955436757472e-06,5.6923096626280125e-06,1.4805795513419808e-05,-9.058258869987508e-05,-0.00034963340618174315,5.312967532107702e-06,5.7002250293141906e-05,4.589407542411555e-06,4.817054535937299e-06,3.255163210490648e-06,0.0005133161640678735,4.9141171624440234e-06,-5.884538874325093e-05,-0.00036959657419473405,2.3742427805399757e-06,1.6410877104699459e-06,-1.8296884966868574e-05,-1.530187437832459e-05,1.0757839600128868e-05,4.693782221191886e-06,1.5496994156524782e-06,-1.3117864152336096e-06,-1
9.763601121573479e-06,-0.002284345347262906,-0.0015054072817105746,-0.001499817201104377,-0.0005756500996481469,5.534591197652564e-05,1.8300318746113994e-05,8.972022056897764e-06,8.95559980422277e-06,8.95559980422277e-06,8.860512958502316e-06,5.291218227962412e-05,8.806849342901e-06,3.640194652113476e-05,8.749003860106867e-06,1.762966726435254e-05,8.501232337466913e-06,4.297435657972648e-05,5.036094696562055e-05,1.695436614381766e-05,9.564746945657893e-06,8.234550010618502e-06,2.5861917358415663e-05,7.975335900336768e-06,4.1326690642167185e-05,-4.7099335932940615e-05,7.88216329999665e-06,3.1370540911247935e-05,4.571942357296064e-05,7.583624067212198e-06,7.496986581111576e-06,7.38301774172807e-06,2.343109156230158e-05,1.4498481823029082e-05,5.019431757810215e-05,-4.1329265209177465e-05,4.070156044576076e-05,6.750417827298051e-06,6.489317318871779e-06,-0.0003133720228539441,1.9246215071554924e-05,6.427748820645257e-06,3.211385490946574e-05,-0.00012663589480390144,6.165320220799658e-06,6.128540047813834e-06,6.152000779366602e-06,6.718982613036353e-06,6.084733939553166e-06,-7.303709071627428e-05,5.828344578430074e-06,1.2214793794066377e-05,-3.41838893587682e-05,5.1618275673997464e-05,3.496719337832623e-05,0.00023273588140596335,-3.166443910246582e-05,5.2364672606502486e-06,3.168154199446937e-05,2.5119280532930514e-06,1.5661611937393565e-06,8.294451214377441e-06,1.0830409750066604e-06,2.030926483288885e-06,1.1194652249261784e-05,1.0012153129952573e-06,1.9104357587748504e-06,9.79792475134758e-07,9.202422852790405e-06,1.6526984309407306e-06,9.124010933458516e-06,8.577881312498445e-06,1.0436995608241418e-05,1.6533322907095815e-06,2.2900898622918526e-06,1.2172122540473832e-06,1.4226847192228066e-07,5.295365374905366e-06,1
-0.0002268072509990524,1.8308472672591864e-05,1.0090415483507394e-05,1.2440319191690746e-05,5.5107115140636e-05,7.838368414874587e-05,0.0002333295289567355,1.4821341983696955e-05,5.466129414217144e-05,7.551891451120192e-05,3.937137431539873e-05,9.329678738092042e-06,5.549518320406807e-05,9.217467119740837e-06,-9.218186778491362e-05,9.19613678129056e-06,9.177918920580333e-06,-5.507509905907843e-05,-0.0002169848782056338,3.674683005200542e-05,5.4683414800221926e-05,3.158433083326705e-05,5.447459905371703e-05,7.625945178055757e-05,8.979684375099753e-06,7.00486580914426e-05,9.060613488785793e-06,-0.0002437217868401209,8.847133260513483e-06,3.55493205375216e-05,6.923060497279475e-05,8.771071309643457e-06,6.405318037470578e-05,8.748676074942286e-06,8.123744841684739e-05,1.10971866234664e-05,-0.0004825132022385474,4.464846149130349e-05,4.453852901551315e-05,8.647547299509397e-06,8.641309402741606e-06,8.645148364606287e-06,5.8526099291132596e-05,8.626665724858906e-06,8.626124626954317e-06,-5.171079710679188e-05,8.632523378616211e-06,1.5810607737245964e-05,0.00012211637999908008,8.584386533798154e-05,7.004498705771196e-05,1.0861890756842283e-05,3.428851679552902e-05,8.51589820322593e-06,8.531596174562883e-06,-5.104028122666505e-05,-5.108331149866504e-05,7.97931605673821e-06,4.759574555698442e-05,7.701097052087281e-06,7.589071471386414e-06,4.694284057278165e-05,0.00021249635825008553,7.2484439101876315e-06,7.130115605672244e-06,3.8374890225419174e-05,7.194980545598523e-06,7.600662805033065e-05,5.8884941091667945e-06,7.473408689340921e-06,5.67190418660457e-06,8.385395041129298e-06,9.892521041600814e-05,6.495392566954265e-06,2.1822286900566027e-06,1.6816688115857766e-06,1.40258965971903e-06,1.6160837511884217e-07,1
9.77402487509869e-06,9.760594777184835e-06,9.564334752917243e-06,4.151560933008917e-05,5.7124105340814634e-05,9.223521769556581e-06,4.813458726237729e-05,9.091981825974394e-06,8.873689064473948e-06,8.81324441191378e-06,8.152053088855932e-05,4.640492180429787e-05,8.494520307201207e-06,8.53700556258767e-06,8.610715552134984e-06,8.221336973810644e-06,0.000117670232059935,8.022127605264147e-05,7.493532062841888e-06,-0.00019718220601114552,-0.00019416868981358057,7.212213044682063e-06,4.3067853043476805e-05,7.204683250446071e-06,7.10858622183727e-06,4.236491145174247e-05,3.041539010063673e-05,1.5670836554615782e-05,0.0025226601241922397,6.791064353827129e-06,4.068439314027847e-05,4.091296363795366e-05,6.706174795718216e-06,9.08234321246558e-05,6.6860010181815066e-06,0.002811341254644139,7.6024094446922e-05,6.584068159015313e-06,1.2029160921910682e-05,-4.7243761925069554e-05,8.885257066392811e-05,6.481032806900989e-06,-7.064325274517746e-05,6.322284448368036e-06,0.00032960857424705676,4.267874098894558e-05,6.102424259209741e-06,5.859479536452717e-06,3.093286491023877e-05,1.2467672253480389e-05,4.9869715102123e-06,1.3226710301149682e-05,5.113441536890044e-05,4.522485827203923e-06,4.436757747020738e-06,2.6301634377001875e-05,7.542651277068527e-06,4.111989811905224e-06,4.544444899588436e-06,3.479974110856377e-05,6.100813663422191e-06,5.802821499485503e-06,-0.00012844157336789009,3.0019214689292895e-06,7.901287594268513e-06,2.9279999639579885e-06,4.51299575557706e-06,8.462022246855711e-05,5.540787154830649e-05,1.0606673268021801e-06,1.9307905418605382e-05,7.958830570140702e-07,6.56374233693292e-07,1.2129977053551138e-06,3.6462118267143324e-06,3.573169681941155e-07,1.9037891277409508e-07,1.258801569180387e-06,1
-5.96224783183182e-05,2.0068156359103777e-05,1.8728420121474157e-05,1.9625198365376123e-05,1.045744642054137e-05,9.589918075275278e-06,1.845121265915068e-05,9.049075177947105e-06,2.6405646433773032e-05,1.8283375820034677e-05,1.7079297659021075e-05,1.0123820604559135e-05,1.687314633229731e-05,1.644926591550366e-05,7.933132960037408e-06,7.902045516137978e-06,-5.107633337113594e-05,4.647395119267956e-05,7.648432170477727e-06,2.31859799511007e-05,7.626550017221306e-06,7.521474644089875e-06,-0.00014999401495972695,7.497558574559998e-06,2.910016450818262e-05,7.322085799788673e-06,0.00013108410323109425,-4.429250123420934e-05,2.3992008081546313e-05,1.4214358829646684e-05,1.8137760899413643e-05,4.27117245924164e-05,1.3475695829291395e-05,6.959403889222415e-06,1.3160506921922932e-05,6.5083180727345854e-06,6.454195931314985e-06,6.565492993884003e-06,7.932815025369347e-06,6.3295927929783455e-06,4.018029127579391e-05,-7.706329776885575e-05,6.140696409589018e-06,-0.00017957569862989015,6.009508337352382e-06,1.2355949430880946e-05,5.8648244931384145e-06,0.00034308436978140516,3.432030781719196e-05,0.0002641490413410466,3.6116037360364596e-05,6.903404256778967e-06,3.993508859465067e-05,-7.309578286522145e-05,4.602142076551414e-05,0.0003968337837380272,3.2647433159755502e-06,6.16006518209048e-05,3.0695925592060713e-06,1.5155573411510209e-05,2.8510572922963455e-05,5.368902488329164e-06,2.236408938560221e-06,2.236408938560221e-06,1.0382880779955108e-05,2.444364452523261e-05,2.7033711405637423e-05,1.87773929286379e-06,1.018996719690283e-06,4.701167472873723e-05,5.591500125228936e-06,7.869511246730691e-07,9.219909172866967e-06,6.496922961521704e-07,-8.685183459029275e-06,7.799107779571269e-07,-6.780258100324883e-06,1.9164805187761922e-06,-1
-6.252823666663896e-05,6.032600417494501e-05,1.1644636998981605e-05,1.0605564670305674e-05,4.5975196035741235e-05,4.463698639002716e-05,2.0306561824669773e-05,9.646287983642184e-06,9.37026422176394e-06,2.0060607739481208e-05,-0.0001038831115611836,-0.00018759447964006664,0.00014847094950407673,-5.069542307042029e-05,1.905168500685085e-05,9.344184350449232e-06,6.556563086628433e-05,8.047642860194923e-06,8.610442725417862e-06,7.830026831241367e-06,2.7756593456538035e-05,1.8337444214038424e-05,4.2885732123292966e-05,8.447429376307422e-06,8.231772938866531e-06,-0.0001038994672688282,0.0001502935865810084,3.589075460185525e-05,-4.928731897975502e-05,9.101361132203794e-05,7.602569644113311e-06,2.1249462223742574e-05,7.301621133263986e-06,7.412770110508381e-06,7.485068108893299e-06,-4.7588068315474106e-05,9.602591539669882e-06,4.2323246279988646e-05,6.62239283894952e-06,-0.00013193599830667237,1.3968717591971054e-05,-0.0012940674177563077,6.631620510675887e-06,3.697570455814056e-05,1.4128105428084856e-05,6.0025099175672776e-05,5.875920566355066e-06,7.946243259978052e-06,-4.170958117045736e-05,7.096386301891881e-05,1.2088726996812079e-05,5.566860349667601e-06,-3.602320031230905e-05,4.921878329942511e-06,4.735402488947178e-06,4.9572407132092116e-06,4.993300496178779e-05,4.519722523893091e-05,4.728936562528271e-05,4.440994362823152e-05,2.523602342806497e-05,0.00016701955472156677,3.0076548839950002e-06,4.6982784629412744e-05,8.277747600879844e-06,2.0039673309600713e-05,2.4882833785169167e-06,1.7904142970086416e-05,1.326539124082354e-05,0.00010201866077088674,-0.0002546725143410456,1.3606893910503857e-06,9.911373055898685e-07,1.1790388312380366e-06,-4.3971041691172836e-06,4.5612220889932394e-07,5.753455300911603e-06,5.656929251122485e-06,-1
2.2122426666996377e-05,1.0065701924684486e-05,9.15606316660881e-05,2.2720787652444853e-05,9.493396464550494e-06,0.00038076203337882546,0.00012947194493983274,1.9871254474227206e-05,9.034001980438132e-06,-5.428450281324427e-05,5.3323239155364e-05,9.2281814737422e-06,2.5108305887783762e-05,1.8346099600402002e-05,-0.00010905153722156476,8.96824318332384e-06,-0.00010170328169410241,1.8111742328831366e-05,0.000106634681612143,1.7302158704497414e-05,1.1032430560778557e-05,3.053126185189265e-05,-0.0005200001102753127,8.04374320959251e-06,1.0767660624445797e-05,8.016209645550917e-06,7.989243942339228e-06,-0.00014101919486957795,7.873909299072442e-06,4.637478742386038e-05,3.0298797761798702e-05,1.1916526578794148e-05,8.042345566263274e-06,3.423432958314203e-05,1.677894378542567e-05,7.452569749436188e-06,2.1840673828157745e-05,7.481238170178101e-06,-4.7330866299702827e-05,1.651927348373515e-05,-0.00045335005904964656,6.523413863255726e-05,-9.579906812919946e-05,-9.579906812919946e-05,-5.076096753571191e-05,-9.924857343957025e-05,2.3039046828072054e-05,1.0667482428023241e-05,-4.407598964047541e-05,1.529616520551254e-05,4.07219697868788e-05,6.712662863132503e-06,2.272904197570012e-05,4.8348413516996034e-05,-8.399632100063746e-05,6.288691557871874e-06,-0.00012193237651409744,-0.00014962009537751233,6.052519735986143e-06,6.087275735778143e-06,1.047389183196084e-05,5.8095085122462185e-06,5.6267891744017504e-05,5.232606086592691e-05,5.6315097657485196e-06,5.5798611753710165e-06,-0.0013008347866896146,6.707449056984476e-05,1.1630911879921706e-05,4.992779573192621e-06,6.5729644639842006e-06,2.1273332229838364e-05,8.565304928574536e-06,2.7839968611454596e-06,2.6471997598824693e-06,5.741714935121329e-06,2.2083719566687504e-05,1.2315082131462036e-06,1
1.1409117908020999e-05,1.1679099112437863e-05,5.836126145585061e-05,9.709175414774026e-06,6.520245651440345e-05,0.0007719855308108117,9.39226575203123e-06,0.000293281523749208,-5.3159642606665326e-05,0.0001722932902774902,0.00029169659059441396,0.00016833331567318337,8.448808482553667e-06,8.374053961996047e-06,1.7561569752605284e-05,-0.00026672112859164854,3.953974963980878e-05,9.225721930684638e-06,9.2391215559511e-06,1.1157740677960261e-05,4.743640453609246e-05,9.500051596983761e-05,8.402009243665178e-06,6.77868956567911e-05,7.897175982269879e-05,8.753463563273897e-06,-0.00019751424174306302,1.5799919184960743e-05,7.265139573722765e-06,7.237805349612402e-06,-7.092843089222364e-05,7.535045896337332e-06,6.984722443038205e-06,4.126536459777882e-05,2.043743350584474e-05,-0.00012779834262327978,6.542078483444648e-06,6.480329651696849e-06,-9.829932485931649e-05,2.467188350140816e-05,2.9046158117621226e-05,3.689741516667449e-05,4.713508384988316e-05,3.643481493321151e-05,9.178116080195145e-06,5.855568097224001e-06,-5.487044669074563e-05,5.9377546866745895e-05,1.706886608454486e-05,5.706556242278918e-06,3.4334319840531196e-05,3.286233279586902e-05,4.314277436937594e-05,-4.0704765513779755e-05,3.2565794798793814e-05,1.1414237051945577e-05,5.555708734540548e-06,5.179746294964435e-06,1.7223319727409456e-05,5.055807743429151e-06,1.4841440532379754e-05,4.254338403075271e-06,3.4133803140153714e-05,3.7314316104346893e-06,1.8206196674670312e-05,1.8580370483616589e-06,3.7998657957913947e-06,2.3719786816978776e-06,5.829065606091228e-07,5.595100460423374e-07,4.630003732891214e-06,4.380565462343174e-05,4.3501671080838126e-07,7.178236259151947e-06,4.4671351476291187e-05,1.4450437180040468e-06,2.11512989209023e-06,1.1430236496778857e-07,-1
2.46405570067278e-05,-0.0009579417211255283,1.1076428289322041e-05,1.0985841563091584e-05,9.665857810713688e-06,1.1163699542440191e-05,1.0614774254313342e-05,0.00018081214761386292,1.040531163391605e-05,3.0013694457474987e-05,1.1836570284436033e-05,-0.00034812414605457035,-0.00972559109136162,5.9148436747706086e-05,4.1191025999327493e-05,3.6746395897948624e-05,9.648810576205262e-06,2.7671444021242723e-05,8.352600412076815e-06,9.977544755399015e-06,9.096477145565616e-06,-5.481930360163237e-05,0.00020420065776924345,9.649747864930034e-06,3.0587861483086274e-05,0.00017182078914897348,9.044755584478097e-05,4.367451031705067e-05,4.0586373793035e-05,5.273070290380083e-05,7.3895861663889494e-06,5.2581517139670005e-05,1.5712288937294204e-05,2.7316363367980752e-05,5.63086294075961e-05,9.539570799917313e-06,1.7486734772402998e-05,0.0001972999127387851,8.590139618044111e-06,7.196645392469155e-06,8.487710416640524e-06,8.482927836253293e-06,6.6663447825655275e-06,6.6120637534654386e-06,1.656458273830284e-05,1.5607682661051197e-05,1.6455169727712642e-05,6.352795396200695e-06,0.00047189534798783983,1.5926340176526694e-05,0.00035369980974760053,4.039380517647557e-05,0.0001512043276638799,2.1443074631638476e-05,6.896422209879144e-06,0.00018019635390508214,6.165253498899361e-06,1.4996329586510019e-05,1.2375211720779242e-05,3.47082593243992e-05,5.0489623502832234e-05,5.238134446499914e-05,1.4876874167420133e-05,8.692474196215756e-06,0.00037691816523563145,2.915343971140074e-05,7.347827128987823e-05,2.7529225768692333e-06,5.992415637435286e-06,4.6053016072082475e-06,-2.3983526140223515e-05,0.00015627826855538977,1.8817018510434115e-06,0.0001366937184954059,1.0931825041492775e-06,2.4325643192810176e-06,1.9531713671598654e-06,7.700095948885328e-06,-1
-0.00010657780220417432,1.2220749352847108e-05,4.7905024776744055e-05,0.00017824549641026248,3.79710012161891e-05,2.2092053491830422e-05,0.0007259228795697582,0.00012718701241323316,-9.578395611535349e-05,0.0003549582809175368,3.471046941936783e-05,8.704330490945493e-05,1.1532748177298579e-05,6.670329877788092e-05,0.0022792215731581426,0.00010490870599767627,7.721870170319028e-05,1.7684870406584294e-05,5.415176965495122e-05,3.504965526325787e-05,8.091430669036016e-06,6.555707795613835e-05,1.3210891415818524e-05,0.0001833272113305036,0.00027494328055991215,-0.0002410704181407143,-0.00013575083369262415,5.157815225570867e-05,9.414519455760175e-06,7.953250276644818e-06,7.695369870523964e-06,0.00027749252585059013,8.079172115960418e-05,8.249800489711257e-06,1.5728753283348925e-05,8.183309003233506e-06,6.688070356662694e-05,0.00021532496649152803,9.844138094263232e-06,0.00028520139113097685,0.0006032267134675592,6.8902616652136286e-06,0.0006312874636424442,6.436004205331697e-05,-0.0005861369132994287,2.6166955428384916e-05,7.55435485207256e-05,6.485147848668288e-06,-0.0019653211757270973,6.868827927349118e-06,9.511221380554322e-05,7.724863363289201e-05,3.282780534032375e-05,7.625159422664646e-06,8.75615072784586e-05,-7.204879381090149e-05,1.1978816288287421e-05,9.990853297439067e-05,0.00018436305268430882,9.104193297994921e-05,2.3040035537842105e-05,1.0328314888697235e-05,3.42093071962215e-05,0.0003713698443280945,2.577145662091116e-05,5.387280223809504e-06,1.5182718952958289e-05,2.3258263040030512e-05,4.375278653621057e-05,0.0001447038402240913,8.352921298595574e-05,3.3311528133099605e-06,1.0307036016550524e-05,1.923993325471787e-05,4.511016369748817e-06,9.687576045959267e-06,1.3478912192864914e-06,2.640632982704019e-07,1
3.287121598522053e-05,9.94002935648444e-06,9.830262592454063e-06,4.267851005592754e-05,2.059907062768273e-05,9.45573684928342e-06,9.037842601001775e-06,-5.424868211592132e-05,5.418261922286783e-05,5.3430297627943844e-05,3.993485543926556e-05,1.4480635863792615e-05,1.9845902669123853e-05,4.762720720964859e-05,0.00015990552515169926,4.983587222997364e-05,0.0006673911086761153,0.0001770114347849543,6.361838355783564e-05,2.6647619690121656e-05,0.00017250137209504795,2.6344424116831678e-05,7.874090381983684e-06,7.829934082654409e-06,0.00010698852113160598,2.5561136480276948e-05,2.4904242618535214e-05,0.0002022407381422187,7.4282701775842785e-06,7.338306152071782e-06,7.227511894900536e-06,0.00036748595744874206,7.138361006913149e-06,7.12512512612623e-06,1.5055403748347668e-05,1.5518733232900997e-05,8.005641294805246e-06,1.4515857405711887e-05,-4.052358449016511e-05,6.8061709602908e-05,6.663564534481124e-06,6.595008318496706e-06,0.0005749866474406935,7.638723888596562e-06,2.1397605072328598e-05,6.39976496498643e-06,6.32069717317736e-06,3.8537170675461124e-05,2.8319606595406014e-05,6.200560964903524e-06,6.206332508896615e-06,1.3549032472905524e-05,0.0003282751331428026,6.046767574606346e-06,5.978934314718402e-06,0.0003162028964766243,0.0003145653162088851,0.0003323868184823119,-3.524121741800733e-05,0.0001460320741412472,0.002352015383204363,5.981578205547478e-06,5.776339671061206e-06,1.8743113884129808e-05,0.0003647732401852446,5.658629348625584e-06,2.3650359765666767e-05,5.257249017688331e-06,5.256270757391602e-06,5.235067629708613e-06,5.564981592599673e-06,1.6718340445534236e-05,-6.01552084508606e-05,2.061425084825573e-05,4.2483839046513225e-06,4.431326593339441e-06,5.667097340111687e-06,9.062150688308929e-07,1
1.0907958220796532e-05,3.3355359935557726e-05,0.00045421151542846845,0.0006816339891861671,3.6539923124556265e-05,9.346305227240744e-05,1.6251649633558624e-05,1.2810691542139702e-05,9.599595224070995e-05,8.705927956315557e-06,0.00012120686331995367,1.9066237109068863e-05,0.0001181599877756077,8.286405224007444e-06,8.243163581787161e-06,8.830907108172624e-06,0.00015365447427475424,0.0004749532307784785,0.00019279006027920822,0.0004457399956865324,2.580246522741989e-05,1.5151400072521948e-05,4.749047697886579e-05,1.1127980078718713e-05,0.0004721250178963927,0.000419506874026268,2.468810755549511e-05,4.476300064568135e-05,4.1164220780972905e-05,0.00018112190121520418,-4.490828228479827e-05,9.453408559065261e-05,7.580369857095675e-06,0.006448400444548464,7.219502557126191e-05,7.105973663405765e-06,7.818305351360154e-06,7.183490792524514e-06,0.00039217854027676595,8.187858340901949e-06,-7.158974101324371e-05,4.1694589770848855e-05,7.668543246899293e-06,5.473458494726861e-05,5.5623687007440105e-05,-4.01956775813386e-05,0.00018600917800919305,9.172062487652713e-05,7.44249898471809e-06,1.827275965020819e-05,6.464359944368748e-06,1.4537861539254781e-05,7.388444099519235e-06,1.1525196735021085e-05,6.224612394139359e-06,7.2056769746323245e-06,6.348179458349156e-06,7.122601008774638e-06,5.985419547117796e-06,3.943488769540551e-05,1.3889092999054011e-05,8.90146231410376e-06,1.873559431981135e-05,3.295276672262485e-05,5.731887104082448e-05,6.057002430434834e-06,6.574712345441137e-06,-3.5491067471395295e-05,8.085219660176558e-05,1.7491795721027053e-05,3.958841387124694e-06,1.974048726942526e-05,1.786782793728583e-05,6.512846905785547e-06,2.347779313946298e-06,1.7705771989755563e-06,1.3918170078556632e-05,1.874030857830675e-06,1
5.8587177564493714e-05,0.0009434401479839924,9.955460409482429e-06,9.570752089136493e-07,9.49685750055515e-06,-0.00010160744867164952,-5.5020030573109635e-05,-9.952069615939712e-05,1.538223627334571e-05,0.0005196914116618534,9.491058322787796e-06,3.611005331265184e-05,5.2343207744582635e-05,8.940541933913868e-06,9.307989637206003e-06,-7.850984291686794e-05,8.988168094756028e-06,-5.188863301588542e-05,9.075105647614702e-06,8.517844520678133e-06,1.0828891578374055e-05,1.4203508345986298e-05,1.4205431237866563e-05,-4.853548893266007e-05,1.9550867949816586e-05,8.171617427403718e-06,7.830686366106733e-06,7.724388564203382e-06,7.732030226316877e-06,8.475840544222911e-06,4.717495021374181e-05,-7.757893446314268e-05,2.3994097256495725e-05,7.275843675932161e-06,1.0372131931894034e-05,4.206052520477927e-05,3.762647864364525e-05,1.2103569932422283e-05,5.924889103588139e-05,2.7183753997028046e-05,9.702150054125109e-06,1.14506619598016e-05,2.8547714163318563e-05,7.024006768305664e-06,6.319556646100058e-06,0.00033301363467986797,1.5656719744160312e-05,6.268767770155093e-06,0.00033206559138934536,7.2872573358703454e-06,6.415309434542614e-06,5.87290609916707e-06,5.820973522924938e-06,1.4112330476080752e-05,5.9625212063312303e-05,5.955288296915039e-05,6.9947786113611155e-06,5.0455601247754286e-05,5.467865720880231e-06,1.746162963300456e-05,0.0002637029098542464,1.2469991143053697e-05,3.4546609646392564e-05,0.00028753575636362164,0.0006462568390137507,4.7841775821055065e-06,7.494449053316989e-06,5.682790278323501e-05,3.537724876147182e-06,2.861429801104118e-06,7.823136810082055e-05,5.667459920295745e-06,1.5349850599858051e-06,1.611781935078142e-05,4.962540759300301e-06,9.861354346964513e-06,1.055941084106104e-06,1.9602952847639708e-07,-1
6.471757687104424e-05,0.000212853566669697,1.0704457993184865e-05,2.617260385452235e-05,1.1694547794424168e-05,2.2798810486103924e-05,9.322534445688412e-06,0.00018803881748790058,1.0826260240598725e-05,0.00017213949547167888,0.000228972478287649,9.639004519030661e-06,8.289194046623957e-06,8.455690100721308e-06,4.9207599681905734e-05,0.0001044678756153593,3.1621933058706634e-05,-4.668209341366551e-05,4.5765308598045704e-05,5.8707759269727025e-05,9.96149646063966e-06,7.68055337411195e-06,1.579123230055909e-05,-9.285304896905005e-05,7.732956317683176e-06,8.377057952149219e-05,-8.925602703156643e-05,7.603232792871433e-06,7.836247894332305e-06,1.2235022857723104e-05,6.824129119565877e-06,7.0831828183687324e-06,-0.00010918026711254701,-0.00010906682010342124,2.2594384003367194e-05,6.563020199652523e-06,4.2231993596257214e-05,6.5370482889898555e-06,6.5557446140685606e-06,6.4418136575633216e-06,1.3041086914273714e-05,6.389910977360978e-06,8.22085175340598e-06,7.3353054522449956e-06,-3.989392297993019e-05,8.035405590529102e-06,2.743925015359387e-05,0.0001325417258024157,2.1322326352257176e-05,1.1264739185699659e-05,7.943989979925443e-06,-0.00010652736345428599,-0.00046229878224034323,5.0690255742485394e-05,5.91544688953559e-06,2.4849371120765682e-05,7.38326389039512e-06,7.474109498883049e-06,4.506365602322027e-05,3.4191209803973116e-05,1.4170792395744874e-05,5.86881797117835e-06,9.975374142053337e-06,-3.1889385068754625e-05,-3.0229492615727993e-05,4.6124416532901015e-06,-2.4307575295493284e-05,2.5871475924692847e-06,-0.0001722173198869645,-2.434970861957604e-05,1.891615850160752e-06,1.3878943074639338e-06,-7.369302561954237e-06,1.0179639754824824e-06,1.1087433446148434e-06,2.78078956674895e-07,2.540216306341188e-07,1.9626915396230227e-07,1
6.063606007805338e-05,5.070236393919215e-05,5.5219657556394996e-05,9.188740803900695e-06,3.0072236923089247e-05,8.86474166584907e-06,0.001828087226785063,6.542780591285609e-05,4.1916863841100834e-05,0.0003445074822668719,5.1209500837683904e-05,2.8847966748736592e-05,3.866176934013055e-05,-4.906819367390853e-05,8.139996860067247e-06,6.822446811301865e-05,1.752251172459616e-05,8.03964062430612e-06,8.029197135865778e-06,8.76113120086504e-05,1.314153926437241e-05,7.759046375040396e-06,7.123641376472118e-06,2.0413728310255633e-05,0.0003257969550297633,8.495806113293314e-05,2.2230825879793186e-05,6.880804795548233e-06,6.63245673280292e-06,-3.9018508369007065e-05,6.606186606583e-06,1.2016902465488063e-05,6.274324913972862e-06,-0.00021752581855830056,1.1117000773917189e-05,3.52887895040806e-05,1.0559648253729654e-05,6.1210662334609786e-06,3.427857808418493e-05,4.267459300570305e-05,1.0690809756619782e-05,3.751653170386459e-05,5.899037346204853e-05,5.6035258845134e-06,5.608174553230705e-06,5.760282831314379e-06,1.9425326977801593e-05,5.25980377475597e-06,2.4433800474851488e-05,5.642973073564722e-06,8.637209152119674e-05,0.00013925725819821603,6.040371386964315e-05,9.415684517949713e-05,4.970769684625072e-06,4.882662523652753e-06,4.455637927418759e-05,3.910088406589988e-05,4.855175371333017e-06,8.601491446511014e-06,2.7164428404702988e-05,4.253354741899276e-06,2.3665266780477248e-05,7.44672934999131e-05,6.885564158228871e-06,2.063541239956368e-05,3.312991467389215e-06,8.718020272495095e-06,6.819935180556273e-06,7.474567271431632e-06,2.6675934777151343e-06,1.864247298979568e-06,0.0001841300533488396,6.341453577030932e-06,1.2176242587585672e-06,1.137582010125813e-06,8.04585130756436e-06,2.8124707314000782e-06,-1
0.0001401648736827174,0.0027580340772633085,1.0670318381229742e-05,2.986939836575828e-05,0.00267531926628255,0.0026668907583565723,0.0028101797575452374,9.836037864778004e-06,0.0026700085943259554,9.73442837536827e-06,3.475550604298325e-05,1.736707906799161e-05,2.0190674366894298e-05,8.0797431459912e-05,9.126632739650251e-06,8.553080801403331e-06,8.53267897951288e-06,1.9309566312035014e-05,-5.0551916861671516e-05,8.290345920249786e-06,8.829432992358349e-06,8.464688084229017e-06,0.00029600485851620533,6.162664740295808e-05,8.173390284913907e-06,5.220024510782444e-05,7.925556030719072e-06,1.0446622497774913e-05,7.770194179286157e-06,6.205731882909e-05,1.4219906460418307e-05,9.128757815766908e-06,-4.1724335235681366e-05,5.860985198782124e-05,6.722508570348256e-06,5.497110687115888e-05,6.358646844964404e-06,6.59153209115963e-06,1.2527537614527815e-05,1.2020284672550703e-05,6.307882004002304e-06,1.1893307105359429e-05,1.1597750422612406e-05,6.02004308639935e-06,3.591499868921306e-05,6.099201525781724e-06,3.535473318548033e-05,5.838221887358012e-06,-4.67463542645108e-05,5.8003484320557505e-06,1.694951891319125e-05,1.609595802807412e-05,5.818774159764537e-06,1.038745443567834e-05,2.9981196180867127e-05,2.9500704254359228e-05,2.9558684531679245e-05,5.182716561184956e-06,4.730866749030224e-06,2.4089302510362164e-05,0.0005577376277954947,5.3032696390018645e-05,2.5503998538941097e-06,3.6245687048460065e-05,1.8103927722559157e-05,1.9285967064428e-05,5.65359006425319e-06,3.518001013658084e-06,1.4247649366568977e-06,-8.01375565042244e-06,1.1563292827747999e-06,3.416267502967342e-06,1.0733990210712102e-06,9.452170071247015e-07,8.278147780930953e-07,1.0406334053934392e-06,3.342076669139285e-05,1.7246963312820406e-05,-1
1.8512537462964767e-05,-6.010226435104711e-05,1.0321811611319958e-05,0.0006380227432039519,4.53756350676512e-05,2.541331572872937e-05,9.38087585064573e-06,9.337779080137618e-06,1.0810929193788432e-05,1.3139175081187955e-05,1.70748287892164e-05,9.228153425090344e-06,2.2215350333424827e-05,8.836511231342446e-05,1.232829754567091e-05,1.2135402110518561e-05,1.1830142074937383e-05,1.1421931115299503e-05,-6.698620645555666e-05,7.812460226078944e-06,7.64753659753712e-06,-4.5371723391385953e-05,3.197611180827349e-05,1.3315513130627866e-05,0.00035270447425171376,0.0003484599436322055,1.012332281542606e-05,9.997725975620464e-06,-0.0016656706458709986,-0.0016423872903961003,-0.0016226660577330404,-0.0016147071978148378,0.0001291559607887203,0.00014134593118438255,-0.0015901660340175226,6.770182517641423e-06,0.0001267181767575599,0.00012681827751112392,0.00032981608810819004,-0.001569376935673692,6.687925975085687e-06,7.189253220254074e-06,0.000326635385958639,1.4841769997079195e-05,0.00034630213854078057,1.2167454748881489e-05,6.5011974388541945e-06,3.994799090687899e-05,1.6509111005855858e-05,5.913272084299311e-06,-5.7549097283103245e-05,5.737243880608949e-06,-3.410785871895929e-05,-3.412732979512871e-05,1.9264251596905836e-05,3.3103024465221906e-05,5.381751935764807e-06,8.77432102174492e-06,3.1931769050459704e-05,3.088600528727917e-05,2.6308152840114374e-05,6.762095103941734e-06,6.720113968339299e-06,-0.00011836423446994076,7.899741493109668e-06,1.2986143968376888e-05,2.145231038437496e-06,-1.0665300175360487e-05,5.0098717326401405e-06,1.3190095170352348e-05,3.899815108549278e-06,1.4190359821986586e-05,-8.52517062480574e-06,7.560396301356592e-07,9.707699739401383e-07,2.78569714745087e-06,1.8517035466023077e-06,1.6008994998240506e-06,-1
5.956242876280116e-05,1.6876671487359926e-05,9.87220863020655e-06,1.8672982180645446e-05,1.2127520228021064e-05,1.831505327427719e-05,1.36053742944896e-05,5.381470870567827e-05,5.077085055031917e-05,0.00016177736958286759,1.7998340706378755e-05,1.0529600643331081e-05,8.367707410672292e-06,8.589262769968369e-06,1.6699580278525325e-05,2.3975947253461542e-05,8.30955714603593e-06,8.19716969063491e-06,7.904508938191398e-06,1.1597555909250403e-05,8.92814919628201e-05,8.360939023070606e-06,7.150614923580741e-06,7.33916656235218e-06,-0.0023967327991204677,3.001302359391091e-05,9.7838315931732e-06,1.240082398230556e-05,6.684023211557478e-06,9.258126446556423e-06,2.1385623401562454e-05,2.0369864485065748e-05,6.096131493645525e-06,6.68841168109869e-06,-7.904782926794749e-05,3.697575497724736e-05,7.37413481950636e-06,8.888794094662465e-06,1.0756901491304307e-05,-3.478507512794193e-05,5.877704961416203e-06,3.398360796015985e-05,7.41266434529201e-06,6.149179252851628e-05,2.6146723306998514e-05,-3.266182889689527e-05,5.272532780685735e-06,1.0752651829419243e-05,-3.206942411461092e-05,-3.087819140967124e-05,-0.0001475462629746967,-0.00015352937883238933,5.11604955603753e-05,9.893539933999873e-06,5.30584089081585e-05,2.0185115757264533e-05,2.9265321447190262e-05,9.473173589412168e-06,0.0004405711541138443,5.665061834528108e-06,7.584294513327632e-06,0.00022525409574802275,6.410343017192969e-06,2.5370495333101183e-06,2.944007771500651e-06,0.00013946413248553185,1.565255814866372e-06,1.5610594482130394e-06,1.4052193347540767e-06,0.0001508414611076636,0.00012327870454239802,1.1741026450347443e-06,8.045728333820635e-05,8.799410442246356e-07,1.1812718930688624e-05,2.3200026249003627e-05,7.070696335011452e-07,1.4850501582797908e-05,1
1.0590440133922294e-05,1.3362076459915807e-05,1.8489960048782428e-05,1.5482782739072538e-05,9.295868831613088e-06,0.000289341588383669,2.554060898516495e-05,0.00012126897776001705,0.0016289127446808866,9.246806999130382e-06,1.6467555003511824e-05,1.611646056509514e-05,0.00019042257308057194,1.2055906393828976e-05,-5.778111668658852e-05,4.901927211902041e-05,4.928740336371903e-05,0.00011934540128616146,8.466241170949952e-06,8.476971023460334e-06,0.00013580013905642975,0.00011221426055590553,1.1407867214479384e-05,8.169727408719431e-06,4.579133185671216e-05,7.580062206640201e-06,0.00012213212929269913,6.279822337203574e-05,0.00010229495275238861,7.061726134643609e-06,1.5919513959757394e-05,0.0001400309381827825,1.6700910561733286e-05,7.133813064414536e-06,8.267988949168734e-06,1.2634979713837275e-05,0.0001896737313238647,-0.002464083639210236,6.632225101660878e-06,6.556637747939568e-06,9.540269278289869e-06,2.189732679785708e-05,5.6557457888520165e-05,6.265793221949332e-06,2.8915636928997476e-05,1.6516017579949556e-05,6.500981305560267e-06,6.05464301362188e-06,2.5064412602015667e-05,1.1496661234195355e-05,8.970567125239317e-06,1.1809354190188468e-05,5.748908306150901e-06,1.9428123732682304e-05,5.675872498959883e-06,-4.194545354153988e-05,8.832794604338407e-06,3.209686035656282e-05,1.1162205931198937e-05,1.376707770751339e-05,6.940432112293e-05,5.653988758548597e-06,1.0787830982099644e-05,5.3298975211301096e-06,3.920357137764425e-06,3.6497484932685696e-06,5.706936271657276e-06,2.2609777773369427e-06,2.2171429638892793e-05,3.4375574024424813e-06,-1.2849910475891041e-05,2.1416517459818403e-06,4.612728627145596e-06,7.114367830000057e-06,1.1290701188300378e-06,3.599189339903838e-06,2.589052481837207e-07,2.0165881753295323e-07,1
1.0377784530328782e-05,4.3586878074992395e-05,9.67803303985364e-06,0.00042899854408176287,5.7082201196863735e-05,9.761539425469204e-06,2.728606817636719e-05,1.5292229568595347e-05,1.0510521410145335e-05,1.0112902836411525e-05,1.0112902836411525e-05,1.0112902836411525e-05,2.9447515536806863e-05,8.648261072814457e-06,0.00019156077874342154,0.00041971735107499444,4.972596862022966e-05,4.7135170169315e-05,3.206326893277425e-05,7.939029599286822e-05,8.524004815851036e-06,9.129477773608728e-06,0.00026356011278247333,0.000978875014577537,6.919782812475977e-06,0.0006229540778598033,8.198772598911263e-06,-4.8468064075880985e-05,5.321307691849894e-05,7.48320473388155e-06,4.0479665501007136e-05,8.592186471384617e-06,1.4014082901479584e-05,8.46850997896586e-06,1.2902768855676368e-05,1.6615734545800137e-05,3.686831958385253e-05,7.212683297869268e-06,6.7356502598837965e-06,2.3650873864071158e-05,6.6894285516793625e-06,6.839002113473418e-06,4.81073639610461e-05,0.00021454054929347728,6.746203572599254e-06,1.6902158075569976e-05,2.9917485362614715e-05,1.6503188075665665e-05,6.35099539611424e-06,1.2073834144286127e-05,4.635454059077527e-06,2.6356000923737483e-05,2.300697439340061e-05,2.7021189859523784e-05,8.44451069358739e-05,3.973882357404494e-06,0.0001735059342947887,9.611887044208197e-05,9.647412947100611e-05,2.8412624249373485e-06,1.653083361846854e-05,-7.766214378442766e-05,6.822028017641836e-05,4.548084219990312e-05,4.1651908767985334e-05,8.724759282893457e-06,3.682361139046233e-05,5.803894474781592e-06,4.521833564985404e-06,8.702198286286896e-06,6.230334273871119e-06,6.05591716140386e-06,2.618596715750821e-05,9.065016863095009e-07,3.3384314311018738e-06,1.3666657948546905e-06,4.5237503856690214e-07,8.049507018820629e-06,1
0.00025113491383810726,0.00010123934400888835,1.2346986170097574e-05,2.656365793463606e-05,-6.691320750422665e-05,4.532445054522759e-05,0.00034185961845470414,1.2945658408736403e-05,1.035144107143875e-05,2.6530888205652926e-05,9.394387470089414e-06,5.6662140648369105e-05,9.863731500800801e-06,-7.479983052141713e-05,1.1417648370771583e-05,-0.0009437431789902101,8.40761037158936e-06,1.2174347192537722e-05,9.60768943511482e-06,9.60768943511482e-06,2.9104074397209663e-05,8.121001942157417e-06,0.00013633867017735042,8.175288692116786e-06,7.963206737317928e-06,0.0016617206449261873,1.6198409024934284e-05,2.116129521287315e-05,4.50249968485274e-05,5.148183666146984e-05,-0.0002617886939042613,7.035139938028279e-06,7.515811002224734e-06,8.809469904439875e-06,8.734679570139685e-06,2.466509500591335e-05,7.935983504645352e-06,4.0850596429591815e-05,4.2200975773964554e-05,8.472130955043995e-06,6.489429264049647e-06,1.024213385427052e-05,0.00012062221270504067,0.0001046151614962363,9.156479440056573e-06,0.00012626996647484745,6.077988915447571e-06,8.607508075402321e-06,0.000609676046786797,6.310951999081837e-06,1.3535598230132249e-05,2.249932145243712e-05,3.6930535106030484e-05,3.434445812235784e-05,5.589998637431337e-06,4.6997786245760905e-05,0.0002519489115851645,5.657464638314941e-06,9.433591484085173e-05,4.901327792513971e-06,5.366205587761142e-06,6.303880908181934e-06,4.001943379705748e-06,1.3062498717466556e-05,4.868845647127822e-05,3.7508758441287422e-06,1.903127474535887e-05,5.396357388343099e-06,0.0005429913440962135,2.2279336230835364e-05,6.86316084352333e-06,1.3309261346497113e-06,3.448063272535062e-06,8.86161280741359e-06,1.3279428299137358e-06,5.794119182601007e-07,1.1568887872156537e-06,1.0205498554170889e-07,1
1.7896711811985876e-05,2.929698548131102e-05,9.843652787745146e-06,6.30775881381374e-05,1.5010747747829265e-05,1.065232309912711e-05,5.348441614185712e-05,2.1148496785723e-05,9.393444990915435e-06,1.6823666701726698e-05,9.294962035358932e-06,1.033997755389826e-05,1.8579537554021962e-05,5.458797674547561e-05,7.488417015341703e-06,5.23087997740252e-05,8.570408862336116e-06,1.2445500293028586e-05,9.217328202768741e-06,8.117988531101962e-06,8.047676405165552e-06,-5.0340965876438064e-05,7.46791444361157e-06,1.0554760336052692e-05,8.277032402846594e-06,2.2892888671063217e-05,1.7412032658761768e-05,4.213691736440388e-05,1.0766531391251758e-05,1.0998419832211177e-05,-9.340170672596938e-05,0.00028707921670457104,2.5646711400679276e-05,1.0297199273536662e-05,6.894020054672979e-06,5.934049106964931e-06,5.4004454686025145e-05,5.882110585239214e-06,-7.1925692012203e-05,8.25458381069366e-06,5.9238184676496795e-06,6.3871862747109745e-06,5.858469510170875e-06,6.067170361676915e-06,4.032586357196128e-05,3.403317702146907e-05,2.0045834333703978e-05,1.9498987903946143e-05,5.455788275873584e-06,5.409304546846122e-06,9.073247400344796e-06,5.3415748194480254e-06,6.063704957697106e-06,5.0085750520899874e-06,4.898401519443778e-06,4.624056143250671e-06,-2.7374734981678318e-05,4.556061578857811e-06,4.667663385915265e-06,6.9254214359960325e-06,4.0118246180841015e-06,1.6475072945110297e-05,2.6338658765078926e-06,0.0003611555260057006,5.35261136748861e-06,3.4150693593072405e-06,1.5579840593756634e-06,1.3868997340192822e-06,3.630695919109673e-06,1.2951981641163228e-06,1.3123952349507902e-06,1.0987828432024511e-06,2.128314896974425e-05,2.0494979661100538e-06,1.5628142616225189e-06,4.562486724704811e-06,3.112250228969224e-06,5.581522078344708e-07,-1
1.667584214000138e-05,1.6017769137297186e-05,1.1021180088863318e-05,9.652593770311716e-06,1.0383167303454982e-05,1.8320282166897528e-05,8.942568154228422e-06,1.910562644530954e-05,8.530434298128931e-06,-7.946111245246012e-05,-0.00010552003456335525,9.119357818730119e-06,1.5183687589102138e-05,1.244584321406531e-05,7.857331816498656e-06,-0.00016591658963436854,1.1055871165824735e-05,2.348708429386444e-05,8.034717418203992e-06,7.06708880343487e-06,8.487479711832839e-06,8.047918412708464e-06,-4.5576468984893684e-05,1.4384389782444632e-05,4.589976998749257e-05,7.784708625823277e-06,1.1501138365263952e-05,6.9713484300944e-05,1.0777594828340258e-05,2.001639062670155e-05,6.806006242366449e-06,7.278015154506506e-06,6.619009794706993e-06,6.52990794351471e-06,-4.4133670359157465e-05,6.676590008335931e-06,1.4703387859348002e-05,1.1875977113751126e-05,6.661722463080713e-06,6.15795558913047e-06,8.043051231452282e-06,6.143200008525173e-06,3.931796536343479e-05,6.265438622672396e-06,1.4213884276324935e-05,6.342905104710706e-06,2.347368088078233e-05,5.966190083081109e-06,5.823433445569618e-06,8.399623749794083e-06,6.626158318363597e-06,1.1301836607965737e-05,1.2463606421885383e-05,7.349626300037837e-06,6.319464642211215e-06,5.0687501455736975e-06,1.606904345553359e-05,1.1161216001331105e-05,1.6976024203840854e-05,3.215684014654615e-06,2.938950372237404e-06,2.104940641823503e-06,2.2264190971117543e-06,-1.3008845563242791e-05,1.411887253547911e-05,3.1654829765939316e-06,2.168364480557294e-06,1.6830459130630565e-06,1.6686848403802368e-06,1.4799709178771205e-06,6.8204597693148e-06,1.636375160385213e-06,6.096427578616264e-06,9.092136617256214e-07,7.80256917950016e-07,8.529143256242346e-07,2.015914121946927e-07,2.058445764853895e-07,1
2.137931439210726e-05,1.0459624004297003e-05,-0.00013126081502690535,5.930111731843575e-06,9.684685792496834e-06,9.617555010558595e-06,5.7183961738699154e-05,9.29855558225267e-06,8.892158253171591e-06,8.864092229584267e-06,9.169398670198448e-06,8.743444755049517e-06,9.002254927464661e-06,3.522377448920738e-05,1.7124282794844905e-05,8.8404353655373e-06,7.762771410250654e-06,7.633402969714792e-05,7.633402969714792e-05,0.000763554195898005,0.0007635274585321892,0.0007635007211663737,0.0007619857745494736,7.605778741546605e-05,7.585060570420466e-05,0.0007565137263357005,0.0007564342399294328,2.338928864629693e-05,7.37685013289529e-06,1.8240997807247615e-05,0.0006785146055142074,0.0006778238788614729,0.0006777526653346512,0.00046092795712432725,0.00046086339137310953,0.00046036102616877397,0.00046037715114109995,4.5989094384004704e-05,0.00045998759488113255,0.0004599070523468946,0.00045989094384004704,4.5895077918259335e-05,0.0004580747851048752,0.0004575405321964128,0.000457070449867686,0.0004571825178655253,6.9204162216510474e-06,1.616306044077363e-05,1.4006405529146812e-05,6.935129805093701e-06,-3.9460546100878275e-05,6.322842584252602e-06,-3.7567146241768574e-05,6.220697127465861e-06,6.927830164288419e-06,-4.026491811068438e-05,1.3457750211611214e-05,7.870385570072563e-06,6.722878462357571e-06,5.908838520834947e-06,-8.467280633484403e-05,2.5489079743177305e-05,3.352313517277622e-05,5.582077929641862e-06,5.529676601964222e-05,5.152165384686215e-06,3.0323720021667374e-05,3.018543887842176e-05,4.684050770360301e-06,1.7114001434353215e-05,4.128045319130061e-06,1.9149435145050465e-06,5.4905723139240395e-06,6.166317614036134e-06,-3.203610184949649e-05,4.62460728488151e-06,-7.036429583888908e-06,2.069072813848973e-07,1
1.0836967259652022e-05,1.406193199904168e-05,0.00010071819313434048,3.651533823579509e-05,1.4476062124048302e-05,6.806550912617856e-05,-0.00010534309621962424,3.180629447921365e-05,5.9640660336880945e-05,2.355412446821047e-05,0.00029593819225160324,0.00367532576717937,5.1859121470152004e-05,6.139745579941268e-05,0.00204134349277493,1.2581783738967949e-05,8.924439580648486e-06,1.8410040372457657e-05,5.480883668473408e-05,5.4762245189979257e-05,5.2738298231217624e-05,-0.00023949524343078624,5.246885181365986e-05,5.657036466473908e-05,-0.0002026170514612698,3.545340218944254e-05,-0.00022684935194566298,0.000725260338099349,8.801941762864711e-06,0.0005035845138156338,8.72763619615162e-06,1.4925828760456719e-05,-4.381503131524009e-05,0.00011358979719425363,8.790343354522407e-06,0.0006623075757841578,3.06791035942761e-05,2.569391184728891e-05,8.018395634867958e-05,1.2480030972065594e-05,-4.280345411197836e-05,8.185731547068285e-05,1.1093670036416811e-05,-7.610517254759837e-05,0.00015548351818536667,9.16587948756018e-05,0.00034644832573043244,6.0025604286991426e-05,8.006271369973302e-06,1.9848234588110876e-05,3.330984312568343e-05,9.294032503480592e-05,0.0004172858373234681,0.0002846233773459223,7.284481375012521e-06,0.0002437296865476056,6.3966910529045815e-06,8.46477809634146e-06,6.688835602148499e-06,-0.00010930357366476025,2.279899278285634e-05,5.837099371454141e-06,5.794871419841802e-06,1.3144261682868e-05,4.5913567352444524e-05,1.0563868333872022e-05,-0.00019356807368902933,-0.0001968964401491739,0.00024631934391102184,6.317306319391123e-05,0.00021147718450795515,4.3798485749071307e-05,1.9316340862194735e-05,5.874868624085222e-05,5.8008132691868785e-06,1.1193060547226959e-05,-0.00013394294067414303,3.6604249831362633e-06,-1
9.781916075275722e-06,1.0320383441626206e-05,-0.00014374109635531868,5.478062533771227e-05,9.10975413127069e-06,5.258000022386291e-05,0.00013549601586941714,1.0384153564451468e-05,3.691488099789161e-05,0.0014769586290326118,8.374556982778756e-06,0.001574009587699219,6.639918234318988e-05,8.627753599969016e-06,8.165734808473199e-06,8.17191172069583e-06,3.4280647804239935e-05,7.976696737831886e-06,-0.0002471644865971365,8.11513280235738e-06,0.00017603295357685562,-0.0013946097897014084,7.968819287242038e-06,-4.7067912343834624e-05,-0.0013721123333821212,4.348680286687884e-05,8.691773446090245e-06,2.0539607461846674e-05,2.1040184513386966e-05,2.009164978631073e-05,0.00016357269220094938,4.2569859378077494e-05,-4.553708932254887e-05,0.00010928286047515427,6.884390474297697e-06,1.7916845439659476e-05,4.0647096122768266e-05,0.0013775944620658517,9.730107811655862e-06,6.395259918645963e-05,6.551138186974308e-06,3.918282479921091e-05,-3.921690688536366e-05,3.8941830436901155e-05,6.49196459798442e-06,3.8815160129282325e-05,6.278659684864052e-06,3.272744167962222e-05,-3.908002854084923e-05,6.060612752424094e-06,-0.0001903481071403418,-0.00017042910398033312,6.3763636508600964e-06,1.7612809828806536e-05,3.450597429617195e-05,6.171807550294998e-06,-0.00017200537064099858,3.0240653618824234e-05,1.3812748617055137e-05,0.0002653460284595993,4.4307379358396606e-05,4.4012324161153335e-05,4.786782448218906e-06,4.537901278389347e-06,4.85588555950319e-06,4.359761522781298e-06,4.244836345790463e-06,1.3554829996848009e-05,1.2092789608154473e-05,4.518883478223991e-06,8.524216300582358e-06,1.9305252262992934e-05,2.7531487292482632e-06,3.911297097960409e-06,1.0945412674155511e-05,0.0001860308064094461,7.495893327000378e-05,5.621715082382499e-06,1
3.126085672996848e-05,8.062749337603503e-05,9.650494131550868e-06,8.993191910565179e-05,2.5964111937288693e-05,9.86208817675907e-06,5.5301491835339e-05,0.000665481758197402,8.704628784223387e-06,1.6690884059481506e-05,7.404409698450921e-05,2.135611213635515e-05,7.455298672254898e-05,4.9996850919350823e-05,0.00013482566527627538,8.258135948827553e-06,9.255486863413375e-06,-0.0001375713339977002,1.0184872360213271e-05,1.172156854141788e-05,4.6229813311574135e-05,7.519558418694525e-06,2.7365681898461826e-05,-0.00012973320064084195,7.397512620365938e-06,1.8020983362995115e-05,7.401008715584565e-06,1.8376261198381885e-05,7.911181796917263e-06,1.6865113958939594e-05,6.946641435553376e-06,1.657195598306472e-05,6.531906484262791e-06,1.903994919422106e-05,6.512181094310923e-06,5.2170259975432746e-05,8.843926972632654e-06,6.607222343472183e-06,0.00022125036701927227,0.00020722075873589658,9.770788278668214e-06,1.6487058618621885e-05,8.210836160422622e-06,1.6259754707457005e-05,-3.8966522393404365e-05,2.3472870655439297e-05,5.832850791857822e-06,5.845128622641108e-06,6.491928707868852e-06,4.9891829114026696e-05,0.0004006515735513094,4.839129746262222e-05,6.371500837719993e-05,0.004781265397817935,-3.463957228635998e-05,4.5934024680399154e-05,1.166960775644772e-05,6.247344198602723e-06,-4.3980347345185365e-05,-2.8397410172162087e-05,2.7094032258392546e-05,1.0117811707612336e-05,4.2235921470395354e-05,-0.000157281606096228,5.986090492028336e-05,2.5399939156838905e-06,2.435169075769844e-06,2.092343830425002e-06,1.748782117447736e-06,3.56576431171164e-05,1.3233466314890738e-06,1.1293489161565403e-06,3.234136300151366e-06,2.1111294578650583e-06,2.741351450045903e-06,3.3225189480007213e-06,3.0722681608464044e-06,-1.7068749187293527e-06,-1
7.708845531599917e-05,1.290320997645065e-05,6.462485319265484e-05,1.001852804442297e-05,7.711076175558892e-05,9.275631445444584e-06,9.2353750536555e-06,5.529154076332842e-05,1.1324004507048188e-05,1.680242367130858e-05,1.1734144344362414e-05,0.0021399968364658743,8.94760343395417e-06,6.123569033172952e-05,1.121234139356701e-05,1.121234139356701e-05,1.121234139356701e-05,8.492515107599239e-06,-0.00012447396192570508,1.0665723010061774e-05,8.084203234951108e-06,1.0071727020866299e-05,-0.00012422756200827634,9.823258927130365e-06,-0.0013866045049606575,-0.000743255515832107,-0.0005387032291855928,4.426794082724208e-05,2.4952355676302407e-05,7.592145934190487e-06,0.0002005998180847456,7.262886759031921e-06,1.0303782481325283e-05,6.9396423256400805e-06,3.911606008962851e-05,-6.682154391129396e-05,-3.99398105407977e-05,6.526756658485217e-06,1.7237211906151447e-05,1.9622970194491436e-05,1.0232199654872121e-05,-0.0001230068363936698,1.4841428119343083e-05,2.2890466041341375e-05,7.0551037117701e-06,3.357595308049461e-05,5.973503380090621e-06,5.894742639235431e-06,6.2955087189040355e-06,9.602199555680667e-05,2.1740429811055814e-05,6.831116804513323e-05,5.760230793564514e-06,-5.480738576042842e-05,-7.448927742087854e-05,1.0518100874029824e-05,5.710878304724058e-05,1.8283635455944352e-05,1.1330780368360053e-05,5.009237795737655e-05,3.6600443516329676e-06,2.3876187744091554e-05,2.8818353471318946e-06,3.9922512919273845e-06,4.952455741100853e-06,7.09801583535935e-05,1.762231851014321e-05,1.3769945260361628e-06,-1.411410435781434e-05,1.2471550841516909e-05,1.2162041599375783e-06,8.951961330908302e-07,2.3482928886007832e-05,7.15813758125665e-07,1.9611491582150506e-06,6.288855976843911e-06,1.1350607876904916e-06,1.4691331698475322e-07,1
1.034394369053621e-05,0.00024072831275188277,0.00023479503567088234,9.85434639621083e-06,9.711564273570253e-06,1.0670327440159067e-05,2.717043036135232e-05,2.458932755878481e-05,0.00014755537467567043,9.05463050849683e-05,5.117932050362423e-05,8.6396237740117e-06,8.973171466882383e-06,8.116885959827203e-06,8.820353806486858e-06,-0.00015919703678638145,8.052262296737188e-06,0.00011423405111101618,8.022453245102563e-06,4.7331345386262144e-05,5.28017331281053e-05,5.2905841015982105e-05,4.640098832681867e-05,-4.6214214344208664e-05,7.619842372869285e-06,3.345192044399163e-05,7.532823829518386e-06,7.523741753433146e-06,7.437495176260584e-06,7.424485949118072e-06,8.00415585153179e-06,7.389175308350276e-06,1.3053838354865338e-05,4.3271815042892904e-05,0.0001286364572464423,8.412497638288735e-06,7.602568500330792e-06,4.179180065184693e-05,7.05359829019812e-06,8.396738302507052e-06,6.68562831830248e-06,2.689780077158098e-05,0.0003270797542659556,-0.00011221367442120313,7.439357311247424e-06,9.425686780581954e-06,0.000165327846375754,3.872739284199147e-05,6.936233293646656e-06,6.357686331126209e-06,0.000410503840139327,7.98980344313107e-06,6.782757302071554e-05,1.5173830557589283e-05,6.109753128802848e-06,9.152277160149207e-05,6.337701596729635e-06,6.368363053069999e-06,6.450587577517334e-06,8.555690937029687e-05,5.671259832124177e-06,5.613879851343935e-06,3.3715150689281784e-05,5.568153136537221e-06,-0.00010173354322590792,6.732706666617714e-06,3.1939133420026614e-05,5.848204190584008e-06,1.2560921894292374e-05,5.400315931127387e-06,1.585961120506025e-05,2.70144912491348e-06,2.538896281742361e-06,1.2384927749603116e-05,1.7257895263714167e-06,3.133857294069537e-06,9.63007488143668e-06,3.5286196083708985e-07,1
1.0314879308020744e-05,1.274709688519834e-05,-6.040466398185713e-05,6.07210928010744e-05,9.9608844452783e-06,-9.385868374337329e-05,0.00024183152585015752,0.0002741846217238986,1.0185775249585363e-05,9.199795490382043e-06,9.182095747244922e-06,0.0008528408027952621,0.0008627516941049824,5.403058989524218e-05,0.00011712511805554252,5.2756208389369374e-05,1.0154317949529956e-05,3.085981497797603e-05,3.087289595603636e-05,2.6919103291293237e-05,4.612639464290453e-05,8.825186978430805e-06,3.209658072715346e-05,3.351719556846506e-05,8.013507163820598e-06,4.787107928352363e-05,0.0007658150842631993,1.0049856502524552e-05,5.0429665349993526e-05,0.000979773878924768,0.0008195489954198155,0.0007755108207001935,0.001868337262519195,4.685039303576055e-05,4.618434446304666e-05,0.07194482645869439,7.12606162564857e-06,6.895859415073958e-06,6.871225557240065e-06,2.100177955457577e-05,6.395791633812184e-06,0.0003533574364184167,6.120669317576432e-06,5.599900745197575e-06,5.785035333721718e-06,0.00011282651091433499,0.0005351578748508613,4.588734835355286e-06,4.576528635206823e-06,4.435545130632462e-06,4.1810002952101025e-06,5.6058342760126005e-06,3.816189674912747e-06,3.0517142041960714e-06,2.954408554597292e-06,3.34027658402292e-05,3.5112682317809375e-06,2.4233837511476823e-06,2.680001725218388e-06,2.78458220424258e-06,2.78458220424258e-06,2.396215488001006e-06,2.3461669154190667e-05,1.8601935633445697e-06,1.8399523782418626e-06,1.7245732829489857e-06,1.8235596828639126e-05,1.3997852380821125e-05,4.253594739909132e-05,2.8619269758358053e-06,-1.224076258323034e-05,-1.0024361624373246e-05,1.9933450721027096e-06,8.183684823288414e-06,2.8653379979192166e-05,3.8086312720384975e-07,1.8798892426345606e-07,1.487867463755053e-07,-1
7.626923088760354e-05,0.0002160913402390005,0.00102985899370988,9.79452005335028e-06,1.5523380953980093e-05,-7.42898929770353e-05,3.762804064376946e-05,0.00025242087037133804,1.0265220940505546e-05,2.2636051576150267e-05,4.493485571717072e-05,8.92497041758487e-06,0.0005615242372354701,3.9352511254702424e-05,1.0229858759993817e-05,1.0229858759993817e-05,8.917467244218496e-06,8.894281758018221e-06,4.993787874324544e-05,5.314789096052899e-05,5.314789096052899e-05,1.5817068165557493e-05,8.439460008581855e-06,0.00013589689328361124,1.4661031720219486e-05,4.604762440541e-05,1.5721439605294025e-05,5.743983698408646e-05,-4.329401633935179e-05,2.465390711470599e-05,1.211499785023347e-05,-9.033886781974895e-05,7.079285194848745e-06,7.370800623055709e-06,4.4482038778995516e-05,6.984905373563933e-06,6.905045524784476e-06,6.84490422655942e-06,3.0053883373235243e-05,4.04283950458373e-05,1.0492206257802877e-05,8.716381474698538e-06,8.582561336361635e-06,6.445198547995426e-05,7.197138480235866e-05,8.807264650057125e-06,3.707428139710012e-05,6.281754594784984e-06,-7.654119732157428e-05,1.2741535475264409e-05,7.924425626491534e-06,3.5048411129284704e-05,6.126856820792602e-06,6.140744923387174e-06,7.676931346158258e-06,-0.0022534156722416837,3.341524832575045e-05,-3.300593869729762e-05,0.0001298088408676109,5.337454729117682e-06,5.1844287828998136e-06,8.347261821423278e-06,3.865029257177368e-05,6.357727512591799e-06,4.648897569089869e-06,1.0166966270612139e-05,2.7142620203436746e-05,3.500657186581417e-05,3.949892896556597e-06,1.947607472060889e-05,-2.041255221051027e-05,5.534278802894192e-06,1.3354368896203721e-05,2.1497545292804525e-06,2.1606257337307664e-06,1.903851121451137e-05,8.069316179569653e-07,-8.686852535633524e-05,-1
6.20183804948797e-05,-6.757352675548958e-05,1.0532353783986832e-05,1.0072053634378176e-05,5.86619255266955e-05,1.0095483201192555e-05,9.706207253708895e-06,5.8022406194263224e-05,7.951993468866079e-05,9.267259329400227e-06,0.0008191057412082299,8.982921582808779e-06,-0.00021487086530124728,0.00023385750351565104,1.2424918227069922e-05,-0.0001974921651781394,8.567569415361189e-06,8.377523158818085e-06,8.401876848588309e-06,5.08898069049908e-05,1.1719178722776766e-05,2.2615474388987856e-05,7.973186141255151e-06,7.958863652722478e-06,7.77062157004424e-06,7.765510057531356e-06,-5.019089513376983e-05,1.38811490740418e-05,4.57337110332276e-05,8.488955077362673e-06,5.4862799227632064e-05,8.582320468435763e-06,4.354237028772824e-05,7.779553237464012e-05,4.348396991970784e-05,6.971978416831179e-05,0.0001831455258268689,4.1308062076630855e-05,4.08783874206506e-05,8.465140472944413e-06,6.710103628754152e-06,0.0011953921159923101,1.0857562357810243e-05,6.246087854003096e-06,3.7440990172808466e-05,6.8413175049217675e-06,5.968746183710298e-06,5.4330557799836644e-05,-3.772224121354041e-05,0.00015735803431753397,3.500477875738463e-05,4.197634745479391e-05,8.942727294875683e-05,6.88769448981317e-06,8.334753554088283e-06,-6.160830702481526e-05,5.080090282500976e-06,4.338276341104004e-05,0.00046419445606929867,4.485086551926224e-06,2.296095426627348e-05,1.9351687156039238e-05,-2.7766035091341116e-05,1.6429899495373437e-05,2.5750501179167102e-06,2.4924604649414513e-06,1.209018546997274e-05,1.942313683357454e-06,1.118786869241418e-05,-2.778735938565534e-05,1.454875182907512e-06,1.7190210091719765e-06,5.177869887014498e-06,-5.3089586992152563e-05,8.945138932930273e-05,5.658717884632024e-07,2.920563043756083e-07,3.573997106895676e-07,1
