5.8156884635832e-05,5.7848964454565384e-05,1.5223767935476353e-05,1.337429942543931e-05,5.661728372949877e-05,5.630936354823212e-05,0.003789215564596145,0.004366422446720702,5.169056082923239e-05,0.0021241444599859184,1.164215956354994e-05,0.0016285487145590442,0.00015248550685848742,0.005601490459620126,5.8201846436704304e-05,-0.00024548012690939794,3.3201156513061954e-05,7.269582171276514e-05,4.08278669043375e-05,2.686264474181728e-05,2.686264474181728e-05,0.0016627511811046006,3.598663158463328e-05,3.537079122209998e-05,0.00104979846461614,-0.00013916267430852288,4.451624235601157e-05,2.010492304601508e-05,0.0022683257448433917,0.001272449970291147,-0.0001766789766102178,0.0005883745576602882,0.0024054870134879148,7.427110584217256e-06,1.9035906584372674e-05,5.2088424350456465e-06,0.0008830319487207188,0.00019142003562625575,0.0018296826613473677,0.0010372849819140844,5.703636989085907e-06,0.0005906833880601685,0.00023551515871729777,0.00034174827053048284,1.6141195802664986e-05,7.415925935402435e-06,0.0005355004511765558,0.0006337498108015137,-8.265177300730354e-05,0.0004893253512975439,9.212934865116122e-06,8.913948661964425e-06,0.000840669194619997,-0.0005411614973262031,2.412422764088962e-05,0.0004483922888840424,9.615764702091755e-05,0.00043483338791802065,0.00023154385026737969,9.38171384546279e-06,0.00015448283546466775,0.0007963367909321191,2.87977495188303e-06,-9.146568511702199e-05,-1.4393493618993204e-05,0.0004200639561010234,2.635545775799083e-05,0.0006063690300130492,3.0208468586796758e-05,2.38673118273456e-06,6.688416200659374e-07,-0.000535877227463408,9.322148362317235e-05,6.225378468046635e-06,0.0002090537508493321,6.18028583044063e-07,0.00037459107597221866,1.2791068580542265e-07,-1
1.3440317144194724e-05,1.5285934554076724e-05,3.3899145782148386e-05,1.3035565043293865e-05,4.230117942136634e-05,1.3339130865789161e-05,9.08813815007367e-06,9.038099034004978e-06,9.632692255269706e-06,0.0020116732109653635,0.002066656725321967,0.001994716616209403,0.0020525095072119652,0.0019282949255085427,8.231024121507737e-06,1.2291981172771645e-05,0.00016948021166148346,-5.419012238837212e-05,0.00017244672658291068,8.493891218336194e-06,0.00018797837142086398,8.778718263526382e-06,3.151620191200888e-05,7.953336069348006e-06,4.707024270744395e-05,7.458724802228511e-06,1.3335891283940619e-05,7.5450500817644155e-06,-6.632430094139797e-05,-4.4742555251058835e-05,7.616365585842372e-06,8.36961323649139e-06,1.6974125618660575e-05,7.128810365554717e-06,5.021099126992649e-05,7.375610429981223e-06,1.3329774599806554e-05,-4.087263331210873e-05,8.030855027355823e-06,6.67116294370514e-06,1.2500913529949263e-05,6.416019790242604e-06,6.550016183167242e-06,3.903406048948187e-05,9.523558834487517e-06,7.402602181428778e-06,-3.916708894894096e-05,6.2801744433366526e-06,6.012621929924904e-06,7.902556814771549e-06,-3.393508092042866e-05,6.522150204092143e-06,5.353872059075788e-06,7.262274604262854e-06,5.557004196291228e-06,3.088487179342654e-05,2.6941242401572595e-05,0.0009734441286637573,4.276331646006837e-05,6.725497960105047e-06,4.505766845680605e-06,4.312544502590075e-06,4.297501704736717e-06,4.8719501309896744e-05,4.6782302651136256e-05,4.134314156154203e-06,2.255993827560616e-05,5.0782692870426204e-05,2.2062841837258892e-05,-2.6986211484619922e-05,3.2432427241333896e-06,7.923157872332046e-06,-1.4230580978370716e-05,6.601470799681948e-06,1.6898846077301215e-06,1.363309011842693e-06,1.0803904911695171e-06,6.303191022782336e-07,-1
0.00014138992790918903,0.0001550045125853249,1.0034659284983263e-05,9.34274181645805e-06,-5.455298319799936e-05,9.099717916745467e-06,9.38304814033403e-06,3.3203578359755575e-05,-8.253678446578889e-05,2.3240313090273343e-05,9.27509224001052e-06,0.0005143835837461371,7.903691226525835e-06,1.3115008424470555e-05,2.736552321155123e-05,2.6882446672028156e-05,1.0994026033976417e-05,-0.00015976917517051712,7.765835122504109e-06,4.8145496761165745e-05,6.622549564524298e-06,8.450914823155826e-06,8.450914823155826e-06,6.405168787434124e-06,6.657659142115295e-06,6.938671656291972e-06,2.786922051850859e-05,2.1599777558870177e-05,6.2620780927735125e-06,7.096854236889984e-06,7.048757361837643e-06,3.953464450693136e-05,6.928515174206786e-06,3.719220683443757e-05,7.489127035719447e-06,6.485086503210398e-06,-4.049328259582962e-05,8.123574058790434e-06,5.895789842845469e-06,6.089332725889937e-06,3.4416151113145655e-05,6.343336527736618e-06,5.9857009974206e-06,6.311271944368389e-06,7.098848379480338e-06,5.788563987518253e-06,2.5287803561797333e-05,7.553428418911362e-05,5.30136516192694e-06,1.5868687745845487e-05,7.546378368615865e-06,9.5869236658655e-05,9.725658496962282e-05,6.130815658138263e-06,5.498609867146949e-06,-0.0003871537577210273,7.44657660970405e-05,4.761679006509906e-06,4.1448898993009735e-06,9.953823348794635e-05,6.788439659919614e-06,3.7753319741346886e-06,5.712152668943872e-06,3.226232951738887e-06,7.634217679114526e-06,1.5652378182285074e-05,1.642305749821163e-05,2.683413832008831e-06,1.269076562911419e-05,1.5385474860335193e-06,1.5391576601207792e-06,-1.4691393839618555e-05,1.3035562067190908e-06,3.2450731906149887e-06,-3.59402155866758e-05,2.798885439826178e-07,2.809334232277954e-07,6.845625998624503e-06,-1
1.2850556558074073e-05,1.4436346073293643e-05,1.2632388771661182e-05,0.0005351948983454428,6.102904030580734e-05,0.00016367111039082894,1.7445830404853153e-05,-0.0017362082328821217,1.1342568483175235e-05,1.1063866328782328e-05,2.055172769410784e-05,0.0002332014066652912,-0.0012572383994341099,-0.0012584719991138623,-6.160036497417943e-05,1.0185504211048757e-05,1.4938236604846982e-05,7.818938873605953e-06,0.000725325991393261,1.3150564766201639e-05,0.00019768980171963152,-4.5848634418192194e-05,8.088640837399655e-06,0.0006765594338916385,1.004329218187906e-05,8.714615423146978e-05,7.561399760808858e-06,0.0006249982857420549,0.0008055197881387823,8.090187103302248e-06,0.00017644264970149764,8.925187984178466e-06,-0.0001248384020701371,-0.00012457814856348657,0.0005929839797392066,4.174192028684035e-05,9.575669472160339e-05,0.0004345835486446944,0.0006366719317398889,0.00010291352128263812,0.00046672900203909175,0.0007506773745180645,0.030242022979761102,7.383962354181091e-05,8.393751630264736e-06,7.864816447643064e-06,7.053865718764499e-06,1.0831034629187884e-05,6.7026335520345265e-06,9.9792575488397e-06,2.3168882923943737e-05,0.00019794510269318993,7.868746294654497e-06,6.1051974642766695e-06,5.0923052964583294e-05,1.0751802740157313e-05,6.379183491300602e-06,5.079714588686014e-06,5.129758499386257e-06,4.427145234726972e-06,5.690144378050711e-06,5.579633009303051e-06,-3.768823968439504e-05,4.7663398326945095e-06,1.2761174680487206e-05,3.3371392808613177e-06,0.0001919668022762521,2.8580333679861145e-06,1.9612621226313895e-05,5.482248343724131e-06,1.8312100024942977e-06,9.145196169667707e-06,5.5997237903261e-06,1.1367202528395694e-06,9.396278131862461e-07,4.966893238118763e-07,4.7514408002465033e-07,6.043138982885336e-07,-1
1.0351678073937205e-05,9.749077153853115e-06,1.3545643799725577e-05,-6.929282841627708e-05,1.0201227361988719e-05,1.154189123651388e-05,9.716489349591772e-06,-8.831903952378071e-05,5.403196627504349e-05,8.382968510745162e-05,9.011760736451557e-06,4.3462995195375596e-05,8.866002790112196e-06,5.5614542062197334e-05,3.2344859190985056e-05,8.27393665024934e-06,8.233002787324203e-06,5.171691722074232e-05,5.707290965497145e-05,1.046883387776839e-05,8.134756168149525e-06,3.061784452213826e-05,9.364257224897734e-06,8.587281092994315e-06,8.332818201514439e-06,0.0006434646455671171,1.4160674972452752e-05,0.0005530222257687195,0.0005546821223642583,0.0005564129161022279,4.786297153433019e-05,-0.0010431544520127993,7.433102665351831e-06,0.0005928569561189012,0.0005354747620055486,0.0005729588547418802,0.014380502073262856,8.159245835475897e-06,4.258612105521068e-05,7.235101843356742e-06,3.280951966558977e-05,6.770010457657217e-06,-3.869998291989705e-05,6.638357562753179e-06,2.6630380212929243e-05,6.007083640344305e-06,-0.0001315004445338613,2.6286709996541738e-05,2.6161739008764467e-05,2.4562121312846256e-05,3.417905285491787e-05,5.810597555312807e-06,5.702065212214509e-06,5.84634949205805e-06,7.3051817499988896e-06,2.0792304191215735e-05,0.00014077100332419775,1.9919278277989133e-05,0.0002065055110901296,5.512609049154172e-06,5.253792305288517e-06,5.416337253035592e-06,5.056171573062125e-06,1.7273262889695573e-05,4.673445878221932e-06,4.585467387930496e-06,6.970271857233095e-06,2.6095057182578313e-06,9.03964040449938e-06,2.024649288010695e-06,0.00011890784232807276,1.676719511425389e-05,1.0706620060604184e-05,0.0001472401533448586,3.2377894524551455e-06,7.277714439860149e-07,5.641734073352386e-06,9.065583481390522e-07,-1
0.0001956394233693209,2.0085739226807054e-05,1.1114257593958695e-05,9.369490567694956e-06,0.0006618391083781273,1.0292334269483318e-05,9.232176285262616e-06,9.014829280194831e-06,9.789340696390967e-06,1.0042382395141918e-05,-6.020442737228255e-05,5.07344064092678e-05,9.300332159058705e-06,3.588469522252433e-05,3.0848244433567395e-05,1.2727835695070301e-05,9.726558070871956e-06,9.63513524016223e-06,-0.0001508059282325283,9.427356079458311e-06,9.385800247317526e-06,9.103220588760192e-06,1.483067760156954e-05,-8.882098659244772e-05,8.878819095199956e-06,2.6270327106154955e-05,1.1249969407818342e-05,2.173419072757009e-05,2.1690901589139023e-05,2.1627864967258352e-05,8.496505439504743e-06,8.488194273076586e-06,7.577176772480264e-06,2.540236269807379e-05,6.976498035312711e-06,6.257322612392931e-05,2.049636552629613e-05,2.0617606236160928e-05,6.681688718508018e-06,7.781745126683252e-06,7.13799803667611e-06,6.387176488917025e-06,6.289020724804516e-06,9.53804500863951e-06,2.712556689812593e-05,6.597890474132534e-06,5.534332995857618e-06,6.116690380697283e-06,5.973038015852614e-05,0.0059691,0.00010191974245781394,0.00012192405254569908,-3.216691309278244e-05,5.5549441549772046e-05,5.076827967684648e-06,3.1630857146378764e-05,1.2947426271081397e-05,0.00012532832913790575,2.8411646144036994e-05,4.4186230775552565e-06,5.060690333546796e-06,1.3450227696146253e-05,1.403470824699114e-05,4.117917271653548e-06,2.8810040606280456e-06,1.9225413309318866e-06,2.9015473675518475e-06,3.6336119100669474e-06,1.6247343997389903e-06,8.332215861838011e-06,8.786194153219454e-06,1.188033182988568e-05,7.665477906956993e-06,1.4945610931987752e-06,3.99999759723257e-06,1.4096996140862038e-05,1.7688407102022935e-06,3.9793790097098577e-07,-1
1.0436533754072441e-05,6.743497182126412e-05,1.2320779225232922e-05,9.13393465717015e-06,9.682818707407173e-06,9.837126029221202e-06,8.771747214251644e-06,8.899994372548661e-06,0.00015681156769775575,8.929593748845187e-06,8.720041967526833e-06,5.97180856078327e-05,5.035549498304748e-05,0.0003543112811721091,5.8970211881013256e-05,8.750068754117765e-06,9.25699267551311e-06,7.134924799196581e-05,8.556181244119162e-06,0.00010608181630689239,5.7216008062401166e-05,8.489066336811954e-06,0.00010342702794592343,5.5214346026055936e-05,5.5214346026055936e-05,8.160444579828756e-06,7.614066531095645e-06,8.100790571916781e-06,9.085043472596273e-06,7.503914918997972e-06,9.733244009481532e-06,8.092621682466758e-06,6.824858734737315e-06,7.874187264577601e-06,6.9599076706002255e-06,6.855513156754264e-06,6.601268225863772e-06,6.833142903787274e-06,0.00030615293333461626,3.868966448757893e-05,0.0019988068441508405,-4.965777561694365e-05,-4.960111259148985e-05,6.301558053251336e-06,4.47700215089267e-05,4.4718701516825954e-05,8.253866765619376e-05,6.452848603348421e-06,-4.035526682070456e-05,4.3248931258579396e-05,6.376965569310523e-06,0.000302244719151045,8.39025691907652e-06,6.048916771759164e-06,6.393194595436444e-06,8.087419184644621e-06,0.029279087570921097,7.290880453849067e-06,-4.784455880242216e-05,6.091613030677931e-06,8.921277701048117e-05,6.135541269452393e-06,7.482305451597101e-05,6.877595708530168e-06,6.176948816755529e-06,6.012900294997593e-06,5.348449584333291e-06,5.158354233879722e-06,5.1276482195172275e-06,2.3173053908671448e-05,6.300832611142174e-05,2.836268019890793e-06,2.9626624031670494e-06,2.4193175538395705e-06,1.317025285679011e-05,8.737077742694493e-07,2.6038294852449763e-07,1.3364101176626908e-06,1
0.00021601215752481916,4.60460793991578e-05,0.00046941811856869066,1.3429265052016611e-05,0.00010528144414854381,7.496116738875092e-05,4.1263009261121995e-05,-7.935252146850327e-05,9.221591358203247e-06,-0.0005869244847484709,9.242550634067899e-06,2.655789858957253e-05,7.665198726455268e-06,1.1173487689796576e-05,1.0822737198874185e-05,-7.041032032300892e-05,9.245240703909228e-06,0.0005998095026298454,0.0001225612480884968,0.00014013613568189916,4.567387716945971e-05,7.560859468705517e-06,0.0010247063026385392,7.3712396001317936e-06,3.1481400452151635e-05,0.0003012267730326142,1.0810296192225623e-05,7.237729189580641e-06,5.6798779376656136e-05,0.00010910692293506207,4.30678121972199e-05,2.0371972082075193e-05,4.7781350418483735e-05,7.316738484493368e-05,6.707545240637454e-06,1.0143643631887692e-05,0.0012072266619037417,4.615996808767842e-05,-3.893690311048476e-05,-5.4681452056545646e-05,3.579197867630561e-05,9.138021781621467e-06,5.745525981400749e-05,7.610882891051095e-05,5.1147633356761314e-05,-0.00037020213795558557,7.534612941872944e-05,7.458342992694795e-05,6.18962294296802e-05,9.628790926326059e-06,7.372539299869377e-05,2.460103332633757e-05,7.343938068927569e-05,2.887570342250346e-05,-4.626359342020415e-05,0.00023814670409102857,7.04839201586224e-05,6.953054579389552e-05,6.066351345816254e-05,0.0001596344958371261,0.0001428462214673071,5.201837085415403e-05,6.882584793736073e-06,5.479998115934169e-06,0.00022017658176851754,9.24056698822652e-06,2.7850474445877025e-06,6.232607152418149e-06,1.974271147843549e-06,2.6709264396339152e-06,0.00014085237499158082,1.2396670800361344e-05,7.274930494362686e-07,3.306236205953769e-05,1.37182659860348e-06,3.2793561762823496e-07,6.036057528206315e-07,2.2160177876274395e-06,1
6.313708553986217e-05,1.006694954230392e-05,1.4488919524604694e-05,9.638211127699923e-06,9.59009035299281e-06,1.0082412094377608e-05,1.4201326458485495e-05,1.3742452491754035e-05,-8.811895626757721e-05,9.838235495422321e-06,8.795664951204973e-06,8.537727648915094e-06,0.00011399271462062139,8.167085347828273e-06,6.468761172175707e-05,8.800845007530298e-05,-0.000461294215962901,9.038503453508302e-06,8.56084493129092e-06,2.0574946833557193e-05,0.0023832738167347857,8.360005499277211e-06,0.0001513767711706316,1.0313433214020186e-05,-4.473484235823953e-05,1.574710855240145e-05,-0.0006973331246536154,2.097701855844321e-05,7.933591577771617e-06,1.7726644544092797e-05,1.2843625556746683e-05,3.1252975350865196e-05,1.085237454097984e-05,7.08490397230815e-06,8.801789445132238e-05,4.075540528592344e-05,1.580389235866898e-05,9.91273534221638e-06,6.545911252940325e-06,5.689382326433493e-05,8.975228968407019e-06,2.7732018320925704e-05,7.190916760545906e-05,4.927002934571039e-05,8.16444981266586e-05,4.840162429658587e-05,8.340098209297538e-06,6.201037587869287e-06,8.335347050996892e-06,-3.880605230150368e-05,5.8093523757213175e-06,5.8940583200517135e-06,8.009841529087094e-06,1.1985145781143013e-05,5.523320291556709e-06,7.350592758338421e-06,9.941411171541264e-06,-4.717954981247704e-05,2.499412107114721e-05,4.464364363748486e-06,6.972405028420353e-06,2.0333175047580926e-05,3.870957893420654e-06,4.987671396305167e-06,4.702617194669802e-06,2.1853041205952733e-06,1.8042295949513622e-06,4.591306042905889e-06,0.00018771689661065697,8.389623816534496e-06,1.9450057463466447e-06,1.1679574046112932e-06,-6.080443556438322e-06,-3.8679158427174916e-05,4.507315321398307e-06,4.938254081670414e-06,1.71776568864789e-06,2.79766562074967e-06,1
7.263401671600386e-05,6.374463271735207e-05,0.00026792165682738253,1.8923397165472177e-05,9.497783054055606e-06,0.00038918581324142045,0.00011350142620361126,1.1279883176760836e-05,9.560795863151156e-06,1.9110278188901983e-05,8.422129162350262e-06,0.00016591406763487944,1.3083281309445402e-05,0.0004748488077130498,-5.841165783899973e-05,0.016014175072490033,1.975140669508113e-05,2.5221745207096397e-05,0.00023269415874883475,5.937477539554324e-05,5.65454450970409e-05,8.8252346054766e-06,3.6413361224599046e-05,1.7880156525493818e-05,7.425836027328495e-05,7.871345072768187e-05,8.017123348808276e-06,-0.00032788527528337854,1.3961591701659951e-05,1.2176165374563097e-05,6.628098033307428e-06,0.0006889750995371137,5.060023390473728e-05,7.333646215817462e-05,1.2297578423264465e-05,3.520817231836772e-05,0.00020424207811672995,0.00021731836196338392,0.00015356800611653255,0.000114776752498738,4.513130078524717e-05,1.2991760719458166e-05,4.2930418078466355e-05,6.85235688713405e-06,4.0991321281812055e-05,0.0003384460120415348,0.00015636951398967404,0.0001928491273664438,9.26425439698312e-06,1.4249870535233296e-05,5.792980433149607e-05,9.914689841066403e-06,-0.0011744028802736178,1.952547481366616e-05,3.472359178188451e-06,-0.00013862285289172304,3.127218113033657e-06,3.1309421887639904e-06,3.1279967429653272e-06,5.955261748344889e-06,1.7054299265917968e-05,1.911940301296585e-05,4.183789068569678e-06,1.3119963564910763e-06,4.413358606348938e-06,8.365771607721973e-06,-1.2832975282213128e-05,1.1134999713190386e-06,1.0833373879132265e-06,1.0500210110292334e-06,1.5881859763923508e-06,-0.0003518736332980681,3.882442651424185e-06,8.70273692356914e-07,8.583912006535155e-07,4.645804288826812e-06,3.5115245204426804e-06,3.5115245204426804e-06,1
7.168560570744055e-05,1.0210590792597991e-05,2.5211717791629472e-05,2.7820190366697938e-05,0.0009595234274046969,1.3188418560871731e-05,3.046802870599099e-05,0.0001296182426730352,9.182077718379026e-05,0.0006825352777877683,2.6925813058779138e-05,1.280122675054033e-05,0.000707059457296705,-0.0003080899046040175,-0.0006108593635862965,-8.85425330299849e-05,1.1178966348416328e-05,0.0014500078205738423,1.9093038212688742e-05,1.1636350925402644e-05,9.617428237082915e-06,0.0007007087073373444,6.566557074578697e-05,1.4549213621786626e-05,2.9476596791435535e-05,0.00015236520652965005,0.0008264300253376779,1.1674430998385073e-05,8.05677156599534e-06,5.6934212743395783e-05,-0.0008966046713819337,1.0835813460310398e-05,0.0002829982233296456,8.056498274190272e-06,7.496998377259855e-05,-0.0003593885530384065,-9.867482821269433e-05,0.001223920862768383,8.085307071034805e-06,0.0004986379364897042,0.0007147153362006776,0.001052105754170906,8.180816993818495e-06,0.015346292231420009,1.0478162549086623e-05,9.730763238737995e-06,9.756735149615067e-06,0.00027975034761300045,8.726867248126576e-06,0.0002674209233710053,0.0001871348032828115,0.0006712973530967539,8.779483956172172e-06,9.650933029678337e-05,1.9297468518448865e-05,0.0003798506913639822,0.00012278084782321098,1.4463272332448634e-05,0.00022711194748366656,7.346013755511702e-06,6.522880678918822e-06,5.673116579196257e-05,0.00040388730534098895,0.0002853579250337832,9.257663888463714e-06,0.0003508270411312739,0.0003108829772097712,5.593748262709708e-05,6.1368492873495874e-06,4.11644508712157e-06,1.012935467991777e-05,1.1155110553458107e-05,3.4805659345819862e-06,5.5661626321290866e-05,8.771865512608232e-05,1.3857827652561525e-06,1.1354406724864084e-06,3.082008242797319e-06,-1
-0.0009301810664124652,3.459968682271284e-05,0.00034286405074767496,-0.0006328765748793983,0.0003798017499909805,2.895923848183973e-05,8.556356935353641e-06,3.437574585527037e-05,4.7531570169370826e-05,-5.0037342807937536e-05,7.85114330843914e-06,7.714117170111647e-06,7.767846326522117e-06,2.7456682714567794e-05,4.360804119329893e-05,7.885547539175802e-06,2.6838845609067106e-05,0.005217749679410766,7.473990130861865e-06,0.0002913762596002501,0.0004677438845217293,4.525923354802079e-05,2.8217540270155197e-05,7.804015566151504e-06,0.0002883864210389461,7.736167678246937e-06,0.00028247659617671643,0.00025972965623609297,-7.56237060816724e-05,7.415669355185543e-06,7.3359523275754514e-06,-0.00014479767306368663,-4.342243372127836e-05,0.00015690541414115308,-4.540781068173145e-05,7.625583089729183e-06,6.903125841466189e-06,6.869277980262186e-06,7.027469673957013e-06,-0.000524521236069009,2.5308248570097156e-05,6.966954370630527e-06,2.284093574098859e-05,-3.835407099291867e-05,2.2467980673824875e-05,2.2997307586026782e-05,2.22206176806087e-05,2.2743837867234465e-05,6.71205665342248e-06,2.256640906407984e-05,2.246502117656292e-05,6.7052673190689185e-06,6.472152919579612e-06,3.618269085404262e-05,3.690315615841871e-05,6.367195036023358e-06,2.098380271452784e-05,2.098380271452784e-05,2.1476489273272887e-05,6.32221308592782e-06,6.284728127514872e-06,7.240573063390327e-06,6.1479284358370904e-06,3.601430280832188e-05,0.0001373971042935041,3.2377550182492025e-05,5.30979020979021e-07,5.501093882369605e-06,5.204281453876186e-06,3.997626870545467e-05,6.104534199195353e-06,0.0007718519742034541,0.0009833464564817998,3.4397495219190157e-06,3.3997592375982004e-06,6.904691297850944e-06,1.812454976867288e-06,3.811656797697913e-05,-1
1.0813627734213784e-05,3.318781415035731e-05,0.00017547431948043354,4.8935426970716465e-05,0.00013538724520344522,2.845658948701042e-05,2.8309716460666364e-05,9.543214585230754e-06,0.0003554026352557344,5.6355877274682665e-05,7.659521588450184e-05,8.991620483655954e-06,2.635610670768565e-05,9.164203453670146e-06,8.900259135065014e-06,9.691137624581645e-06,1.179031861037674e-05,1.179031861037674e-05,1.0113958757391745e-05,0.0006820368812688911,3.6832851930449996e-05,7.97835675692049e-06,7.857262713160255e-06,7.585157422501546e-06,1.1218997315481984e-05,8.73569526453585e-06,4.2426684105597064e-05,1.9622212007016143e-05,3.220748278945283e-05,6.697147433543108e-06,6.591186100272295e-06,1.9710913041572303e-05,-0.002205641327405439,1.834162211011334e-05,0.00034275940775169503,0.0003351132572758162,9.008621201605057e-06,2.011297878610278e-05,2.902830784022241e-05,0.0005193843955373829,6.472249587652556e-06,0.00032452398483444415,6.903682596010766e-06,-3.678123107796345e-05,1.859664791956626e-05,-0.0006440878723467639,7.687631218232937e-06,6.328450410687276e-06,1.780889533371439e-05,3.748103810139888e-05,7.550052363974858e-06,5.84137547398476e-06,6.361376851049007e-06,2.889566935807228e-05,5.039915995585706e-06,4.943105340463699e-06,1.3799333962716423e-05,4.757600689231143e-06,4.555824763331645e-06,3.5832287962541994e-06,8.888235428549836e-06,3.205198684332779e-06,3.3286695037063954e-06,2.8201677082511146e-06,2.1632831345487072e-05,2.83832487590257e-06,1.876356531487383e-06,4.534375349002429e-06,1.624778561719303e-05,1.4531090912744867e-06,0.002488574720709445,3.6082452124192103e-06,4.386388247260234e-05,2.444809627742303e-06,4.878991088246038e-05,4.715847946997204e-05,1.6129262478022242e-05,-3.711029116029374e-05,-1
0.0007780056527536823,2.7229480427803283e-05,9.97175058069964e-06,1.0212833888484244e-05,9.481467727343292e-06,5.671991415759647e-05,2.5342920058950253e-05,2.4766477973378622e-05,9.2985011703414e-06,8.338741315765805e-05,7.222143153925686e-05,1.8212359562755466e-05,-8.830726447632674e-05,-0.0003754186419678871,0.00023734300797107887,-6.250698111783724e-05,1.912151221420128e-05,8.230489097620412e-06,7.805019382179803e-05,2.8426489180607763e-05,0.0006459848791534419,-7.73902175880275e-05,1.3305577641126982e-05,9.766377495519293e-06,-4.370124959575645e-05,8.060741824709583e-06,-0.00011488795870970154,-0.00013397440131714006,7.860658850651722e-06,2.4644913017129507e-05,8.890960544040416e-06,0.0006515449530326299,-0.00010090911499042814,9.157596872818854e-06,7.790078439154853e-06,3.794584793893437e-05,7.791922563116132e-05,6.026708950901241e-06,1.316074643862444e-05,-0.00013008501288554628,0.0006734209130045498,-4.401121082309145e-05,2.606681636041754e-05,1.4776798360305088e-05,1.2135271150440664e-05,4.016180920322031e-05,7.831342551717055e-06,0.0014687540982216002,0.00024294449999869355,3.145477930290927e-05,4.2915166192635315e-05,5.350835345325228e-06,6.085399077362096e-06,5.141111542750883e-06,7.80487937192864e-06,4.554059037191637e-06,5.83591554319944e-06,0.0002807127982113447,0.00025404631477425724,0.0010254822902102515,3.950132077949835e-06,-1.604694258984871e-05,0.0003271101413124977,2.0659349123951676e-06,0.00018209998703930233,0.00010096888158166884,0.009766969208120257,0.00010038876221328048,9.383865670768308e-05,1.4368755719187762e-06,1.5396750399780796e-06,4.664223332721524e-05,3.7295356532394e-05,3.794876192851054e-05,1.5678541584290762e-06,4.1210458018560165e-05,1.7647501227908752e-05,2.172636237075979e-05,1
5.923154639723494e-05,5.668512249318733e-05,0.0009328220848608987,4.820990366786524e-05,5.4494690696196015e-05,5.4451590765244725e-05,-0.0001551719406720882,0.0002361994000603783,5.363269207717016e-05,0.0004606983242945087,5.1003596289141266e-05,8.493416059698331e-06,4.42855346048591e-05,5.035709732487188e-05,2.4688632500039877e-05,8.306649692242728e-06,9.229347171404835e-06,7.818183808128071e-06,4.61772160554807e-05,-0.00014123730378603865,0.000526605268393804,8.554045356880081e-06,3.89961809180564e-05,7.316543019345559e-06,8.01055517576087e-06,0.00034773699966128747,5.795616661021458e-05,5.1714897012344855e-05,0.00013157487629977861,4.170726085362476e-05,6.949001867276993e-06,-0.0007829542722350139,-4.0191611042546966e-05,2.211918863204988e-05,7.680040949259665e-06,7.802106394166983e-06,9.463033950987259e-06,6.044415472060787e-06,2.4006330841759404e-05,3.493502918116111e-05,3.472027697935408e-05,0.00074445294359463,6.3316523721107e-06,8.050814486523144e-06,3.394716905284875e-05,5.571960628085312e-06,1.656777794117653e-05,3.3259962007066246e-05,5.514693374270103e-06,8.02042663737342e-06,5.385842053185883e-06,5.449822331430525e-06,3.0233113018752773e-05,3.0061670034722874e-05,4.9245568471055285e-06,6.826882007794958e-06,4.845978812758491e-06,2.8990151384535995e-05,4.87534952793463e-06,6.776020924058341e-06,5.191490872136779e-05,3.0565030742640146e-05,-6.794931973771534e-05,-2.3405044219117158e-05,-3.4428040217034824e-05,9.861399963029983e-06,8.138876281649579e-06,1.6817655057611786e-05,3.3974989108115627e-06,2.7880054451249746e-06,1.0794903400694339e-05,8.227094161379392e-06,1.3949857690938052e-05,2.1041469885559176e-06,5.490427240518122e-07,-4.037029056705209e-05,5.594433823525602e-07,5.939952420533693e-07,-1
1.0063177955139365e-05,1.9002711851998028e-05,1.9179977459477857e-05,6.38470771720845e-05,9.128097136683875e-06,2.6091920004446677e-05,5.513344751945025e-05,3.645874575139634e-05,9.496395311280928e-06,2.4226105180507192e-05,1.0709127830409773e-05,8.4944185142819e-06,8.689197585324949e-06,7.809365301759513e-05,3.9790287419425794e-05,1.6605109563356222e-05,9.674120330343812e-06,1.6351292226376906e-05,1.5405163293323378e-05,2.6381078437495147e-05,2.3794515534703668e-05,2.698394570935601e-05,8.191108364445863e-06,7.851150464949822e-06,1.8466928445602703e-05,1.646130193584361e-05,-5.129776603650293e-05,7.917825044822472e-06,0.002926618749665901,4.435442023595517e-05,7.654488573572753e-06,7.229187966667223e-06,2.1360749854085873e-05,7.72283692208679e-06,8.449602892864135e-06,1.4048756694847029e-05,0.00033999987109084015,0.0003390128372137975,0.0003387168196669846,0.0003374045364954912,0.0003361381326396523,6.880436102441179e-06,4.955461619944763e-05,6.3650641884491896e-06,1.9647875517070372e-05,6.585024882729768e-06,6.3081326608493565e-06,6.909059126548856e-06,6.1608563888930585e-06,0.0001515000285877183,1.1765311036951757e-05,6.2222510446922745e-06,5.227717163669935e-06,5.360101308865626e-06,0.00011451192287977094,0.00011382570614196597,4.946876770023971e-06,4.946876770023971e-06,8.960143621888618e-05,9.694859623557106e-06,4.770280480857148e-06,5.814812715547047e-06,3.865296078846967e-06,3.37699465601951e-06,-1.999230218498349e-05,1.5994406084441094e-05,2.4306253803588627e-06,2.38688455035077e-06,2.5169116633490513e-06,-1.4467316047098959e-05,1.9634735694022618e-05,1.4293095180668579e-05,1.4581628606105132e-06,6.49957049468161e-06,1.3278858180432808e-05,9.530559322606007e-07,9.155234577449547e-07,7.555139947864245e-07,1
1.046599325769093e-05,1.0698119352382962e-05,2.4816787345350593e-05,3.930153112451789e-05,0.0011121723491603263,-0.00012726045845253358,2.1391310725673133e-05,-5.771004007432042e-05,0.011656483358170504,9.556259226798774e-06,-0.0007131920677726211,9.643292334864265e-06,-5.8109948271144085e-05,2.0095934332222593e-05,6.557209234007809e-05,5.330603912890737e-05,9.275802674694766e-06,9.50730605986489e-06,2.0392641007712788e-05,9.641690210938875e-06,0.00013723778962883727,9.148719096530581e-06,0.0005874872285012167,-0.00048537009452411146,8.994694726676273e-06,3.2262151136505224e-05,2.9654284538777537e-05,-0.00018004046713192216,9.319461144169654e-06,9.150021099348748e-06,-5.5843136623373314e-05,0.0003552986766602608,8.903766503305352e-06,8.703317626122377e-06,8.804308827207165e-06,9.43780814077197e-06,0.0008088284188167435,9.099133287748249e-05,-0.0001749783976308335,-0.00024300840281009486,6.096571775492062e-05,-8.430390967474469e-05,1.9171818040092527e-05,-0.0004120223169446919,8.5272857830914e-06,0.00016679578393165954,8.931008667119815e-06,0.00036831815919344865,8.660370511382524e-06,0.0002703401509229272,6.946722268231584e-05,2.2194658675822914e-05,8.311091205425367e-06,9.316303495956606e-06,-0.00020897389422000346,3.112647734168565e-05,9.354712106586121e-06,7.730753252384412e-06,7.688302554438117e-06,7.1018222723381625e-06,0.00013751180176394123,0.00027488226851797706,6.364016457318022e-06,0.000323540649938155,4.0672036005116795e-05,1.5115726605704505e-05,5.8059137585709696e-06,0.00013727676259853497,5.792641324935061e-06,5.742964677100201e-06,1.2940252297765573e-05,5.7986068361822744e-05,9.417535426317614e-05,1.6246862347868193e-05,2.3296155667349544e-06,4.3899959764529374e-06,-1.102524036349942e-05,1.3318009904429145e-06,-1
8.635751384771466e-06,-8.864149414459159e-05,5.2609116429186303e-05,-0.00012790170809657593,1.735211277141756e-05,8.62819656611226e-06,8.805620662647314e-06,8.626893414881995e-06,8.736178636972574e-06,1.1321080120750643e-05,1.4533682479400616e-05,7.98938489005189e-06,7.516680919066565e-06,-7.832577942140789e-05,1.4088761723816523e-05,7.416905288133727e-06,-4.85364152416747e-05,-4.282292350283164e-05,1.3163747180067135e-05,7.91992887713263e-06,7.962189230702659e-06,8.466260438144278e-06,-8.426239001264195e-05,2.144137477197652e-05,-0.00011164940800101758,3.968606351283249e-05,6.75678594825189e-06,6.4302825075462035e-06,1.5818479721471226e-05,-4.014088311884677e-05,6.4965871009060305e-06,4.2565158157889125e-05,6.333557434683641e-06,-9.628445181534172e-05,6.110865075162031e-06,7.697489883144225e-06,-3.702673456457242e-05,6.376940427561046e-06,-3.598593214276306e-05,-4.008074583000906e-05,8.250491335215293e-06,6.128961763281916e-06,3.450530653775064e-05,1.065094719399412e-05,5.755248942394632e-06,3.3625218800858525e-05,6.860096396666811e-06,-3.4402889230887445e-05,6.42181911529232e-06,5.780988214326913e-06,6.180800901964635e-06,5.519354080914492e-06,8.936676979965317e-06,5.594855512670269e-06,5.712780776253515e-06,5.9885631090128195e-06,6.312307653267736e-06,3.2010918217548776e-05,5.362601253861424e-06,2.328562957716345e-05,4.941091372233382e-06,5.0450009012296295e-06,-3.298617205812783e-05,3.2782362689243265e-06,2.1039322827964457e-05,3.327751366535386e-06,3.2560158266144875e-06,4.939765462954836e-06,2.7820898554772067e-06,2.2393240287515336e-06,2.60311406166689e-06,1.5820745983448195e-06,1.7634318795777064e-06,-6.588319822004264e-06,1.6663812496100324e-06,8.505516086628967e-07,6.318428354479e-07,-3.3443402540462086e-06,-1
5.171886033175847e-05,5.010334699912132e-05,9.972312362535603e-06,4.9115942832279493e-05,1.1907157542454125e-05,2.3438063268156784e-05,5.8024912426206407e-05,2.2832585698495225e-05,4.734739525766166e-05,4.9853928452125225e-05,9.28958439921311e-05,2.16593693498352e-05,2.0293662026405657e-05,3.120741018303047e-05,5.4865469254678284e-05,0.0005538668999915723,4.938669818662319e-05,8.178170487469638e-06,2.9576625990013375e-05,8.005256321337882e-06,9.598982291727867e-06,1.4204478591624733e-05,0.003414720477270879,4.434879013870248e-05,4.1977174435948116e-05,4.16383721926975e-05,0.00020891857877395383,3.969025929400642e-05,3.9436157611568456e-05,6.565398546579749e-06,6.523654925454169e-06,7.589940676110695e-06,8.982607950001209e-05,1.4791327077975057e-05,6.889892097470131e-06,6.30944346618685e-06,0.00013413146970090085,6.092960423693228e-06,6.0759531485723595e-06,5.916263588963327e-06,6.598027864611652e-06,3.542596336386925e-05,-0.00010707531806512041,7.584259935111271e-05,7.05611779333604e-06,1.2918924615473699e-05,3.420603236937177e-05,7.189940567558493e-05,1.9656348288205594e-05,5.323938068199654e-06,0.0005435920567647073,5.31166364378931e-06,0.0004839032912349189,2.089697478863073e-05,4.95650206000933e-06,4.720680758038985e-06,2.586825057251549e-05,2.5852228282398426e-05,4.003442590610851e-06,2.313129965513222e-05,3.848158229120982e-06,2.2792497411881596e-05,4.727919867489835e-05,1.3583592725596229e-05,3.7319495275675963e-06,1.8346377425273282e-05,1.4407659771240606e-05,2.2635861397428327e-06,2.0083725991811633e-06,1.9804600231218926e-06,1.602088244654157e-06,3.607089206805551e-05,1.4468744175655124e-06,2.0630664473744006e-06,8.833589114795075e-07,8.189929466189947e-07,3.0382192603105582e-06,2.973180001561972e-07,1
6.0480186720333745e-05,4.6750858260921715e-05,9.840147722170119e-06,5.89145758536592e-05,1.1705633154830994e-05,0.00041047224818380624,2.21228810521414e-05,5.760936756692357e-05,9.559457768033426e-06,2.1207396067207896e-05,9.907049599133506e-06,0.0001385618991130641,9.18934274896907e-06,2.0652659927387698e-05,2.1028147507337683e-05,9.25168046668971e-06,-5.979894103896429e-05,9.196230747801358e-06,-0.00019137799639137507,4.081211720978705e-05,-0.0001872143411175291,8.987948265220673e-06,9.26144161694886e-06,9.113804950319454e-06,6.368819594779044e-05,0.00024873257159574235,3.1798829170851665e-05,-0.0003436321563336727,5.1291643425832715e-05,8.90639213397513e-06,2.8062789384153367e-05,-4.936163824939059e-05,1.7670607063113e-05,0.0038433365410846464,7.580190457480665e-06,7.833973152391852e-06,-9.869736367112984e-05,0.0002553771564602899,1.6449560611854974e-05,1.9849341008929894e-05,1.6136334657971876e-05,2.3908599657274498e-05,2.3463601578786937e-05,-4.31802811850298e-05,0.0007139426907212939,2.3832310609285432e-05,6.893777204291072e-06,0.0004086712607129625,-4.62094509953576e-05,0.00040409302219167396,-0.00023657920178361797,6.6146315803712325e-06,6.616033130867017e-06,-3.911595588666469e-05,0.00039305223218621504,6.846656624529072e-06,8.182867287092053e-06,6.1879534308871964e-06,-3.657896012767028e-05,5.626274439491622e-06,1.8546436103229096e-05,1.8635201031728492e-05,5.199141294777055e-06,5.377440234589769e-06,1.730166699976384e-05,2.5766094425407577e-05,3.526693701866587e-06,3.1487360259344507e-06,3.062035469340957e-06,2.156112069186438e-06,5.5167190548041425e-06,2.0718452830964146e-05,1.0503207207092665e-06,6.498758406977793e-07,2.9010690943144217e-07,7.649936719573946e-05,1.0327213633518019e-05,8.567854458471702e-07,1
1.0730262108879023e-05,2.258145000139583e-05,-6.093068932504628e-05,0.0003796344634764493,1.2796362503403447e-05,9.592248267747466e-06,1.0554323797939837e-05,5.5795990951482455e-05,2.065818762481659e-05,9.255540182674028e-06,8.877579868378171e-06,8.771069117348417e-06,2.4596418375984047e-05,5.9949494562447844e-05,9.81322165427187e-05,0.0003186903817006572,0.00031805601026996515,0.0003143627280753005,8.003421947863323e-06,8.665897469381034e-06,0.00030997698578850725,0.00034777593628050244,0.0003103831108256267,0.00020054804707268924,7.949084800703419e-06,1.0628153319598818e-05,1.6491024101289173e-05,-0.00010733828098729175,7.730789872355154e-06,1.018750054136676e-05,9.893732022545387e-06,1.6112602334032384e-05,7.338397906061466e-06,3.3073634208233774e-05,-4.750963307301212e-05,-0.00010652076043990147,6.767055628229769e-06,6.635869930982788e-06,6.56326921933328e-06,2.187231192032126e-05,6.375891882485227e-06,6.345281148493164e-06,3.898481856244272e-05,1.4774955989156421e-05,-3.6338535003565955e-05,4.87573284788365e-05,1.3026759485792311e-05,0.00045641309412812985,1.2869311554007704e-05,6.207412483671151e-06,6.177510212445798e-06,6.717076503079377e-05,1.3143643217377533e-05,0.0002892738057454489,5.556527054405625e-06,6.595174147736102e-06,1.1521704392810575e-05,1.1980314769949626e-05,-3.1184713111442745e-05,3.024916541602835e-05,4.954945658475298e-06,4.81128525353141e-06,-2.5133002197371006e-05,3.989736717135347e-06,0.000185888014011099,2.923502373464277e-06,5.2145406811381285e-06,4.168565069844459e-06,1.4837789731058316e-06,7.828997011643605e-06,4.9930101061987515e-06,7.345340528171639e-05,-5.2904053214174995e-06,-1.7268591411800657e-05,6.286352970870434e-07,6.052333292783948e-07,3.3688965420639853e-06,-4.09259991064191e-06,-1
0.0009181712785212555,0.0008570456822450147,6.077454425497167e-05,3.623206215122114e-05,2.2630955076893936e-05,4.274270932059086e-05,3.907037365322657e-05,0.000132099215481662,9.491173863614204e-06,-0.0006527788453270338,9.244867017314776e-06,1.1376874099128364e-05,9.14537624354964e-06,9.125298796628222e-06,4.307953697959178e-05,1.3430875903366593e-05,-0.00011815582165830632,0.0005401954189781581,5.194025275998734e-05,8.621699375236966e-06,0.0002311941089611462,0.0006351621071831459,0.000105860351197191,3.5557194788297436e-05,4.945835211870727e-05,8.068023040706329e-06,0.0007655518459382346,7.977004504918989e-06,1.0613148434164579e-05,9.156472803072606e-05,0.00010281621836757732,0.0013783656842090604,0.0012824050174360736,0.001311385907415582,0.06528897058824339,4.619662354149878e-05,4.4753254139227285e-05,7.533001683473477e-06,1.6329193576542883e-05,7.391478146844264e-06,1.6955075011331042e-05,7.372616184802485e-06,0.00015043562880145582,2.0778868304556562e-05,7.4016497710459615e-06,6.831582171167145e-06,6.747444204898691e-06,1.565655042927294e-05,6.722788153261552e-06,6.785073943461769e-06,6.6261531591885455e-06,1.4820782576789175e-05,8.741252159276535e-06,6.312937750485005e-06,1.4729012184823079e-05,6.474569799601012e-06,1.403790444120827e-05,1.2623442163787325e-05,5.614218278033788e-06,2.630471647639188e-05,5.8600191667122176e-06,0.00010566783325705914,2.9272874330743456e-05,3.8445165376754455e-05,5.26719613633361e-06,0.00010610209622786134,4.9688868703443435e-06,5.431062846105694e-06,0.00025412762167977536,-2.9084937156091697e-05,3.115688897910386e-06,2.0446584577764226e-06,1.1663602885938838e-05,1.6798489955329863e-06,1.0442145809729678e-05,3.1809028115533454e-05,5.164841873708635e-07,9.131444374481195e-07,-1
9.428322710449891e-05,8.499557371243485e-05,5.9930209524431324e-05,7.723834787446019e-05,6.034398376640889e-05,6.276381717490032e-05,9.741802238909459e-06,7.527310557165025e-05,9.979955123824206e-06,8.499891573388003e-05,9.40649113605148e-06,9.052124522641438e-06,8.889056019796636e-06,9.899906993233312e-06,0.0001501289804523126,0.00014735638383930584,8.975634636278833e-06,0.00534499689969108,1.6081521493373835e-05,1.1055414452870073e-05,8.46633850924503e-06,3.0364940147025388e-05,-5.2960016251908e-05,1.568749210339089e-05,8.918785322347591e-06,1.0043569169385019e-05,0.0027586187470011758,-4.6611760156381856e-05,4.640948642302762e-05,2.8495677229725008e-05,7.4209166669034145e-06,4.431653661711323e-05,4.394040252536018e-05,4.310454898813118e-05,7.1840914980218634e-06,6.968162667571038e-06,7.069240261077646e-06,0.0027202328001152683,6.706674332603663e-06,1.7122346629886225e-05,3.2261629448021464e-05,0.00014819387097304658,9.922012512105565e-05,-3.7972114921851097e-05,3.4832087726012464e-05,5.912451778769779e-06,3.366180915736112e-05,5.785610961592035e-06,1.044653694096317e-05,3.311846553620156e-05,5.484914536728495e-06,3.286769155720484e-05,-0.00011524751900247216,5.475155031767184e-06,1.0183859840648528e-05,9.790185566646187e-06,3.531412490495378e-05,5.183672071052899e-05,5.057121241459092e-06,5.23091420310712e-05,3.3423580124839275e-05,1.1349664532983972e-05,-3.3606039424919495e-05,9.468013312945448e-05,4.114827451624787e-06,7.790646844172616e-06,2.0447444599484314e-06,1.5350598296086628e-06,7.705876364123814e-06,2.410604441261377e-06,1.5244178861099009e-06,5.666705692319836e-06,5.233372505370362e-06,7.941752677898535e-07,5.84879383343535e-07,6.851602307643441e-07,2.855484925095492e-06,2.335391768170209e-06,1
4.5830023674721885e-05,5.9697850711432276e-05,5.961372776249769e-05,1.1521954410527591e-05,5.877249827315179e-05,0.00012892401654427793,5.550205431054182e-05,1.2443228739814981e-05,9.0029377440926e-06,5.296612707842007e-05,9.138357851118566e-06,5.2377287422184154e-05,9.758783397245463e-06,5.204080761862078e-05,8.470010284589205e-06,0.0008406083139584327,0.0002544289196656049,9.407415461322875e-05,8.578285833710647e-06,3.756040335588096e-05,4.682537066338843e-05,7.866413972218986e-06,2.7240820606940957e-05,-4.4981143360146076e-05,4.392323235765431e-05,7.500530060130465e-06,7.328735902536237e-06,7.194358799939452e-06,7.061168877695615e-06,6.8293521804087645e-06,4.0765828195444205e-05,8.994273572551176e-06,4.302925278254397e-05,6.510707719106207e-06,1.7185074995606183e-05,-0.000271955116415277,6.48172628478192e-06,-0.00027159185245695573,3.740127000331015e-05,6.413723597215583e-06,1.446126182009796e-05,1.3533927910771234e-05,4.4213887991946384e-05,2.8045376438624853e-05,7.5551533029183145e-06,1.2769708618850802e-05,5.803682829916652e-06,0.0003267646546573342,0.0003186450885275379,0.00025708680199484235,6.974479093646602e-06,5.545706032356826e-06,3.2605612387860796e-05,5.369147473582013e-06,5.300547680632911e-06,3.067106038238989e-05,5.137170046173172e-06,5.0838064114784466e-06,-0.0005744675446041331,4.62408121176851e-06,-0.00010569506990487614,5.852765534025248e-05,5.844314416867321e-05,5.836687798944313e-05,3.475689303717011e-05,2.7366569199931356e-06,1.465001155695897e-05,1.4607950082491676e-05,2.0994918765556288e-06,1.7705126238078392e-06,1.5155455373814033e-06,1.395878681201729e-06,8.13048301452819e-06,1.2505950052531222e-06,1.2483677085864703e-06,-5.4342188572847606e-05,2.1515277308331256e-06,2.301153931012331e-06,-1
1.01092709152898e-05,-0.0001362957234982042,2.2114651288520458e-05,3.461592989986434e-05,9.482220373699502e-06,9.444339234931366e-06,9.153520483438752e-06,0.00013653661945952755,-5.357162914434154e-05,2.0356120343957096e-05,0.00012204844770200429,8.904216096945615e-06,8.485349224279775e-06,1.0324441340782125e-05,8.75399606901998e-06,9.253870139935857e-05,8.861363359984293e-06,7.78854748603352e-06,-5.454078717765012e-05,1.7343872152569016e-05,-0.00013552616661836005,-4.502976673450281e-05,0.00014936193458280772,8.746279414587263e-06,4.414969682518054e-05,7.294650028497041e-06,7.337582798922243e-06,-9.44120718301254e-05,1.5916157948373346e-05,1.6023904805231155e-05,7.723146714557901e-05,1.4998214815289794e-05,4.4576379286094165e-05,1.2307887087250762e-05,1.5151543015880692e-05,-4.0505015405983935e-05,5.490057459265347e-05,2.1379283734864532e-05,1.3132210154323567e-05,5.6296056090088755e-05,3.594551578179325e-05,6.996857486956561e-06,5.8620793939287406e-06,8.184601744692884e-06,1.1204912626167171e-05,7.903981893756585e-06,3.0994213958697956e-05,5.7179241041013764e-05,4.034080410005758e-06,7.901703151756375e-05,3.8924840885415525e-06,-1.953300199113002e-05,9.969945119171758e-06,3.0195989316173577e-06,2.6504644871191914e-06,2.103422669381147e-05,2.4813057944960427e-06,4.1167751839207584e-05,4.165787532516492e-05,2.6819710429037974e-06,1.94344872070995e-06,7.918309872507522e-06,1.8897278972113927e-06,4.391490446531786e-06,3.758416551329709e-06,0.00010422945113181908,4.048220541953996e-05,4.61669110676854e-05,0.00011940303255510081,2.6055223090075558e-06,6.977101628989637e-05,1.0775126038969891e-05,5.9648621562827204e-05,-0.00013800675417365517,2.4099429518366823e-06,1.8894983934701485e-05,1.7062299366911498e-07,6.0279307631786e-07,1
6.085972355620498e-05,1.0317193098889913e-05,9.912177044599573e-06,1.0766145995535375e-05,5.7333777739859786e-05,5.729175496143794e-05,-0.00011784764513741411,9.023341096633118e-06,0.00012460735779928434,5.5968031839131365e-05,9.227944821847756e-06,8.950070617501254e-06,9.842725480206005e-05,-4.8948670207718885e-05,8.061642945707934e-06,0.00012341776924969794,1.0799948997209432e-05,0.0004361820034355602,0.0001668677357657562,1.747670403474145e-05,9.432419802756777e-05,9.009075441696127e-05,9.222068484721832e-05,7.31361292766617e-06,7.279607591326198e-06,9.075483941254754e-06,1.1992805612394824e-05,4.23288863357221e-05,7.053979378131388e-06,6.543570580860995e-06,0.0003445522572488628,7.758496622477328e-06,2.996433584764413e-05,-3.846553812041697e-05,0.0005114653155085255,-0.001572539503775152,3.698992976938954e-05,4.051609266482735e-05,5.933893146682614e-06,5.816571310267035e-06,2.2971784975359298e-05,1.2287842575399626e-05,5.576746099440255e-06,3.169575001026751e-05,5.2323710573592425e-05,5.212596168918634e-06,5.156573102684537e-06,3.0939438616107223e-05,6.84135410762938e-05,4.7924231721629165e-06,5.21025042086873e-06,4.8275358270457326e-06,4.435276124920556e-06,3.190776120217296e-05,2.3964566869962324e-05,2.2620013280344025e-05,3.5272206710686673e-06,3.197548449826063e-06,5.056383269376238e-06,1.7872058417004423e-05,5.3227242906442394e-05,2.4208108467798907e-06,-4.0294059050628215e-05,2.7351025221910978e-05,1.5297773965067511e-06,5.117420909105757e-05,0.00011678064551001522,2.7408271357034447e-06,1.726072500436776e-05,2.0174337972699455e-05,9.448468614336783e-06,1.6718420143982022e-05,8.80389943446576e-06,1.2908419969066487e-05,2.1215821877616426e-05,1.214486705887358e-06,3.1311009389017496e-05,3.647746134905927e-06,-1
5.3199429632116264e-05,0.0006954677938576266,1.1263073908498784e-05,4.7234081966357654e-05,2.241587567807059e-05,6.110451140715187e-05,4.1092030391576e-05,5.330228346073845e-05,5.316736601892831e-05,8.838741429519695e-06,8.793768948916314e-06,5.271764121289451e-05,5.244780632927422e-05,8.940571538112504e-06,8.628869853370587e-06,5.145841175599985e-05,8.471466171258754e-06,1.2676173151975851e-05,5.046901718272547e-05,5.931706519611589e-05,8.329053316014716e-06,8.329053316014716e-06,9.877858398517102e-06,4.843688766053892e-05,2.2897903230951002e-05,8.040068572747543e-06,2.799082978406002e-05,4.761229276299444e-05,-0.004388842657472436,2.9352866770784968e-05,1.439996857690919e-05,-5.046515130547714e-05,-7.908007762388003e-05,-0.0011384592247906283,1.957651730991984e-05,8.256161910865185e-05,-0.0001769008018164172,7.426416158274303e-05,7.54355072970971e-06,3.928005039211778e-05,7.53606125300183e-06,4.5081556937269154e-05,4.409294601182915e-05,4.3284082527378236e-05,7.284300851271348e-05,4.2924587645400064e-05,4.134371661370811e-05,4.189103985971278e-05,0.0007764722625450324,1.0372123432132923e-05,3.950938626660732e-05,3.950938626660732e-05,3.853514209939611e-05,7.002284398741152e-06,3.777182102124629e-05,5.874333467443974e-06,2.7269256423645446e-05,0.00016309283999024055,3.339797327297819e-05,5.341644577593335e-06,3.142075142209818e-05,0.006065438572038115,9.977273599052745e-06,2.7422763972218257e-05,4.132758260494158e-06,2.711151540608851e-05,3.26160522564472e-05,1.0374970014213903e-05,1.867396816288192e-05,6.1008946853494166e-05,4.586235230852318e-05,2.5420103867771063e-06,2.287973724763052e-06,2.023245078558024e-06,1.0886225234279536e-05,4.39578933391381e-06,3.000328775886871e-07,1.3088917492034841e-06,-1
1.2118007403591217e-05,0.00030311545456376446,2.34288159083233e-05,3.262315562023379e-05,0.00012020868897517563,2.793220547218743e-05,2.864407510997775e-05,0.0004975950916623209,7.579324749803795e-06,1.7663740494910073e-05,1.6395199283979094e-05,2.055162152545705e-05,1.7293003989064696e-05,3.5690623146324013e-06,2.0671047840293124e-05,2.0600572753046548e-05,2.0600572753046548e-05,2.0600572753046548e-05,0.0002069683486259094,0.00022188897560528935,0.00020889359081679708,2.0600572753046548e-05,0.00020578064063000507,0.0002062603046020104,1.8986504282059847e-05,0.00018986504282059844,1.8769021600216573e-05,1.8921327994661335e-05,1.8921327994661335e-05,0.0001923078173630903,0.0001895178927355028,0.0001895178927355028,0.00020147318140599784,1.895178927355028e-05,0.00019306020048972354,0.0001908462581433356,0.0002019159698752754,1.895178927355028e-05,0.0001961597197746667,0.00019040346967405801,1.8967019912994762e-05,0.00019055648776399798,1.8967019912994762e-05,1.8967019912994762e-05,0.0001901133434469728,0.00019705392780033963,1.898986587216147e-05,0.00019034233681026127,0.00021430095359717557,0.00019101554203381779,0.00019012711831328186,1.901271183132819e-05,0.0001899148893682949,0.00019345634321539957,0.00019611243360072802,0.00018947220763740683,0.0002000965691787207,0.00020673679514204187,0.00019546165790908167,0.0002052123585145096,0.00020565557217839267,0.0002009781789666621,0.00019253016808113614,0.00019838946853381162,0.00012132219703980709,0.00012188910994857002,1.213221970398071e-05,0.00012132219703980709,1.1523070460397504e-05,0.00011576915325986617,0.00011630760191575724,0.000135750516255582,0.00012367127708112714,0.00013675135562735155,0.00012545222452956396,0.00012458306059896497,1.3848805016143288e-06,3.2334950310646527e-06,1
0.00017222755359606908,1.2628192882642321e-05,0.00021131457058410548,7.40271555605537e-05,0.0001651296160383885,7.212679003113526e-05,7.181006244289885e-05,7.181006244289885e-05,6.548356583923209e-05,0.000270773530771014,1.92861964946654e-05,6.869557449190756e-05,1.1414070461069433e-05,6.806211931543474e-05,6.732308827621646e-05,7.273365662542775e-05,6.589781412915264e-05,0.00024183797999909325,6.27305382467886e-05,6.267775031541585e-05,0.00025307315649563165,1.0314321890804142e-05,0.00013336895171707125,6.114690030560657e-05,1.0182352062372306e-05,1.0164756085248062e-05,5.7567269107846236e-05,0.004058283492912972,1.0129564130999573e-05,6.0513445129133756e-05,6.0513445129133756e-05,8.703377595999749e-05,0.00036477063702203163,0.00013470277399846382,5.8507503736969855e-05,1.893106181196023e-05,1.040345426531706e-05,7.756511111247386e-05,9.557694874461618e-06,4.8273988587286234e-05,-0.00010487446408035245,1.8545010577967084e-05,9.293755217597947e-06,-0.00010191844968432618,-8.057071547772178e-05,5.1107195257393306e-05,8.77840787201041e-06,0.0006165329158459408,-0.00018044424770283248,5.216664476922138e-05,1.878066547438556e-05,7.79821234173946e-05,6.4406078429050234e-06,2.102443962455693e-05,4.433329953570238e-05,-4.86198076112815e-05,-3.852765657894907e-05,0.0012026617810675742,0.00010387520390860641,0.0005834242747294407,1.7571564349431382e-05,0.00018555950024104,5.0920931147231876e-06,3.9422909534071224e-05,5.699844201748411e-05,5.690879514934867e-05,5.076245102537857e-06,0.00013050390185738575,2.8823714182754865e-05,3.822643721333627e-06,4.163950604804549e-05,-0.00012686402552858505,2.2340671999058128e-05,0.0014540850980301562,2.6125972688077142e-05,2.142328972379178e-05,5.276814811826194e-06,1.4191436952212787e-05,1
0.00014918236126347463,1.0792301764276555e-05,6.794416699841928e-05,-0.00012414992205447958,1.2414361072594631e-05,9.481514940931205e-06,2.5487935016312892e-05,7.590922378063711e-05,0.00030992464538392284,0.0005135601120253109,7.616819911471153e-05,0.00011603498248537059,8.9742615608448e-06,-0.00017591845928538517,9.06873596055907e-06,8.658923537235062e-06,1.7769927628697718e-05,1.942415799794146e-05,2.8498070320029338e-05,4.9990218913300364e-05,1.7756834867574928e-05,4.826214297787702e-05,8.382578478676208e-06,7.918162905881936e-06,4.3829115996576293e-05,7.813716437556067e-06,4.240307009362689e-05,4.208625923206716e-05,0.0003208896412975814,7.71173754213293e-06,0.00016510711647506256,1.1503598174413273e-05,-9.415317595171459e-05,2.4039108753629266e-05,7.45421025956325e-06,5.847729642289204e-05,6.864452126007014e-06,1.4797461724158968e-05,0.0002558861336152363,0.0002559144436385092,6.813788076945339e-06,0.0002586004767366392,9.171408769630777e-05,6.45554313096383e-06,0.00025249221173653363,6.52772704923828e-06,8.151851227920014e-05,0.0005860717522896472,8.291800559958629e-05,1.8724469911883672e-05,7.332215046240243e-05,5.711833907755607e-06,5.596265562097867e-06,3.131477655645938e-05,1.105909950921007e-05,0.0001177533510781577,0.00012226488960343038,1.1687025735774968e-05,3.123443975406269e-05,1.9431661460089695e-05,5.7307648117289834e-06,-9.611367178044692e-05,4.610242860939024e-06,5.161348945347913e-06,4.777010597499623e-06,9.300369031248784e-06,3.267566551685931e-06,1.783088128691231e-05,2.7273003383552726e-06,1.4100308319670027e-05,9.908008544429454e-06,1.7366358395364477e-06,1.2049592750326007e-06,2.254543426731317e-06,9.819745991690525e-07,-2.650579061785657e-05,5.953786375197884e-07,5.953786375197884e-07,1
0.0004897166608537896,0.0003103826992957213,0.0003230608990226086,0.00022687153027326108,1.6800384677761624e-05,6.886915759628655e-05,2.2054412226292295e-05,0.0002073032732033306,0.0002136679690166864,0.00021199115544778948,-0.00018810070180368986,5.6745776501172335e-05,0.000437195191116397,4.360125448028674e-05,9.243422238967505e-06,0.04307157670250897,0.00020025346046551127,2.8543291541296063e-05,3.2477013783794135e-05,6.682347128943186e-05,5.2509783126358224e-05,0.00016860296795520848,0.0013454466847097923,0.00023914815849034846,0.0006822521652442652,3.468698849625776e-05,0.00016857317174107068,0.00016841112110733739,0.0004155095664635181,4.682933548608042e-05,0.0001518078742975605,4.6096374500238126e-05,7.66745906283464e-06,2.354731706121637e-05,8.145461764821908e-06,5.182124633307853e-05,7.323883600721064e-06,3.686056173434881e-05,0.00014896504505934076,4.188184883164493e-05,1.2597958758961125e-05,6.88105300510801e-06,0.00013421560406224288,0.00011814708658017806,1.394514476061647e-05,1.3754821488364667e-05,0.00013924200703534245,2.3846604953714637e-05,3.6202358815742957e-05,1.3548637943425213e-05,1.3437616034611662e-05,2.3288299891877598e-05,1.315213112623396e-05,6.378175935618835e-06,0.00012020142268834583,2.265691734850014e-05,6.618342627512238e-05,8.578150929069425e-05,0.00012953332590455582,0.0003553228657100499,3.388890121280694e-05,8.943855437392053e-06,8.287461858790249e-05,8.344811449146102e-05,3.20601578084059e-05,3.187728346796578e-05,0.0003172651438951553,8.801606662966662e-05,0.0002501386281471399,9.759430824947355e-05,0.00010018565621104353,3.1278970942678725e-06,6.4592644507012e-05,6.909519471357113e-06,5.579668749394473e-06,6.581938268986283e-07,6.724743765733246e-07,1.9304923975554888e-05,1
1.0562006366381121e-05,9.773060973308172e-06,9.747290633129356e-06,9.551279359184828e-06,-0.0001177205960042507,1.9596530542730913e-05,1.96921718835172e-05,5.374155944398352e-05,-6.308456900391482e-05,5.2145346202617426e-05,5.1473256416779065e-05,5.09271834657854e-05,1.834588233740798e-05,5.017108245671725e-05,4.979303195218318e-05,8.23583024127485e-06,8.2148274354674e-06,8.2148274354674e-06,8.038563370743397e-06,4.744071770174892e-05,6.00086771415603e-05,2.1766038128907625e-05,8.086669466920754e-06,7.583305628291967e-06,7.526444646614395e-06,7.862525790213872e-06,-4.519499556737962e-05,1.664651184788199e-05,7.184596582235051e-06,7.1425973621594366e-06,7.378176764971789e-06,7.030599441957796e-06,3.338127233723514e-05,0.0001490265170768949,5.425722924825912e-05,5.1814815307157354e-05,6.985076331721172e-05,7.3392156299370605e-06,1.4470348592004616e-05,1.996811660577612e-05,6.843626864489041e-06,0.0005293776293305944,-4.1591590392375994e-05,1.803276462341967e-05,3.697569336237054e-05,3.693369414229492e-05,2.8553534656665755e-05,9.599568157512574e-06,1.2141438748561706e-05,5.19801788287179e-05,1.1446266728829428e-05,2.860474361132379e-05,5.013110600052745e-06,6.271536540323287e-06,2.877708405340792e-05,4.097030316147259e-06,-0.0008906759437043099,3.795215034889013e-06,0.00030332903357616444,3.2711713549327245e-06,-2.4677763723676535e-05,3.0575135630048147e-06,5.288703364412103e-06,5.07156197762561e-06,2.2001867742533317e-06,1.8919747659131628e-06,1.752030628488468e-06,1.0694426516919481e-05,2.4977559873690627e-05,1.3502043328503659e-06,1.2693046760580752e-06,6.3611647726432765e-06,0.0001449580114147104,9.006968899692175e-06,3.0308685738952067e-05,1.5663168520581192e-07,1.3564485824656958e-07,9.191001113798793e-06,-1
0.000247240722529374,1.2397119295432653e-05,0.0043420863758514726,8.402725697735418e-05,0.0001005116645754879,0.0016495244651067741,0.0007062687096909289,4.752114848222828e-05,0.0003053086010458483,0.0003396087910327793,9.346834399005305e-06,9.359170205436535e-06,0.0011633755590798058,1.7077858332068557e-05,6.645330668995966e-05,-6.679522774605499e-05,2.9186252611174472e-05,0.0009901631682727842,3.2643267304460446e-05,5.561732522265963e-05,1.1604441059092997e-05,5.613926778164945e-05,-0.00192841754488827,0.00045876189011368216,0.00046873891118791484,9.99368387045174e-06,4.085149907637564e-05,-0.0016002600649794349,4.492491058347771e-05,7.3099250555402664e-06,0.00010087121073476891,3.273210429698922e-05,1.3614397686989065e-05,1.3600293156880814e-05,7.3314095398476096e-06,5.297450372728034e-05,6.774577053236998e-06,2.8710404476724942e-05,3.480266397437461e-05,2.199656868687759e-05,6.656167441385942e-05,2.155309206511546e-05,6.498160322491463e-06,1.5258009942353165e-05,9.691281915316814e-06,1.3319969263136064e-05,1.3303303677570674e-05,0.00020863154601051583,3.90827791692146e-05,0.00014181309939981037,0.00012878893584157227,0.00012736757735279651,3.9532395396628776e-05,0.0002091936606705081,5.200487855873876e-05,8.65339202348782e-06,-9.916013003969005e-05,6.931355715698493e-06,2.6376949557983522e-05,3.8304735160625424e-06,7.162663881308931e-06,1.5844654143105485e-06,5.310661796147964e-05,1.5220537523555937e-06,8.91803220254338e-06,1.2734313587805684e-06,7.2016879034843155e-06,1.146162352862641e-06,9.359103638986903e-07,7.784936457485116e-05,1.0693386701425648e-05,5.929702653064523e-05,6.220531748935674e-05,6.256747410237631e-05,3.487005687432418e-07,8.850708388989057e-07,1.5587828353025126e-07,1.5638839539589405e-07,-1
2.446154597456174e-05,1.0677053496451973e-05,6.317340605143882e-05,6.312896030507517e-05,1.0491862886603431e-05,1.553391382021899e-05,-6.029316401308283e-05,6.063999850871072e-05,1.0360760240308273e-05,9.483245950298043e-06,0.00030893030713167216,5.521002785515319e-06,-0.0005017628650394549,6.313957754724704e-05,-0.10297159516476584,2.813599910784142e-05,0.00018075803233305392,5.57431988868942e-05,5.565424886633045e-05,9.25351204769176e-06,0.0008943300769716181,5.428425677870865e-05,1.468343441578421e-05,8.817739773572579e-06,0.000330552549896846,5.205596005639041e-05,5.228419819234436e-05,9.330091384292671e-05,0.0008062269111410543,0.00016646637641181273,0.0015929344463980581,8.3936204404645e-06,6.294993828532286e-05,9.322511830963182e-06,8.074882866777712e-06,7.196355958575636e-05,4.7782172046438095e-05,-4.776910775542411e-05,2.3077518598873727e-05,1.4493748597542824e-05,1.6262394649576898e-05,1.1477591732092496e-05,7.285763753441657e-06,0.0009897268604945983,1.8010174684046947e-05,6.712391755449005e-06,0.00022295196758749912,0.002147296794260667,0.0014882006654851323,6.473782496630115e-06,2.8930390791508795e-05,7.627003963368521e-06,0.0001782219838845899,3.764186970216999e-05,-9.383266447916926e-05,6.978646198857963e-06,-9.177741099025619e-05,-0.00022150819973895452,1.4122158245198796e-05,4.7921065625682776e-05,2.945154410749798e-05,5.9107880693190435e-06,3.506231910582108e-05,3.446897337326621e-05,0.00017811476905081567,1.9340312389595773e-05,2.6362453040922027e-05,4.408593402262347e-06,2.5739492026372406e-05,2.560597920377209e-05,2.013195347715925e-05,6.7500976248177085e-06,-2.8051193535033742e-05,8.81916238823305e-07,8.58904239224311e-05,5.3317864371238184e-05,6.67854915526216e-05,6.889317590627051e-05,-1
5.4099578668071134e-05,2.3343157798368908e-05,6.160528576468826e-05,6.006559514949745e-05,-0.00012862837441573357,4.2862633639117315e-05,9.27689204199171e-06,5.5616186880394214e-05,0.00031043105143425953,9.141395927323585e-06,0.00031316147515821595,0.00030500159603082707,2.966659128727264e-05,0.00029601760720204796,-0.00012513705135215448,7.576360866867771e-05,1.027471983915677e-05,1.602692759477443e-05,5.525364670383461e-05,3.235913920577552e-05,7.914935627537087e-06,3.067318933925685e-05,4.604559810516577e-05,1.933999595249057e-05,7.568973542315156e-06,1.3129291406740378e-05,7.066816092563028e-06,0.00024200774038483325,-9.34864661439881e-05,4.1984304061256164e-05,-5.799838055619327e-05,2.0775714372127334e-05,3.066750148005893e-05,4.035978644369233e-05,4.017928448618523e-05,3.580821789605008e-05,1.3234686646016605e-05,0.0005168932236366298,9.337029117174796e-06,0.00011333953450970018,3.575698652726144e-05,5.108178888962649e-05,1.2657183570363775e-05,1.6496627021962607e-05,5.538326520360356e-06,5.523284690568098e-06,5.063346134781705e-05,5.455596456502938e-06,5.3954291373339065e-06,3.133468856833765e-05,3.038705329142541e-05,4.861444179708756e-06,4.853923264812626e-06,1.2806172671487874e-05,0.0001376395478899214,4.748630456266822e-06,2.718314354567451e-05,5.9630014039922995e-06,2.582937886437131e-05,5.808040500133147e-05,0.00034425879791345944,0.0001236952410394934,4.771483277339085e-06,3.951413477277159e-06,2.339260243802554e-05,6.4427910383906815e-06,1.2798492172381118e-05,1.699979419997854e-05,2.712858042513646e-06,-3.564369153019484e-05,5.41927896410234e-06,-0.003894715386702846,4.096473845293639e-06,-5.420243571694347e-05,3.5425773790552477e-06,1.3701516027321768e-06,2.0548347881720864e-05,1.4570165392660362e-07,-1
9.569927433181328e-06,9.84860656008748e-06,0.000440109625410399,8.746324652365232e-06,0.004562641508910366,1.42672910338734e-05,8.297475351006233e-06,8.158571763427132e-05,0.00012813428259151932,5.339404090719692e-05,8.296889948884065e-06,7.708534176873063e-06,4.8279589567691416e-05,7.465196008156773e-06,7.207702446509387e-06,0.00011368829217514364,4.5030094708258835e-05,0.00047392945271062473,0.0001146729228721218,8.600802109447305e-05,7.645144817104042e-05,6.616312504811665e-06,7.975990884047273e-06,7.095867886453417e-06,8.725172399729746e-06,6.4713395675965546e-06,1.0440842206880362e-05,6.979372433196843e-05,6.3513893453302315e-06,0.0010416411288530847,4.00636821040849e-05,5.82915619223938e-06,7.368317045737836e-06,5.829844398076787e-06,7.042890008535304e-06,6.514171297875116e-06,6.1854988831592165e-06,3.469024841661431e-05,-3.346508095012278e-05,3.3312717042866735e-05,5.271587450457332e-06,4.3091057265217075e-05,5.444040540160446e-06,5.033078996389485e-06,-3.415621051124784e-05,4.891840264799697e-06,8.99837905673785e-06,0.00012031838780798842,2.520719197515258e-05,4.738972059299364e-06,4.150066524874054e-06,0.00017733021304539956,2.4199542474163768e-05,2.5251447854031732e-05,2.5819309770830465e-05,2.3758148984295907e-05,6.395245948170645e-05,5.4775119735768314e-05,0.00015269753943973063,2.340181995254763e-05,2.353903616903087e-05,2.4009127637227356e-05,2.1302550158820942e-05,2.084071080420107e-05,3.2785163982275457e-06,1.890693573244417e-05,-1.8261336414233954e-05,1.4289139803297989e-05,1.168638209777923e-05,1.6494757736265256e-06,-1.873785256455365e-05,1.3039532020320314e-06,6.2285838432507615e-06,6.019444061358332e-06,7.43259846655249e-07,6.532636036110692e-07,1.800063176815064e-06,8.554409236406247e-07,-1
1.0400772695520255e-05,9.780973462073064e-06,9.865128675446454e-06,7.070532967056515e-05,9.225316213749095e-06,1.8275409682907706e-05,1.0602866873233079e-05,5.1249541825412814e-05,9.246440157881882e-06,2.3511148030014007e-05,7.777192982456142e-06,7.609764477148412e-06,8.193319261494624e-05,7.48433952318301e-06,7.015126004082759e-06,4.344557729312289e-05,7.846472442812103e-06,4.170936482971128e-05,6.903458773144082e-06,-8.838183844106642e-05,6.880162081778016e-06,1.972442940370697e-05,7.4575853157851874e-06,-0.0006412985259350469,7.010152182018437e-06,6.835890699797292e-06,7.796105768859898e-05,2.08056766315625e-05,0.00015743014875353026,6.671879711492722e-06,3.967527845752318e-05,7.705952198303756e-06,0.00012300509772431844,5.349637881275515e-05,7.508512193275308e-06,7.242439112192989e-06,6.43131881082888e-06,6.6646507441962134e-06,3.556748957299759e-05,3.612965202875148e-05,1.0633897891051217e-05,3.6624148899241014e-05,6.3177247695413125e-06,2.652725144444488e-05,6.060144510776167e-06,9.135595078405243e-06,0.0005060849385973559,0.00046977965690758045,6.099659665408126e-06,5.678749430370977e-06,5.833049340230309e-06,6.877130269693452e-06,-6.458358268442053e-05,6.032897972477811e-06,3.242884575660306e-05,5.72186141193714e-06,1.0016114443235703e-05,0.00044900366958657066,1.7621701268959155e-05,3.0055744989050274e-05,4.254121857040614e-06,4.420796780649612e-06,5.136471057131469e-06,7.18843860408503e-06,3.2121827041343283e-06,9.073812783343682e-06,8.292213521431021e-06,2.020941348567249e-06,1.7034329451999024e-06,8.21092202046522e-07,-4.4343656225491665e-06,6.159914417116036e-07,2.3352676346782456e-05,1.106771900752586e-05,9.681088885335091e-06,1.6523514142726712e-05,1.5008213273717738e-05,1.1472592808460366e-07,1
1.1349285849538066e-05,1.0269124792958315e-05,8.415039481634276e-05,-5.681323374111328e-05,1.4780438452904945e-05,-0.0017655689590822532,5.564227413244583e-05,-0.001989414564547059,5.33881194095421e-05,-0.0013486688551561145,8.616232220938739e-06,9.300982077292692e-06,0.0013758111456660263,5.114058076486129e-05,8.871870293080325e-06,1.2378070309586751e-05,1.0259007241722444e-05,2.2753176290046797e-05,4.849284414620498e-05,2.261096632399117e-05,-4.7143216589558137e-05,0.000807084473622976,1.4089585913328834e-05,4.719648666909627e-05,7.5131837983031245e-06,8.758152402116104e-06,4.4258076387649904e-05,4.4085228724035414e-05,2.8738311967961712e-05,7.304326204768946e-06,2.0002498633848122e-05,5.452326502412285e-05,7.417995720622606e-06,6.888836771841904e-06,0.0005708287239588882,4.209748059246875e-05,4.192463292885426e-05,0.0007121855877071509,0.0004553669925235889,0.00044407630323167513,6.854805779861537e-06,6.652930903971434e-06,-4.068767213589822e-05,6.306894346431272e-05,6.0589594403371445e-05,0.00029443124912555666,6.330721576473921e-06,2.2615965401946443e-05,5.866318918103229e-06,6.053093805991789e-06,0.0006983592688265838,6.389597529510386e-06,5.758333494375763e-06,5.568821453567039e-06,5.066205119481724e-06,0.00046226951210630687,1.8970508774225786e-05,-0.00037166392823760613,-0.0007801250837760125,1.4295096824222735e-05,9.190512155796097e-06,3.764530056586553e-06,3.5479353565194157e-06,1.275856790239517e-05,3.5302186875890066e-06,3.154187192118227e-06,3.090374948312201e-06,3.054392948863846e-06,3.3848483695717114e-06,2.566873791434242e-06,8.332834959310872e-06,4.241437215951036e-05,6.3846324899109325e-06,6.965130204969462e-06,-1.2711924229032945e-05,1.6104567988329196e-07,2.8546600592675735e-06,2.5680701688032018e-06,-1
1.0640008324271504e-05,4.600806121794291e-05,6.0922190981823526e-05,0.00022679592474649467,5.802381344092017e-05,9.642220107399406e-06,9.343857713482883e-06,9.173364916959155e-06,5.6015186574327e-05,0.00029309963878647094,0.00012056751820578697,8.747132925649836e-06,8.72582132608437e-06,5.288528293826133e-05,0.0001521298927022445,1.3464499109658442e-05,5.151912170746842e-05,6.0465031558655454e-05,7.37101735194494e-05,0.00018038153495557395,8.99748866064545e-06,4.861980672790353e-05,1.2361002460234244e-05,4.6871690343165864e-05,4.80615169251931e-05,7.767162545678652e-06,7.400909832931063e-06,7.365407732650288e-06,7.3512068925379795e-06,0.0001358118190216947,4.467273620120389e-05,4.210492289939228e-05,1.9559348462237144e-05,4.0528629646925956e-05,0.0002618428784093749,4.1532471776042516e-05,6.6266422732872845e-06,9.232686984755108e-05,-4.330540243786806e-05,1.3521412997865482e-05,5.9425369956119173e-05,-5.6255462580532075e-05,5.453657155925617e-06,6.693495918222042e-06,5.650463223826376e-06,2.624943488186779e-05,3.240202992967767e-05,6.942437694724738e-06,0.0003335725295893426,0.0003343242290223105,0.00033341145113942094,-0.0021064541749183045,-0.002102763121169489,0.00033355541452165206,0.00033583654881980845,0.0003332901663474479,0.00033535910210624086,0.00033509385393203664,-0.009665319969329239,-0.0020885148128134442,-0.0021100643155339107,-0.002119347178244264,6.6739782614775426e-06,6.941478953153097e-05,6.83540565968121e-05,6.555645770200018e-05,4.626142092320266e-06,4.622913650071005e-06,4.222831992730182e-06,2.175147098049715e-05,3.951683109999448e-06,3.199190756994495e-06,7.339022593878828e-05,1.3224692139858975e-05,1.1527266602840573e-06,4.018919859462504e-06,2.315137811111422e-05,6.037380491810373e-07,1
-0.0001564004575993077,2.5548099685474593e-05,1.2989352909434857e-05,0.0005278790007193263,9.207251568987911e-06,1.0169968109006354e-05,0.0007460299620576694,0.000825355389439427,8.951349005861694e-06,0.000726867610237281,5.5714418443844145e-05,6.637573487494228e-05,5.125843087438814e-05,-5.720349194745976e-05,0.00021692147454821346,8.259124542347849e-05,8.212867526723253e-06,9.175562752365858e-06,8.078732636658661e-06,2.5108553074303753e-05,7.972836670818194e-06,0.0006452739891995549,0.00015341419198759243,0.00015527575718408731,4.584617586710839e-05,0.0006530839631215977,4.5041366526720844e-05,0.0001630609699507365,7.464536034783955e-06,4.470249943603135e-05,4.466014104969516e-05,7.422177648447768e-06,1.9528910436435545e-05,7.251475440793454e-06,1.9510084486952798e-05,4.279637205090295e-05,7.0762508267022424e-06,0.00042113014326838514,6.9562353987497125e-06,0.00019417504416888482,6.893658454921603e-06,0.00040464692587724747,7.393284450448515e-05,5.26940131565987e-05,7.115859260569044e-06,4.044760115146096e-05,3.964942977986397e-05,1.8665920269260253e-05,1.1617815541447018e-05,-0.00011690419961215439,1.1140904303697068e-05,6.15894009811647e-06,2.9045361922685944e-05,6.304716558290436e-06,1.0812510663931576e-05,7.771341778961661e-06,5.888278081474223e-06,5.3655543935044335e-06,2.5869975690792214e-05,0.00010481939090317946,-0.00015420571588609352,1.3339076466647974e-05,4.563721975682502e-06,4.577423670132045e-06,2.6601575654178657e-05,2.554316875448348e-05,3.644442114210262e-06,-2.488715737129785e-05,3.2055090848606117e-06,2.6429223107716127e-06,1.4237895746824202e-05,2.4928787449833725e-06,-0.00011510731312891468,2.068319417271686e-06,3.1106382334543887e-06,8.561135533366653e-07,3.8428062040257874e-07,3.807948113454816e-06,1
0.0002586293767116382,1.0071111334379147e-05,9.792987447534549e-06,9.526486790111152e-06,5.6948525484806314e-05,5.31614108793159e-05,1.2937187929959007e-05,8.595747440145907e-06,0.00018643416279518957,3.284702310973116e-05,8.313030135034279e-06,7.914079997900535e-06,8.305045164045341e-06,8.58005784638787e-06,7.640997968066095e-06,7.644965542556763e-06,-4.4780094539455855e-05,7.4618014802399565e-06,0.0001476917967285433,7.56971523011766e-06,7.35285514846542e-06,8.364789858985971e-06,7.128531663187196e-07,6.98647505510309e-06,6.87462066643549e-06,6.7889513537732485e-06,0.00014935175252960776,0.00015259160462213826,6.828420986336072e-06,6.721376599759006e-06,6.596118355592118e-06,7.058326095663083e-06,4.2354306882239525e-05,6.859476064157374e-06,2.9339305830175825e-05,7.0597185719658785e-06,-3.791061720409158e-05,6.406625080434873e-05,0.0006193046625942306,6.267789811496433e-06,6.891662319386926e-06,3.872672929317427e-05,-3.852915302655321e-05,6.343600377472753e-06,6.0736553037549776e-06,9.332427489919445e-06,2.2187399348575262e-05,-9.968484357375561e-05,7.466759529257647e-06,3.7548771161988684e-05,6.061619167214722e-06,2.7835732829619538e-05,1.57792490218343e-05,5.791058843224377e-06,6.03800234248672e-06,2.399955838435008e-05,3.623044807598388e-05,3.4501008135172326e-05,1.1755797417675545e-05,-6.883244537784603e-05,6.226184078720079e-05,5.4989964904919575e-06,5.89115853726948e-06,5.324042985658052e-06,5.255463096141399e-06,5.821721071080985e-06,0.0004095543893131812,7.064072380000779e-06,2.9148001651138576e-05,3.0924236830371995e-05,4.282346546671484e-05,4.76849229727159e-05,2.9917461514814194e-05,5.790306103373138e-06,5.773470915279762e-06,6.2296643562709435e-06,3.5300065034396546e-06,1.3200531926942735e-05,-1
0.00010450666058899458,0.0003608939486844985,9.857136836901064e-06,3.757630403798701e-05,1.405290109386348e-05,6.97337911403398e-05,0.0001413083832499091,9.367793469892767e-06,9.382762805340566e-05,8.634431910873806e-05,-0.00010571969610999253,8.636101317911107e-06,9.700246612160731e-06,9.138471422367102e-06,-0.00011922444218781338,7.9529316750181e-06,0.0001951448700760631,7.58736088416411e-06,5.016273778844503e-05,0.0005072610509633514,1.005538778940997e-05,7.537938823557788e-06,8.85156297829684e-06,0.00011029020414017512,-5.6016442098711013e-05,0.0004436055600130833,7.360024552812561e-06,7.631788581501096e-06,6.876331074106303e-06,2.580000200214359e-05,7.122202810186847e-06,9.898801588595469e-06,4.378310388292652e-05,-0.003099699976803526,6.669154614140322e-06,6.419305027472586e-06,6.977073630360482e-06,6.501781710447719e-06,6.416299789603607e-06,6.769225582471218e-06,4.062758182607661e-05,0.0020159658306743585,-0.0024693402717544037,0.00010612910724005299,2.5343590253060663e-05,0.0002510809460129271,2.4627421239772464e-05,5.0452077145050396e-05,2.0948436511351333e-05,2.0948436511351333e-05,5.672655320293351e-06,0.00016928815502705095,-5.228237881861613e-05,5.437734547563746e-06,-2.6259171180400682e-05,-2.6744965315614325e-05,0.00018033258312174672,3.2466196223881937e-06,4.1056925816963445e-06,2.8463831916592814e-06,2.836364567688783e-06,1.661369836588642e-05,2.9208569630880085e-06,1.644518962165246e-05,2.7809355295070716e-06,2.8224601768258534e-06,2.368741460092089e-06,2.8367901816969142e-05,1.379117689996764e-05,5.356062921248627e-06,-6.789240231201575e-05,8.862296131124392e-06,1.6048051576363515e-06,1.2949523047717737e-06,1.1188107872017123e-06,2.6116101666982936e-05,4.64564999941317e-07,6.05112060629039e-07,1
4.6379637990699696e-05,1.0182162206195914e-05,4.6331226379701484e-05,6.70849752746741e-05,0.00017397210824022505,5.804404162576251e-05,9.336852471672879e-06,0.00023270337720311397,5.499645687473155e-05,5.3193660261445626e-05,5.293611788811906e-05,1.2175466392577088e-05,0.0005391186537629269,1.0341536341355532e-05,9.192080377763267e-06,0.0001308867923143566,8.300447613218763e-06,-0.00020094830664537573,9.702414228850066e-06,8.030690125349067e-06,2.399560645309563e-05,8.260711509055714e-06,7.97008536086172e-06,8.70326352212732e-06,4.6232589283516745e-05,4.630097250682637e-05,4.6103838779598894e-05,4.588925460640246e-05,7.58383384910815e-06,0.0002091350513020333,8.804899774104434e-06,3.0763008546252895e-05,4.4523067026118075e-05,4.4523067026118075e-05,8.752550895146238e-06,7.934713545791368e-06,2.939178932942279e-05,1.1513914072467828e-05,8.271393802354666e-06,4.173302464841367e-05,7.72703752447062e-06,6.898272469551932e-06,6.8155911034650525e-06,5.204418979695074e-05,4.0488236510668623e-05,-4.169375583641223e-05,6.744826216058221e-06,4.6716087503948035e-05,1.442433945067814e-05,6.111337439942995e-06,3.649632972410693e-05,6.0030637732277984e-06,9.168062769448201e-06,9.7083928981464e-06,3.477379443482751e-05,3.267086953750252e-05,6.457832302673062e-06,8.114218059186968e-06,3.077085478243193e-05,5.756988212714939e-06,5.119166608260892e-06,6.806045350007965e-06,2.8851271254606103e-05,-0.0018033147088556802,3.733393800948239e-06,3.875941143855927e-06,2.3214695992391288e-05,1.6384912435495175e-05,5.245812390042771e-06,2.992401859327337e-06,2.6729509731652278e-06,3.283878865729791e-05,1.3109645336854658e-05,8.143777595143008e-05,7.900249902891065e-06,6.0535062905053495e-06,2.525573450454573e-05,1.5863341353573454e-06,-1
6.0794504913694745e-05,1.7429453015389374e-05,1.006816626503484e-05,9.971866116174552e-06,0.0009974540101360797,5.775917310098175e-05,9.584086052867741e-06,0.0008234414673862035,0.0008439031535443268,0.0008347733419013872,9.620576240787264e-06,9.620576240787264e-06,9.191326701004813e-06,0.0008160098162719331,0.0008032918076788672,5.501953989971973e-05,-5.4463051905713394e-05,-5.442024513694366e-05,5.4377438368173946e-05,9.100673848021045e-06,0.0009874500200477488,5.199902151837319e-05,0.0007804519643526461,1.0795731164230965e-05,-8.965118924749551e-05,1.0072152520406062e-05,1.0055563287892834e-05,5.183525735290595e-05,9.464617806680932e-06,8.211951789214225e-06,8.346790181362424e-06,8.30399710173483e-06,-6.451955785531116e-05,4.8925327938229486e-05,8.139956963162382e-06,8.097163883534787e-06,8.07576734372099e-06,3.592679363467668e-05,1.4646208004764742e-05,-5.262521024354855e-05,7.929317136766258e-06,7.922188379113857e-06,7.886544590851849e-06,-4.5736683346277944e-05,7.811830507978055e-06,7.551492981188975e-06,4.4795687336160936e-05,0.00010634692346433907,7.250924662764562e-06,8.07098835012938e-06,0.00047844942484285706,1.1702186444924045e-05,1.1611967107562657e-05,-3.982769766105949e-05,6.609439142614349e-06,1.2867610704890887e-05,7.129070832595073e-06,-3.8330898114042324e-05,-3.8159835308668926e-05,6.324334466992032e-06,6.281568765648685e-06,-3.756111548986207e-05,3.751834978851872e-05,6.396567461301596e-06,1.8746942689714107e-05,9.8749835925216e-06,5.605296146565813e-06,-0.0005908089758780394,1.3483706519484559e-05,5.999965202200721e-06,8.960844554361159e-06,2.814579071474365e-05,6.602330576446581e-06,2.6136571980543707e-05,-9.047808847009645e-05,4.520242604386244e-06,7.952572005001646e-07,6.3602975445744115e-06,-1
8.597015526206268e-05,1.031118777758116e-05,9.229365849769082e-06,9.268228905863015e-06,1.0519195247755227e-05,9.031376036637654e-06,9.489599003411663e-06,8.89693370184042e-06,8.36480512744049e-06,8.166356906696793e-06,8.138007160876263e-06,1.996369633915871e-05,1.305728072165194e-05,1.2720162641714702e-05,1.5352122396171897e-05,7.644095424267807e-06,9.348685849517833e-06,4.529849961060183e-05,8.013066415290001e-06,7.42926351536306e-06,7.866307591133102e-06,7.2379027310744945e-06,4.3299842530254595e-05,1.5074136567456323e-05,7.68057385123903e-06,1.2128062045928728e-05,2.8975954982356804e-05,6.496132213239556e-06,3.5432174014391305e-05,0.0001149214438935089,3.866465908859824e-05,0.00255103992818867,1.047780919361826e-05,3.83244621387519e-05,3.8154363663828734e-05,3.785669133271319e-05,3.764406823905923e-05,6.523005363563704e-06,6.167699826349557e-06,6.499408722577501e-06,7.483797990599701e-06,0.00553823855052831,6.3425513060577704e-06,5.908297054448591e-06,5.9168264648013695e-06,3.4369672596788224e-05,3.402947564694188e-05,3.4186086296459075e-05,5.996413484510319e-06,1.2363519490107224e-05,9.323659758129306e-06,5.548538828555463e-06,3.1886015460295146e-05,7.957683733825515e-06,3.0155864908739208e-05,2.9943269101252638e-05,0.00010425259877110584,2.9220443355798324e-05,2.7902349349381622e-05,4.097642458765204e-06,4.083469404932766e-06,2.4288220622110037e-05,4.048036770351673e-06,2.4033105653126152e-05,0.0003780991899182574,0.00037853591509604136,0.0003779302291855609,0.0009594211337936999,0.00037660801908353077,0.00037433362523578,0.00037579402549591467,2.2033291011699446e-05,3.360427994159036e-06,3.2680904167394704e-06,2.8276860858360506e-06,9.362192166759465e-06,4.5907173514373174e-07,1.2425958181645514e-06,-1
6.942120818050765e-05,0.0076823719865534235,0.0003625362229592072,6.734139660941223e-05,1.0852746984241617e-05,1.0723766421693063e-05,6.434259853015837e-05,1.0691521281055925e-05,1.0570602003666657e-05,6.284319949053146e-05,2.87908711423832e-05,4.4606090016197566e-05,9.649733171525868e-06,1.397425907733288e-05,2.8199794263022982e-05,2.8055482973177268e-05,8.841914959550077e-06,1.0196545702787508e-05,9.273613546216936e-05,1.989776393873191e-05,1.2689523509593065e-05,0.0005586285168204912,1.8106590784188323e-05,8.032302843692512e-05,0.00015434866584839504,0.0009985461585991296,2.1896321750188977e-05,0.00010307535467780134,9.658416966823651e-05,0.0037062205235405656,7.305882352941177e-07,5.485427837632493e-05,0.015778076702611627,0.00030474131816016193,0.00019897001958211628,6.78098997571983e-06,0.00046140266466673444,0.0007698270651741567,0.00010116106738629362,2.8242252885831502e-05,6.851999225868406e-06,7.129236072515497e-06,6.080281298839746e-06,1.3870303986273514e-05,1.3853718268587725e-05,2.3993355477604345e-05,1.380396111553035e-05,1.3770789680158768e-05,-0.0004598895327513015,5.9424689393918835e-06,9.727621959015758e-05,3.2983219960804744e-05,2.263788358007162e-05,-0.0007102660295354583,2.2865001094359377e-05,-0.0021596916120359623,9.684791455697062e-06,-0.00021697121920351652,8.525815427015409e-06,-4.8091016621722307e-05,4.3148197720035075e-06,3.3387733789228076e-06,6.288551203931058e-06,4.427096002013673e-06,2.0255802657981083e-06,2.1817265384023188e-06,1.6908213564652336e-06,2.671804589837965e-05,9.015164267211477e-05,8.10535007929419e-06,2.9892342274981708e-05,1.0495247950105413e-05,0.0001046331446373722,1.4859272417140577e-05,2.980696741704943e-07,7.027381276043904e-07,1.0009540124722065e-06,2.7457351205585845e-06,-1
1.0304214996622847e-05,9.411166294168223e-06,1.0007895286657014e-05,8.930923819083937e-06,8.570769057813322e-06,8.594661639289693e-06,7.615198156058963e-05,8.017510960596535e-06,8.010411294472462e-06,7.853294171916807e-06,7.575384036108217e-06,1.096230256438582e-05,0.00014744438931944603,0.00028935344486507463,8.901654777266014e-06,7.262473935596511e-05,3.769342814784063e-05,7.5733826240771866e-06,0.00014512034408415558,7.652206873838676e-06,3.228409718277878e-05,8.17311214584541e-06,3.930055671866285e-05,7.091869424990166e-06,6.74004195797255e-06,7.84751464000012e-06,1.1983052972789047e-05,6.793728349687199e-06,6.386990841533404e-06,0.00047500121139391655,0.0017111873961149317,6.574098881030506e-06,6.344042501271155e-06,3.743359829949377e-05,0.00017837625648416827,6.519998672062277e-06,0.06025566638655462,6.1467017740564715e-06,2.948024292862977e-05,3.647169193361317e-05,5.9580806941498954e-06,5.670383906807016e-06,7.714946499638883e-06,5.541812719764401e-06,5.427937637593684e-06,6.569672942485072e-06,7.041876329672467e-05,5.104368824404511e-06,5.0526059311289065e-05,2.5198350859009806e-05,4.708466092388282e-06,3.4971398592524724e-06,3.725573551039366e-05,3.2189573517276043e-06,0.00014017286742537606,3.4828169245438493e-06,3.236176477622264e-06,3.236176477622264e-06,7.691498684563292e-05,1.538476714206255e-05,2.9486718903627505e-06,2.0460392688153713e-05,1.292678031987819e-05,2.058439424728557e-06,8.827058329137678e-06,8.784677599691078e-06,8.699916140797882e-06,8.572773952458083e-06,1.2690634086406954e-05,9.767345446459556e-07,8.674813399121219e-07,8.374251567796749e-07,6.87132893427528e-07,3.1480405832933873e-06,1.5735360569755396e-07,4.841928600545106e-06,1.2357312159968872e-07,2.406307668342274e-07,1
6.005461945408626e-05,9.570310014095336e-06,5.344912270743328e-05,5.204279114201685e-05,4.940059244335566e-05,8.084275695742381e-06,5.0164640449756735e-05,8.537939002493059e-06,7.7078334080299e-06,4.070690640259949e-05,6.329912581308743e-06,3.7681162731551996e-05,6.154609274606504e-06,-2.9313339181322184e-05,0.00244024555137673,0.0024160518221848994,0.0024108615127615505,0.0024127445830794494,0.0024084160887468922,0.002394132568274885,0.002377446938780101,0.002367441258289239,0.0023592471175313498,0.0023552065659801142,0.0023484124199473627,0.0023557024773139096,0.0023276041287210486,0.0022992738703896043,0.0022610380057753268,0.0022358370490234316,0.0022251700449121728,0.002277254784648347,0.002210241554745772,0.002210997330990386,0.002172912933629194,0.002156721680487858,0.0021522855897923615,0.0013395810639059537,0.0013344794911086214,0.0013265067796457725,0.0011976661009788152,0.0011933872699707159,0.002115854653513591,0.0011807973917468413,0.0011692711292540874,0.0011621421030581002,0.001157181614359619,0.0011474158005704321,0.0011352643989340427,0.0011259107147621567,0.0011253709455295196,0.001125945067488335,0.0010962971566999774,0.0010960344020455376,0.0010992792542938335,0.0010911195108609696,0.0010865313426453398,0.0010747484221236144,0.0010680974979771982,3.130678770567331e-06,0.0010456134511635054,0.0010405550412878567,0.00048749421814504786,0.00048434486190771127,0.00048501223180266744,0.0004796984503829127,0.0004602813828745345,0.0004509951973740538,0.00044849282692452835,0.00044168693710885644,0.00043073622500502923,0.0016036614157663393,0.0004272350621702752,3.128160029704743e-06,0.00013849263626680282,0.00010626283915436365,0.00011371963918898643,0.00010282543849956806,1
-6.610111103655961e-05,6.383524277486946e-05,7.899254885725366e-05,1.0797564638051218e-05,1.0021573746536037e-05,1.1355800340661099e-05,1.478838344821073e-05,0.005925081299084975,0.00027037786998226963,5.9467242588581674e-05,1.3642188264592815e-05,0.008534467952146803,0.007629968360312782,1.1860950411091492e-05,2.9723496406537105e-05,1.472254674049896e-05,0.005907132470373225,2.0041322063916856e-05,0.00017844676515634802,0.00048192776286252315,0.0055011155306022705,0.06432281736366198,0.0006551130786566521,0.00011245948114325672,1.0625962318442584e-05,8.297278214896513e-06,8.149797288019687e-06,-0.0005004641578294735,-4.567538883163657e-05,1.2891763726136395e-05,-0.0008794070429926531,1.0978410770756989e-05,1.639820494076999e-05,5.573673434257595e-05,-0.00010322517999166175,-4.126877766036494e-05,0.00018588217191300996,8.396221520145628e-06,-0.0007425169815280741,6.691543963097979e-06,-0.000316798142390422,0.0006004424825398896,0.0017122087720475374,-0.000287932854456123,8.734574227981754e-06,6.782382140489779e-06,0.000164733142452313,-0.00028044376461164685,5.988640754736265e-06,1.390818452173842e-05,3.8122011527692414e-05,0.0010729493456737662,0.0056304476397635176,1.0108206277849921e-05,9.230197697411264e-06,2.952698562020577e-05,8.827643300035129e-06,2.9735382520840885e-05,0.002093096787996518,2.2441168723532393e-05,0.0002343374999056566,1.991483522091652e-05,0.0014932841434922883,9.475642862974097e-06,1.3330875628745165e-05,2.9969530988229473e-06,1.744793844917701e-05,2.1666284307507886e-06,2.1369739783196405e-06,2.224608398648407e-06,1.2332545404803892e-05,1.5735393821278185e-06,8.996419506299681e-06,1.3342928941783984e-06,1.0713728764162156e-06,5.515945073422966e-06,9.023003591143254e-07,1.567979172296978e-06,-1
0.0001301989907030594,3.535934958824688e-05,1.0958185940457473e-05,5.831508491701988e-05,1.5235994744538745e-05,0.00010445941103108838,1.6948581057742284e-05,9.680822085849963e-06,0.0023340626463350172,2.4500535768665014e-05,0.0004436788107458574,6.371070041611116e-05,1.1097938275231648e-05,3.4800866567504866e-05,0.0002514621840926781,1.3638031074367364e-05,8.147027597627939e-05,6.457117984497567e-05,0.00041771989196643235,3.0065260583287334e-05,8.840561099041341e-06,8.411831566986148e-06,7.2789144163313e-05,7.733802816901409e-07,8.467226969425998e-06,9.061123080449236e-05,7.636113541205983e-06,8.33529164904624e-06,8.705642549259506e-05,7.709902044020469e-05,2.624318656995068e-05,9.266163610127415e-06,0.0028812551221283293,7.612264895046803e-06,0.0001666043300524363,7.11911345834961e-06,-3.976355847669099e-05,1.0303080965739431e-05,6.3759359272757785e-06,3.921519887143166e-05,0.00013220244114238488,6.933852466160707e-05,-4.104507429633958e-05,6.2561245385061555e-06,0.00010989880855829723,3.469859154929578e-05,5.802745774056056e-06,5.744070012557584e-06,0.004088035848185606,1.9941929412828103e-05,3.682959158645137e-05,5.8274825835464715e-05,6.20820489045014e-05,-0.0010381878277850895,1.2499461325981717e-05,0.00011159677771635814,3.766833508002666e-05,9.456271097438019e-06,9.557626943524679e-05,0.000993596635423675,0.0001099912247443938,8.09415539766216e-06,3.656751659959985e-05,2.7643884633295365e-05,3.2498468233190124e-06,2.4308987548947144e-06,-5.869384841765537e-05,-6.583484445251277e-05,1.2425753716051276e-05,3.01906223804743e-06,2.0834443285889993e-06,1.5384839866612002e-06,-0.00012031143792010128,1.121734732637555e-06,1.0107755248735903e-06,-4.6779215748306e-06,0.00021151328166108728,-6.417144166857668e-07,-1
6.219431420830406e-05,1.0094835069191136e-05,6.783345967072925e-05,1.111051353656789e-05,9.870955771896173e-05,-6.91405926080531e-05,5.6833992225681524e-05,8.700633801668483e-06,8.586937968931217e-06,8.883459419221097e-06,5.0901014786072844e-05,8.694780623124393e-06,1.0121897838881943e-05,1.0282953359052627e-05,8.235562700337358e-06,8.240542461087193e-06,-5.063202844496123e-05,4.6687951828907225e-05,8.491247785133629e-06,8.615766556574103e-06,9.248266296290163e-06,4.5208415794277614e-05,2.9732584384308542e-05,2.8948685151732788e-05,6.24908638807899e-05,2.9892218601326684e-05,6.97030484032804e-06,2.77296009694366e-05,-4.9774872174658905e-05,-4.916454039550269e-05,3.2753840252383896e-05,7.662294051595753e-06,2.7189609131591176e-05,9.027629941261321e-06,-4.0466444320946946e-05,2.684123510183393e-05,6.938623287215055e-06,2.660625538434115e-05,2.637990344828039e-05,2.6595351800957505e-05,2.631654424566e-05,6.2961469198749895e-06,3.656655295936754e-05,7.541802658339003e-06,2.8852231804681865e-05,7.069985730820529e-06,7.57717515904272e-06,3.0341873090110192e-05,9.87598679881378e-06,4.388264664956321e-06,3.8388324577952884e-06,2.8499221984524036e-06,7.857936337895334e-06,2.6545122696669195e-06,2.4594566872264653e-06,2.527876353897767e-06,2.4286969411398053e-06,3.527816292890799e-06,9.31895950352415e-06,2.319629046488457e-06,1.7768617915046547e-06,1.7680717906309182e-06,3.87039044963745e-06,1.6114361115441483e-06,1.0011094991520245e-06,2.2323802044481602e-06,3.0276065038032596e-06,6.449227761791124e-07,5.683575796332785e-07,8.684739970611877e-07,1.6414452466386358e-06,1.684228362734873e-06,7.016520478770056e-07,5.209481768492807e-07,6.633883345500486e-05,5.524142770340713e-07,4.496618367081348e-07,2.114299495467285e-06,-1
0.001188303892320802,0.0018642121759302147,0.0004726743828262914,1.0135425305669689e-05,1.0832206881778265e-05,0.0002485771450655338,1.4040856982713234e-05,7.66760043475257e-05,7.658895426967663e-05,0.00032255350000097557,1.3891205731913521e-05,5.753023650956479e-05,0.0004403733403804408,8.867933812908638e-06,8.741941541177984e-06,1.1491150148531679e-05,0.000111702146138793,8.627727091103223e-06,0.00010657902918750191,7.895510330761834e-06,4.6783285902260656e-05,5.4114985910562876e-05,7.51034480763599e-05,7.242198563429416e-06,7.182488995580034e-06,7.190150988748377e-06,0.0009747286214662735,7.067324287602931e-06,5.354216089317538e-05,2.7781061658370633e-05,0.0002509021480067394,0.00036972829535747193,0.0004156864150605678,8.501790911579648e-05,8.000112752545997e-05,3.750529310950535e-05,-0.0002912095662850141,-0.0001053410340065644,0.00010040474941452171,0.00010670101940502679,6.327009359362749e-05,0.004120908343123089,7.500181969119732e-06,7.422196221311903e-06,4.038568523161998e-05,2.463400542686349e-05,6.0968440086275195e-06,6.040415261266442e-06,6.685393831968876e-06,5.980869857175138e-06,0.00014239709832122963,5.900403153141558e-06,5.855264286288185e-06,1.1902210092011932e-05,7.4488221819123625e-06,6.762083332684742e-06,2.2679723297256023e-05,-3.3965720930951e-05,5.0030845567883866e-05,3.205546689861134e-05,3.173600530305217e-05,5.211259981389985e-06,0.00023313652356240868,4.248436486885999e-06,3.15997662672095e-05,2.852772154713386e-05,2.83241044244348e-05,3.4733079667797706e-06,3.410678774631899e-06,0.0005528350512071256,2.8008376207295124e-05,-1.932658448260936e-05,1.3859573614872785e-05,3.519074810897361e-06,9.895591215239282e-06,2.358962940061548e-06,0.0023839311897187096,2.3858448141900038e-05,-1
0.0010054496008979653,1.0260485760975698e-05,7.743335032316176e-05,9.470934607471141e-06,-5.7250700007242474e-05,9.017870743094471e-06,8.851012886929266e-06,5.2180593020638135e-05,1.5361057714797907e-05,8.766978219046e-06,7.8811540027418e-06,-4.703867890952583e-05,1.015315600272126e-05,1.692183403762533e-05,1.3652873910966854e-05,7.761167636025808e-06,-0.0002497452880076232,1.2712299963149927e-05,1.061168714891366e-05,-0.002137063388876428,0.0006731418262177171,6.6473728745106e-06,5.165695725324945e-05,0.0006657122893960627,0.000662081377248201,0.0006566950678199684,3.613151320995687e-05,-3.7479510931283194e-05,6.270670190457635e-06,-4.4443641802185265e-05,6.077522071007667e-06,1.613889222376127e-05,6.0412463313018295e-06,0.000610899126873343,9.61079466030643e-06,7.268491011300499e-06,5.8827852450735965e-06,6.12181503635535e-05,0.0005834494957990212,2.9541169970002676e-05,3.4939908284549554e-05,2.9578430986483654e-05,5.9151079682575866e-06,6.0995208315012885e-05,-0.00010760675812137839,0.00012270429966283568,5.675466892214428e-06,-6.61397705753533e-05,8.14401111235843e-06,0.0005692583462213952,0.0005727117598269024,5.809535099883267e-06,2.592388974801987e-05,2.3211664289413575e-05,0.0005598270147452633,7.158313581266631e-06,1.5190929417757019e-05,5.486933055380755e-06,3.2835624219361964e-05,9.324896313247628e-05,0.0005538252661776848,0.000551931776716905,3.27618606173316e-05,5.629051925153306e-06,3.145163562136301e-05,5.4360111746488054e-06,3.4573155990102104e-05,7.826223749259164e-06,5.3873039553714605e-06,8.628350868789556e-06,-6.536923700155894e-05,9.296890383074923e-06,1.0801988852284197e-05,1.0071033660107192e-05,4.1280074450753205e-05,5.347701817070162e-06,-8.972635206318031e-05,5.275935097978738e-06,-1
5.741665225517623e-05,9.409247339047756e-06,9.31802226996286e-06,9.141448076408242e-06,-5.0803288029799076e-05,8.363631396022007e-06,7.952797309599524e-06,1.853937643543566e-05,1.6208691729175514e-05,0.00013363473026203678,7.513827365366491e-05,7.081565414687509e-06,7.207597975856744e-06,6.8693812314477205e-06,1.1307588390045154e-05,1.115589144306742e-05,6.481311195497095e-06,8.338186993410423e-06,8.7411261007746e-06,2.1253606132668113e-05,7.08271278804942e-06,6.302527732513481e-06,1.1771633855119372e-05,1.9188089475464367e-05,5.638304155689952e-06,-0.00012852614704863782,-3.8509605289850184e-05,6.256382879895556e-06,-3.249440573801308e-05,6.2909177324920445e-06,3.712644219078612e-05,4.5718432400239825e-05,6.8584610895365135e-06,-4.146736654052373e-05,-4.0395892568869295e-05,3.057915218902015e-05,3.0421847965526073e-05,5.845992028705438e-06,2.7280405751713915e-05,2.3351482176431456e-05,4.060837064983033e-06,3.8062004292171338e-06,6.477050357811312e-05,4.230528175448633e-06,0.0003226473926855742,0.00034484126971298483,0.0003471674256865171,2.872758860319666e-07,2.8377296868731193e-06,3.400908905598261e-05,3.258384444803514e-05,-3.0425119518420156e-05,3.151932517965526e-05,2.2152705080984307e-06,2.489555779379303e-06,0.00017318083172587932,3.077804624668836e-06,1.5968754715880236e-06,2.792837637808053e-06,-0.00045219142944759755,-7.3607817151993345e-06,1.0471274306849696e-06,9.790916470748844e-07,8.472233986450881e-07,2.2013052927817023e-06,7.875172296617927e-06,4.413848873307101e-06,5.932144880157005e-05,6.489385752132024e-06,-0.0001308940583182195,-9.250669042334428e-06,4.696376199687356e-06,8.962538564278571e-07,3.869277241594246e-05,3.949906606874188e-06,4.4391154501997886e-07,2.198612318801574e-06,1.8316269226903283e-06,-1
