1.0373755328105823e-05,1.2081895802552953e-05,1.0312150883908976e-05,6.227613946966418e-05,0.001512371308176784,1.0034874565708116e-05,1.65185191107563e-05,9.485620878629998e-06,2.159801672277904e-05,6.401216573674342e-05,1.1603231642112508e-05,0.0008536226754967014,0.0008536931567709038,0.0008817447039033999,0.0008817447039033999,0.0008523540125610609,0.0008525654563836676,0.0008642653479012414,0.0008603888778201178,0.0008598886876622206,0.000851719620480732,0.0008712267895261832,0.0008538323102690479,0.000854325271219655,0.000851719620480732,0.000851719620480732,0.000851649197487788,0.000869043676744923,8.51649197487788e-05,0.0008540435792478796,0.000869677483681418,0.000851719620480732,0.0008519308894595634,0.000851649197487788,0.0008593957267116133,0.0008518604664666195,0.0008520013124525071,-6.074258409458456e-05,1.5082892815460149e-05,1.1502911183017208e-05,7.736961617917093e-06,7.770835123842267e-06,9.471040177274923e-06,1.1865498620499349e-05,7.439127537940635e-06,7.439127537940635e-06,7.098112994805877e-05,6.867529924318809e-06,6.851721669631198e-06,-4.4009167155707934e-05,6.996253241120319e-06,-7.617192948211016e-05,5.412245221600699e-05,4.319786636513921e-05,6.170501625325229e-06,6.394569762851518e-06,5.9545232669176e-06,-4.7899445081288045e-05,9.763463660838591e-06,3.429534738902404e-05,6.659173409999649e-06,6.015340787176983e-06,5.6843796903416295e-06,6.398115623463745e-06,5.7509033183294685e-06,7.5138321331626536e-06,4.495303500099951e-06,3.8012481791446407e-06,3.5158342973933156e-06,1.747215401131227e-05,2.955189477037495e-06,1.9209612414270886e-06,1.144228917098985e-05,5.531986688385166e-06,9.893440106337513e-07,9.989502219322045e-07,5.918174492358784e-07,4.6280910874432977e-07,-1
6.72179007173119e-05,2.8897232974971412e-05,1.037067132001786e-05,1.2710621703318807e-05,1.4989760155384268e-05,1.8619252182165818e-05,1.4733002944036768e-05,9.134311170635966e-06,1.4932682512048624e-05,1.522517894374671e-05,8.603863519728471e-05,9.011292290078606e-06,9.51205817318055e-06,-5.0431258314213524e-05,1.4538805813792809e-05,4.784827885604928e-05,1.1103829840773607e-05,1.6686024167209848e-05,2.2268254092445527e-05,1.1589883570430629e-05,7.175587931995634e-06,7.652831480788803e-06,-4.391837261041602e-05,2.3495973486517957e-05,-4.015585494388685e-05,6.550591690283253e-06,1.1434031125538676e-05,6.298832431518517e-06,1.3239261426819847e-05,-3.766575329335749e-05,-3.643196687546457e-05,6.0915487003764026e-05,-4.045307853334127e-05,6.726561831430916e-06,5.9911487590734975e-06,0.0006794783897753273,9.205132789974072e-06,5.816231279242353e-06,-0.0002594017209878123,6.379895044869424e-06,3.643937739112421e-05,5.447632015338367e-06,3.35579767701957e-05,2.506614576462077e-05,-3.075403768098756e-05,5.527867171097429e-06,7.927227194975051e-06,1.309274369815166e-05,8.898152567705485e-06,4.8507371949710555e-06,-0.0006283469893274265,-0.0006094011543010809,-0.0006533841021959945,-0.0006176813554141198,-3.154217780678864e-05,-0.000585187046047139,0.00010289245109520796,2.7443937160772394e-05,5.174872697895804e-05,3.443956618099286e-05,8.388922890526096e-06,1.6035978291036784e-05,4.292778652123712e-06,2.3420963637402132e-06,2.482935601630232e-05,1.4136242921033625e-05,3.423117643802595e-06,2.7103263924580747e-06,3.855327640536678e-06,1.667993765658558e-06,2.6756004850583214e-06,8.000471004241383e-06,7.11535788742182e-08,1.5936117785080806e-05,3.699310000014749e-07,2.7195458462191044e-07,4.3497340073883733e-07,2.017634814972852e-07,1
1.055873404979924e-05,1.0419390959353124e-05,4.1633142152966033e-05,1.6180031777532155e-05,1.510401635115611e-05,5.713445581562627e-05,6.73920504007538e-05,1.471293733241597e-05,2.1090731827584484e-05,5.4600567566665885e-05,9.97015297497573e-06,1.9917411771573347e-05,9.637252206471049e-06,0.001149608479152583,8.988979018884046e-06,8.751024501111694e-06,8.698229971537407e-06,9.096944389842587e-06,0.0001890003634553363,1.4494050580601474e-05,9.660963243474647e-05,1.0563251615180453e-05,8.973703047522302e-06,2.742405718747434e-05,5.103925966325515e-05,4.950692750926189e-05,7.805930099319204e-06,4.965940309020292e-05,7.941744146216006e-06,1.935747738771715e-05,9.267568640506074e-06,7.239164053774017e-06,4.308826036172858e-05,7.402737056337728e-06,7.29398290390211e-06,7.437740632796796e-06,6.983778711627051e-06,6.941841827451692e-06,7.234691311560917e-06,-7.697624465285135e-05,1.1371606599320015e-05,1.3900511065131227e-05,2.4160358189151485e-05,4.069587759463834e-05,8.668906421892774e-05,8.391080995033251e-05,2.2000160779013644e-05,-0.0001505840117963448,2.0908680042229743e-05,6.909002013187774e-06,6.506941295851783e-06,6.506941295851783e-06,6.169715308808447e-06,6.5850539516465904e-06,6.189078552379393e-06,6.645662357394084e-05,-4.085458506837926e-05,1.9340124664466712e-05,7.603115637621411e-06,5.994111800269323e-06,9.488091984544874e-06,3.546421351242017e-05,8.317491546933572e-06,5.139979710575768e-06,4.957823660202074e-06,-6.850052952253327e-05,5.406611800188457e-06,1.07969574599836e-05,1.18860957167558e-05,2.6963770346681206e-05,-3.7414228229242726e-05,1.5594654809476637e-05,4.068110405255679e-06,1.6218625146710456e-06,9.294883257268463e-07,9.511616973052064e-06,5.577433977116113e-07,-1.294107570995469e-06,-1
6.03235817400325e-05,-0.0018300725515009292,-6.035634570798186e-05,-0.0001005939095133031,-5.9467944319875745e-05,1.3651454623499901e-05,9.755746455411814e-06,5.785090874930608e-05,0.00021725960146738938,5.747662563892604e-05,-0.0002540104170046818,9.521537377105202e-06,-8.663059121488372e-05,9.450890944774953e-06,1.8599031118432585e-05,8.747939855797937e-06,1.8467873028906757e-05,9.638198094958347e-05,8.47088739976066e-06,8.458925193208891e-06,8.443144719551154e-06,1.3027113292398834e-05,1.2714780109009138e-05,1.2600665238138987e-05,8.008971840467103e-06,4.8219687977375156e-05,1.2053936963446875e-05,4.544069955291642e-05,4.549549009513307e-05,7.015718187954486e-05,4.503971900935779e-05,-4.41104337702377e-05,3.695885177453027e-05,7.1720272922783795e-06,6.645505240922968e-05,4.182023227363788e-05,6.942326407503797e-06,6.844877547296398e-06,0.00010929734251680129,4.081715723374723e-05,6.788241143398584e-06,6.815852936242805e-06,3.973133908087019e-05,-0.00017898570430611166,3.840480251715236e-05,6.606306407114319e-06,9.87002446321726e-06,6.218304407345249e-06,3.7225952646056906e-05,3.664161817302463e-05,6.195387549951004e-06,6.267103242127077e-06,1.3769088151113275e-05,5.757290422644163e-06,2.0587533171354507e-05,8.855470014366187e-06,5.886413176034065e-06,8.645016268777794e-06,5.559240265503493e-06,5.185101673130658e-05,3.333279647012565e-05,5.589551699827705e-06,2.3559104436553324e-05,5.411290463202145e-06,4.6896495852244884e-05,4.793051798687623e-05,4.7656022428063026e-06,2.5789018957546528e-05,4.301988679882685e-06,6.764685413320992e-05,3.726520360526558e-06,4.7202591233336404e-05,5.894960853579727e-06,3.967959186375984e-06,1.5689446654176124e-05,5.189224711973227e-06,2.3230340254522565e-07,1.284664628253929e-07,1
1.0091552194657655e-05,9.97985577764476e-06,5.9336066309973574e-05,5.833347857601362e-05,9.582211526513074e-06,9.484745720040212e-06,5.632830310809375e-05,5.5070547683895854e-05,9.5561254980919e-06,3.808119218606597e-05,5.381299799958139e-05,8.811616427975132e-06,8.679308829423282e-06,8.919363587916207e-06,8.398008710705481e-06,8.204439998757355e-06,4.9067595998939684e-05,8.154364197011989e-06,4.8691563876739686e-05,5.6000467439529174e-05,8.10563529427329e-06,4.855027650380197e-05,8.094369972667727e-06,7.891131331894874e-06,2.2695778019552184e-05,7.781009870834394e-06,5.666124583381132e-05,4.5466935990194335e-05,7.982666811958649e-06,9.903860288173947e-06,7.684669295788826e-06,4.417192683382941e-05,1.4772494701110722e-05,7.3706271548120245e-06,4.396305438925442e-05,3.470997671504543e-05,2.364301615512671e-05,7.158902326778578e-06,4.2619272913320394e-05,8.575915702629628e-06,4.396855553083673e-05,4.859656633164797e-05,7.056605770703466e-06,6.938419374793654e-06,4.157508214034828e-05,6.9222190849049e-06,6.893417598632667e-06,4.082326478380836e-05,4.041885718833971e-05,6.741396747402979e-06,4.0126387759961925e-05,1.4488231690170024e-05,1.4454556895809016e-05,8.721152566954032e-06,6.631672884382167e-06,6.491649685873005e-06,1.4084490277647103e-05,1.353682542621925e-05,-3.490371939607305e-05,5.68302745608631e-06,4.2327741074464676e-05,-3.1684073740834094e-05,5.280678956805683e-06,2.9089486425353636e-05,6.641714875979915e-05,2.650524741452846e-05,3.535351616123263e-05,0.0091840862197448,-4.884880546457317e-05,8.248817548499717e-06,7.847521972440236e-06,7.434806972927417e-07,5.3832591012949195e-06,5.360740093452408e-06,6.991150022471983e-06,1.3022283156419393e-06,1.535760239174394e-06,2.405024295625663e-07,1
0.00016590938057495333,0.00016181347358749002,-5.868521765371712e-05,5.8697439456396834e-05,5.828037354391773e-05,9.58587107927054e-06,2.6139343743689723e-05,5.565224840744511e-05,5.561115170405147e-05,1.7199039498706856e-05,9.485453752570851e-06,9.052942018871597e-06,4.449634545685823e-05,8.705390900586306e-06,8.538566363809367e-06,8.489901315455957e-06,8.413540163426411e-06,8.302322586765317e-06,7.940778440358668e-06,4.660150658008945e-05,7.759966817158148e-06,7.821837939375886e-06,4.595598190334455e-05,3.396914358161663e-05,7.382839306845213e-06,4.6307188351903934e-05,7.2265958475570684e-06,4.335957508534241e-05,4.272334680723228e-05,-0.00018915521159720882,7.664186982531727e-06,6.981537353891264e-06,6.939755166727149e-06,-4.121243928330719e-05,4.067930042613003e-05,0.0005652101005843612,6.717398503994443e-06,6.6864515847208555e-06,6.906507215293888e-06,6.698499275849832e-06,0.00013258347825495655,6.414618403018543e-06,3.8334271566628596e-05,7.1343181615826e-06,6.4209036185362515e-06,6.394534092586359e-06,3.7301140577744745e-05,-0.00016590734928239781,6.337546653642539e-06,6.12439870684393e-06,1.8920570527582343e-05,5.95189028102647e-06,5.8916469524276455e-06,5.900748566212165e-06,-3.544721393657228e-05,-3.151898103125345e-05,5.1850258038370905e-06,5.077041070661162e-06,2.8251008638243398e-05,4.6101269761132455e-06,4.5076154812710035e-06,4.530443865034606e-06,2.528935125570691e-05,0.00016844013573048174,4.034171236140584e-06,1.0421591250241003e-05,3.4208532541920395e-06,7.350231736455909e-06,2.135488585777915e-06,2.1144172961180752e-06,7.90626937770267e-06,4.75850036384399e-06,0.00012821057748577794,9.691982310694554e-06,1.2401695363962035e-06,1.4979076258330528e-06,1.4158704297215876e-06,1.1296616492652715e-06,1
1.0510678771235429e-05,-5.839194968795634e-05,6.244218587183e-05,-5.761544122768246e-05,4.569663289125676e-05,5.9326206001532734e-05,7.009809002854593e-05,9.20610571454465e-06,3.018035879604448e-05,5.446112721333095e-05,0.00010131281852646881,3.9746551572884814e-05,9.078562676197236e-06,1.0915335488958743e-05,8.443102502899159e-06,0.00010109712539337876,2.2108157110855696e-05,5.409481911292923e-05,1.9184188907012792e-05,4.4988724541900134e-05,5.02659424290257e-05,-5.965102754765087e-05,2.3246235893019433e-05,7.516434540389973e-07,5.6367733361681126e-05,7.4813999555177286e-06,6.944072284725175e-05,8.125875377884742e-06,0.00012300016646136767,1.1643658217067234e-05,4.299290540493749e-05,2.542733402939867e-05,6.830087289772704e-06,-4.137456816873607e-05,3.474636688960661e-05,7.370032490996434e-06,6.513297513526647e-06,6.446104873994004e-06,3.205351664068193e-05,6.814337640853575e-06,4.4133843017554865e-05,3.774750294514053e-05,-3.773637938456767e-05,6.482230346504957e-06,6.869831296750764e-06,0.00010256236416382377,6.260132738032278e-05,5.446506030895255e-06,3.432504619201416e-05,5.8472533037471386e-06,3.137188884640821e-05,4.978715511156295e-06,1.3178641527095842e-05,0.0001196341791610127,0.00013672213395783488,4.519563013265411e-06,7.587160206300155e-05,3.027803408003158e-06,3.0138297906503656e-06,2.967812549087355e-06,9.126565810809806e-06,1.1751316584963966e-05,1.1256016572552531e-05,1.8431859506095468e-06,8.818470439000522e-06,4.278758531157859e-06,8.999582725766473e-06,7.3093197648988914e-06,3.1403959676296715e-06,1.0389049035460269e-06,1.0551689673491744e-05,4.955818209932122e-06,6.339921225118914e-07,4.1395537332148805e-07,2.046539556619203e-07,5.697034573816379e-07,-9.947558748065575e-07,1.6579264580109291e-07,1
1.6026886475437268e-05,1.0828158518786756e-05,6.138891229286356e-05,9.611540944659954e-06,0.00030177673152501484,1.026171286675062e-05,0.0012919975063781283,-0.00021571399536923498,2.590577587036482e-05,5.351235522333353e-05,1.9000118133428723e-05,-5.619174074366391e-05,1.1509232960359819e-05,8.047356535292274e-06,-5.6138010096653294e-05,7.868205848306694e-06,-4.642651950394317e-05,2.4543540577552528e-05,5.82852833131981e-05,1.1008506186638522e-05,7.366077076853123e-06,1.1843824157751161e-05,1.2744631040451788e-05,3.9407436183894976e-05,6.682611127974952e-06,-6.281551645762738e-05,1.3933979723989873e-05,-4.060260937381984e-05,3.9234317744379775e-05,1.2978713638743106e-05,1.0215545236678114e-05,8.231438727649237e-05,6.376147970212758e-06,1.4192909438336666e-05,3.605237667164511e-05,2.169155355699551e-05,0.0002696607259986228,6.331252327729495e-06,1.3844154250029367e-05,1.382848007694876e-05,7.057089516580655e-06,6.049961535418975e-06,5.921491556741796e-06,3.6815356138075464e-05,1.0185296189112904e-05,8.265827878659887e-06,5.734462129343692e-06,1.1968219541956601e-05,1.0616651085778097e-05,2.956521262554731e-05,4.444519724423875e-06,8.56507834700609e-06,8.719831431919373e-06,5.665415186604569e-06,1.1986517921723355e-05,5.7193040746971435e-06,0.000150306050251687,4.066675295759185e-06,3.0790447843202508e-06,2.7180646291761335e-06,2.4100565297624954e-06,1.3975262054507337e-05,4.86521904892307e-06,1.3521491641154843e-05,3.759219653384975e-06,3.05397394946588e-06,1.0984929070415904e-05,2.294692865450503e-06,1.8790378470659658e-06,3.7995030193657897e-06,1.0554089346155815e-06,1.6717693973517292e-06,-3.409224318658281e-07,4.940666102129666e-06,-9.020819235281574e-06,-9.408045173094845e-06,1.3706805496325895e-06,1.0035811537651014e-07,-1
1.1107366753740927e-05,6.106980672417177e-05,1.0178301120695297e-05,1.0071845683575487e-05,0.0001017746104386303,5.0975960973674664e-05,0.00017188919771679906,5.89865607943301e-05,1.2735105887342423e-05,1.0317622321582512e-05,0.004314897522260937,-0.00015583652242638095,9.35626960675407e-06,-7.196684024374597e-05,9.0541369858743e-06,2.7881963333092393e-05,5.376712302695677e-05,0.00012100645159183904,8.583227955454006e-06,1.0083505384551016e-05,1.2323762476462489e-05,8.888448905561747e-06,0.00013988172598928102,9.073077072150973e-06,8.384282295830933e-05,7.7461019296944e-06,4.842287372621189e-05,7.753162304881285e-06,0.0002427049922982436,0.00012541039543696264,0.0004743464704907095,-0.00127984099632052,-0.0014343560000453313,5.168783025511039e-05,7.170706255599479e-06,9.132566179505021e-05,5.410812061065615e-05,0.00021148128522611878,4.312279177505995e-05,4.307862442546701e-05,8.818727948955735e-06,7.508304360999577e-06,1.6173655529527706e-05,0.00028342207050036176,2.0297193318785268e-05,7.20974073975884e-06,8.417994146834447e-05,6.054042266629607e-06,4.397899675042344e-05,7.037146754953042e-06,6.619051718300973e-06,4.2855564915069444e-05,4.9178683212147375e-05,6.0378693203464195e-06,6.0378693203464195e-06,-3.5328184621207575e-05,5.733354368402997e-06,1.393748645417855e-05,4.737387452026787e-06,-2.7270768364471043e-05,4.75699518035694e-06,3.077930472576231e-05,1.2828217717271193e-05,3.2187210866418024e-05,1.1226302287140276e-05,0.00011275279617274525,-9.932593669586908e-06,8.620216358028915e-06,9.036047952203138e-06,1.2020896496000764e-05,4.230844976767481e-06,6.319097675628001e-05,2.869013208434358e-06,1.663412843895878e-06,1.014179366049253e-05,2.2414116771849807e-06,3.050152909637042e-06,3.029079841145635e-06,1
0.0006980056889807469,1.4544697023556627e-05,1.532646932491668e-05,0.0006418442832722557,0.00010998407935984065,6.18031316578848e-05,9.937352294796217e-06,9.393468614177447e-06,-0.0006825135471682279,1.6705271322759084e-05,9.001304069505329e-06,0.00010154677695227016,1.90098879688532e-05,0.0004986932354607186,0.0004785918226594014,1.815321685186479e-05,0.0005047411078374815,1.2644308046366501e-05,8.82307251943811e-06,5.064113090535535e-05,1.2306744144829013e-05,0.0003563636070684148,8.63950552868053e-06,1.1523444850007572e-05,1.2792878549216448e-05,0.0003488756282908543,0.0001363239400118646,1.0402426758149963e-05,4.66548914493468e-05,1.1721239724476882e-05,7.68254007699055e-06,1.0933747862599445e-05,1.0904567245455193e-05,1.1853992044798627e-05,1.0776822770726809e-05,0.00011858686335621281,5.193230125560191e-05,-0.00048089062561174626,4.435845150473115e-05,7.3963334162188385e-06,-4.4383571807602344e-05,7.40392438486727e-06,7.317391655108923e-06,1.0797520565068076e-05,1.354398858156278e-05,7.394509517753873e-06,6.068655416808209e-05,0.00011808534993946691,5.215600148882318e-05,7.468362892925468e-06,6.160863062596209e-05,4.202290361214797e-05,8.244096987314902e-06,1.0195853611128388e-05,3.9527489809685896e-05,1.1202642344286531e-05,5.01056459997733e-05,6.87701578412526e-06,1.2635978460295605e-05,5.980416739403752e-06,8.829247736987005e-06,5.947119489412211e-06,1.6822610414370423e-05,1.1181507058174235e-05,8.622809790857474e-06,3.329378631703759e-05,6.279397912751013e-05,6.4611417949014316e-06,2.999715192512941e-05,5.047913791425881e-06,1.8580333877441446e-05,4.936700042266727e-06,2.5041115709669907e-06,2.4020599030678717e-06,4.295892532011607e-06,-1.3593287604936218e-05,2.2158330310703678e-06,6.567858142508498e-06,-1
1.3719255698493793e-05,1.008608714972799e-05,-6.997320925690666e-05,5.752757455458844e-05,9.586040155190482e-06,9.493353976062097e-06,5.6595565935519296e-05,9.390745459149118e-06,9.252852301002363e-06,1.1572708810860855e-05,9.207775336457342e-06,1.3859206963057168e-05,8.984300779854915e-06,8.972256824774758e-06,8.882904222659468e-06,5.3038412543337276e-05,9.730043845672756e-06,9.754216346592236e-06,8.220718766867122e-06,1.0296376394732572e-05,8.987628535139465e-06,7.967884102276301e-06,7.905673152997529e-06,1.1669508999186495e-05,7.896043148097036e-06,4.589488897752027e-05,7.609946003672805e-06,-5.528197797174391e-05,4.46591671699415e-05,7.716696716625436e-06,8.27909420058498e-06,-0.00013296783729602651,2.88477503860279e-05,4.3134621182849005e-05,8.06437488354904e-06,4.8291964047681944e-05,4.3683700081630744e-05,7.0706071857541e-06,2.1157846159939826e-05,-4.6418476806435265e-05,8.1834383073248e-06,8.38770783294278e-06,4.1525571556641066e-05,1.0708914946596385e-05,4.068005344633196e-05,6.76319311085521e-06,4.069335299511103e-05,6.558276900050741e-06,6.752370670594954e-06,0.00013222251925068212,6.551438493740999e-06,-5.163176382459026e-05,3.817801746996934e-05,1.1456426452906462e-05,7.034333266019658e-06,6.353222820656279e-06,3.667161813096707e-05,6.082749718133356e-06,7.457289206572937e-06,-6.267301461716485e-05,6.366948245838457e-06,6.169751705902303e-06,6.014276197978504e-06,-3.376370610574021e-05,6.452409989693271e-06,4.834996513186361e-06,4.834996513186361e-06,2.5878500172441495e-05,2.018705474495024e-05,2.590630941099367e-06,2.763608262573362e-06,3.0858482066679417e-06,4.573082602481723e-05,-9.633985215351656e-06,1.2920306878648966e-06,7.423626228985329e-07,1.1452292120809604e-06,-8.002052222315265e-07,1
6.769745451217098e-05,0.00023483111468892187,1.0115256055660445e-05,1.3254122662292445e-05,0.0003912968510413917,0.00039294552317804105,0.0003429615017262796,0.0003424460590538974,0.0003372931694150717,0.0003373216588724872,0.0003367610398564201,0.00033602469684436697,0.00033455826006979067,0.0003333101963177236,1.1495520971688447e-05,2.7383925695799506e-05,9.24210880755019e-06,1.1880183968380116e-05,7.32885418815411e-06,-4.384961736250812e-05,-4.769600498708876e-05,7.533696503846735e-06,7.026065793367375e-06,9.148447405310936e-06,7.3700890189891e-06,1.2859138957212495e-05,9.668838641597007e-06,6.619500430222925e-06,7.714514391989008e-06,6.704289592518214e-06,1.2296521884392608e-05,6.433680728669832e-06,-3.803463527195923e-05,8.621316947125948e-06,3.73235451191468e-05,6.5351444053123124e-06,3.6687301395489e-05,6.374053860784009e-06,6.6701993354124465e-06,5.914222976294805e-06,8.024106385306483e-06,6.15439610841589e-06,5.81674228819143e-06,3.932024828293194e-05,1.1373867067581182e-05,1.3705979009865362e-05,5.648157325577823e-06,6.559832649892331e-06,3.302046903001202e-05,3.297008031578805e-05,6.131751198129362e-06,6.115587843614631e-06,-6.028829610622509e-05,3.093159714208251e-05,3.4402178550730536e-05,5.8375325357780815e-06,4.6431213022542895e-06,4.834638546954758e-06,7.88540984185408e-06,4.446952228376963e-06,2.3860302124036863e-05,2.294161848111555e-05,2.228221286842193e-05,3.3029174908449364e-06,8.009359511082954e-06,3.507865826912801e-06,2.7183352357565536e-06,1.237675658752041e-05,-1.0042168748407178e-05,1.2838064801890799e-06,1.218724078380439e-06,-5.180858889493544e-06,5.788527020092901e-07,5.217363065436781e-07,3.9027476535336673e-07,1.6869501057204664e-06,3.3069738882847574e-07,1.1690162494083079e-07,-1
5.982932307409021e-05,5.924159142575017e-05,2.0565208027701948e-05,5.6903418091321025e-05,0.0005357600409589732,9.376292120633823e-06,-5.650343444002417e-05,1.044649175749795e-05,1.805957766399222e-05,2.7364211449208472e-05,5.485292290609491e-05,0.0005505122581414034,1.8357472716858927e-05,2.0000429397623603e-05,9.576892760675739e-06,5.309974161372111e-05,5.309775323653547e-05,7.905714239041836e-05,5.1025182443261453e-05,4.981265649551235e-05,4.94781665788919e-05,4.8708786978577556e-05,8.079116138171762e-06,8.000673393702353e-06,7.944319679048773e-06,-0.00023662682393409655,1.5405921744620967e-05,4.503454238892477e-05,4.4531019878468525e-05,4.436573531408251e-05,4.411303345235864e-05,7.783847206879193e-06,7.223705461708366e-06,4.778287133839399e-05,4.23284446111299e-05,4.2286633371552344e-05,6.7214285662998075e-06,4.0237882632252125e-05,6.67147107239406e-06,3.956890279901124e-05,4.320546649647158e-05,6.819328213418643e-06,6.815583252230014e-06,3.869086676788257e-05,6.628867981499526e-06,3.730112503781347e-05,0.00013935300903918042,0.0001363275484657084,5.998811335298306e-06,6.429310148342833e-06,-3.579050204485028e-05,-3.514107135404688e-05,3.074037881828483e-05,6.035305467270465e-06,5.8854213235252077e-05,3.586678677298427e-05,4.853994382193944e-05,6.287689365155813e-05,9.369890034349841e-05,1.1065116609300708e-05,5.031886117272512e-06,0.00011443362318818436,0.0002841619147308741,1.0526372292334106e-05,3.453589765606749e-05,0.0002116440416409668,7.719291947480953e-06,3.422364978220251e-06,4.6689948639393215e-05,4.891679246070157e-06,1.4850256785275948e-05,1.4827727727092617e-06,3.858347017595997e-05,7.35390975140375e-07,-2.5612656457112364e-06,2.1480456843682568e-07,1.204973968160254e-06,3.064304436098148e-07,-1
-0.0009658098096668747,-0.00020486032200085685,0.0002043592597297786,5.6986462261793866e-05,1.4821768287417398e-05,5.6648603207470075e-05,2.1258639122368438e-05,9.018015952819163e-06,9.018752406836883e-06,2.0095454247111737e-05,-5.256261555918188e-05,8.767919901451236e-06,9.536087299899736e-06,0.00010433642903071146,5.209630058830138e-05,8.483563975083392e-05,0.00010700005430091806,1.8291257899698554e-05,4.7963968599604455e-05,1.0761722723696286e-05,1.684849467394861e-05,-0.00023501388616478292,4.496052397249484e-05,8.003761039879991e-06,-4.786748370830975e-05,0.00012700746449271943,1.9462146597012156e-05,7.326704865923845e-06,7.142979180234264e-05,6.950772374084369e-06,3.109399809920182e-05,-4.133528935169704e-05,1.540555222780266e-05,1.1672149272195156e-05,6.802171914844031e-06,0.00010593853380983474,7.68497901302538e-06,1.532754505087445e-05,3.994553070790392e-05,-3.990801042064409e-05,6.986197358624909e-06,1.4926883577760073e-05,0.00014659425354033228,7.704287041296959e-06,-3.757169741927257e-05,6.086772933580811e-06,0.00016043173172819602,3.629625565326074e-05,-4.496059017924439e-05,3.5515895635916276e-05,3.353895001513755e-05,8.763868132738777e-05,-3.701536589065218e-05,5.905976747798865e-06,-7.833539794879111e-05,-3.4815053740192924e-05,6.115387607856783e-06,6.115387607856783e-06,6.737633180106902e-06,-0.00015142545641665223,5.447074892500967e-06,1.7899312143232163e-05,0.0004160667591212319,1.040127889177044e-05,4.2833784127933035e-06,6.074962725369442e-05,-2.4468042009900895e-05,8.430758209282538e-06,8.638146946127808e-06,2.024214863002354e-05,7.220420719234049e-06,7.519158434119263e-06,3.9817887387670176e-05,2.278190957506391e-06,2.589192023696061e-05,1.832409663231386e-06,6.326770876855472e-06,4.765132322900318e-06,-1
1.0118972284360354e-05,1.2945097809909707e-05,9.789240568589354e-06,1.2965863510437027e-05,9.490763091470688e-06,1.3817064947797484e-05,9.202273532272254e-06,1.1321064222260257e-05,-6.687965041438527e-05,9.632288600911525e-06,3.291483469872984e-05,9.601745340483182e-06,1.1547120654620555e-05,1.12564675887199e-05,8.522087018697589e-06,9.047812324465624e-06,7.856912546920465e-06,2.0856932835781417e-05,7.826214860016051e-06,8.509530404981456e-06,7.831624999235266e-06,1.4556647245918392e-05,-4.498418753591669e-05,8.266526012369177e-06,7.616479822920552e-06,1.124317432376404e-05,8.356894466312529e-06,7.2260394862732615e-06,7.172312166441156e-06,7.196545982181861e-06,9.92511468843147e-06,7.784223769098896e-06,6.738690310872194e-06,5.785744454333632e-05,6.818453149552505e-06,1.1160437924019769e-05,6.918892300064269e-06,3.818751406913902e-05,6.293967265755433e-06,3.968694067320664e-05,4.7996192003908655e-05,6.228287500796362e-06,6.06585932067937e-06,8.242052843777783e-05,7.1335472981409715e-06,5.6595254705883136e-06,6.244016334907028e-06,5.929689428898508e-06,6.8618540103614325e-06,5.425571470757982e-06,7.034400870952459e-06,5.2316113657282404e-06,5.470763283370954e-06,-7.953427218694438e-05,4.294634862036703e-06,2.47298499483996e-05,3.9685733812937564e-06,2.3657676501942353e-05,4.176985222211703e-06,2.4619916899151205e-05,2.2321061010739906e-05,3.6607113502004176e-06,3.18917953259382e-06,3.168307483470188e-06,1.8775184239384734e-05,2.6745657011266943e-06,1.5295935803259334e-05,2.5431866526520493e-06,1.9786006834231913e-06,-1.0475208908299448e-05,1.3741381865023512e-06,1.3524392097142449e-06,1.1444073989519305e-06,7.060124783380381e-07,5.548468110980245e-06,3.505305918112431e-07,1.2408842151546026e-06,1.2795666704055752e-07,-1
1.658359125559511e-05,2.3734603046226057e-05,0.0008181588822501218,5.818432750867887e-05,9.254655498679138e-06,8.63092455056558e-06,0.0007171935268199151,1.2616976423731082e-05,8.463926921421862e-06,1.0573166118376015e-05,0.00018981437484135097,8.373469872302351e-06,1.0838836424995592e-05,9.931800372411952e-06,4.898021820988331e-05,-6.149239401774249e-05,7.015771380368707e-05,8.032516379467264e-06,8.083930203097685e-06,1.266886656794447e-05,7.670096427865756e-06,8.300512148661192e-05,9.14940111235735e-06,0.00010924641819897942,0.0004728590668567693,8.079842867908464e-06,0.0004705018966940707,7.32277645560647e-06,4.3885174074733744e-05,4.3855043104694414e-05,-5.408800374015487e-05,8.855739392473235e-06,1.1896113693344042e-05,7.508064343706097e-06,-0.00010093859568663546,0.0004539583409819287,0.0004683849101977274,0.0002630484935132745,-6.616399721131329e-05,0.0002582497744839618,6.724657048960489e-06,-3.935383961902556e-05,7.92072825566931e-06,8.00993080160243e-06,8.078051968936602e-06,7.694359335146805e-06,5.987566695070727e-06,6.01963995782297e-06,7.0647836581423374e-06,6.900369744595697e-06,6.035130018231783e-06,3.462654090887666e-05,3.444144191783084e-05,8.475592735324529e-05,5.656109393020041e-06,6.305646211938135e-05,1.2977259422626347e-05,5.851871127779037e-06,8.443241323997866e-06,0.0005418787626043437,6.3708067061751576e-06,1.429716711666809e-05,1.3986638521741094e-05,7.362743207927936e-06,2.5019497976442436e-05,6.116750660077814e-06,2.1401131441599898e-05,4.312081836019698e-06,4.904173225881393e-06,-2.4834290218540426e-05,-3.897787529299114e-05,4.010757657223018e-06,-1.9499804406702958e-05,4.015870294007156e-06,1.6030388152046906e-06,1.11018083749897e-06,1.4187230974444918e-07,1.7943915905163022e-07,-1
1.0910357536991936e-05,6.833812124943642e-05,1.0048673073402707e-05,-0.00019348225285258417,9.971637628011041e-06,0.0004604366863490007,0.00045863935608009645,-0.00018920790190656714,-6.312293810095345e-05,9.616670579116758e-06,1.03031910879512e-05,5.6101433278821096e-05,-0.0001683906499276113,9.497078290237224e-05,5.530915205754132e-05,9.841677123901993e-07,9.14307727708385e-06,7.815551278878978e-05,1.757531699474745e-05,1.96844824745045e-05,0.00011112676989990133,1.1544611537197905e-05,-5.3631024175310776e-05,-0.00016035535462554789,8.911955219323661e-06,-0.00010114478684300794,9.058102800211662e-06,5.3390857517913315e-05,2.1000901065545822e-05,-5.3383432781166434e-05,8.87028154631373e-06,9.633999003152464e-06,0.00016921236191403985,-5.314665606077828e-05,-5.312486355999525e-05,8.847584919159511e-06,5.4052999277204254e-05,8.8348211007015e-06,2.43650717095161e-05,8.794952298401459e-06,9.525955976842498e-06,1.5054523450055475e-05,8.785560028996352e-06,1.083692424469118e-05,9.445259368259533e-06,8.721347193990048e-06,2.5431990795061766e-05,8.788311025023486e-06,2.840724092701662e-05,8.708790409936038e-06,9.012884057676246e-06,1.0038558410549405e-05,8.066908975033401e-06,1.0237515706921445e-05,9.738032006258537e-06,-4.577363769135499e-05,8.822712695636075e-06,4.4800883643788916e-05,-4.4509441366581375e-05,6.869435887480538e-06,7.863147885563507e-06,-4.00253255802668e-05,7.083601779353024e-06,6.542316712888639e-06,3.8470214880317515e-05,1.5201528254957757e-05,0.00048655413124066486,5.8278488726288734e-06,0.00018934956140868406,6.272866719644734e-06,0.00018752861337166394,6.988583910680618e-06,-3.367956325306233e-05,1.022464275737265e-05,-2.86304157137163e-05,4.66736582719472e-06,7.056959252217604e-05,1.1427680277735743e-06,-1
-0.00013735990901968858,1.1045789866936394e-05,0.0003765095827375613,-0.00013775044260157216,6.145982952785707e-05,0.00030060152060189526,0.0008614019678681404,0.0008500039910795754,8.41458741031769e-06,0.0008088522244644003,8.225597296607545e-06,0.000749294409192909,0.0007481015247700108,0.00024147281317073665,0.00024150452442283423,1.4054460118273517e-05,0.00039403639880471257,1.0452700358977385e-05,-4.4918382508909407e-05,-4.441377421365757e-05,8.56193508624225e-06,0.00010999636724009766,8.037301836559827e-06,6.940108067400155e-06,6.895794820307636e-06,4.087777735944121e-05,6.8416366414794606e-06,7.110297319194614e-06,3.989677964894139e-05,6.600292424446376e-06,1.1810461420634234e-05,0.00016672729498216587,2.0189565780579396e-05,6.566468507035364e-05,4.4846680372234664e-05,4.638490083899402e-05,6.062809614613303e-06,0.00012916496612652356,1.5966348297765364e-05,5.916039530949394e-06,1.4510103825836697e-05,5.889666004534828e-06,4.438940171556987e-05,4.449322130269564e-05,6.361020031445133e-06,7.209961013323887e-06,5.763477809592709e-06,1.1976059106319392e-05,5.837638528232208e-06,5.465694012563451e-06,7.0043957572418465e-06,5.516930912265092e-06,5.495340600470366e-06,9.375596406562136e-06,3.982205896001004e-05,-0.00014494104512358623,5.550745818197271e-06,7.256217381145622e-06,5.196332804172478e-06,2.066710706971621e-05,4.6713516584159995e-06,-4.164856594407272e-05,-7.905081860641252e-05,4.386384320093247e-06,4.232128423476652e-06,3.0890847523703833e-06,1.8075635095794364e-05,0.00020901269245703985,1.417606994142744e-05,1.2828342462717554e-05,1.4691282609112735e-06,1.4346702075194006e-06,1.9590456496627437e-06,1.390117662291361e-06,1.0711374278761498e-06,4.1347153578823435e-05,6.740379301678788e-07,1.1398607478516378e-05,-1
-0.0013792452180392664,-0.00010953903583283232,1.051404914692147e-05,-7.094780045379904e-05,-5.8188366801386044e-05,1.0371104075077737e-05,3.114231536587222e-05,9.748161716547963e-06,9.644200008406105e-05,9.319398067458656e-06,-0.00010184208742639011,1.1963127815095632e-05,9.676851412551918e-06,3.568328038602302e-05,9.943245768690463e-06,0.0003280385450061876,1.1889006318809409e-05,1.0929627499917284e-05,3.495730448898568e-05,1.1804983322111729e-05,1.7914418364417804e-05,9.191175840938673e-06,8.650593210306431e-06,9.471757221236365e-06,1.1528193824889199e-05,0.00020197166838969936,-5.066817097818081e-05,8.526427127407397e-06,-9.541217100545018e-05,-7.540487462889895e-05,5.0538252340000596e-05,8.142344448432297e-06,-4.8819893585079224e-05,9.399779152139535e-06,1.9878339738218977e-05,8.039004486226949e-06,9.24107578598678e-06,5.6436197425312805e-05,3.9175872136309904e-05,8.0842266170467e-06,7.775203993797283e-06,-8.448207098822414e-05,-8.072368927009012e-05,7.701716563379028e-06,2.8867027327418533e-05,7.669507289013951e-06,3.3489815310819486e-05,0.0003290044516924536,0.0003290750673969074,0.00032914568310136126,0.00032868390643023124,-5.275446529435494e-05,1.0236577586790267e-05,4.214843393038515e-05,-4.112258274670751e-05,6.788346656321431e-06,8.144802089129598e-06,6.182822806261825e-06,9.054868853586764e-06,6.994110780252475e-06,-4.100384511197204e-05,5.697887454639574e-06,-3.6403172900508544e-05,4.8199549998664244e-06,3.999339116323969e-06,4.0463031129743886e-06,-2.5708160799091082e-05,3.5687804589861552e-06,2.7820412333217922e-06,2.118032406701192e-06,1.9786470184266366e-06,9.436212300711949e-06,1.7342147001476614e-06,1.1199578371264336e-06,1.017900730874299e-06,6.297851076668238e-07,8.396646581553426e-06,3.718371494812382e-07,-1
9.89513757739503e-06,1.0703068917048659e-05,1.072003347796843e-05,-5.623381847007698e-05,1.4298449199690351e-05,1.4632083413123549e-05,8.746236855020749e-06,-9.793444763704519e-05,-9.298620975758375e-05,8.57339609469785e-06,-0.00010750543819420169,7.830116026840485e-06,-7.815223764763809e-05,-5.914272683269219e-05,8.176257982532802e-06,7.423939429451513e-06,8.73627111973619e-06,7.501331435760118e-06,1.3578569304130216e-05,1.5168575443417973e-05,-4.8022132499805116e-05,-4.420357481871754e-05,6.830853626265747e-06,6.774156024549494e-06,-8.09244123420108e-05,6.761832826376443e-06,4.3972537894363245e-05,6.615835771716605e-06,6.508514011741259e-06,6.6753193375744124e-06,6.411494107419048e-06,6.708502708871642e-06,6.3904761406012235e-06,8.035836065138911e-06,1.1180774877850722e-05,6.750155204771458e-06,2.2172035924642923e-05,6.178907351804585e-06,-5.8022177938271486e-05,6.085023794224193e-06,6.08382557593262e-06,-3.5825548797849914e-05,7.275750182609112e-06,-5.5593882722171143e-05,5.743562199683689e-06,5.541309993432969e-06,5.240504025971913e-06,5.158404996248414e-06,5.354125873297791e-06,5.218066582847793e-06,4.778559048965165e-06,3.210315031261672e-05,3.870638816969935e-06,3.6153438658332163e-06,-3.435796968349042e-05,3.2550064514210143e-06,4.971950930379186e-06,3.797179859138387e-06,4.120960325529193e-06,0.00010898545417273585,2.614153437964554e-06,2.9299285504693267e-06,2.4231784525938846e-06,2.09671421898356e-06,1.976141535291136e-06,2.1305275927357556e-06,1.758883773816686e-06,1.6554936746791656e-06,1.5538207901275476e-06,1.4122299898492804e-06,-7.583010196870778e-06,8.842851723523042e-07,-8.43566731218086e-06,6.560280988433201e-07,4.871390176951731e-06,5.251790769155636e-07,2.6329627518925254e-07,1.9147720764584094e-07,1
1.003530528036559e-05,1.30979794971568e-05,1.009946163969203e-05,9.633879701460591e-06,9.548090847788018e-06,9.614182889562198e-06,1.6841336292242585e-05,7.707481474686858e-05,1.0126355309747691e-05,2.0587056685711912e-05,1.070986299992488e-05,2.508281887717225e-05,1.1015927003865802e-05,-5.314541486926175e-05,9.449317989842119e-06,-8.59368589421769e-05,8.545785131629678e-06,-5.22981240731303e-05,9.132048588713907e-06,-7.456602785735858e-05,-0.00016470037412757223,8.312491343428766e-06,4.9360015729008646e-05,1.0517967494915432e-05,8.019923233624212e-06,8.242918638476788e-06,6.200048438860163e-05,-5.495693034216176e-05,1.0065940277921089e-05,2.059205287400218e-05,1.4690866563050968e-05,1.1234937948340752e-05,7.757398703600275e-06,7.734212931212028e-06,8.383122269100432e-06,7.916730898708734e-06,7.272953675382421e-06,7.27012054312502e-06,-7.498343308870538e-05,6.969105024317006e-06,4.090443753070053e-05,6.817406255116756e-06,4.0862672312012685e-05,6.892980591966399e-06,7.583259958019563e-06,6.680793378835797e-06,6.631834676876576e-06,7.177040697148173e-06,6.624594089947277e-06,3.920643351047716e-05,1.237086101117819e-05,4.3730298494688835e-05,-4.1719931523655045e-05,2.7390668025399944e-05,8.506411782213186e-06,1.7782405541016072e-05,6.426929810036505e-06,3.43890634153948e-05,-3.856243612356028e-05,5.866768957445073e-06,2.93188305768383e-05,5.244851397879067e-06,2.7857877160375457e-05,4.521135552889088e-06,2.1054008392277045e-05,4.773072415855246e-06,4.113263148602835e-06,6.930171582583972e-06,1.3707013509957694e-05,5.483940533466531e-06,7.322811722936737e-06,7.344871628856623e-06,1.3801346012568932e-06,2.022609306280266e-06,9.166094108786977e-07,7.774752126206687e-07,5.724155669306967e-07,-2.7749350036102545e-06,1
1.0738102642639774e-05,9.646306338904497e-06,3.959256585476406e-05,9.727164778769101e-05,1.154323369567468e-05,9.416068661751416e-06,1.6135427629937283e-05,9.229758475799463e-06,-8.70574737656514e-05,9.413413802529978e-06,8.755408258120932e-06,8.869787561203406e-06,1.7754289155690294e-05,8.302885480347514e-06,1.4173413418170704e-05,9.55701765887331e-06,9.126872505684652e-05,4.706375471573816e-05,9.140118040293959e-06,1.2701207321744158e-05,1.5538700278754644e-05,7.586273807318753e-06,8.076537618317012e-06,-4.593552083398124e-05,7.265466275920192e-06,7.702788160455652e-06,-0.00012704089762939055,7.679354047694486e-06,7.239331235271678e-06,8.063952527376814e-06,6.720178430340457e-06,8.204524132132955e-06,6.484321150206649e-06,-6.57932126104177e-05,2.863246367139679e-05,3.6584347813146205e-05,7.041031927193311e-06,-4.6784788532999094e-05,7.059179413949042e-06,1.3795846763140507e-05,-3.639304846199342e-05,7.546489884478803e-06,8.776853762699532e-06,5.844584127544098e-06,-0.00027966300997939956,1.1957770700370289e-05,3.395785117004667e-05,-3.3465781659970785e-05,1.7265766698360888e-05,3.2705394740656835e-05,5.895483012375278e-06,5.334714657503471e-06,3.195072282055246e-05,5.579591428359074e-06,5.218041815148123e-06,7.044395535592479e-06,5.1234398174664575e-06,5.775257877883708e-06,8.665583274623281e-06,7.406018204600784e-06,-8.838763744924236e-05,2.7734541520985177e-05,2.4063445377866958e-05,4.3573504177824145e-06,3.6643803401821954e-06,3.6987705622980825e-06,3.820702527996932e-06,3.06570500581857e-06,2.906738205009623e-06,2.4763549058474615e-06,3.584663111675033e-06,2.702424196524876e-06,-1.8167260836757528e-05,-9.39316768754842e-06,1.1951609173061906e-06,1.5670130821729974e-06,-4.719566261999014e-06,6.296008763360913e-07,1
1.0130953289399237e-05,1.8749847564526483e-05,4.738874788627661e-05,9.026370443127518e-06,1.6415129484805048e-05,1.4997895092893684e-05,8.611399349331093e-06,1.0370290583455634e-05,9.894628582199328e-06,8.612152311905335e-06,-5.78117008883956e-05,1.054164158031865e-05,7.453242611697138e-06,6.99456046305416e-05,4.5142478442679994e-05,1.216263944160049e-05,7.21238466523588e-06,-4.423685649502887e-05,6.465164933161217e-06,6.931515087420269e-06,6.368504077239344e-06,6.338795554417937e-06,-0.00010892126539060513,0.0006008483791132957,0.0005990004957942604,0.0005993927747140299,0.0005990789515782145,0.0005997413901860634,0.0005991483608108884,0.0005968611083472138,0.0005956445116748523,0.0005941091738515727,0.0005876150728484511,0.0005878459664864055,0.0005854143082395918,0.0005813362456427559,0.000580704032235544,0.000580944718043763,0.0005791360455113278,0.0005789085729487145,0.000577595330020772,6.990878321938571e-06,0.0005731436175751962,0.0005705008083653412,0.0005690488824992658,9.124644464280682e-06,0.0005610094817646313,0.0005613033047676846,9.627831717521111e-06,2.2844885311711056e-05,0.0005561377270570958,5.615798753479248e-06,5.66852014448566e-06,3.776619306243929e-05,7.4889939200575785e-06,6.278128734107289e-06,5.35934757797423e-06,5.2090351882142694e-06,4.920999901130793e-06,2.9863595484168484e-05,2.3756849210282556e-05,2.970285348314943e-06,1.6686651078253572e-05,2.642037871049981e-06,1.981225364467383e-06,2.289927192242898e-06,2.316056375274118e-06,1.4188697356216958e-06,1.7220751565282974e-05,1.2148222563677451e-06,1.1946903767918572e-06,6.745575914508528e-06,1.4614583930372788e-06,9.305005508673981e-07,3.219740653506161e-06,-6.986217019927322e-06,3.5880050735509336e-07,-1.8291354593618518e-06,-1
1.0592730271030128e-05,1.1833581133567097e-05,1.5395773826743288e-05,1.759915238241097e-05,6.324381204636397e-05,9.477216587117386e-06,5.7636647100448084e-05,7.034654955170016e-05,6.153356416462472e-05,-0.0001284470032855216,8.662510757328678e-06,-0.00010486785589138581,8.039139235404698e-05,8.985465091199333e-06,4.959700877028718e-05,1.0067844299355178e-05,1.3221872801519043e-05,8.012495188898733e-06,1.2156532277013633e-05,8.679970027494155e-06,1.1733263771412543e-05,1.0805316989492873e-05,9.505905779434013e-06,8.151574163020939e-06,7.51013126995213e-06,1.200882549857416e-05,-7.204484394844125e-05,-6.795720034146851e-05,7.0888934415461925e-06,7.740275498617458e-06,7.23540507220333e-06,6.773665419356106e-06,6.805833178592761e-06,4.052661648425822e-05,7.1427249114833565e-06,6.552135103623513e-06,6.46875375166187e-06,7.439167305052767e-06,-3.808475505658535e-05,6.228738905486326e-06,3.659674249442949e-05,8.021615904788697e-06,6.03408708937366e-06,7.80360022593832e-06,0.00012457285825886744,8.998300095417353e-06,6.9370514486991665e-06,3.494308327865027e-05,7.082242066487112e-06,6.452556473709921e-06,6.302962165724313e-06,7.21467851129327e-06,3.3292792193323844e-05,1.208398454174314e-05,-3.3120137265505306e-05,-3.709200809740067e-05,6.0395924280863286e-06,1.291153277773707e-05,6.191389408358674e-06,1.7559584272997953e-05,9.096855791297442e-06,1.6560845759828797e-05,5.555655962850519e-06,5.522213329321018e-06,2.953028067556307e-05,1.5972529803006376e-05,5.958545271232781e-06,4.656944116899569e-06,5.197140539051217e-06,4.9216106283972615e-06,7.909997001970203e-06,3.6461895232344614e-06,1.2490804829716445e-05,-1.1521104171678421e-05,1.1897334551690641e-06,1.1295182338927233e-06,1.0696639007257395e-06,-5.598820942504745e-06,1
1.0138497323468093e-05,1.0369841709138102e-05,0.0001061108402845738,5.643416430312517e-05,1.988251237678506e-05,8.917565049357848e-06,-8.560069224130878e-05,8.544289062603918e-06,1.0769710591526311e-05,1.0106714881611733e-05,8.311738968153935e-06,8.172323535559121e-06,-5.610021321037176e-05,8.488195636839528e-06,9.052950539983434e-06,8.316119184716957e-06,-5.292757875639191e-05,8.92196795760438e-06,7.708045350619127e-06,8.064983795317191e-06,1.3762828832657266e-05,7.94147785326894e-06,7.666681786484664e-06,8.266557635949833e-06,7.808601933240015e-06,-4.279584551487898e-05,7.54971528274637e-06,6.9316854428389476e-06,-4.18848668463953e-05,7.07203885039556e-06,8.266943726899934e-06,6.642973776335095e-06,6.439596381350035e-06,6.935690594853179e-06,6.436373373072237e-06,6.582740085843612e-06,7.4207703575343364e-06,6.092885879834825e-06,6.513261545562403e-06,6.723788415555304e-06,-3.5052541849332075e-05,1.228832408292084e-05,5.55639952967634e-06,9.558846857881339e-06,1.70678488528772e-05,0.00018089162769131356,5.242833492395209e-06,4.350624709158179e-06,3.14993290209126e-06,0.00020591949411123586,0.0002051876868517787,0.00020528734259476204,0.00020448587857168238,2.0448587857168236e-05,1.8911122939223155e-05,0.00018919389233524082,0.00018911122939223155,1.8876559147874388e-05,0.00018877475946321563,0.000189190778014918,0.00018915403239835936,0.00018919996441905766,0.0001894939293515269,0.0001889310354816933,0.00018902958271613734,0.00011537283407235561,0.00012363752925925023,0.0001249549333341676,0.0001249549333341676,0.00012494279686784906,0.00012681224029334196,1.2675067990746491e-05,0.0001267896439577845,0.00012631113806917566,0.0001263663502870921,0.00012871954105768388,2.4504233606016494e-07,6.031180714582328e-07,1
5.682797921487981e-05,5.633050967610195e-05,5.84017232609873e-05,0.00010393593886351235,9.562134261012265e-06,9.258391904141489e-06,5.411099255186256e-05,0.0008885659692845646,8.842871563959133e-06,8.673053232782265e-06,-5.1848375154816984e-05,8.531396631120624e-06,8.503210256138502e-06,-5.751382614788595e-05,4.997411040487147e-05,8.142565080256455e-06,1.098921434767094e-05,8.418891267614622e-06,7.787264225012856e-06,-0.0009663527261755187,4.550086356008466e-05,4.437930349591112e-05,8.228756303283902e-06,0.0007425413653957443,5.424182309191214e-05,7.187683211768031e-06,7.1884474334472835e-06,-4.1186103816843063e-05,-4.066862134960797e-05,6.7314557052289255e-06,6.714250504431365e-06,6.600757071730247e-05,6.65513431443998e-06,-5.114877998451687e-05,-3.8209187948496975e-05,6.619682798134781e-06,6.311079099450498e-06,6.169459300417251e-06,3.564991082599905e-05,6.360861235193375e-06,9.04714598567168e-06,5.756547879842622e-06,5.941480756699532e-06,6.4567290630299295e-06,6.09098266352015e-06,6.215369489176513e-06,6.233732167786407e-06,5.39857739347519e-06,1.3141591856131064e-05,5.545962486983836e-06,6.937084049935757e-06,5.646048763365109e-06,5.640068145353763e-06,5.702154077721489e-06,-3.324639356767484e-05,5.394592870022955e-06,5.0613584297092895e-06,1.6840262432211465e-05,0.0004839739733689145,6.359626657427227e-06,6.90291642554321e-06,4.552512756659117e-06,4.198626450964808e-06,3.962108954175125e-06,0.0003386066298714163,3.6420969409654466e-06,1.9455978597592496e-05,0.0002709848320152706,0.00026441967778101914,2.55734512478339e-06,2.3406937589372207e-06,0.00021388507490861615,0.0001681886106118776,1.8776680172553815e-06,8.120503471455151e-06,0.00010197198198116618,9.012627615692247e-05,9.443861038987642e-07,1
1.162755630502867e-05,1.0320441449360475e-05,1.0746097358445197e-05,9.203078455521037e-06,5.362580584755088e-05,8.852159788033996e-06,8.71631433917024e-06,8.98145636142181e-06,8.731765162146927e-06,1.561743363678665e-05,1.3435968533361553e-05,8.887698219133504e-06,9.324840783802516e-05,4.90962807909422e-05,8.153796384260925e-06,1.2061797351677348e-05,-8.571018266973127e-05,1.4272481884329626e-05,9.738350651427735e-06,8.07067064642193e-06,8.09017596985548e-06,3.45266096943686e-05,9.919618125084806e-06,5.448219777925666e-05,4.431647505563331e-05,4.4172189005014564e-05,7.388907149774657e-06,7.388907149774657e-06,1.3092041220871215e-05,-4.5254386615379994e-05,8.656394061123586e-06,1.5171469185883844e-05,8.376820732876286e-06,4.046124297618248e-05,6.838142893461585e-06,7.46530216979124e-06,7.032417327436622e-06,4.5633006867601684e-05,6.374172790225684e-06,6.312166314051889e-06,6.248897442802454e-06,7.701259002271183e-06,3.690365940487525e-05,8.477596532009484e-06,6.110409197943829e-06,3.60996000082222e-05,3.6114272359211797e-05,5.971369676942611e-06,5.9352905000940296e-06,6.144914729970783e-06,7.1723352548774255e-06,5.821773572592421e-06,6.026611185216816e-06,6.214191882291413e-06,6.884693797159833e-06,5.591729231323581e-06,4.783348975930333e-06,4.889672459334461e-06,2.8498638507321557e-05,2.657341180973009e-05,8.72571256780956e-06,3.891413269312816e-06,3.1759663347340225e-05,3.0066506857401397e-05,3.997742959069543e-06,5.697909925911274e-06,3.4298330390289146e-06,2.7815613473601574e-06,2.9458564164703264e-06,1.5740262662668357e-05,1.8278968100978018e-05,2.4695355147661596e-06,2.01896011278404e-06,7.294447191277114e-06,1.342580790816326e-06,3.2438772951877314e-07,1.8669722172823383e-07,6.041598970229266e-07,1
0.00011226336811790944,6.36203640757739e-05,5.740126850577877e-05,9.475942509550887e-06,1.0340111361134059e-05,9.852762620681625e-06,-5.5821722075733685e-05,1.031283636222043e-05,-5.514384950503509e-05,9.425103203756187e-06,0.0009366500089509577,9.94902666644803e-06,1.0303569966825947e-05,8.234453526657408e-06,1.5346498170022305e-05,8.213525392244228e-06,4.915558354698629e-05,-5.356710434792037e-05,5.2504679651173744e-05,8.09493263056955e-06,1.1621490263439603e-05,0.0002672131244909545,1.4483326050785902e-05,8.369461334366403e-06,1.4606802093997424e-05,7.918695130713829e-06,7.803688320228329e-06,4.7060298785065184e-05,7.953843816366607e-06,7.66210771797421e-06,7.4190391475834035e-06,7.303846354314384e-06,1.0831964200365488e-05,6.897768922701636e-06,6.785449362175556e-06,6.8875771451269714e-06,8.152365133364708e-06,0.0006650919987916839,3.8552550592684495e-05,6.858404634956824e-06,1.1713428841889049e-05,-3.7895988128359933e-05,6.195161544866768e-06,7.3215696245800484e-06,6.34977105268849e-06,4.761549000774943e-05,4.891535234163581e-05,4.876547748524908e-05,-3.615444530224861e-05,5.728445784245365e-06,4.7759936082172437e-05,3.580642942425634e-05,4.619663391482127e-05,4.749497246457444e-05,5.837871081052636e-06,5.610317782124426e-06,6.100014621063065e-06,5.4783976565543025e-06,7.0983204528922e-06,5.607167102411402e-06,5.567260115887247e-05,5.992298330655152e-06,6.058945178932913e-06,3.090423982954387e-05,3.1068746199829386e-05,2.9860851500139843e-05,4.711160170047252e-06,-2.6225394465049973e-05,5.340958332938138e-06,2.2737354511299608e-05,3.2596953856771977e-06,3.915702544325125e-06,1.2065278721569894e-05,1.522697789508651e-06,8.663954427950997e-07,5.680656392045298e-07,1.401977455973174e-06,1.0247687669124379e-07,1
9.835677262536505e-06,8.789518386908093e-06,1.0473520233378314e-05,9.02166403089789e-06,9.441548196616216e-06,4.946640160417101e-05,8.78639086420681e-06,4.836290279742402e-05,1.3902219181258003e-05,9.341290853163488e-06,1.2142753662731991e-05,2.1740826418339915e-05,7.767121362725937e-06,-4.641964180961645e-05,1.0990470946387819e-05,7.928996906103045e-06,9.1280446990842e-06,1.2892956924242724e-05,8.413521743724302e-06,7.531122538090615e-06,6.972476514002983e-06,-4.227438680438739e-05,7.3938958392388755e-06,1.690868009446602e-05,5.090303375331032e-05,8.008869953158982e-06,3.9961754945921464e-05,6.809121472397626e-06,-8.611565921114361e-05,6.768688773600106e-06,4.129097582156111e-05,-0.00020048897294265377,-0.005046309699202414,7.711722586380819e-06,7.3732826225341585e-06,6.5918737379908535e-06,6.636988867219628e-06,6.409336546873292e-06,6.958788296201543e-06,6.853891906319167e-06,7.884547149140956e-06,6.740711944360757e-06,6.8720000810763645e-06,6.811265444445402e-06,8.11653226778227e-05,6.3041480871584985e-06,7.754635940640535e-06,-3.992430926924475e-05,6.288107499313807e-06,8.017033224838814e-06,9.699428685921115e-06,1.3735895287383401e-05,3.871976367198402e-05,5.951538876548479e-06,6.489696893597687e-05,-8.48133716909768e-05,-3.511542605030014e-05,5.864952674152507e-06,7.411389444867169e-05,7.148269597136936e-06,5.6206184075601975e-06,6.034413333606996e-06,3.2974310444061333e-05,3.5811972919086325e-05,5.123189990869745e-06,5.063337641039096e-06,5.261870911498083e-06,1.2899842443549558e-05,1.2899842443549558e-05,1.6666545217664803e-06,9.508925428604522e-06,5.202395762207744e-06,4.281258256181325e-06,3.325073555112212e-06,3.320316635901156e-06,2.679264810267476e-07,2.39783472690387e-07,2.664011213779251e-07,-1
1.2182320697119495e-05,2.3087078926624887e-05,7.188421417140826e-05,1.5426184535922236e-05,1.0580670799580786e-05,0.0001465407016030302,1.0135564672115356e-05,9.696568870340536e-06,8.780307856502397e-06,-7.020177985487528e-05,0.00024292826065277587,-5.815366724899599e-05,9.6674703666689e-06,8.708624651584527e-06,9.663415104419542e-06,-4.853044354442001e-05,8.625718463791381e-06,2.530744277993918e-05,-4.763033370159796e-05,7.647571650554775e-06,7.321715785524734e-06,-4.945778726078135e-05,7.2405607137480375e-06,-4.337432733559858e-05,7.848810821662478e-06,7.059184012711161e-06,6.906438338867263e-06,6.731868807864024e-05,7.813971452116559e-06,7.142049586617865e-06,6.4453763884367756e-06,0.0006581375830295221,7.320474525389743e-06,6.8253604735245726e-06,7.087010421758227e-06,-4.292448324269601e-05,6.349918705292033e-06,6.977055013320143e-06,6.056840313153513e-06,5.884889185901876e-06,-3.501125738440341e-05,5.734923076758391e-06,3.861606124120823e-05,5.669574934358433e-06,5.8407650226639455e-06,2.1569734090515022e-05,2.143615551481018e-05,5.660853841898164e-06,6.220821644312617e-06,5.136801135587401e-06,6.174455561946198e-06,4.889975159480293e-06,2.8545050466162386e-05,4.736592608639712e-06,4.7483699939936705e-06,-3.716027439470534e-05,1.9323974550281814e-05,6.6020175718537744e-06,2.065026490450336e-05,3.110860124813597e-06,2.4013731854218796e-06,-1.3318257938870189e-05,-1.3464847837694799e-05,1.857991198542879e-06,1.8338954260004164e-06,1.5048098863218683e-06,-1.0031102409273213e-05,1.2842249227485634e-06,1.2614473460615777e-06,6.7325653413650535e-06,2.1089227121186202e-06,2.0779266207222252e-06,7.379493418971429e-07,5.543677457914153e-07,6.199064745788148e-07,4.505368132539738e-07,1.1596246803569411e-07,6.02794899266104e-07,1
5.9604048646516097e-05,1.023704042831175e-05,5.702451511379028e-05,9.520443174627477e-06,1.0655963616758495e-05,9.01907355945293e-06,1.0493208596654726e-05,1.343967104215674e-05,0.00010436106174470413,-5.284384621463259e-05,8.861720552497282e-06,8.642392947350405e-06,-0.0001359879216294673,8.614145693009571e-06,-5.1009439482571346e-05,8.20611109442401e-06,8.495940071916472e-06,8.24367551392898e-06,8.188082082826288e-06,-0.0014304080350408003,7.707693007729135e-06,-0.001405709637051514,-0.0014056459240615392,-0.0013993777334103514,-0.0013874293407968158,-0.001379155813826924,7.658361367841272e-06,-0.0013713118627374534,7.419457942385132e-06,-0.0013549587425262172,-0.0013522019881185311,7.86021384553937e-06,-0.0005149967605872315,-4.574549044030637e-05,-0.0005088572844734397,-0.0005088803489768169,-0.0005079622275616735,6.925387328735244e-06,6.857476504057402e-06,6.79590241542424e-06,-0.0004970273211301629,7.043385463023103e-06,-0.0004883791909271228,-0.00048361152059109844,9.73990296139066e-06,7.293278426851601e-06,6.467993701157823e-06,1.5733549628218653e-05,1.5733549628218653e-05,1.5733549628218653e-05,1.5733549628218653e-05,1.5733549628218653e-05,1.5733549628218653e-05,0.00015701574991903376,0.00015683167221458778,0.00015682740653474687,0.00015682598464146656,0.00015684162546754992,1.5682598464146658e-05,6.426985685583872e-06,6.6124924604454936e-06,7.958495225281484e-06,6.305869917189418e-06,5.066342950270088e-06,9.453539554689333e-06,3.0520990464560506e-05,5.07394963974155e-06,9.319036337664706e-06,9.998979819292714e-06,1.9084713789717984e-05,4.6298978683487275e-06,4.6563698900045925e-06,2.5337338362499604e-05,3.1756900429842354e-06,2.5525979155180183e-06,1.4966001994800553e-06,-3.483218068507699e-06,4.7646072809940806e-07,1
1.3302761286334767e-05,-5.953899070515524e-05,1.213231949375285e-05,9.814655305129773e-06,-9.704338824670974e-05,5.9315731940127116e-05,1.4067875025705173e-05,7.024021183695904e-05,8.969208853893307e-06,1.3293746766411728e-05,8.760696945250769e-05,8.673713536867702e-06,5.1704605695022334e-05,1.111115658412093e-05,8.931757598539075e-06,4.790859446112356e-05,7.963047557517652e-06,7.809781334827827e-06,7.734268202672791e-06,8.4833190024745e-06,7.580490989202007e-06,0.00019585953135030183,0.00019585262815731714,0.0001958457249643325,0.00019583882177134785,1.9583882177134787e-05,0.00019554861453248938,-4.686360230114164e-05,7.253374755197516e-06,-0.0009155008437448518,-0.0009102246526111003,7.016467155313699e-06,-0.0009073236963486162,-0.0008873019133993545,6.774008663193626e-06,7.297194291902776e-06,-0.0006693591362911099,1.3490934667121417e-05,3.980263363106254e-05,-0.0006584700746330833,-3.917970245199656e-05,4.2904257924011075e-05,6.439279650301488e-06,3.7840452592180297e-05,-0.0003470871459294736,6.071015085344447e-06,6.611025196482298e-06,6.557301358992455e-06,-0.00033832084774849377,-0.0003360560619835692,-0.0003344713862437171,-3.553375397215972e-05,-0.00033253530656367626,5.82927929572331e-06,5.719310365618213e-06,5.72688442165172e-06,6.0325816017418545e-06,0.0005930566963027485,7.395047552706895e-06,5.704586029725701e-06,6.190723726499277e-06,5.391235515612975e-06,7.928818808063769e-06,4.07786631544837e-06,1.0127947993661574e-05,3.6778953520792904e-06,4.312236374486542e-06,3.852227854776754e-06,9.776996879221872e-06,-1.3835013421247824e-05,-0.00019708587272138087,-1.3964321589688629e-05,1.5448692625950886e-06,1.2813681658816937e-06,1.2693217559798315e-06,7.51356289294302e-07,4.832735284715231e-07,2.487446306659804e-07,1
1.040694911984265e-05,1.640284176416849e-05,9.280311377685835e-06,8.844650503880187e-06,1.0105758778753438e-05,7.297026181617127e-05,8.455290004748004e-06,4.8152902900008844e-05,9.243012243751901e-05,9.234672658751265e-05,9.685933388480452e-06,5.241214857662112e-05,9.676158385139258e-06,8.378234427318302e-06,7.524520277952357e-06,7.368554607087241e-06,0.00017422227885808249,-7.679876969963441e-05,0.0001716356690261677,7.791650408843415e-06,6.9688066096360496e-06,7.005531817806379e-06,-4.407552130961681e-05,0.0001653093323748402,0.00016435449014497608,0.0001638632238357907,0.00016360309200074658,-4.276022779374782e-05,7.987304071609319e-06,4.26308582074011e-05,0.0001600564864778027,8.173492023602819e-06,9.585190028249947e-06,1.2208480802184788e-05,0.00011295567835802544,0.00011221356614962095,0.00011176737000902692,8.67747353411056e-06,0.00011225519414492574,0.00011168259360497134,6.310341723508578e-06,5.260216055533352e-05,0.00010919287576648974,6.85189674583152e-06,6.313906523298943e-06,0.00010829485333132637,-4.59983979606354e-05,0.00010809611408628675,0.0001078471264126431,-3.599036673420554e-05,-4.178628351525411e-05,5.617137584165594e-06,-5.664363655026464e-05,5.747110668526635e-06,5.306773341370929e-06,4.876774414634516e-06,4.430338021752066e-06,4.482419727053951e-06,4.060911828530877e-06,-2.6856066276064984e-05,3.7732089896152886e-06,3.7382284675822543e-06,3.4646824605055173e-06,3.042963794572886e-06,1.818973153508976e-05,-1.833177475493395e-05,1.733297623580556e-05,1.35496767882211e-05,2.1546685728398376e-06,1.5763297250218551e-06,1.479159539917243e-06,8.758634479018083e-06,1.5989346979069042e-06,-6.8757291580403825e-06,3.098292091170072e-07,2.961258476908319e-07,2.545485025199835e-07,2.601011388954848e-07,1
1.109009919694868e-05,-6.0976321564237234e-05,1.0717824102943641e-05,1.104019076666308e-05,9.922737828047946e-06,5.9176959949793216e-05,9.434873654202867e-06,5.608721719527803e-05,1.0203259637247483e-05,9.88329173115229e-06,6.018208276400908e-05,1.3016160406822316e-05,5.8851366431942714e-05,9.526131826101028e-06,8.72774226609783e-06,9.627314623291681e-06,1.8809914975361365e-05,8.79050412433192e-06,9.079054039578082e-05,5.006982711477534e-05,9.371667254220642e-06,4.844620607393595e-05,8.108269854173921e-06,8.309679895709398e-06,7.040582007410169e-05,2.3470421434073234e-05,9.540679915357726e-06,9.783185469371648e-06,-4.8719739623720985e-05,7.842076646081189e-06,9.5978389525168e-06,7.540474930452752e-06,-4.393347722274203e-05,-9.339239495335419e-05,8.459005506860016e-06,7.183038851107893e-06,-7.090336049463849e-05,4.2555124075226264e-05,7.3643210213088255e-06,7.87889909456702e-06,7.793912391919974e-06,7.104854262459098e-06,7.1574576460054595e-06,7.161243757465447e-06,-4.3529461237851565e-05,7.496197191449809e-06,5.5765675343727185e-06,-9.406533223095755e-05,3.3462012541324525e-05,5.594451581196521e-06,5.83415092692567e-06,6.382937986268044e-06,1.5315718439290364e-05,-8.214139943426972e-05,-5.6922207306998094e-05,4.717785155683737e-06,5.195384844447145e-06,4.7704253095326324e-06,4.639573678353975e-06,3.996163968283151e-06,4.09289755886718e-06,3.7937601616964965e-05,3.6952547568939745e-06,4.071810399999837e-06,1.7296586109106993e-05,2.816686317788054e-06,1.66358057718092e-05,1.6547701726836163e-05,2.5977423221134843e-06,2.4870197294802117e-06,-1.549911236654763e-05,2.3614286290525134e-06,1.519133238103146e-06,9.930591573992062e-07,7.808638477738127e-07,5.495262305640416e-07,-1.0381645162691207e-06,1.0935658255830706e-07,1
9.930693407650573e-06,9.846449719001646e-06,1.2186899223809897e-05,1.46057056866691e-05,1.6988016202734064e-05,1.0906582475946863e-05,1.1881006246213616e-05,-6.705492685231336e-05,9.763245297750988e-06,8.779610057318354e-06,-5.7004420943860035e-05,8.60055716904936e-06,1.0050924092532306e-05,8.597628918338893e-06,8.624725355794605e-06,8.58492544559905e-06,-6.389781613702193e-05,1.676423012041259e-05,4.921377810610831e-05,8.076905309527864e-06,-4.868249930611864e-05,8.3540759768456e-05,7.803425629414119e-06,4.9852017893621395e-05,7.502336629666874e-06,7.475695682531817e-06,7.4391359953610206e-06,7.403795271337576e-06,7.530313932384321e-06,6.1003756270723026e-05,7.172724260561549e-06,8.064192437720513e-06,1.0576749323370722e-05,8.445087883889954e-06,6.971092433591063e-06,6.996731555220045e-06,8.175632654303264e-06,-6.761574251889086e-05,8.93412480049764e-06,7.813966779536809e-06,-6.721772074823799e-05,8.629304786727938e-06,9.278278548633745e-06,-4.226179488061257e-05,7.566128215956166e-06,6.690256966515949e-06,8.670318390841586e-06,6.5404062137335065e-06,-3.615581681126884e-05,9.089472223407657e-06,5.973978047062213e-06,3.5154720826288066e-05,5.73271886910297e-06,5.664156623053306e-06,2.138208923735841e-05,6.966340188330306e-06,3.1356756291417366e-05,5.195269485383331e-06,5.577144813113469e-06,5.01644501363663e-06,2.9240081837719186e-05,5.866709254748924e-06,2.753358138585038e-05,4.234132504202074e-06,3.7028360953471494e-06,3.6211961018529917e-06,4.104148618394467e-06,1.9852837428266518e-05,2.9969351966045946e-06,-8.292014317457596e-06,1.056176627628113e-06,1.0849802678994642e-06,4.685481750546288e-06,8.682651306994799e-07,1.0451403081407247e-05,3.7514704833750325e-06,3.2657149928827975e-07,3.068222575160344e-07,1
1.9867183246495778e-05,-0.00011398633363744404,5.979298250911979e-05,5.9435639703328126e-05,9.897263683983275e-06,1.4871310514163793e-05,5.8882236239143695e-05,1.083110386213153e-05,-8.399772599473083e-05,1.1391187739571715e-05,-0.00010309669590869741,5.6550373877490097e-05,9.376277625038531e-06,1.6477365858820488e-05,9.243862043659492e-06,9.454956299106974e-06,1.3579192640957541e-05,1.6686707760902178e-05,9.621619335941478e-06,8.783161762303412e-06,5.270335277637275e-05,-5.5342287453379106e-05,1.6842184325307807e-05,2.771154552690945e-05,1.3825142791712049e-05,-5.647808455120747e-05,5.450182967073518e-05,9.738667706480952e-06,1.2798533011452188e-05,4.901555828399935e-05,8.164675748481507e-06,-9.690595696068253e-05,8.904200128037018e-06,8.047838168173653e-06,3.7384247647249854e-05,8.604625543573676e-06,-6.15388868893585e-05,-6.436733873172555e-05,-6.371583388293844e-05,3.8362418859596296e-05,6.9820620929505604e-06,7.218082576521466e-06,1.0179775458958511e-05,7.067798100286111e-06,1.0156717319711729e-05,6.874040453566996e-06,7.08033417251021e-06,-5.756096180189606e-05,6.97995666507863e-06,6.411870716467716e-06,8.4228227245324e-06,6.462603288390415e-06,9.46447460334475e-06,7.200764936049868e-06,4.270131319652857e-05,6.29643376121118e-06,6.316100716533265e-06,1.2769401347253736e-05,-3.4843249451847204e-05,6.183334067983886e-06,6.244626897036053e-06,7.072964186036233e-06,5.486991597020506e-06,-3.613173945481737e-05,5.060468205112156e-06,1.2971158061682182e-05,2.353377207554735e-06,3.532919442988751e-06,2.2732947799365907e-06,1.6129558377130548e-06,1.3269567674943176e-06,1.4247092654215142e-06,2.5659454420273166e-06,2.5604032492288436e-06,2.8720008602844925e-06,4.289203718059935e-07,-1.1847181281398926e-05,6.345325092213582e-07,1
1.0067806231521201e-05,1.0063587057056655e-05,1.208888688691304e-05,5.916556034806399e-05,1.0757233890094513e-05,9.13447300183478e-06,-5.4357247855675594e-05,9.316760968670784e-06,5.160051977379809e-05,8.446393208695596e-06,1.1094520871525354e-05,9.985626785169145e-06,4.637944386115126e-05,-5.2685806919826565e-05,6.959441839295112e-06,-8.389471625029504e-05,4.112917134443234e-05,8.449774193477391e-06,6.588144764690169e-06,4.066123326496514e-05,6.485002237313512e-06,9.226466387069197e-06,6.393649557331704e-06,0.0006352990150968766,0.0006352108308573115,3.105187863231594e-05,3.0799769064441004e-05,0.0006237824363746115,0.0006223781377301544,0.00048748596426933594,0.00048700047211655935,0.0004845572656504442,0.0004798512744484151,0.0004758965973377774,0.0004752636656557704,-3.726089117826734e-05,-3.904820078783668e-05,0.00047413912343015254,5.942501085794045e-06,0.0004717962578734726,0.00047117603709920556,0.00046956402044122706,0.0004695301385738628,0.0004689701682850751,-3.6609772959655735e-05,0.0004666604886531338,0.00046632593247836353,0.0004643460484358462,0.00046233195322583124,0.00046173806518835705,0.0004606784614398625,0.00045832941346244895,0.00045841841715101126,5.861502258890142e-06,0.00045715393987552167,0.00045581787672526857,0.00045426048710807865,0.0004536025982237329,5.809404683037013e-06,6.755033611598818e-06,7.170531574281728e-06,6.051614611926591e-06,5.484263451496941e-06,3.075713162454985e-05,6.253920300804151e-06,6.10522875713713e-06,-6.006913054776757e-05,5.097363713471686e-06,5.169111978208254e-06,3.8003587380910773e-06,4.347278358680941e-06,4.01296439430722e-06,2.4345375177100865e-06,1.3966617205466159e-05,1.3716012512644018e-05,1.0777576974842403e-06,1.9669734054437158e-07,1.2404435268382339e-07,1
1.1949134745348502e-05,1.00004463671092e-05,5.929253295697322e-05,1.1555233792630573e-05,9.938351029945387e-06,9.678817824130694e-06,2.801975266734127e-05,2.3230072909420546e-05,9.286428707583407e-06,-0.00062830943428989,8.956363530444368e-06,9.026287853857574e-06,8.796068201672075e-06,-0.0003983993551065962,9.533493095575195e-05,-0.00037836996811500134,8.51773224256278e-06,5.093440912957763e-05,8.40834818598771e-06,-5.0502352810919916e-05,8.748786040070832e-06,4.931009389548065e-05,-4.927316794485002e-05,9.542961951311685e-06,8.93680802040486e-06,7.925928123992384e-06,1.1577551742575438e-05,4.663653175982145e-05,7.192294408275584e-05,7.425001873880693e-06,7.586034257242511e-06,0.0008416431945017275,-4.3641844559171206e-05,7.823700910025538e-06,1.0892997370418605e-05,4.204343692675163e-05,7.016012537992043e-06,4.133394166895199e-05,5.358914004889523e-05,8.684278515999575e-06,-6.496093470095832e-05,6.360346752739328e-06,6.259744418662581e-06,7.552405634211208e-06,6.993259888464236e-06,5.959086139669211e-06,3.486653106109412e-05,5.678674838382812e-06,6.698927105101729e-06,5.64420902430045e-06,7.005344609155904e-06,5.555794667847001e-06,6.6037099867678925e-06,5.552415775551175e-06,8.727016750905565e-06,5.504700796558414e-06,5.278188419584164e-06,2.9399359577714735e-05,3.898089071543252e-06,3.854104744925446e-06,3.853034195959043e-06,4.243528358380409e-06,6.368530420504828e-06,2.2844171785363086e-06,1.3049545488152557e-05,2.1609998314434273e-06,1.2757132739930569e-05,2.879760915337822e-06,1.7860802920646208e-06,6.694064913915186e-06,6.6523287401268266e-06,1.0522030084363774e-06,8.23339893486335e-07,8.691641820883081e-07,7.278734620274838e-07,6.571446135060052e-07,5.599403025330172e-07,5.321381155582213e-07,1
0.00010450365024484252,0.00010096799145501166,0.00010088397844917805,1.0858890405033915e-05,1.0786083994385869e-05,1.118813956663263e-05,1.1123506461837345e-05,6.831556043718516e-05,1.1427059039137563e-05,9.165913758238408e-06,8.65410214483172e-06,0.0001047528953344059,8.488654869897353e-06,8.410344748680918e-06,1.3106321847819906e-05,8.10280339938772e-06,-7.307617005426278e-05,1.1347840272425546e-05,9.205791633388127e-06,0.00022516366076937619,6.684313272821629e-06,8.75724158767323e-06,1.038842553103215e-05,-6.076129130979225e-05,7.616246426877746e-06,7.158412195345497e-06,7.387554081759459e-06,6.084018949498249e-06,6.029321036498856e-06,-0.00019286119653540252,5.9235297732784625e-06,1.3921246574144923e-05,-3.5046397855555734e-05,-3.969477989700453e-05,9.727961561898868e-06,5.863729618599815e-06,7.051589260173184e-06,3.3897635730602815e-05,1.1385422133216842e-05,5.657888086920288e-06,-7.659577781727132e-05,5.702931086057252e-06,5.499353671875934e-06,3.291033062806793e-05,2.6437171478435053e-05,2.7326050038491826e-05,3.9408852692942154e-05,2.5741486969596405e-05,6.595796811025461e-06,3.4991625036551525e-05,4.9999194281158076e-05,8.630022353238782e-06,2.9809022804002913e-05,6.516911502195305e-06,4.880111934509623e-06,5.338596586194808e-06,2.74419034381278e-05,6.6154860258775355e-06,2.2557888314288143e-05,3.8558255673501826e-06,3.848688238230051e-06,4.335112044155847e-06,3.0534835526717e-06,6.336057666967852e-06,2.5847204995915135e-06,1.4084243283989524e-05,2.1201684814796036e-06,1.952552961178494e-06,1.699329593716637e-06,1.4691918676511317e-06,1.3453309469294966e-06,9.215937978681744e-06,1.0270826924320274e-06,6.957127807659987e-07,6.335679314597446e-07,4.640456842574119e-07,2.7384657893510966e-07,2.132922431187888e-07,-1
3.295334311248071e-05,1.0066143591385074e-05,1.0066143591385074e-05,9.452538716363779e-06,-5.4950821381190075e-05,-8.72493402105499e-05,5.4364915936747444e-05,9.086176217813268e-06,9.667193335876242e-06,9.273091710308753e-06,5.384485284581252e-05,9.077288373777102e-06,5.132579338216441e-05,9.050774350327752e-06,1.7659817939015768e-05,8.232900459299616e-06,8.197965846503119e-06,-5.594593114882548e-05,8.785137484974782e-06,4.972065281315343e-05,4.830744283654694e-05,4.780438441227737e-05,9.4489565663558e-06,7.856156309792186e-06,7.765319961009091e-06,-7.746053626191776e-05,-4.7493865374555435e-05,-5.034435851309806e-05,7.499273590573149e-06,-4.81580272575893e-05,-4.353247131546269e-05,7.170888230286062e-06,7.636515383901791e-06,4.271244368813915e-05,7.757537643162814e-06,7.0283722809363125e-06,8.890724948240818e-06,7.277552009320872e-06,6.576999812745588e-06,7.15794838310344e-06,6.867479221394747e-06,6.613550815626616e-06,6.900921581926547e-06,6.251940531546656e-06,6.8597545733745235e-06,8.461957921837764e-06,6.8706653641899025e-06,-3.561182023336552e-05,5.804170866334128e-06,5.795362363534498e-06,5.964227471745633e-06,5.6944819686025395e-06,6.917879608632214e-06,1.3762344324628356e-05,5.283340535521981e-06,5.17182953199809e-06,4.556483454848551e-06,1.8331363493366613e-05,3.0402287062570506e-06,1.7106086999876106e-05,2.128427189342884e-06,2.195259086693417e-06,1.0957176233616562e-05,-1.0761872050418702e-05,1.8583769374881e-06,1.4788838911362371e-07,1.2755425383693918e-06,1.0211557577291056e-05,6.098980065006616e-07,5.794381186105972e-07,5.149836726476031e-07,1.6609057837455296e-06,3.5305390551511e-07,5.830700475138436e-07,1.4241226352283174e-06,6.12457017006253e-07,5.105194813150264e-07,4.4733846315671355e-07,-1
6.126027174615381e-05,1.1447362370442776e-05,5.8450357050414365e-05,5.840810245661955e-05,0.00034748352339895633,0.00034585159994342403,8.770758899436037e-05,0.0002862629834562279,5.531711503128625e-05,5.468969820267682e-05,0.00027925817647310073,2.394731302051377e-05,1.2219209926841695e-05,8.683947198493674e-06,8.67831889789983e-06,0.0002689610598134975,5.176542720777002e-05,9.591385523841561e-06,-0.00010755043016719062,1.7804798461043056e-05,8.237315941804266e-06,-7.77881893056381e-05,1.0487547985200192e-05,1.4270831147537256e-05,8.444062152407841e-06,9.01570790658202e-06,9.052747956082873e-06,3.619067886635283e-05,7.778148483536746e-06,7.719241648805063e-06,1.145122575802287e-05,1.3049055122045752e-05,7.818527780226102e-06,7.394197698074201e-06,7.320316164644165e-06,1.1060100586855811e-05,7.07983507929201e-06,1.1220755092413051e-05,-4.3879364242412556e-05,8.589777839153243e-06,4.1008342946330254e-05,6.309134761460238e-06,-5.760345403727181e-05,8.491246127955655e-06,1.2252540922186268e-05,5.774058562572956e-06,9.123953889799467e-06,-4.174272933598748e-05,1.3782140556020315e-05,7.142220728453064e-06,1.0169233491227318e-05,6.15398690511095e-06,4.061745447206934e-05,7.02848787628285e-05,9.419135445455262e-06,6.319268388131365e-06,-5.825162668057186e-05,-5.212356518394165e-05,7.278029334493746e-06,-3.5378991488932655e-05,4.775771578282531e-06,7.963149081117297e-06,5.902676596994469e-06,6.593172833122201e-05,2.033248197954407e-06,1.9378664676459136e-06,-1.5125676833216702e-05,2.8554963037775375e-06,4.2873306758411e-06,1.8080105968209539e-06,3.915407030797157e-06,3.26930026003855e-06,1.9408530695760165e-06,1.7530413822172514e-06,2.031350570431789e-06,3.0593139677830206e-06,1.4149305502840908e-05,5.023211351212624e-07,-1
1.2929805017666168e-05,1.002080373766416e-05,1.5245280993500224e-05,1.2930612356878952e-05,9.234962731999601e-06,-5.1501971709217465e-05,8.399968099959485e-06,8.45199947322127e-06,8.44819933460037e-06,1.033633537290162e-05,3.167144796034884e-05,1.6326488913999844e-05,-9.795893348399906e-05,1.031045981810001e-05,-0.00013881870847987714,8.335949488840512e-06,1.0137956119422589e-05,8.457919468402551e-06,2.0997476736566472e-05,9.908643650727512e-06,2.1054259287159938e-05,7.724936121273329e-06,5.879090133222877e-05,8.107844907699327e-06,1.0579174177178362e-05,4.404579856942127e-05,7.888636221627686e-06,-4.388074798168538e-05,8.888982283151042e-06,8.065266052653834e-06,7.420857437278624e-06,1.7017587493191722e-05,7.636243949555827e-06,-5.5363279848836655e-05,1.2737905814999983e-05,9.134139812258514e-06,6.958955823679885e-06,6.7661667799312395e-06,6.689534783889692e-06,8.452450879624096e-06,8.790120022317731e-06,1.2810552728240353e-05,7.509562405499231e-06,5.9537623748133504e-06,0.0007445665223877159,-4.868669243946262e-05,5.708823303408562e-06,-3.8192726999104955e-05,6.585623616330875e-06,5.49371791388731e-06,6.538111873510726e-06,6.659930359048979e-06,6.974962296981467e-06,2.381065417021974e-05,5.757908912659345e-06,6.1559334106452575e-06,1.0140095875473308e-05,3.3156547701620902e-06,3.407108922018197e-06,3.056598020799543e-06,1.0861143002432802e-05,5.081520382533492e-06,2.9595601410463125e-06,1.4135424782315196e-05,1.1601610947740387e-05,3.420306786126599e-06,1.517651146629604e-07,1.982024878972719e-06,2.2301691052573615e-06,1.1630004259764722e-06,1.1034733694564626e-06,1.2329028452764416e-06,1.1765202674174572e-06,7.856675459838877e-07,7.565706503163178e-07,0.00011034357544384166,3.0925678938173107e-07,1.773143127838343e-07,-1
1.0138723733473481e-05,9.960346543361157e-06,5.837532138465118e-05,5.772363451403588e-05,5.636556456302052e-05,5.598208142081157e-05,9.24637357140405e-06,5.5016388102069284e-05,8.996678626969904e-06,0.00011406552703030113,5.337890812681061e-05,1.189762157515403e-05,1.8041498719738493e-05,1.0836837160929516e-05,8.6461577700208e-06,5.1876946620124805e-05,9.59913566765852e-06,1.9770316857221808e-05,4.8351284504109506e-05,1.0330745480933068e-05,8.022230644651392e-06,7.96064172727763e-06,4.6408821251718764e-05,7.796959840483573e-06,8.34938322628928e-06,4.539932118370534e-05,7.440996383930667e-06,4.42812051024636e-05,7.822202715762996e-06,7.3790867852243435e-06,-4.3671229474867835e-05,7.231830752420542e-06,7.199693106610511e-06,1.0670329706754243e-05,7.1320426891062135e-06,7.11130179332937e-06,1.7659727698242574e-05,6.960070467610234e-06,6.932631981501087e-06,6.928479325265966e-06,6.873683507453592e-06,-4.1445055872397956e-05,7.227082375538229e-06,7.164642880722878e-06,2.4642269843809382e-05,1.8866306603952126e-05,-4.1418908914104946e-05,6.047684394088725e-06,-3.761292204659596e-05,5.918724364345386e-06,7.75428905287358e-06,5.842087507039925e-06,5.7574951525680674e-06,5.708425392461926e-06,6.09646335617342e-06,6.901245011688796e-06,-3.37548995409796e-05,6.585842444156775e-06,5.248271577859384e-06,1.2325078954379548e-05,6.275450277940563e-06,4.183017503109437e-05,4.886035135809525e-06,4.802690283182012e-06,4.7038789798161536e-06,3.0417754956955407e-05,4.371491577868612e-06,4.271107360553938e-06,2.238263708464072e-05,2.2347878342917023e-05,0.00017979919195205429,7.3050523337766195e-06,3.2907998703288195e-06,4.325474141752619e-06,0.0001116637896650323,2.9559543698094917e-06,-1.2667815642332804e-05,1.360095394078961e-05,1
1.0701024717192998e-05,5.846755442681477e-05,5.490720959742285e-05,8.955958114613396e-06,5.299032389583411e-05,0.0004972807596525571,8.698566345118223e-06,-0.00010479729654766959,8.466211838124062e-06,9.272664732780932e-06,3.4770800614943815e-05,1.1035577499997345e-05,7.95541109932489e-06,4.6969551403763765e-05,8.767722891928037e-06,7.75313936316473e-06,1.3811864607524919e-05,7.694876046775767e-06,4.5619198098750306e-05,2.6466708577616883e-05,2.6404601251468802e-05,7.539385440049277e-06,-5.328321692887562e-05,7.80732757635054e-06,7.82108333259433e-06,7.3440132608952915e-06,1.0096095192894159e-05,0.0001164867729459901,7.185283934867822e-06,7.180189305994723e-06,7.169385313319362e-06,4.2537593874878645e-05,7.021835072466405e-06,7.880002414962786e-06,6.6912747209782294e-06,1.0434860776562713e-05,3.8986180254641606e-05,7.442688753130188e-06,3.892764495034254e-05,1.2255934230649754e-05,1.4960200421668107e-06,9.264922769875722e-06,5.094661579661694e-05,6.104575854191401e-05,6.371953592265782e-06,3.581557719054242e-05,-3.874014750762787e-05,-4.875348918246609e-05,1.2735556272036496e-05,-9.363852123690341e-05,5.804896766910334e-06,5.089839864872704e-06,2.8365521526784974e-05,4.847395175257073e-06,4.741299498847602e-06,4.847683878115997e-06,5.833435023154284e-06,6.863007684513973e-06,3.625332685601461e-06,5.2280224664359904e-06,1.6865115651691137e-05,1.6741335989997002e-05,2.809127137270862e-06,1.5175222394378803e-05,2.6828623001424695e-06,3.960783692644479e-06,-1.1600425157872486e-05,1.6392058382199966e-06,8.997206361874692e-06,1.27089030149178e-06,1.490091210826933e-06,6.949432216315201e-07,8.491855958954942e-07,3.094808721340029e-07,2.1882626785860778e-07,-1.4249245188630636e-06,1.4512808931035473e-07,6.833420822444704e-07,1
2.058768257839342e-05,3.908899980733485e-05,9.754998667668946e-05,5.736452163022172e-05,9.000346814093335e-05,9.648395866649782e-06,5.4574668224862904e-05,8.66475291257701e-06,-9.633442597512807e-05,1.1057842670296803e-05,-7.717792043465998e-05,0.00019925457193065664,-5.068607093139076e-05,8.116582015285948e-06,4.808945521334962e-05,4.7556418798952064e-05,7.87520118566155e-06,4.695782027918619e-05,-0.00017007054563596404,4.591001015496079e-05,8.127337627280988e-06,4.49222469440452e-05,7.497989540940405e-06,-4.867982722658481e-05,-5.660521666844423e-05,4.617922483963515e-05,7.298886024847519e-06,1.1787555477105843e-05,8.775564447536808e-06,6.832370450011414e-06,6.744215186484159e-06,5.264665237420997e-06,2.9505889153645076e-05,2.94917599261543e-05,5.128363206991249e-06,4.705613933200769e-06,0.0025462864148382823,0.0024112581464144703,0.0023468684794306564,0.0023430949628320814,0.0023340616474277964,2.3983273181398158e-05,3.947520008480982e-06,0.0022522164041479924,0.0022311214169268446,0.002215137093540594,0.002193830726204522,0.0021854426313547117,0.0011695119212266848,0.0011602417556042751,0.001151245861080841,0.0011438492488317833,0.0011216185140673902,0.0011167559005121452,0.0011080293509619329,0.0010866733048693978,0.0010664044413504815,0.0005045088141010759,0.0005022734033264318,0.0004717718689206717,0.0004671277218532526,0.00045750814337320786,2.8172659880707234e-06,0.00043899286159997743,0.00043651702064882465,0.00014348895777502017,0.0001426601215537518,0.00014247617165460266,0.00010971620225536817,0.00011664623095581497,0.00010566172260872498,2.908372201926386e-06,2.6147739024696666e-06,3.614700413109367e-06,1.7011000969250684e-06,6.318115561839546e-07,4.750842196385052e-07,3.163914953252987e-07,1
5.980568608936723e-05,5.98809128943425e-05,5.967145851365642e-05,9.932749140112065e-06,9.927788553885563e-06,3.2974229881185607e-05,5.8414732229539955e-05,5.729539110502918e-05,5.736746032610957e-05,5.705327875508046e-05,1.3265685192999272e-05,7.192223760242853e-05,1.1987039600404755e-05,9.083914061617926e-06,8.730975012130933e-06,5.2280399269466665e-05,1.0809156252517228e-05,1.035924340121578e-05,4.8589621153303576e-05,4.8590276563401894e-05,0.0001753753416535642,1.4631925574443108e-05,2.918339908320641e-05,9.964970439888272e-06,7.0793407088698164e-06,8.953584937717443e-06,8.763285576660747e-06,8.763285576660747e-06,6.7625600168439574e-06,4.023786700910079e-05,7.372822272678757e-06,6.601737471501983e-06,6.611427526356014e-06,3.952085206787429e-05,3.908755634560448e-05,3.887840895224152e-05,3.883074763539177e-05,7.0984576200248535e-06,7.370000760547751e-06,6.242555286194133e-06,5.388652030139694e-06,5.145246861553477e-06,6.0049372310695126e-06,1.277352429280301e-05,4.1874003653456135e-06,4.739781075060397e-06,2.4335936389946173e-05,4.97987073842149e-06,4.099683998532237e-06,3.763462384152578e-06,3.6441571333032603e-06,5.618067878073075e-06,3.469611816064862e-06,2.0180183660273913e-05,3.515889497194015e-06,3.1086162131977848e-06,1.2395848193032424e-05,1.7466400805411943e-05,2.7905797584970204e-06,6.0550262225965315e-06,1.0135497481399253e-05,3.604726551870736e-06,2.009477413781385e-06,1.6185288173727312e-06,1.816202767591673e-06,6.571453779711833e-06,9.065848313974568e-07,1.2495307376614504e-05,2.9050572938115807e-06,2.929423316200298e-06,4.7066208548022554e-07,4.969216500118574e-07,2.7831599867284995e-07,1.5585628730540099e-06,4.182949453360465e-07,2.515524052906283e-07,2.245132437667676e-07,1.1641797674785916e-06,-1
0.0007590566019476428,-0.00030410349467574325,1.082905359553863e-05,9.127237387410018e-06,9.73142761889623e-06,0.0005967357287953171,0.0005209711947296798,9.793659456927155e-06,0.00019836054878517338,0.00016383908427490326,0.0005371788976920374,0.00018376783554796983,0.0007144905556653376,0.00016781020641298925,0.00021903968135235613,0.0001705003043939439,8.964664980850447e-06,9.685527474824366e-06,0.0007029894965146887,0.05334754548564816,8.418935270403528e-06,1.0546769295969597e-05,8.84387820729427e-06,1.2681409263143534e-05,-4.858306724175441e-05,9.90401327500692e-06,-0.0002613902282314153,8.64477668133897e-06,8.065935604295455e-06,6.940421394242035e-06,0.0003872660695034793,6.969725277423683e-06,5.479623629911022e-05,8.256191679546462e-06,7.051662605304592e-06,7.000840732105608e-06,7.362230079754597e-06,6.612297004405324e-06,7.290448964561749e-06,0.0007407327048513066,6.19204755091171e-06,6.1295904595224744e-06,-0.0023891611118104722,5.426839501549505e-06,4.875501003117799e-06,-2.6516605830804426e-05,4.788443469318793e-06,-5.6747313474681316e-05,3.905177328229882e-06,3.6830790131255175e-06,6.615551348360949e-06,3.2443197286410036e-06,8.554869274657205e-06,-0.00016710326296689757,-1.8717188281507204e-05,5.8365146873934565e-06,1.2206024838297041e-05,3.2089580985364166e-06,2.3094640922141876e-05,2.4307109443296133e-06,2.7240547400950037e-06,2.370665343371118e-06,1.7458699500096974e-06,2.0857598809828536e-06,1.383234847072188e-06,7.338543316185396e-05,-3.8466622577497186e-05,1.5189997823255968e-06,1.3726381366348796e-06,1.2150808418360847e-06,1.2894719758432643e-06,1.0904296782103063e-06,-6.020412718324662e-06,-5.875516818834012e-06,9.452757816705401e-06,1.1708228470376265e-06,5.179651094234321e-05,1.0085441212845038e-06,1
