2.6258696948915838e-05,0.00016176646942611528,0.00021576854002706386,3.241763004953093e-05,1.7424025503997695e-05,3.583630395473415e-05,-9.966403067959736e-05,9.4028057007757e-06,9.316009940121272e-06,9.669460759790231e-06,1.9123972066894117e-05,9.870676845584832e-06,1.3904331039695636e-05,8.94309518979707e-06,5.4708833829448303e-05,1.571129755123869e-05,9.632156914017097e-06,8.490594130467558e-06,-6.713459007359313e-05,8.32818635098473e-06,9.403627281993655e-06,8.372880172216705e-06,2.0529480932854355e-05,8.120355535798366e-06,1.3214154564588299e-05,8.40505065029079e-06,7.751378706280491e-06,8.162852217487063e-06,1.2744786232073294e-05,-4.654698307408154e-05,8.673605914415685e-06,7.461736395174231e-06,1.1559207611977274e-05,9.261835425820252e-06,1.1326035667357132e-05,7.1754233076147e-06,8.128379672803673e-06,1.0393295926528831e-05,6.557036726492037e-06,-3.880738827153951e-05,6.422263992746631e-06,6.932035084813274e-05,5.170033541580435e-05,-4.2616211523801174e-05,6.809962124737004e-06,3.6964989795742615e-05,-3.643196687546457e-05,5.922513296190852e-06,-0.0012107254079578268,7.49565312169405e-05,-4.9481068552726866e-05,9.31517917410775e-06,3.400423894750936e-05,5.461417999948941e-06,2.3782696705963497e-05,-4.279021635007392e-05,5.404707102925191e-06,-3.6178768048282266e-05,-3.419080553674125e-05,2.626778966495528e-05,8.280555530179726e-06,7.968723064349823e-06,6.270053497482719e-06,6.1961967590798285e-06,7.877565286577096e-06,8.388922890526096e-06,9.343952033807812e-05,1.3505436665339953e-05,4.737268562992811e-06,3.5401437597585593e-06,3.874450339444878e-06,1.9237405179573986e-06,2.6756004850583214e-06,1.035867023119388e-06,7.723766675039128e-07,6.096986756057252e-07,3.318891203633868e-06,4.3497340073883733e-07,-1
7.749775228776505e-05,1.5735405469350625e-05,9.383404386788381e-06,5.4600567566665885e-05,0.00018714387767029722,3.326713573500792e-05,8.74390487688629e-06,9.103396079548902e-06,1.0372453140448357e-05,8.404302299696724e-05,8.454778506781477e-06,1.373931849527959e-05,-0.0001669670193230565,-4.9046579118405904e-05,8.708076304602865e-06,7.707086110592686e-05,-6.984064898997474e-05,4.8149398169534015e-05,1.2545817020130074e-05,5.405396200711932e-05,7.619674887044395e-06,7.941744146216006e-06,8.170767301170589e-06,1.6055951765649357e-05,8.076610534299014e-06,1.2620136593401647e-05,-7.557355149817286e-05,1.257104723932264e-05,0.00015956958345871968,8.959336602934841e-06,7.0606845891078535e-06,1.1776985292674757e-05,1.2699566814670827e-05,6.771787186836042e-06,1.049292183249174e-05,-4.313240972210301e-05,9.114240269968359e-05,6.546082101558248e-06,6.486036084467288e-06,6.55112643620466e-06,-9.455965246188435e-05,7.87675954480877e-06,6.636149479827735e-06,6.500614343939292e-06,-0.00018428667742804243,6.454317200598075e-06,6.4701629160150645e-06,6.506941295851783e-06,6.506941295851783e-06,5.994111800269323e-06,6.018627296040102e-06,8.62137858424201e-06,1.1805506833680602e-05,1.413433552131008e-05,-3.661685635401665e-05,-9.131295583932152e-05,5.809985314183409e-06,-7.743896768175417e-05,1.7775881396085574e-05,5.485164952202206e-06,6.704441693170522e-05,2.2340263498193025e-05,6.413053625101031e-06,5.406611800188457e-06,4.428269480738727e-06,7.2113333579333995e-06,3.6883780055397915e-06,-5.685585231924205e-05,5.604561380793473e-06,2.5238892277597425e-06,2.067947180755763e-06,3.931164972649779e-06,1.3808924936746587e-06,1.657147530234339e-06,3.65691219243101e-06,-2.4096557937518167e-06,4.482510287624513e-07,-1.294107570995469e-06,1
1.5826508458668026e-05,-0.00012688624382784986,9.492241632376981e-06,-5.5693173625898005e-05,-0.0011113567131977931,-5.5464079928709914e-05,5.352868169081228e-05,8.891563377782454e-06,9.082172952017363e-06,1.880660619922136e-05,8.210196342869346e-05,8.747939855797937e-06,5.093628048893986e-05,1.3013821594007738e-05,0.00011421587471560677,8.111182288608408e-06,9.321827581957835e-06,8.309614187668016e-06,7.993307299241408e-06,8.244659804898784e-06,7.924746421078738e-06,-4.90782325327773e-05,1.6510728399050206e-05,1.2019671652588486e-05,1.2053936963446875e-05,4.594855062445336e-05,4.586473120103891e-05,7.643377612631098e-06,7.063503150958986e-05,7.506619834892965e-06,1.555004023193713e-05,1.1892359335870887e-05,0.00036958851774530275,0.000369233611691023,4.1821013633949735e-05,6.178469927391361e-05,6.942196700979361e-06,6.95719941081795e-06,4.3152909199389024e-05,6.61051819744737e-05,4.0877094971509927e-05,6.742411566755019e-06,6.815852936242805e-06,6.720043154666499e-06,6.623210216106338e-06,3.939797729109297e-05,6.508813678279077e-06,9.87002446321726e-06,9.893834739209032e-06,6.134180400468074e-06,3.5847642665231264e-05,5.98236266161725e-06,1.9724956839006065e-05,8.914580133691548e-06,5.187708278396653e-05,5.519141366092141e-06,1.1622770377641057e-05,1.1557065930816285e-05,-3.2658032800096215e-05,5.1882467417026475e-06,-3.104572813185432e-05,2.993320799670035e-05,8.500295872799137e-06,2.8261599873898052e-05,4.301988679882685e-06,8.430282349115807e-06,-5.197675899966742e-05,1.5689446654176124e-05,4.8079587185121575e-06,6.485909571076077e-06,3.4794626689706837e-06,3.3442218302864626e-06,-2.0048487025778205e-05,6.5342815371058254e-06,1.4194997587934739e-06,4.769743312162758e-07,4.413957419461043e-07,7.375030173680831e-07,-1
1.0312337549981202e-05,1.0684654667111616e-05,6.991444696801923e-05,6.0597577652902836e-05,6.074812863554056e-05,0.00011874515348014449,1.9060825207518092e-05,8.942455969588982e-06,-5.370956158740228e-05,0.003381629069591977,5.159931356088053e-05,5.1306940144448334e-05,-0.00014575086051823148,9.907352847990257e-05,2.3663141843130974e-05,4.91093773458508e-05,4.880889510339417e-05,4.8524438489095245e-05,4.8299670718288675e-05,-5.5007987431720866e-05,0.00010140646679139922,7.891131331894874e-06,4.730501350245424e-05,7.870244087437375e-06,1.7102326453999206e-05,7.940735194922699e-06,7.83671833338254e-06,4.71866716814925e-05,-4.658477420049797e-05,4.5341612523449345e-05,7.474613326819579e-06,4.479854416755438e-05,8.110718029512733e-06,7.3607792095531855e-06,7.341100561180737e-06,1.535664742485984e-05,7.187927435159079e-06,4.284217530918414e-05,7.14387861184802e-06,4.395585856825253e-05,4.237562381048452e-05,7.048679138775754e-06,7.021982068615876e-06,7.382838525551433e-06,6.8048563114683155e-06,6.643768212112339e-06,6.645949946415876e-06,1.561071265939171e-05,6.467454504135225e-06,3.8508691438454626e-05,1.951898103082632e-05,5.703088517752033e-06,5.5810692392494475e-06,1.2501680265976436e-05,1.3212672373892111e-05,5.4321938307971284e-06,2.374884985079834e-05,5.264571838509127e-06,3.193469156213058e-05,6.924246805760721e-06,3.335423405962181e-05,2.066209212005267e-05,5.213971645805951e-06,9.87004875114624e-06,-2.8256451261022587e-05,-5.756743994577923e-05,5.700470032686837e-05,2.2605368199601262e-05,9.247936235651219e-06,4.99643418029172e-06,7.92159315045614e-06,1.5652124217315794e-05,7.67740050291159e-06,2.410035620841226e-06,1.9281873674649745e-06,8.46659419983977e-06,6.344393785283325e-07,3.498225458915351e-06,-1
0.00016590938057495333,9.908815297582686e-06,9.692648513541479e-06,6.317410473306959e-05,9.488568220677523e-06,0.00010984252077062185,9.490771751861838e-06,5.561115170405147e-05,9.129403264894363e-06,-5.405734247121571e-05,-5.408392904129158e-05,5.3493937181415254e-05,8.84501365171072e-06,8.795850583198925e-06,8.786876855318129e-06,2.388013211128233e-05,8.705390900586306e-06,8.812075151515603e-06,5.093940789273573e-05,2.315954180548573e-05,3.710635026797001e-05,8.302322586765317e-06,4.952198938185652e-05,3.492042952324785e-05,0.0006156685285327374,4.693515199721391e-05,4.816926698270898e-05,4.595598190334455e-05,7.529017562843036e-06,7.530338009194226e-06,7.382839306845213e-06,-4.3546967960773404e-05,4.3181066519811115e-05,0.0005506346678633026,-4.1996324889576785e-05,6.939755166727149e-06,4.1138513707851354e-05,4.1440682080570155e-05,-4.0720013794035334e-05,4.03460971581609e-05,4.0220537977583886e-05,-4.0172667807274744e-05,3.9888203925154075e-05,6.6658368954917995e-06,6.445178319709811e-06,2.90235692439938e-05,6.3558060325409034e-06,5.217452133125252e-05,6.340372792484938e-06,6.1806115357887424e-06,-6.147039857807531e-05,6.12439870684393e-06,0.001244365388274696,5.904193590010458e-06,6.38124736093637e-06,0.00015757695821929635,5.84740957042256e-06,3.540133099204495e-05,-3.106807938945836e-05,0.00039552660391738674,-2.6494723680980065e-05,4.4149265086906655e-06,-0.001803348675942651,1.716850282939412e-05,0.00015503847964341158,2.7966447351372403e-06,-3.890230448147521e-05,-3.890230448147521e-05,1.5275250828594838e-06,8.391283269816242e-05,4.364522704295709e-05,3.7973167546922123e-06,4.392224970407776e-05,6.421908806378615e-07,6.472651811942453e-07,3.366608067335001e-06,1.5126008758934927e-06,3.921356773711664e-07,1
6.104427103366056e-05,1.2402396510875346e-05,1.0708049840893334e-05,9.354837023088368e-06,-5.576856207678502e-05,0.00011299812851230313,6.051245287868203e-05,9.55833325835725e-06,0.0001342404038068217,9.0322914815245e-06,8.677201507480088e-06,9.387971573304587e-06,8.707458567690918e-05,9.267839551604214e-06,2.6860336443624964e-05,7.882892254049169e-06,2.2922450993309326e-05,1.0064794968430376e-05,8.061757483589343e-06,9.916565053258196e-06,2.4239874021653605e-05,-9.604172781930318e-05,0.0001297526124271738,4.573177426970189e-05,0.00010069734918181869,9.074239766197085e-06,8.650248330958505e-06,0.0005188160146042998,6.695764491843416e-06,2.2950511435011504e-05,3.204132281720542e-05,6.932874619098633e-06,6.090535280016606e-06,6.06650235323679e-06,6.0390878675726185e-06,3.1137565861643435e-05,7.194781005850235e-05,1.2203014026310995e-05,6.8432657537354e-05,8.880769221015084e-06,5.732167827960845e-06,7.743290509922691e-06,2.6149180955193612e-05,3.136758196434453e-05,3.240547832912297e-05,4.900940865385872e-06,2.7686654299072207e-05,4.357236935607871e-06,2.5667128777174105e-05,7.208020115341229e-05,0.00011047580022898666,2.4158185286452524e-05,2.0349498047425168e-05,2.0304783902996254e-05,3.3147175614583696e-06,3.102898971241285e-06,2.971500940802464e-06,2.5840662744027928e-06,-3.7809540267484576e-05,5.647668985179714e-05,2.263326431914264e-06,5.753185189398493e-06,1.1754543581210075e-05,-9.666852367688021e-06,9.618809707156765e-06,1.8499399561462616e-06,1.2110668682939512e-06,6.687935349764613e-06,9.022069985944338e-06,2.9540500375087718e-06,-2.5987568245436386e-05,8.526759642305876e-07,8.243475121057155e-07,3.393691063555154e-05,6.154050876111948e-07,5.041079407454152e-07,2.2609312876818858e-07,1.6579264580109291e-07,1
1.6026886475437268e-05,1.119622115963617e-05,9.82498324355284e-06,4.754628870546107e-05,1.026171286675062e-05,-9.263530630417518e-05,7.657299530089694e-05,1.0470983399675588e-05,5.616737446025376e-05,9.9672612332887e-06,0.00024105484370496374,4.944980013780049e-05,8.919559827190727e-06,3.676713448800243e-05,-5.140026656004172e-05,8.205696077330338e-05,5.080645403431914e-05,1.5781987926464353e-05,7.88910998398613e-06,4.684385089494867e-05,-4.642651950394317e-05,4.442393864976255e-05,2.6953156249606797e-05,7.205663545398459e-06,-5.070529651804465e-05,1.3597477176313164e-05,1.0360777670958218e-05,4.284802795503724e-05,6.78481705045155e-06,7.404827410964442e-06,6.812595209146815e-05,1.065245313372149e-05,3.2524869419425175e-05,-8.541564070552819e-05,2.5907710250628226e-05,1.5354437259601545e-05,6.290493658171444e-05,1.5547136163525468e-05,1.0820947223802393e-05,3.941838506129763e-05,3.757243006240156e-05,-7.250926893205612e-05,3.412639113463381e-05,5.736686716344026e-06,5.6296094559507574e-05,8.74710149710217e-06,-6.695700543829763e-05,3.487386506987057e-05,5.891579095468918e-06,3.1555957292168535e-05,5.156797627138258e-06,4.584133207165763e-06,4.290512117155574e-05,3.740350474798183e-05,3.6113396252226545e-05,5.53779222772056e-06,5.1840433685772195e-06,5.347096518904675e-06,5.36865623128369e-06,7.279210050245857e-05,3.0790447843202508e-06,2.7053713384395868e-05,2.503913347309574e-06,3.3143045062857245e-05,2.036550469738735e-06,0.00018318723680729352,3.3821557279125078e-06,9.968749228858657e-06,2.194295471555056e-06,-7.56225033973677e-06,3.7995030193657897e-06,2.2420813361837923e-06,6.479286826943597e-07,-3.660796645702306e-06,4.940666102129666e-06,4.900838681937021e-07,1.4438680161219921e-05,3.309746004655496e-06,1
3.234755609534816e-05,3.063496664248759e-05,2.555012566233641e-05,3.090668499978701e-05,2.9326106316679022e-05,1.0317622321582512e-05,0.00016918437251101624,3.586362338919577e-05,9.389362378034338e-06,0.00036669433577530273,-5.8807477322237435e-05,8.651706465866988e-06,8.61122193642419e-06,1.8309103262348488e-05,-4.956620598187545e-05,-4.90221180417182e-05,2.5386776237560155e-05,2.385138944364505e-05,2.3975175162221357e-05,3.805955626471914e-05,2.1275808714788948e-05,8.557454735133872e-05,-0.0002513916638822652,-0.00022533794263380116,2.0469614229693078e-05,0.00020469614229693078,3.197199289123743e-05,1.8250373702359307e-05,5.168783025511039e-05,8.550091903967587e-06,3.6453894912357535e-05,4.307862442546701e-05,0.00013798939713935293,6.950134861659893e-06,4.250444888075889e-05,7.616190970967667e-05,-0.0009287882365707224,7.20974073975884e-06,6.682744795159267e-06,8.025270355389331e-06,3.989857525477586e-05,7.52327971547061e-06,3.767343492429861e-05,1.930120710063801e-05,6.1248850434914736e-06,-3.717175248667293e-05,6.055325084645007e-06,3.639124548560873e-05,3.8320828713914426e-05,-3.61585773737686e-05,8.787248207634107e-06,1.8467621318099452e-05,0.00025713338949041664,1.668347755251629e-05,0.00024244875498233496,-3.3419351068740816e-05,3.468230503409366e-05,-6.037869320346419e-05,5.276582420625373e-05,4.8566480229987706e-06,1.42760718024717e-05,4.75699518035694e-06,2.8035864486192367e-05,1.1858352320962678e-05,0.00012678043410333664,1.0277876344578512e-05,3.4417268297367063e-06,3.410358883616022e-06,0.0006864630383590354,-3.365626548169107e-05,2.856598343452429e-05,4.403053247528525e-06,5.0983710075257636e-05,9.90150219845978e-07,7.153580117727918e-06,3.391683368543121e-06,1.0448897652477393e-06,1.498914136198403e-07,1
8.574698299423522e-05,1.4752663047369495e-05,0.0006055813572183012,2.444663122987068e-05,-5.82098978442138e-05,2.140360212418438e-05,0.00021657331861378188,0.0002161688365684897,0.0004952559644129447,8.650233908670326e-06,1.6836456898062234e-05,1.1962357656713224e-05,1.2092339158026891e-05,1.5263423251742125e-05,8.257000347264613e-06,8.769369821851347e-06,0.00013243760120262114,-6.686390302429202e-05,7.77992456077341e-06,0.00017908072319116326,1.1832514480646161e-05,4.6112096553346734e-05,-0.00020538738284062985,1.0886076873787237e-05,7.587647731184184e-06,7.599756419523864e-06,7.519416733338444e-06,1.178995272163457e-05,7.734872429031229e-06,7.769912779762302e-06,1.3742997587972778e-05,4.48756438613543e-05,7.950428677191013e-06,1.412588802946871e-05,4.7747855128697645e-05,-0.00021398355572663905,4.369039624811568e-05,7.974604213599367e-06,-4.607678879728155e-05,7.358719836246766e-06,7.489591621237494e-06,8.098367647610053e-06,7.468362892925468e-06,4.194995244027347e-05,6.991658740045578e-06,7.810135667994403e-06,7.247036306221779e-06,3.994515578047685e-05,1.0030171206140208e-05,6.46924710972534e-06,6.290546124960978e-06,7.712508440540828e-06,3.6926336774884156e-05,3.958981308831988e-05,9.26346330834039e-06,3.533970554042244e-05,7.659713703121966e-06,-5.4500082991711786e-05,6.132553436873859e-06,5.6481665340013175e-06,7.077854907540195e-06,3.329588242261019e-05,5.724549006785659e-06,5.396208102197528e-06,1.5405245565297066e-05,5.284858549539949e-06,5.831852412465075e-06,5.710615929288832e-06,4.614735371484188e-06,5.824326930038194e-06,5.8064208700526386e-06,3.6007761177518074e-06,2.258064726957077e-06,3.027739249116174e-06,2.0794069318672273e-06,2.2003565581750354e-06,5.002496491117154e-07,8.065317489983634e-07,-1
1.0081808416304555e-05,1.0082320649663659e-05,1.1018396908829613e-05,1.0487550623627514e-05,1.574801893148426e-05,-5.724404733333837e-05,3.883012392275539e-05,9.305074026779989e-06,1.3725550840597897e-05,5.291286595302497e-05,1.0530574914616338e-05,8.729556011844397e-06,5.4064732063925074e-05,-6.030842324102873e-05,5.0871735455791145e-05,5.0396243772706085e-05,4.9198845883263125e-05,7.98711438180523e-06,9.731727141136329e-06,8.678375718268582e-06,7.947840795949139e-06,9.33738139573883e-06,-6.582638223637484e-05,3.53650902030554e-05,1.1044906771297974e-05,7.561741163056764e-06,7.654099599215816e-06,4.451475508018464e-05,-5.1461169870881996e-05,8.011452129789127e-06,7.291327476704426e-06,7.2634282344128e-06,7.256453423839893e-06,6.176027522061121e-05,8.980529801860737e-06,-4.7680076976141306e-05,4.1415514704314484e-05,3.9851794513305206e-05,6.57222504207854e-06,-4.9373987786963014e-05,-5.0122852612199205e-05,1.0629382258939952e-05,7.950606488037744e-06,6.271005173221167e-06,7.747380956044219e-06,6.972079156077268e-06,6.366948245838457e-06,7.594441767432284e-06,3.736664411569897e-05,5.696151844338284e-06,7.440542168705681e-06,3.1797420253707316e-05,-4.095139121346187e-05,5.036860933750399e-06,5.034723963209863e-06,4.803315388003067e-06,2.8284724889137735e-05,-5.009039123886402e-05,2.5878500172441495e-05,6.37263009144665e-06,-3.829053621118211e-05,3.4717029069118148e-06,3.274336619145016e-06,3.1062156647058784e-06,4.573082602481723e-05,4.7621083978214347e-05,2.067194357597866e-06,1.9959636875107843e-06,1.3815856361135096e-05,1.8635406479734395e-06,9.80437650430739e-06,9.637052048222279e-06,1.3941274423379722e-06,7.557660392421608e-07,7.939502504841423e-07,-3.037361008759431e-06,4.0899217868746996e-07,-8.625265012215209e-07,-1
-7.469949006121216e-05,9.322109697317744e-06,0.00034321916812079324,0.000342513219210973,0.00034237889889682173,0.0003396890193840859,0.00033908432285788243,0.0003353766553637263,1.1157012414032984e-05,0.0003342781520145744,0.00033337554339944405,0.00033199386936283697,0.00033007653118632995,0.0003286974802485424,0.0003284602959282364,8.126892949457897e-06,8.424039249482297e-06,-5.1191171757616544e-05,-0.0012399774274040268,8.482376927643629e-06,7.762223984243631e-06,-4.384961736250812e-05,1.3846234681132975e-05,7.871217657001568e-06,7.648643370967752e-06,8.232731435045713e-06,1.2859138957212495e-05,7.367834966457586e-06,4.2149789094177864e-05,9.956278366848588e-06,1.4678688332698205e-05,7.243175683863103e-06,7.19676964881272e-06,1.2753560547079145e-05,1.3107170345679816e-05,9.787299393910926e-06,6.5248190014989375e-06,8.21617129234057e-06,3.7355565859255466e-05,-3.6578736684758275e-05,7.5024004471767935e-06,5.8987564994902474e-06,1.11047898208055e-05,1.5546610339373422e-05,6.399861313422722e-06,4.41143980233783e-05,5.989174238759762e-06,1.3705979009865362e-05,3.4220841550434916e-05,3.419023728725254e-05,1.2525579444805225e-05,3.297008031578805e-05,3.292616369487959e-05,5.934043875217047e-06,6.115587843614631e-06,4.763165896809998e-06,4.834638546954758e-06,4.415179668430712e-06,5.171885147681402e-06,2.474207410566346e-05,4.541514911479294e-06,3.5073315553742082e-06,3.152584396637365e-06,1.4303243150450863e-05,1.3838298746713415e-05,2.6416644462005245e-06,1.5049033814737702e-06,1.234504911574221e-06,7.410415907177424e-06,6.742020538132727e-06,1.0747224016760868e-06,8.658897567490669e-07,5.11619206491109e-06,6.829974308960405e-07,2.984854508392055e-07,1.2277587435139776e-06,1.9757367630414413e-07,1.4355612686255236e-07,-1
0.00011625469212016263,5.924414207753637e-05,5.913910817439349e-05,2.0046923228333075e-05,1.027346411369656e-05,9.326484785568837e-06,0.00013407171776180348,9.728308637733196e-06,0.0005345941924049996,1.8357472716858927e-05,5.309745549823282e-05,-5.3017233192293563e-05,5.1025182443261453e-05,8.534991132464361e-06,5.058964491557267e-05,5.0550024414450823e-05,5.046425438643965e-05,8.578623326544055e-06,4.11356151485564e-05,2.502094766628525e-05,4.979764884745304e-05,4.981265649551235e-05,4.8418293641290424e-05,7.99549365901665e-06,7.985774493455863e-06,2.4378830519101492e-05,1.0879564664683618e-05,7.566443949257182e-05,8.757333968841903e-06,4.454444030874035e-05,-4.458278439523126e-05,4.449113664061544e-05,7.380038003800433e-06,1.4679640721538626e-05,7.275854632843772e-06,7.2755413972729625e-06,1.0540726896054634e-05,7.24798767139201e-06,1.4036154353418463e-05,5.6925822175065965e-05,6.914799666262687e-06,1.379580673790288e-05,0.00033983108031088595,-4.761855247224224e-05,2.3257970136948427e-05,6.741156471689984e-06,0.00033682254359934405,1.357010340990775e-05,-3.9851287558897316e-05,3.880460584076313e-05,-3.8058783359739e-05,4.319004571086776e-05,7.018818031953709e-06,6.478133129446751e-06,3.680936098689257e-05,6.264540778894473e-06,3.675805483775191e-05,-3.641414764487374e-05,6.1974580988465745e-06,5.4672291268025535e-06,6.082322169338298e-06,1.5154437869405601e-05,-3.182393597413945e-05,4.930190263305341e-06,-5.697604470154626e-05,5.369343426325276e-06,-5.0684657280852654e-05,-3.1354972994712366e-05,2.4829851264538477e-06,-2.902855976468017e-05,2.3361881941240136e-06,1.1476879497156604e-05,7.561156728716093e-06,2.6028918996307135e-06,1.395907674792612e-05,1.865671574573718e-06,1.69231178879277e-06,6.112850941748411e-07,-1
-0.0009658098096668747,9.764192677839741e-06,0.0001254754523023956,0.0001254589632786379,5.761296709833393e-05,1.0298706529731671e-05,-5.549209322064235e-05,6.032578536776513e-05,5.706779288925539e-05,0.0002842853791341477,-5.415431985858557e-05,5.302557358435015e-05,5.293158547255251e-05,5.294196274922161e-05,8.789745776251501e-06,1.0849906353613296e-05,5.1393063007383884e-05,5.5344939167523404e-05,9.740919550576964e-06,1.3950580830619882e-05,1.912657415446798e-05,8.1472777293126e-06,8.000961878713103e-06,7.980209772901916e-06,7.974296597947557e-06,2.5778407331049667e-05,7.69480201403366e-06,9.309863461786526e-06,-4.5653043306493196e-05,2.0405788188311254e-05,4.491875423850206e-05,9.961351501680035e-05,7.150035091750307e-06,7.150035091750307e-06,1.5451331130943942e-05,2.3643815451226543e-05,4.090617145726536e-05,2.0039738924891407e-05,6.552331565076704e-05,1.8217944623530427e-05,7.130742755100548e-06,6.943402481371421e-06,3.964016261592764e-05,6.39019989874073e-06,6.798822874415324e-06,-3.757169741927257e-05,-3.9809988528129787e-05,-0.00017499578652690087,5.945839162871869e-06,-3.868767166490736e-05,9.456593607800637e-06,5.959403142593494e-06,5.937876149728163e-06,3.372003313477633e-05,5.596573127525871e-06,6.388924261382998e-06,5.7317983365392235e-06,5.499046367440032e-06,3.169856553492833e-05,1.705426254234894e-05,6.583144988243781e-05,4.2833784127933035e-06,-3.4966329712450115e-05,2.5541905661088504e-05,7.23567330319069e-06,6.431979123427718e-06,3.9817887387670176e-05,1.279782879804968e-05,1.857015013761601e-06,-1.1677719128417258e-05,9.209261352664109e-06,-8.645733682875022e-06,8.035022944053824e-06,2.1773893451667133e-06,4.138039581903773e-07,1.70877028836264e-05,1.7911271245175933e-06,6.013429649374238e-07,-1
1.770694782888179e-05,1.0446873353437997e-05,1.767152868016342e-05,-5.880890740921798e-05,9.402829885726446e-06,8.772365118107474e-06,1.003135788363435e-05,9.15517684562977e-06,1.4158447224131008e-05,1.1936825886593637e-05,1.1321064222260257e-05,1.0405868582964763e-05,1.2175741497402978e-05,8.337445004717784e-06,7.95264602721196e-06,8.241175768685388e-06,0.00032532336331456824,-4.8617900820756367e-05,2.5192428211538072e-05,1.2390944412789876e-05,7.3410958990642165e-06,4.66358571708009e-05,-5.8475977000093944e-05,7.334665671114447e-06,7.196545982181861e-06,-0.0002523317763832045,3.973370720211292e-05,6.646809450619236e-06,9.350823170797076e-05,-3.9505792111867576e-05,7.409731413723499e-06,6.53469767904647e-06,-0.0001075079926009805,6.979604979364912e-06,-3.890952860396687e-05,1.057706474023017e-05,6.310289468176571e-06,3.943648218904081e-05,6.6694049364986595e-06,1.9446141349728444e-05,6.278787143722872e-06,4.773000331606315e-05,6.203814974161549e-06,3.585685876292826e-05,6.923897821693032e-06,5.794280168970325e-06,6.8618540103614325e-06,7.034400870952459e-06,-7.289903990867315e-05,7.492436140129823e-06,-7.060873245066968e-05,7.713780288807446e-06,5.5281622713981476e-05,4.786442898337807e-06,-2.801894169612213e-05,5.755935949857779e-06,2.3978423862423824e-05,2.3392975216783757e-05,-2.7062333880724937e-05,3.604931426932711e-06,7.329479633999181e-06,2.952629642525996e-06,2.6898690606547627e-06,2.3821269664800676e-06,3.918837476990713e-06,2.1063665883424023e-06,-1.3314910568942707e-05,2.234613069820862e-06,1.8753689957032698e-06,1.791830527503117e-06,1.5173452679609039e-06,8.198828659084858e-06,1.1961708276724487e-06,1.1437187184779293e-06,6.9492234305426965e-06,-7.992718722001275e-06,3.7755210703059183e-06,2.2496824754246285e-07,-1
9.93154941405338e-06,9.785332364231718e-06,7.01540262576526e-05,-5.666934924704403e-05,1.5865182396863155e-05,1.3872456849984043e-05,1.3296212923860776e-05,9.415343929771095e-06,-0.001128221172836538,1.2757244805410278e-05,1.1292044908147357e-05,8.58917514327965e-06,9.124583327684754e-06,0.00018981437484135097,0.0006959555362275097,1.0838836424995592e-05,8.24126341589691e-06,8.206729002353786e-06,1.0922750841043155e-05,-0.00011620813447431562,9.850288285644286e-06,3.203112447586839e-05,4.685911724365385e-05,0.0005967119049906716,5.7258673309611034e-05,4.7103243604328366e-05,1.5989282325910418e-05,1.4364689158901788e-05,-5.537303952201259e-05,0.000475986743804231,4.4356057506256064e-05,9.586122239797202e-06,4.4079035107777365e-05,0.0004704141844319567,7.4840832864748846e-06,7.430804375979284e-06,0.0004603108966422657,0.0004588164029442254,7.065625183356606e-06,1.1565597179109989e-05,0.0002630484935132745,0.0002644372888795104,9.784460525869578e-05,0.0002547714632678431,0.000254428761045339,1.3500670118633553e-05,9.513452845716002e-06,6.488066914889712e-06,6.280921853485455e-06,6.205963294130605e-06,7.694359335146805e-06,9.529627977232477e-06,8.840411691784784e-06,-4.0206886403168775e-05,5.758229171602312e-06,5.724383568803833e-06,5.983103433319935e-06,6.9231646113114e-05,3.957287374452152e-05,1.04260979899475e-05,-8.90386693818695e-05,3.1662332991575695e-05,5.274694714211895e-06,0.0004985825110705984,6.130708792913945e-06,5.740774425856427e-06,5.45805825241819e-05,4.915227302117899e-06,-2.61453597118179e-05,3.4906902203713934e-06,3.3800490951023607e-06,-3.897787529299114e-05,2.876341055677186e-06,1.621365965025821e-05,4.492893883589011e-06,1.4244445953262294e-05,-1.2403060058227261e-05,9.327016956434559e-07,1
6.398287627985553e-05,-6.018677086876397e-05,1.001882425215073e-05,9.875994388629686e-06,9.956938555898312e-05,-5.843974462216986e-05,9.68383097297395e-06,9.676881137699566e-06,2.050314980473331e-05,9.902300353704763e-05,1.2667994091602822e-05,9.735128511899541e-06,9.471191684257669e-06,9.287676375320767e-06,5.530915205754132e-05,9.142295173598905e-06,-5.4643650852789176e-05,9.821840849760738e-06,2.448501725498386e-05,0.0002784606876642324,7.8054925398663e-05,7.787044299564673e-05,1.920437489608776e-05,1.625296765673812e-05,0.000274557768517883,-5.382957553210639e-05,8.998169255383954e-06,0.00016978605653197136,1.1102412016182348e-05,-0.00020352508219226745,0.00016961450170204222,-5.3720385219382096e-05,1.0293032645551726e-05,0.00016854815648236255,-0.00010003087834636518,8.870258285227214e-06,9.583026761433021e-06,3.078358873923443e-05,1.028363697906839e-05,9.53876838469421e-06,9.503555455283101e-06,9.488186597186609e-06,1.9316504457979654e-05,2.4193476059264892e-05,8.908207428178429e-06,6.14674378284437e-05,2.4515305019132353e-05,8.738790864626963e-06,1.2287954724631048e-05,8.261599571358895e-06,8.271397756464498e-06,7.996177509155491e-06,1.8687030931480226e-05,-4.66917773761572e-05,7.67208209867222e-06,7.550548319792776e-06,7.249700861518931e-06,7.235722518348601e-06,-4.301852243030901e-05,7.257379333884852e-06,6.6547450920874965e-06,7.269017815665658e-06,0.0004898096350050687,0.00048642529971533915,-0.00013337897274568505,0.0004813606880327129,0.00048029799170845903,0.000479653953628065,0.00047907543020129844,0.00019024340450790543,0.00018978078040640464,0.00018822346273606364,4.9791357501062075e-06,-2.904235360944515e-05,2.0384201548353517e-05,1.5557275246840274e-05,2.497395973200155e-06,-3.1322781971555297e-06,-1
0.0010228605961718944,6.088976681090292e-05,2.4012239236476373e-05,9.774466583733321e-06,9.592724044680215e-06,9.506326273319718e-06,9.345417858137426e-06,9.435668092486736e-06,-0.00015160283957336388,1.0859837606339494e-05,1.5023163020501705e-05,8.858614108051014e-06,8.471916962786563e-05,0.0002490800294820318,0.0007546336840821013,0.0007429293411317131,-4.715138861812764e-05,8.607980579082097e-06,-0.00010172079293405434,0.0007591230766240264,0.0007063204533927878,9.03504080299331e-06,5.3128964569829456e-05,-0.00010546676594852589,7.057076576832053e-06,0.00036564262576672273,-4.584014705449766e-05,1.915970018843643e-05,8.648457340593416e-06,1.236279441606611e-05,4.0267394823945354e-05,0.00016969402891292952,8.014722609581387e-06,6.366917571056488e-06,6.276627826667009e-06,-7.010501894269085e-05,9.721337809226666e-06,6.175754137076426e-06,5.997328360403313e-06,2.678158358838977e-05,1.4713577656245357e-05,7.464060385867902e-06,1.5444644218415812e-05,5.8275428824936915e-06,1.1666578833583598e-05,6.338370388663e-05,5.742178713279456e-06,5.723100573736753e-06,1.1478672404102694e-05,1.8911415995683236e-05,5.775087133003123e-06,5.356563235045387e-06,3.08641636335275e-05,-8.629916024734595e-05,-4.8903620079130724e-05,5.231489627409129e-06,1.0007081643119778e-05,4.373073896495365e-06,-3.1921134853646995e-05,-7.350060192866845e-05,-1.5085751562901383e-05,5.693648218764217e-05,2.3598312381565675e-06,1.5877736486577198e-06,9.806632814176014e-05,8.816558995131337e-06,8.316068395095495e-06,1.3095475575104408e-06,1.210431126188647e-06,1.216110280975693e-06,9.688018144789651e-07,1.1838987636362825e-06,1.5784820603195368e-06,8.068601293400109e-07,3.023697962020578e-06,1.486427063118203e-06,2.946638407711003e-07,3.1548624376180106e-07,-1
0.0002593379159283716,1.3976842999158668e-05,1.3692496920243201e-05,-6.869204058200732e-05,-6.438032947010196e-05,9.676851412551918e-06,-5.922305137159962e-05,9.206110391547833e-06,9.10637608636503e-06,0.00020676469231897717,5.272008344594203e-05,8.795572132203984e-06,1.001309841779154e-05,8.50262117809556e-06,4.135341936107744e-05,8.084741080102908e-06,8.047623321826301e-06,7.870843233121136e-06,8.265396808233617e-06,8.61952108971958e-06,4.712786652428417e-05,9.992448405792791e-06,1.3046933941934504e-05,7.759466137265227e-06,8.966556723010913e-06,-4.6517593451313755e-05,7.758994925494902e-06,7.705933190810784e-06,8.466065547303865e-06,-4.642479023430917e-05,1.04952655829577e-05,1.0505709880811704e-05,7.669507289013951e-06,1.128824692808941e-05,7.329076194079282e-06,-4.399820370169696e-05,0.0003290279902606049,0.0003291103752491344,0.0003291103752491344,0.0003290515288287562,0.0003290279902606049,0.0003290162209765293,0.0003291339138172857,0.00032868390643023124,0.00032870742206502564,8.74086214213281e-06,7.902081121297295e-06,1.548050885873777e-05,6.837679812416321e-06,7.365993063608593e-06,6.4849897451613896e-06,-3.936603602027058e-05,2.0174050165470235e-05,2.479311777339317e-05,6.005003182497539e-06,6.43418432520429e-06,5.835937197820147e-06,7.338201484434552e-06,8.05887548596006e-06,5.546072174228294e-06,6.029661442937282e-06,-0.0002998465599830088,0.0001634992542880303,3.856982884178782e-06,3.1252806351703445e-05,2.894434880217794e-06,3.1437221450316374e-05,1.948902624799359e-06,1.989720941154374e-06,1.6899780037773766e-06,1.8423784943986654e-06,1.492245043944274e-06,9.883549143368051e-06,1.1115842438071705e-06,6.962479782988739e-07,3.518775877721584e-07,7.612454402576965e-06,2.0800955461580618e-07,-1
9.845874272823602e-06,1.067759998142559e-05,1.3130644136338812e-05,7.016163313592422e-05,1.0295455411268122e-05,5.576730896595114e-05,8.931456601655226e-06,1.653094751981506e-05,1.6109552113580055e-05,-0.00010637332743087809,1.3127374717858234e-05,7.967204149286192e-06,7.91717607284919e-06,-4.681725755354357e-05,7.630784874127667e-06,7.63853957104633e-06,1.1464822191592047e-05,1.3763552595302574e-05,7.202913841180239e-06,7.191288139485986e-06,-4.420357481871754e-05,7.832195282067901e-06,9.078838006445495e-06,8.879455655653531e-06,6.974342047851086e-06,7.445784260142381e-06,6.861287425434277e-06,-4.094879638525315e-05,8.454719756455622e-06,8.301503359749353e-06,1.5164914335968728e-05,-4.268779633682729e-05,7.106408937936915e-06,7.010075989509383e-06,6.591392476772023e-06,6.453881689734955e-06,9.665985391696591e-06,8.280460953381205e-06,6.652186645217674e-06,6.105606025228237e-06,-5.8268191710787583e-05,6.91457729478968e-06,-3.5647786560132225e-05,6.0176504786395685e-06,3.803568017386796e-05,5.6998676353490155e-06,5.94378051724307e-06,3.945511687343754e-05,-3.9154166607233216e-05,7.389138321735873e-06,5.377187673419836e-06,7.262493385780074e-05,4.7814170046872825e-06,4.617512641902892e-06,4.599372103830395e-06,-2.638797262485365e-05,3.967050526510787e-06,1.2403053180920076e-05,1.0357481198168598e-05,4.6997055081636e-06,2.0799113030728157e-05,7.878508199273384e-06,-5.2708535728901126e-05,2.829509835992742e-06,2.5210020911676547e-06,2.1305275927357556e-06,1.541739789847451e-06,1.4840109320778446e-06,-9.178063545444928e-06,1.33355719175569e-06,3.1461599200502654e-06,1.0965267020566325e-06,9.559937363970075e-07,5.589743667324992e-07,6.177593937623679e-07,2.9025276664068722e-06,2.2833834070124702e-07,6.86621290671459e-07,-1
2.8893757722146593e-05,1.5033400548554075e-05,-5.6832544095700305e-05,0.00015482914388608918,0.00010716277156946715,9.872489346989858e-06,9.538949981427484e-06,5.574714891394622e-05,1.374314448527471e-05,2.0667279921968075e-05,-9.671698746174097e-05,-5.4367603397536055e-05,-5.438997505849466e-05,-5.983624038507304e-05,-5.314541486926175e-05,-5.82653970339305e-05,1.4215680082889904e-05,8.830865022701092e-05,2.1407741678081642e-05,1.104589125964636e-05,-7.55161939169334e-05,1.0975191056085314e-05,8.375438123959582e-06,4.894081999035412e-05,-0.00016766290677363207,8.157755481602123e-06,8.242918638476788e-06,8.043297637825472e-06,1.1805374100837852e-05,7.985956037106673e-06,7.753273283499337e-06,7.757398703600275e-06,8.156316584055167e-06,8.617304403460359e-05,8.625656126147173e-06,4.5458458035399645e-05,7.526433515801024e-06,7.423265107845815e-06,7.661096437369028e-06,4.426386715678608e-05,4.305331995476909e-05,9.4274659999321e-06,7.939580495069072e-06,4.1926258766684293e-05,2.1105721762776995e-05,7.846582638812736e-06,1.204290419880196e-05,4.090443753070053e-05,2.8540125950649786e-05,8.857159349459672e-06,7.992954461973528e-06,-3.9393461910104946e-05,-3.70172621786602e-05,6.7116845539122645e-06,3.63744388401926e-05,6.8716751948387255e-06,6.083979442765231e-06,7.895017931287553e-06,-0.00010682169990525402,6.426929810036505e-06,-0.00016104194287772485,3.14547388308686e-05,9.58734708639135e-06,5.846201181981225e-06,8.421391041948203e-06,5.343719369441845e-06,5.321471431900959e-06,4.61958066263143e-06,3.0926159252025895e-05,2.6251282360648916e-06,2.9763358207273524e-06,1.632595258558158e-05,1.8008456121022302e-06,2.0450095667921673e-06,1.3309433228271519e-06,1.3697771636001233e-06,7.60798237884222e-07,1.6343559197271822e-07,-1
0.00012587337684981517,1.1741683796061483e-05,9.997153215641516e-06,5.8794313861306614e-05,5.983749291946295e-05,9.429983451518966e-06,1.0364352221438064e-05,1.167364521143633e-05,1.3405444159784592e-05,1.3569937224019027e-05,7.820674484254455e-05,5.354334505226034e-05,0.006060430329598475,8.551837898496663e-06,8.485007426907238e-06,1.3073786377474002e-05,1.7154848495332364e-05,9.56976031991145e-06,8.011205384706714e-06,7.899620135401525e-06,1.7992359199483542e-05,8.403317507040315e-06,8.086122316245647e-06,7.701820695153105e-06,4.589830407610855e-05,-8.81769681080249e-05,1.1737750869870797e-05,8.074696065511087e-06,7.469708803371222e-06,7.93997990277657e-06,7.202896052833745e-06,4.4569828616679896e-05,7.883547345662376e-06,7.4848905017625646e-06,4.5841512195921896e-05,-4.237145659942638e-05,4.105373462279139e-05,4.100925095922671e-05,6.710417130073514e-06,6.933844153451618e-06,1.4442397407410661e-05,5.175893290863843e-05,7.125217375399392e-06,6.313070543588041e-06,-3.82703353665498e-05,7.564561268171903e-06,-4.002742690245012e-05,5.99586992558919e-06,-0.0001479945628801231,6.44700009277029e-06,6.788390183589813e-06,5.632108359572627e-06,5.0134690337338e-06,5.837926696586311e-06,-7.423439527847576e-05,3.5932543198976563e-05,4.04277542389118e-05,7.4623142717445906e-06,8.190457949185061e-06,2.385231517583908e-05,2.3560104590720556e-05,3.669627757199481e-06,2.2074661877964484e-05,-3.411074504609716e-05,-3.5242068717238536e-05,5.142425034034922e-06,2.373636287538808e-06,3.1257375380565814e-06,1.1961551982435414e-05,-1.4117132704593434e-05,1.8811472369377522e-06,8.616195292608137e-06,1.5002252353580925e-06,1.338935980121225e-06,-1.034525747367145e-05,1.3129998417923975e-06,-1.837190233896641e-06,-1.7919507811672984e-06,1
2.4798298577343773e-05,1.1516993067119811e-05,9.991486614299607e-06,1.0607615095533215e-05,-5.561110159868053e-05,9.824233921695803e-06,9.938585164351923e-06,8.248008129971614e-06,8.08577142553231e-06,8.036838018069103e-06,9.359363566609835e-06,4.554044357504468e-05,7.34842263202214e-06,0.000274667175841963,7.975459079986505e-06,-5.314662701234736e-05,9.657557843591211e-06,8.53302825187062e-06,0.0006289213843238977,6.5157146350579286e-06,0.000621730622555933,1.0703374121177591e-05,7.318855529099257e-06,0.0005997880418115304,6.2065383471360065e-06,0.0005957224411395229,6.30962498108427e-06,0.0005956445116748523,8.453149102754058e-06,0.000589662878985819,0.0005933515135590023,0.0005882462774770365,0.0005879229310323903,0.0005851659908017662,0.0005822572267563054,0.0005803240340990498,0.0005783524468886823,0.0005744460880632091,7.16157449551303e-06,6.4332026714055345e-06,0.0005730012903146265,0.0005705008083653412,0.0005665509347773294,0.0005632697717686252,0.0005613033047676846,0.000559889422575199,5.793080070020742e-06,3.384551695414422e-05,5.794730758349302e-06,-4.7129937915828115e-05,-5.182544230104499e-05,3.5835775879062785e-05,3.003257197897057e-05,-3.860146042782369e-05,4.558561479124313e-06,5.083211488249095e-06,2.6735485280441405e-05,2.9863595484168484e-05,-2.4258410093696042e-05,4.251985653893244e-06,2.789166140415629e-06,3.911750424914777e-06,6.883240172067949e-06,2.7337488398692654e-06,4.20703802057236e-06,2.300362510338319e-06,4.218043470079827e-06,1.633163313960095e-06,9.573424245145727e-06,1.640612664742954e-06,1.1711318613727673e-06,1.4614583930372788e-06,8.592747626857224e-07,1.0256779760906246e-06,8.982382728493075e-07,2.6152009501420316e-06,1.0635965784717693e-06,3.1535923608141397e-07,-1
-6.238010741348132e-05,1.2472002439172686e-05,2.0510836959863166e-05,1.1154077029590036e-05,9.250010918798475e-06,9.184949689640898e-06,8.701487223171603e-06,9.108994762809863e-06,0.002122386909623764,1.4740297476953128e-05,9.867351095234915e-06,8.23753518912713e-06,6.047822254901389e-05,4.7841170061998824e-05,8.74473391065214e-06,1.0756358259845908e-05,8.53238328019559e-06,7.832221302332781e-06,-5.403787004145578e-05,7.708759014638861e-06,-5.1225465061442744e-05,7.603760854161313e-06,1.2936671913631396e-05,4.494192343140605e-05,1.456901519043665e-05,4.4371298328952775e-05,7.318832877121276e-06,7.253278491942862e-06,7.151604196703033e-06,1.965816803496192e-05,1.623610904556942e-05,7.3454971319669644e-06,6.489426578327501e-06,7.826647706993762e-06,6.468523736562162e-06,6.36374212530254e-06,6.759277303966432e-06,2.1742847154239306e-05,6.631548177911356e-06,-3.901673108266324e-05,6.013095796462123e-06,6.011209767785245e-06,5.9603117771738105e-06,7.546944113810988e-06,3.563391047104165e-05,6.710798350955184e-06,-3.5486866371917274e-05,3.5383076369857605e-05,5.8634564316928745e-06,5.820535641836697e-06,4.188914125692752e-05,-3.469533790635719e-05,8.471527037252533e-06,5.4603626686680955e-06,5.758126031862369e-06,7.296504982598038e-06,1.1904592576170096e-05,5.0598235161985675e-05,6.977082714813839e-06,3.438957187828158e-05,5.44421409087664e-06,7.811734402073431e-06,5.144677091424114e-06,5.202206648497598e-06,1.6866076598286478e-05,5.607452491633121e-06,5.712743039447738e-06,2.9093872272407954e-05,3.691364758791227e-06,2.4051829820363256e-05,-1.4437065821930569e-05,2.8088734610390547e-06,1.7961117373390325e-06,1.1897334551690641e-06,1.0739917137266593e-06,1.2298136773458758e-06,7.959415445405661e-07,2.1980677461275478e-07,-1
5.351919997889772e-05,9.495218456836784e-06,9.413930808900212e-06,8.604094181092984e-06,1.2252718987003012e-05,-5.188892031495626e-05,8.97032018662869e-06,1.359007995547069e-05,-4.9623482991512754e-05,2.794669212791898e-05,7.964675849452914e-06,9.071195437422471e-06,9.103278058063498e-06,-0.000305659864669323,8.476085617274256e-06,-5.0514632392996684e-05,6.14231640881951e-05,9.732577157143713e-06,2.8252563899023328e-05,1.1720517875046926e-05,9.890714709438798e-06,8.846405717386263e-06,7.10205892711758e-06,-5.6141718365532455e-05,9.329307119853534e-06,8.3848273414239e-06,9.487105793175416e-06,4.382124143612706e-05,7.814820102345136e-06,8.01242857741452e-06,6.9798955429804525e-06,-4.745925690812228e-05,6.916605875183309e-06,7.873354197247753e-06,8.62730029899744e-06,7.343173952601209e-06,6.739962311161191e-06,7.080130275066535e-06,6.637671803644731e-06,7.72190144923539e-06,1.763114646765633e-05,9.564264184013204e-06,6.7931306661425864e-06,6.193598171112926e-06,6.376925759830074e-06,5.876470605244471e-06,9.368405214631571e-06,-3.407947185748091e-05,4.731859899625506e-06,-2.384217311140988e-05,2.801935026604575e-06,0.00020448587857168238,0.00018913878370656798,0.00018758898689921663,0.00018876559147874389,0.00018877475946321563,0.00018906813496631162,0.00018911915103639036,0.00018891729328493424,0.00018937239870350518,0.00018937239870350518,0.0001895379529104326,0.00018947357071884974,0.0001887752172048978,0.00018901352751058505,0.00018873855408094593,0.00018872022251897,0.00018970821381580585,0.00012084068849642967,0.00011563623184134601,0.0001226373886974164,0.00011028426603300275,0.0001237754998314041,0.00012354154973079538,0.00012496706980048614,0.0001263479462144533,0.00012873204377528217,1.9218738697260063e-07,-1
1.03577880892267e-05,9.53511287537473e-06,-5.671609662213347e-05,-6.0684003449252714e-05,9.18571701773881e-06,5.564193423176205e-05,5.407458217605783e-05,8.970653927490303e-06,9.110352063356835e-06,9.955715211473828e-06,5.268963734955463e-05,5.081241851913286e-05,6.415287940611021e-05,8.169359854921998e-06,9.180706664397285e-06,-0.0010122156062312793,1.3151261037360569e-05,-0.0009812443093514427,7.729798418488447e-06,7.713040280735655e-06,8.91009163522536e-06,7.883539867116422e-06,9.12085150811845e-06,-0.0009546008943754597,-0.0009541788586677174,8.582162705157905e-06,7.82484586845958e-06,-4.483474384775442e-05,-4.707715144222656e-05,7.1946454574641585e-06,7.200255178295617e-06,9.475180029978541e-06,7.132919731529415e-06,6.7080014030051365e-06,0.0006805120817505274,6.626449296445206e-06,6.636100207619554e-06,3.8659729991588326e-05,-3.810101567798626e-05,6.7351724644008265e-06,6.154215748499733e-06,6.560325859165332e-06,3.6931932126186786e-05,6.125280460256118e-06,3.0684594842120296e-05,6.027468988079486e-06,6.044951127136049e-06,3.551047624956478e-05,6.989127048722061e-06,9.04714598567168e-06,6.37558559465069e-06,6.041572250768673e-06,5.473912696548331e-06,5.770502716644549e-06,7.058460644286799e-06,3.1851776071327316e-05,5.631000010916073e-06,2.147128778368617e-05,5.508625058990945e-06,5.190959292128895e-06,4.843696533349074e-06,0.00046000942700683977,2.3971599133456702e-05,2.38043690303247e-05,4.633546253713246e-06,1.9455978597592496e-05,3.928922404364726e-06,0.00024076662210345537,1.928995138830513e-05,0.0002301697480881606,0.00020176896451285474,2.2326244439405994e-06,2.354537038881914e-06,1.0797713573666368e-05,1.0903144487990544e-05,0.00010194656758642768,4.79365301985135e-07,2.3937897361579396e-07,-1
1.0156680002418629e-05,8.704423558538153e-05,9.953579009710026e-06,0.0010117541487046618,1.0388114762624764e-05,5.697295334229066e-05,1.0175011272257704e-05,2.9516058046373406e-05,8.906266968320606e-06,5.2338525730180804e-05,1.1002392926869909e-05,5.13995403514105e-05,8.413039421203864e-06,8.731765162146927e-06,-5.9712687535616595e-05,4.850999653918663e-05,0.0002677606336697657,-8.571018266973127e-05,5.1571447803190326e-05,9.82026783003617e-06,8.808431322672775e-06,4.526013760311007e-05,4.463698209257503e-05,9.398585519298797e-06,7.300360375218412e-06,4.383767158510874e-05,7.688056150715477e-06,7.489437851540729e-06,6.872629655500189e-06,4.698676871033022e-05,6.790121046741016e-06,-4.053431206353871e-05,4.046124297618248e-05,3.9162094101789575e-05,6.590737529208493e-06,6.901280107113868e-06,6.416462957032348e-06,6.628264294858145e-06,-3.9275972469946244e-05,3.53567266250974e-05,6.706470404864005e-06,7.701259002271183e-06,3.664793877686539e-05,6.087875603676033e-06,6.2199964816669995e-06,6.105903561629229e-06,3.63922836470111e-05,6.084510726904025e-06,3.8595600718134875e-05,6.648986116680765e-06,-3.589552565834025e-05,6.034817349059745e-06,1.0257271788153154e-05,6.010246425566427e-06,6.267737443698686e-06,6.9263117185605575e-06,9.925948663891314e-06,5.0353335072746026e-06,-2.9787668240882088e-05,4.812015826581321e-06,4.776369856352974e-06,6.369460549333587e-06,2.782072478883476e-05,8.536935513925584e-06,2.657341180973009e-05,2.656820978247047e-05,2.042145219170091e-05,3.1978475448801543e-06,2.7815613473601574e-06,0.000249444774158876,2.5258557642910688e-06,2.057650418036908e-06,1.8773209922287935e-06,1.6284853807334467e-06,5.8699444257974815e-06,9.449872332154803e-05,3.09942428869068e-05,6.041598970229266e-07,1
1.0944023546361262e-05,9.943584503733682e-06,7.260190229494231e-05,9.639316030036637e-06,5.636147420074968e-05,9.238402964072648e-06,1.0004727858991152e-05,5.351913611929625e-05,6.416613628101846e-05,5.826232078999648e-05,0.00020990722932537716,8.444298895584787e-06,8.746784332225245e-06,4.9580330703963904e-05,0.00014722109505963527,1.0958420625565066e-05,8.65769024991168e-06,0.0008117199322278817,-4.8172630051483715e-05,7.904004927747337e-06,-5.0120693069246946e-05,7.797490465624691e-05,7.92307330239606e-06,4.444004742731158e-05,4.845204348411342e-05,8.845213023668705e-06,7.397806836950486e-06,4.2233381972348845e-05,7.3535524689105606e-06,6.999238253173804e-06,6.8875771451269714e-06,6.913348011102052e-06,8.132952134882613e-06,7.170452761913106e-06,7.920118352600464e-06,-0.0002784559576333939,3.6214313093976895e-05,3.562912584191296e-05,5.9613967560265095e-06,5.923482788536359e-06,3.47886111432386e-05,4.8827147471027426e-05,4.5862546934811753e-05,6.177830325564513e-06,5.10841943264518e-05,6.432987867692229e-06,4.806146156011397e-05,4.6910275862510674e-05,4.684072484763176e-05,4.670601828637809e-05,4.664638953819872e-05,4.6571830311725806e-05,4.801744958090218e-05,4.621640458194173e-05,3.5718169945031164e-05,4.749497246457444e-05,3.252963495701959e-05,9.375497511603865e-06,5.587697676929767e-06,5.5239917423154e-06,5.228829277586493e-06,3.314185556295068e-05,0.00017059856457402403,5.434991889704363e-06,-0.00012550023867480351,4.775971519243749e-06,4.58560082271871e-06,1.991266821505287e-05,3.2799894051576226e-06,1.206370673412706e-05,0.00017687169176834247,2.5260687501715566e-06,9.031219768057594e-07,1.005473656928265e-06,7.362087377587002e-07,6.95126574487799e-07,-3.59762615874559e-06,4.2669928256402703e-07,-1
1.00965126294785e-05,1.2258181417549832e-05,9.831618416688912e-06,5.710756740926009e-05,-5.4779385592767085e-05,9.351798680454212e-06,9.830670393783264e-06,-6.37693822286835e-05,8.63473998779723e-06,9.664553966261597e-06,5.164188908147686e-05,-5.8323508864287625e-05,-5.808357655063734e-05,8.353787545336477e-06,8.803887150652951e-06,8.389868149419781e-06,5.304746778438596e-05,3.746185576464754e-05,8.416342211504878e-06,8.377402926637516e-06,9.746324997894466e-06,8.250798929380411e-06,7.776721912132544e-06,8.015224833238573e-06,8.332500807254708e-06,8.958023498052118e-06,7.853600527250898e-06,7.443754764280565e-06,4.327181200024203e-05,7.154261571317118e-06,-0.00014209641028073772,7.128097153703671e-06,4.163239992163652e-05,-4.315426185951211e-05,6.897902116438625e-06,6.9151957370272325e-06,-5.6419371325822924e-05,7.285604614498434e-06,4.004541119777083e-05,1.700398736910127e-05,4.693501002595985e-05,6.51619427929664e-06,6.575459984203566e-06,6.509966968780632e-06,1.3519294734044523e-05,6.534463539195945e-06,6.416573772508001e-06,6.323566253982851e-06,7.042436461681701e-06,9.10528032305691e-06,-0.00014640900921905603,8.450059026919515e-06,-4.0605676346196614e-05,6.18355224769826e-06,8.453355662347049e-06,7.078726452363275e-06,-0.00013178137651147394,3.657129501773047e-05,-3.748174127431079e-05,7.256188635691787e-06,6.5468575547168685e-06,6.001138622003527e-06,5.987998403094191e-06,7.914764765477966e-06,6.060347158000355e-06,7.81050963832648e-06,5.053812164046802e-05,6.1804454339823305e-06,6.508037081895319e-06,5.917722228172745e-06,-3.536017367859718e-05,-3.420680577756216e-05,6.998023462003508e-06,3.297860538893823e-05,3.1399292023030664e-05,-1.6963422754984923e-05,2.6633122381919867e-07,1.00705055640641e-07,-1
1.0313856109397831e-05,1.0878759555125037e-05,1.0224788820318295e-05,-6.344006103928134e-05,1.3342980179453169e-05,0.0009427255232955037,1.6771874776136225e-05,-8.819845021906689e-05,8.803407224091665e-06,8.681218547609526e-06,0.00024292826065277587,-5.382278613768789e-05,8.453224152293549e-06,8.360859313047837e-06,1.1247462631904895e-05,1.2988974228193726e-05,1.5376644005559997e-05,7.954912551673662e-06,8.665859236959032e-05,8.244486684900667e-06,7.327595109387638e-06,0.0007380402913285296,-4.979761320719164e-05,1.2800825134885505e-05,-5.079731239053039e-05,6.91222231953241e-06,8.240835115452134e-06,6.8792464744475035e-06,6.700474621713931e-06,7.011940147788142e-06,6.884023488117941e-06,6.338913720335815e-06,6.522459642531421e-06,6.338308220048641e-06,6.29420638148362e-06,6.3188795909631125e-06,6.443814264622336e-06,5.936014030148722e-06,5.936496456463691e-06,3.569736399849793e-05,-0.0012090261353318269,3.757348791626049e-05,5.702461754163564e-06,3.8337671604420266e-05,5.655933046529957e-06,3.8189237028158395e-05,6.015615273394237e-06,5.588656001274499e-06,2.1379071691651455e-05,5.85046328020355e-06,5.717388859288591e-06,3.861915121267892e-05,5.7025483098209755e-06,5.117186384348655e-06,-3.521823432155959e-05,2.9381682561656456e-05,2.9575560143135005e-05,4.667754063662109e-06,-2.819621463131448e-05,4.677641419373332e-06,3.79424902333256e-06,3.739606028175939e-06,-2.1794128221353492e-05,3.413402679549792e-06,3.110860124813597e-06,1.173820767063541e-05,-1.7073954967858044e-05,1.9922131857693224e-06,1.8338954260004164e-06,9.376973256307277e-06,9.209810884325687e-06,1.4960124300283167e-06,-9.26928149701093e-06,1.40167549931672e-06,1.1170625507669735e-06,2.1304199792641025e-06,7.756072046386499e-07,4.401131717998481e-07,-1
1.023704042831175e-05,1.103442802913531e-05,5.5085982474639694e-05,2.127352870662695e-05,1.4269121852384608e-05,8.539982337242535e-06,-5.1009439482571346e-05,1.054933294072393e-05,8.560634303842433e-06,8.610242524535306e-06,8.135200064017642e-06,8.922999652114055e-06,-4.837143067779639e-05,9.785451307465373e-06,-5.6169570405197824e-05,7.824401499439415e-06,-0.0014134817057943941,-4.626006120921499e-05,-4.623679932752311e-05,-0.0014095699437065875,7.591864037043534e-06,-0.0013905351734906824,8.113940813935933e-06,-0.0013804174786194072,-0.0013775819127115245,7.419457942385132e-06,-0.00135210392766059,7.190406465847488e-06,7.617881692179433e-06,-0.0005149734188634891,-4.574549044030637e-05,9.171048669773531e-06,-0.0005104695997814392,-4.285822508720801e-05,-0.0005069747832668944,-4.0996190831737164e-05,7.15344977414605e-06,-0.00048413184466080777,-0.0004836290559658835,0.00015733549628218653,0.00015733549628218653,0.00015733549628218653,0.00015733549628218653,4.4153672437481974e-05,0.00015700293902075205,0.00015702002021846109,0.0001569958218550399,0.00015700293902075205,0.00015699724528818232,0.00015699866872132472,0.00015700009215446716,0.00015682740653474687,0.00015683735978770901,0.00015682882842802716,0.00015682740653474687,6.550650118403369e-06,6.5018767544140235e-06,3.9199563847187746e-05,6.642702186965127e-06,7.087435079347253e-05,6.210905438563224e-06,6.201873518914434e-06,-3.053745286981495e-05,5.152736967449605e-06,5.091475091919558e-06,5.074253464734668e-06,5.063973469948597e-06,5.209320363760353e-06,4.3216133004345e-06,3.1074712724822665e-06,2.4973328745812016e-06,2.562257423396733e-06,1.7364891355579053e-06,-8.241285020419856e-06,6.3163636589718884e-06,6.005505599916788e-07,-1.6747664480562715e-06,-6.001904005828797e-07,1
5.634483055365881e-05,1.070564385541756e-05,9.444211090286716e-06,5.2751170390342064e-05,5.174828848430018e-05,8.638837181482408e-06,4.9366523250137244e-05,1.0767459988382386e-05,9.971060342410772e-06,-6.858804067023244e-05,7.922134125943584e-06,-0.0010320877490305367,0.00019585262815731714,0.00019590095050820973,0.00019585953135030183,0.00019583882177134785,0.00019589404731522512,0.00019583882177134785,0.00019583882177134785,0.00019583882177134785,0.00019583882177134785,0.00019583882177134785,0.00019583882177134785,0.00019583882177134785,0.00019583882177134785,4.377028510643712e-05,0.0001954728239942846,-0.000939429300185478,-0.0009365031757041168,7.340260273733851e-06,7.174737785142236e-06,-0.0009192656754344635,7.5596290327539956e-06,-0.0009020095447431387,4.1507615635555495e-05,6.834368326064924e-06,-0.0006687702084442864,-0.000666649298454077,-0.0006649132502761972,6.695475530548965e-06,3.909290857444556e-05,3.900941150896122e-05,6.499869232568825e-06,-0.0006448313502004981,6.459820052084694e-06,-0.0006396448848156696,6.460065773677854e-06,-0.0006309393186712782,-3.932499034598068e-05,6.291820728929222e-06,6.44749321642677e-06,-0.00034879919842749953,3.6997529005806694e-05,3.667149367539939e-05,6.486852130565258e-06,-0.00034100792048518476,6.685161923434196e-06,8.738509825675588e-06,5.948143312226923e-06,5.141587981586585e-06,8.608929991832e-06,8.368192233559352e-06,2.8727378051184282e-05,5.008847123243736e-06,3.2405078128925916e-06,-1.4119089375844417e-05,-1.9113484225680117e-05,-1.6929621959255338e-05,1.8552233236441949e-06,1.7966467876602792e-06,1.4459845328275861e-06,1.5829545816522152e-06,2.2266909428205816e-06,1.2723813454140495e-06,5.734989378132248e-07,6.000398037140431e-07,-3.292575119475321e-06,3.221541780671521e-07,1
6.207530447091151e-05,1.0567023849947576e-05,0.00010164688348295041,8.73759354114375e-06,8.422332017531788e-06,9.380283855400517e-06,8.286700110942134e-06,-4.868186980802145e-05,9.40352348227411e-06,-5.597383902685739e-05,8.523824815462183e-06,7.848269075426914e-06,1.1627346727137831e-05,5.241214857662112e-05,7.731462244618006e-06,8.012644538703455e-06,0.00020502754396776793,9.676158385139258e-06,0.00010734973223447262,1.0800721973581158e-05,0.0001746458529265419,0.00017575014105930192,7.492592407484117e-06,7.96556164952445e-06,7.739644740873695e-06,7.08602481949231e-06,7.924642360587335e-06,8.254746008565648e-06,1.2642838117996302e-05,1.2756192653376628e-05,7.838048777017725e-06,0.00011549434035088512,0.00011490459240185103,6.581995626373802e-06,7.125117230919347e-06,6.534803356524294e-06,0.00011330832665638434,0.00011297773902294829,0.00011292870317788384,0.00011325097812819902,6.3954183369914515e-06,1.1549014064407539e-05,6.358488048734411e-06,7.463088116232244e-06,0.00011029577849785554,1.2252396362064266e-05,6.823104848731113e-06,0.00010919287576648974,0.00010858217208696505,6.667992674154427e-06,5.784539621654446e-06,1.0281087885978267e-05,-4.178628351525411e-05,5.863634099772268e-06,5.167784333067232e-06,3.0746647360726426e-05,5.113118655966711e-06,5.644187937710593e-06,5.555044675162677e-06,4.884419866972492e-06,4.500033865229648e-06,4.32556411780397e-06,4.0791403835022745e-06,3.6034526016224348e-06,2.7517777462506845e-06,1.7244310708262185e-05,1.4810776604082585e-05,1.4621718287720245e-05,2.1429773428568986e-06,1.1176049553950633e-05,1.1806690081242853e-05,8.282709216843634e-06,7.233361776408369e-06,6.939995649265893e-06,-7.374085165209758e-06,6.586563319777056e-07,3.881496818772927e-06,7.274549361989834e-07,1
1.7193962475137783e-05,1.0745912893373835e-05,-6.258559995533319e-05,7.636421830201189e-05,1.0153912732536072e-05,9.775866570526275e-06,9.229145092828684e-06,-9.51755980791899e-05,6.087917105358553e-05,9.344888738887448e-06,5.312135799553797e-05,9.03526291288834e-06,8.513868329555547e-06,1.0737245834287743e-05,8.636491438259753e-06,8.570767313222883e-06,8.918536177018816e-06,-5.222166152060355e-05,4.908854264499183e-05,8.511584426873463e-06,8.516149727922788e-06,9.704051150799715e-06,7.918367654778305e-06,9.901056499587798e-06,1.0470658113853357e-05,7.6172661102683426e-06,7.842076646081189e-06,9.075933626115666e-06,-0.0001116355493172019,7.540474930452752e-06,-0.00010545346079576805,9.254280309280792e-06,0.00018171021675669017,7.76300186984645e-06,1.2745897431663333e-05,7.416333626883611e-06,-0.00010020551201980488,7.2156835729090895e-06,7.195227754847858e-06,7.464250191542312e-06,6.984677925813724e-06,6.470981011245747e-06,5.830385413698131e-06,5.822689957526733e-06,5.5400556364991134e-06,1.6571605148214543e-05,3.664239184988988e-05,5.459235630326402e-06,5.710330057160839e-06,6.229578143613171e-06,5.731697259337534e-06,5.460201476021588e-06,7.411339653567083e-06,5.215912175351825e-06,4.531041014629241e-06,-2.728442717333869e-05,2.757148754653475e-05,4.195991490013362e-06,2.238999278119137e-05,2.2152284390458737e-05,4.953636438632263e-06,2.8607383402745727e-06,2.8533963365268197e-06,3.5431400092290396e-06,2.9015574104798698e-06,2.7873183027970403e-06,1.6547701726836163e-05,1.6547701726836163e-05,2.7432662803105207e-06,1.443320464748323e-05,2.4588690629013672e-06,1.700468175876865e-06,1.5979136956610158e-06,9.930591573992062e-07,8.017977941573638e-07,7.473212315206977e-07,5.857556035659716e-07,1.6298592401527324e-07,1
9.930693407650573e-06,-0.00021378858264839296,6.363805081553867e-05,1.3092315213691762e-05,9.586648060656258e-06,9.556529535269134e-06,1.2350225765601623e-05,5.570134696079965e-05,9.23423769703112e-06,2.1945546634015485e-05,9.003877370849563e-06,5.3243702956995746e-05,9.148862821016328e-06,1.0362393086650209e-05,8.694938691915893e-06,2.9919962862761374e-05,9.622870926160355e-06,5.0349073670105994e-05,1.4034296704760589e-05,7.823924381839443e-06,8.794460430531923e-06,4.669937002615734e-05,-5.394383207320819e-05,8.962971746679278e-06,4.4968939471677875e-05,7.447706256935458e-06,7.44615828806167e-06,-4.749767219087844e-05,8.632357063194446e-06,-4.451972811175465e-05,7.228337852481721e-06,3.939313058503429e-05,-7.1791031583184e-05,4.1285522331655e-05,1.8421599537452326e-05,-6.761574251889086e-05,6.738590846376286e-06,1.5117236867793613e-05,1.4687125448437745e-05,0.002434966624628899,6.57539399318102e-06,6.4689629041286375e-06,1.2261790518105311e-05,-4.013280388884768e-05,1.801319459358271e-05,4.614181932718206e-05,4.8778889820202194e-05,3.6482331439540154e-05,9.089472223407657e-06,6.624773432984012e-06,7.045755177245737e-06,2.138208923735841e-05,5.602164210103365e-06,-5.5568963060651884e-05,5.234136087356791e-06,5.2130692092548406e-06,5.245881162118815e-06,9.378681223819664e-06,-4.539443840803181e-05,-5.054035298969145e-05,-5.704605978267639e-05,4.645132576087419e-06,3.6520349410833463e-06,3.7950581942299102e-06,1.8778073321289326e-05,4.660685495716717e-05,-1.3412733006345869e-05,8.78360466402798e-06,5.7507695288952576e-06,2.0874641375608243e-05,-9.749210066304628e-06,1.0306113035349595e-06,9.060808041745545e-07,6.479532668341775e-06,-4.85733362651138e-06,6.265091256119333e-07,2.4152387884952355e-06,-9.76101274854289e-07,1
6.032930971239331e-05,9.952968780067268e-06,9.904226820993774e-06,1.0709722643373521e-05,5.81302174420098e-05,9.361102134174843e-06,5.566526694029309e-05,9.278708249285556e-06,9.220545927173784e-06,1.0283765596713236e-05,9.379601579197765e-06,9.025605437313725e-06,1.6255879616685296e-05,9.440667211157283e-06,1.364973367774569e-05,8.83762710780581e-06,8.790861370520672e-06,9.041771894576457e-06,8.707230477018121e-06,8.679931994585375e-06,-5.809169995977245e-05,9.27687402027629e-06,1.0913706450590957e-05,5.461215602365049e-05,-8.07595753395559e-05,4.884846643554786e-05,8.029453277850732e-06,4.643103576368141e-05,8.637908944220275e-06,-4.718199485563124e-05,9.781016030829833e-06,1.2030593345951946e-05,-4.0744803596517435e-05,4.14061801430737e-05,8.172156190455535e-06,6.6879609945057896e-06,7.703791841246871e-06,6.469335229389864e-05,7.2356397492972144e-06,6.90010394906927e-06,9.399501919466392e-06,1.1648122992807461e-05,1.4493481704522292e-05,9.610045913805128e-06,1.4592944452444513e-05,6.867466312254019e-06,6.980489343631617e-06,-5.964461848944026e-05,-4.2462263826607134e-05,8.644350890172498e-06,6.167538447898224e-06,6.154082220009916e-06,-6.431190300122994e-05,6.055519240880339e-06,-3.509455613783118e-05,3.511981313816435e-05,4.619644323764023e-05,3.6901083768569824e-05,6.018901017496848e-06,5.3699062213966855e-06,5.461937368053183e-06,5.486991597020506e-06,5.454420206941415e-06,6.278612292839211e-06,5.359896850354892e-06,5.584285123993002e-06,8.229335010046903e-06,2.5595665709222056e-05,4.343617005805896e-06,1.5133291147706712e-05,3.674005582618381e-06,2.7305312243340623e-06,1.6089190377126466e-06,1.3643812387174627e-06,9.34452782601468e-07,1.303054228077587e-06,-1.1847181281398926e-05,1.6713094647820953e-07,1
0.00010344938035170157,6.504636199813209e-05,9.961256144054719e-06,1.0694953611556975e-05,1.155250728757392e-05,5.531792582360262e-05,8.01885877692379e-05,-5.066093995657219e-05,9.074064662535302e-06,4.880202308461939e-05,4.792488233129472e-05,5.4932845913671326e-05,7.753367052221273e-06,8.344861198970113e-06,7.5645339318051e-05,4.266985206223464e-05,-4.1591273376735686e-05,-4.1570730424368704e-05,6.950756494840806e-06,6.867941949038033e-06,6.781502221323928e-06,8.257799379597959e-06,3.8901784141269555e-05,3.296037853307089e-05,6.377355817338195e-06,0.0006307688899175627,0.0006287149429657557,3.059326701725034e-05,0.0006254992839351769,7.134601445609307e-06,6.154118383947725e-06,0.0004869058383562183,0.0004853140326093249,0.00048298079299495284,6.219657870947524e-06,0.00047858340604989855,-3.6191487711745365e-05,0.0004779258332055633,0.0004774120573367083,0.0004744155424196796,0.00047404698376697684,0.0004736900069520471,1.5043620061469524e-05,0.00046898319084993066,0.0004683894157148273,0.00046668641054916716,6.48659064620484e-06,0.0004646483562740255,0.0004638931376211989,0.00046328840846768753,0.00046272986107449604,0.00046233195322583124,8.295588672457308e-06,7.69844870067213e-06,0.00046014856704357346,0.00045836751446216574,5.819554404996612e-06,0.000455271493899043,3.410210218868117e-05,0.00045412174356486147,0.00045356480548177877,3.368085304080821e-05,1.64170074689179e-05,5.743403812829311e-06,5.509133262600421e-06,1.117496283802868e-05,-3.169930816754582e-05,5.131271716469772e-06,6.770300095149253e-06,6.5903423945809135e-06,4.743731288807909e-06,5.4223369152978735e-06,3.13666494626701e-06,1.5034908567179417e-06,1.04103058817824e-06,3.935958774394372e-06,1.0108476785550614e-06,-1.012878006886468e-06,1
1.0035534868038018e-05,1.2775065832864937e-05,9.86663581998486e-06,5.9116340255085074e-05,-0.0008476688001202772,9.721958035469206e-06,5.9119497944879666e-05,9.846157876441157e-06,6.696946506840072e-05,1.0451853290299603e-05,1.3751599008969357e-05,8.96455243348357e-06,5.482377923006706e-05,-5.0816791273295905e-05,0.00014861392704665775,5.06975646680398e-05,5.076089406493633e-05,4.92649621780432e-05,4.990878982050541e-05,8.169090855885506e-06,9.144103088562542e-06,8.013183511113584e-06,0.0001290731115284614,0.005633831971905292,4.66329939603574e-05,7.730861031107718e-06,7.7309808849339e-06,7.6128297836914494e-06,7.496850794806574e-06,8.744278587488974e-06,7.222870399476143e-06,8.105345470606367e-06,4.3000895401370116e-05,7.139400369146774e-06,7.105654199402163e-06,5.197657401004141e-05,4.175129182059884e-05,4.9365632401139315e-05,-8.028715440804712e-05,8.643724923650822e-06,6.824412856252064e-06,6.8688913918679074e-06,4.0251066004844356e-05,6.352646070869965e-05,3.958326868625176e-05,1.4822682941349605e-05,6.199115016587785e-06,6.06327336353829e-06,6.028780783317971e-06,5.962737227425284e-06,5.5707460034898374e-06,6.519951391179532e-06,5.537890332592351e-06,5.219734574841342e-06,5.311002679340424e-06,6.043389848796532e-06,5.035100992436876e-06,4.667653726112115e-06,4.061196934185974e-06,4.655247071787211e-06,4.472603881271909e-06,6.368530420504828e-06,2.76440982544701e-06,-1.5130375218141242e-05,2.2295331981677806e-06,2.511497073920167e-06,9.701387917503802e-05,9.37323952693797e-06,7.883584883494022e-06,1.2068015172285176e-06,6.610592566338465e-06,2.7388730354840394e-06,-4.776984153859293e-06,8.25563354823847e-07,7.115349719124906e-07,3.525146769812805e-06,3.4386433584230463e-06,2.3942370228277914e-07,1
0.0001374936978948991,0.00010160437292787026,0.00010099684146573667,0.00011449545353625131,9.838047413054028e-06,-5.54817773236855e-05,1.8519198680652825e-05,1.0455563446517967e-05,9.12605905805853e-06,9.765440183049006e-06,1.0524418180736924e-05,8.71700760521932e-06,-5.128164003867965e-05,-4.9930732508972456e-05,9.371964995305173e-06,-4.386561339169106e-05,5.208047212801875e-05,4.037467671450055e-05,0.00024794506112072985,7.044782726336974e-06,7.2667863550357255e-06,-6.946487868937178e-05,7.033680353692862e-06,3.2511379413881505e-05,6.7176322279717645e-06,9.995704295364137e-06,4.2641158744808965e-05,6.659074196548358e-06,6.622466940998461e-06,-7.393270806944885e-05,7.75055598571509e-06,7.568114937452684e-06,-7.544494936539103e-05,2.9799179916919447e-05,6.88325423810409e-06,6.257121807188943e-06,3.962324493030863e-05,4.427526143982141e-05,6.080620519005475e-06,6.738312134142945e-06,6.651226128436348e-06,6.328191707378651e-06,6.585477939925615e-06,3.541495376849852e-05,-7.665680514001532e-05,-3.439896262490424e-05,-3.969477989700453e-05,5.684036632207716e-06,5.491820636995792e-06,5.4521716391430785e-06,-4.542043833798069e-05,2.5694652456730772e-05,5.368655051402979e-06,5.744590229564317e-06,6.37794922526357e-06,1.1020964409848079e-05,3.107360699175216e-05,7.5276980662834896e-06,5.674017073276329e-06,2.680485289929768e-05,4.386014849924544e-06,1.4673188467034412e-05,5.92649805341411e-06,4.059784808686109e-06,0.00011663182228253326,2.4075916955453207e-06,1.444335647425281e-05,2.4073941761395763e-06,1.921074587168347e-05,2.2896463776810107e-06,2.4488452337060924e-06,1.5631502005133118e-06,1.3453309469294966e-06,1.5203658639670751e-06,7.19670223176932e-06,1.2428622153005494e-06,1.0455391471452435e-06,3.3730959827278746e-07,1
1.0388208029255015e-05,1.013534447804773e-05,9.459533705534715e-06,9.536865434220505e-06,9.074809301133118e-06,5.430602200117284e-05,9.044016255417289e-06,1.0166391603860268e-05,5.384485284581252e-05,5.384108550351231e-05,1.0124396792238257e-05,5.24194209110624e-05,1.1954104405349733e-05,1.0787147865075519e-05,-5.46967322158304e-05,8.603293985462641e-06,8.962050603009557e-06,8.290766339442903e-06,8.050615469243656e-06,1.0572453174319705e-05,7.906646109586457e-06,4.7624313290673525e-05,4.941161886815251e-05,7.760305300551101e-06,7.491402557600573e-06,7.5079317268429865e-06,7.340051986740472e-06,4.361528249054693e-05,4.344454473527435e-05,7.198990139471221e-06,7.865015900867332e-06,7.109217344099514e-06,9.428894079983311e-06,4.271244368813915e-05,4.293292597873441e-05,7.003692113520054e-06,4.265667113316539e-05,7.93310752437064e-06,4.143521011975262e-05,7.241134212673428e-06,7.277552009320872e-06,3.954952887270057e-05,7.0104655865698934e-06,9.063916409086795e-06,3.707233358522947e-05,6.796061242188634e-06,5.975820263609938e-06,5.872335269779191e-06,6.288507821649909e-06,8.58789872591376e-06,6.422048858890788e-06,-3.380538633237588e-05,8.59399784621176e-06,5.358264788853149e-06,5.791430357246486e-06,5.146986157472964e-06,3.167277045384603e-05,1.9483812903275712e-05,3.5173557001146775e-06,3.0402287062570506e-06,1.6703371161997115e-05,2.4386150321876666e-06,1.3739847637351717e-05,2.4903705284429e-06,2.1673015409757236e-06,1.940983968451262e-06,1.4580016305426966e-06,9.783712288321036e-07,6.809174624693157e-07,1.52376901396093e-06,5.595876615588636e-07,3.0627738645174916e-06,-2.4911776179723684e-06,4.035747918399133e-07,-2.473461193904648e-06,3.5305390551511e-07,1.3161798629590454e-07,1.019896273161819e-07,1
9.776938336564733e-06,1.4632582483824542e-05,1.039758379372067e-05,9.635292151221235e-06,1.0120058810874693e-05,9.298052940223621e-06,9.283968075625353e-06,9.191331173281709e-06,0.00010512056807618692,2.4204279653858007e-05,9.628853180133308e-06,0.00028367981360734616,8.911211821054486e-06,0.0002894813760611792,9.160320038122946e-06,1.0247300165866653e-05,9.509574864065911e-06,8.476531494206144e-06,-4.866306632558133e-05,8.168598266493785e-06,1.7769676972877155e-05,1.4270831147537256e-05,4.81981150712654e-05,1.4648776152289008e-05,4.355990738790715e-05,3.619067886635283e-05,-0.0001130937494601822,7.81336635422079e-06,7.799279205947173e-06,8.733322314866199e-06,1.2402135919156898e-05,-7.826993147799002e-05,9.664286723226705e-06,1.6238293833059012e-05,9.473354345719497e-06,-7.559402952011439e-05,4.497843310838632e-05,9.202509844048074e-06,4.428070440495979e-05,4.4302249991252665e-05,4.385829548753275e-05,4.314020032790677e-05,8.747734293121586e-06,9.115179563788482e-06,1.113508567976518e-05,6.806597936701378e-06,-0.00011599438225478197,1.2879090239622139e-05,1.3312078574669914e-05,9.654546322754694e-06,1.985294740919541e-05,9.116772096212105e-06,1.0169233491227318e-05,-3.659455938098111e-05,8.195825922516607e-06,1.4001525604840708e-05,3.425587175346017e-05,7.670241546180118e-06,1.2866256348784443e-05,7.582213984182427e-06,8.666622302617674e-05,5.474633270142019e-06,9.67684176149845e-06,4.518162784288987e-06,2.0332481979544076e-05,-4.076619473266757e-05,1.4221335975792292e-05,6.756703249931619e-06,3.0525579222784885e-05,2.9560730746293352e-05,2.6155226351980255e-06,8.587872706479012e-06,1.7893824443670105e-06,4.1607236694444365e-06,-1.3177265050607348e-05,1.240095561788058e-06,3.225771377367191e-06,1.544456958390625e-05,1
0.00046594783396994305,0.00018115928419868183,7.715103263380689e-05,0.0003833074620677731,1.0422791745893327e-05,2.0637480603616094e-05,1.2402036166845834e-05,1.1129273966885748e-05,9.371793486278022e-06,-5.255378702443167e-05,6.648202895736968e-05,1.0270401401887908e-05,8.569181338662602e-06,6.232851889502908e-05,0.0001814903475797564,8.341898481932352e-06,-6.692300803724807e-05,1.1126192652000321e-05,3.393792788283119e-05,8.428272988789419e-06,9.234834501592896e-06,7.793446408134031e-05,8.949064397551335e-06,8.457919468402551e-06,2.0480872992800425e-05,1.3081835690989702e-05,5.6099528505398014e-05,5.626895916073949e-05,4.509408377958819e-05,1.1024964559343604e-05,7.46438674190989e-06,1.4080407454325e-05,7.116360989062982e-06,7.520859783649032e-06,1.2737905814999983e-05,9.805048485298721e-06,8.678296050428898e-06,-5.9285431176355036e-05,1.3416380521469958e-05,7.204360247004338e-06,4.209256474547274e-05,6.965593812883822e-06,2.3122389431122234e-05,9.23961757468864e-06,6.245085697920431e-06,6.978646799293619e-06,1.8507628664899114e-05,6.938073477884272e-06,7.334300873739744e-06,1.197782449626099e-05,1.197782449626099e-05,7.810472791503728e-06,1.468557176929438e-05,5.469358827914872e-06,3.258266162977234e-05,3.8609670187903094e-05,1.1667774705930356e-05,7.043894284035054e-05,3.059305720663804e-05,1.2280320616829351e-05,3.23345092928372e-06,3.392414695251567e-06,1.1513555366007534e-05,2.7863882042328066e-05,1.4354001654308531e-05,2.2544750369447194e-06,1.7787303731879422e-06,1.1269078380558447e-05,1.2536482627109476e-05,3.6652298306520405e-06,2.487980869119007e-06,1.1646348341834436e-06,2.4459309249407276e-06,-3.6560946511663228e-06,7.561639560998918e-07,3.0925678938173107e-07,2.7682118934888317e-07,4.279369521680397e-07,-1
1.5335201881615054e-05,-7.357117421269081e-05,1.5440766144162643e-05,1.0954126147977667e-05,9.240408961815773e-06,9.263074478251226e-06,8.9015223414554e-06,-5.2537825723633486e-05,1.1279211197212755e-05,1.1434653383912254e-05,-7.229520333462947e-05,8.169449404570016e-06,5.127556759099441e-05,7.88202230187175e-06,-4.839656386864522e-05,1.0733557171341071e-05,9.201129353695872e-05,8.088875863406614e-06,7.827391361391468e-06,7.727793124814145e-06,2.419471547431908e-05,4.438982111569192e-05,3.398743345050457e-05,4.4179508601522455e-05,4.407140719516227e-05,7.3075849460947825e-06,7.420092344234341e-06,4.2917633516505676e-05,1.480370200524349e-05,7.639055381800655e-06,6.9286055709701845e-06,6.992967018613797e-06,6.933136445196997e-06,8.575069524446477e-06,6.6917530246282756e-06,1.2385052047065568e-05,0.00012352525651124847,0.004376507111242002,6.886273152319862e-06,9.980638449159652e-06,1.131290257347769e-05,1.4571245993264597e-05,3.8009336311440924e-05,6.318040330298199e-06,6.201940186252422e-06,6.6371108666210875e-06,3.6587792230445465e-05,6.524404785089478e-06,7.082331200693232e-06,4.23296930841574e-05,5.7025536874697285e-06,1.0499562966365425e-05,4.364575367226915e-05,0.0003127006542667126,7.437684834797108e-06,5.374174698354991e-06,1.4991037719450128e-05,3.804221356496725e-05,2.9307308711899115e-05,4.676364643363099e-06,6.75861157501491e-06,4.263680811536548e-06,2.461486579528213e-05,3.903380126418487e-06,2.26391330192749e-05,1.0266957578738132e-05,4.211448861522441e-06,3.822903294402239e-06,9.256993864989635e-06,6.010503558446772e-05,-1.0154902649091423e-05,1.2206686306177353e-06,1.0580824476626586e-05,5.615939419229982e-07,5.264624984321079e-07,-3.0707628755868473e-06,2.1547330482992882e-07,4.570636393352733e-06,-1
1.0099527097933437e-05,1.0369279131233647e-05,1.1931288528134176e-05,9.262769305260236e-06,9.865612666317321e-06,2.211757540387573e-05,-5.3719783334475754e-05,9.358877822256749e-06,8.866198386971182e-06,8.852229050150101e-06,5.2438774109036904e-05,0.00020004483247713012,1.0521374570549363e-05,9.636697218101591e-06,8.434186396676108e-06,8.13122767587084e-06,9.9087537349534e-06,9.247715815010281e-06,8.00708417247477e-06,7.937237488369367e-06,7.821290080613325e-06,8.16877107373093e-06,7.75313936316473e-06,0.00012682801028367834,2.6466708577616883e-05,8.931254608944433e-06,7.608172917559402e-06,7.3265275262881e-06,1.2740220928647274e-05,7.157390210475392e-06,7.59468725375874e-06,7.669115319734113e-06,-5.875607806914787e-05,5.06395194787714e-05,3.899539316074458e-05,-3.7954935086320755e-05,6.658389780148817e-06,1.3172901703594335e-05,3.7486510603309105e-05,6.223097225104005e-06,2.2182072292994886e-05,9.636772610305227e-06,3.677243019985859e-05,4.968607457119921e-05,1.095769393507298e-05,6.092553020465118e-06,-3.448763709173935e-05,-3.455457303323935e-05,5.676627274381806e-06,5.531698703014301e-06,-3.29247492783216e-05,8.430101746149818e-05,-3.413900139459507e-05,5.2296876157766265e-06,-5.063443507866993e-05,4.847395175257073e-06,-6.0280935853781824e-05,-0.000159272667165728,3.3579938941676722e-06,1.7200422886676795e-05,1.7521398603670416e-05,3.257159278400891e-06,2.848053543318699e-06,1.3345194260790403e-05,1.9829765090033773e-06,2.0255346667952823e-06,1.6544994698366344e-06,1.0205908175935059e-05,8.299800545525493e-06,9.49059885408055e-07,8.115155992608938e-07,8.42608074081441e-07,6.581100039374735e-07,6.377317829422077e-07,-3.0672937055239926e-06,5.740979633263115e-07,1.228563305137535e-06,1.9357857095006108e-07,1
1.0767923297550706e-05,1.6848236350438832e-05,1.7042846607615288e-05,9.112610369253799e-06,9.716533836073579e-06,9.015266490790233e-06,8.77993107316093e-06,5.2595926881978864e-05,9.047663355400918e-06,9.811644700279014e-06,5.1675671755124985e-05,-5.1319474076306316e-05,0.00024517271179857884,-0.0002774135706687,8.110654617267196e-06,8.05150655482091e-06,8.459424476384131e-06,1.0402121723231282e-05,7.826750889864189e-06,0.00011144414102200882,7.762992937764897e-06,-6.247815174469372e-05,1.1422143043338581e-05,4.456618215597123e-05,8.802926372384028e-06,0.00020388125928672257,4.414968914626211e-05,4.389533295536034e-05,7.1625129714177424e-06,-0.0002824544239512887,3.8134089609252226e-05,3.9120200549980185e-05,1.1401085627594445e-05,3.6894294624329005e-05,5.98424881228823e-06,5.921957712006062e-06,-3.425850834824107e-05,6.680422704319095e-06,-3.0022380041943704e-05,4.961130997470309e-06,0.0024580475906309024,0.0024458190624359233,0.0024366410114830778,0.0024295950323959593,0.0024207560734704286,0.0024033782367967023,0.0023651935973287705,0.0023390308121844987,0.002325108031343425,0.0023148067024810984,0.0022469631228215947,0.0022243291790958147,0.0022204635913487137,0.0021784909503452686,0.001216509914353931,0.00119304879380814,0.001195398238850413,0.0011880425036664363,0.0011831803600073293,0.0011815993104037949,9.66867875229143e-05,0.0011649996733593337,0.0011531242591433875,0.0011500045736055078,0.0011098630661549743,0.001106768665923142,0.0010887127337286064,0.001062190505681616,0.0005037080103848479,0.0004934177438862011,0.00047716043804628275,0.00047061062842360135,0.0004624322021746958,0.0004581205618337766,0.0004468719470432634,0.00043582808383572057,0.00010920696642368478,1.3266232987281694e-06,1
6.082345760742984e-05,6.0747046708494e-05,1.0084260321390733e-05,9.997606680780924e-06,5.98809128943425e-05,1.0013959785844768e-05,5.997830791174965e-05,9.718334173199487e-06,5.736746032610957e-05,5.744748863209497e-05,4.556169956269416e-05,1.4501426243205224e-05,8.671062269769103e-06,8.660169043885135e-06,5.1921646428271575e-05,1.4275656167643407e-05,1.0809156252517228e-05,4.825684567888001e-05,0.0003917849448563649,1.881098025349727e-05,0.00016082060761801834,1.7548439838090003e-05,1.0454555621951038e-05,7.070447120627445e-06,5.372150962630465e-05,6.949853494320117e-06,7.3784899913216425e-06,0.00019001493276336501,4.0013851053400256e-05,3.920449965791745e-05,3.883074763539177e-05,8.163314675754012e-06,3.772809828874521e-05,3.973353264477904e-05,6.57368901605306e-06,0.0001025468503126799,5.9665182081553394e-06,7.0984576200248535e-06,5.746455403399726e-06,2.5054611235369523e-05,4.4850646670359784e-05,3.780909360479843e-05,-3.1925086659780355e-05,7.410045289620501e-06,0.0002164312994736005,6.828059920966284e-05,9.644180444578148e-06,5.257473697612178e-06,3.3847742168198876e-05,2.4133517720152503e-05,2.41689409873664e-05,4.97987073842149e-06,2.7801245106345207e-05,5.356639564877452e-05,3.6562450149735626e-06,5.618067878073075e-06,2.483528987945026e-05,3.5166355607900058e-06,2.0180183660273913e-05,4.438045791000065e-06,3.288313874101298e-06,2.771430547111273e-06,2.7905797584970204e-06,3.098230941695236e-06,2.7252201198128005e-06,1.0205528745207516e-05,3.173152478734379e-06,1.816202767591673e-06,5.999131977193845e-06,7.1259169550173e-05,6.0874623195536734e-05,2.9050572938115807e-06,4.7066208548022554e-07,1.6640136763729557e-06,1.5478678732701072e-06,4.182949453360465e-07,2.515524052906283e-07,1.1641797674785916e-06,1
1.3907516166305403e-05,0.00017391262533404434,0.0009481727528083153,1.082905359553863e-05,1.3702208832574218e-05,-0.00416607504087856,9.73142761889623e-06,0.00018005111966984893,0.00018356056403604794,0.00019836054878517338,0.00018376783554796983,0.00018389833549177083,0.00016880050689272862,0.0001705003043939439,-0.00022960965198964975,0.0005541097489466563,8.828387627742088e-06,0.0005680003822495971,5.2903756743625606e-05,1.1835531827435353e-05,1.6898619921493272e-05,8.715197092896462e-06,-4.858306724175441e-05,7.831867854039065e-06,7.805283469201368e-06,0.0004087885479406273,7.506343009715785e-06,-0.019539236763854995,0.0003872660695034793,8.256191679546462e-06,7.051662605304592e-06,7.362230079754597e-06,6.612297004405324e-06,6.5954464435144035e-06,1.934796339054059e-05,6.466912574440598e-06,1.1822693005123266e-05,-4.081336796752476e-05,8.608288526479772e-06,0.0010613483554015501,5.293563548834983e-06,4.76243645743868e-06,5.82903917540266e-06,-2.6516605830804426e-05,-5.6747313474681316e-05,3.870247837870868e-06,-2.545679332012249e-05,-0.00010741632630759255,6.235429462061422e-05,4.582181043140668e-06,1.962505816693326e-05,4.20733371020363e-06,1.9253748591218497e-05,3.7825538575697845e-06,1.2148912732913372e-05,1.1942390454637901e-05,8.3614155699532e-06,4.812339484034158e-06,2.4586102159087645e-05,6.221806383979403e-05,2.3094640922141876e-05,2.964945046203225e-06,-2.9579531553396018e-05,3.5879728249725843e-06,2.7240547400950037e-06,1.10421387567209e-05,3.621494765601566e-06,1.8245663845766476e-06,1.7458699500096974e-06,9.124355249144678e-05,1.679656503487256e-06,7.348739624013484e-05,1.2150808418360847e-06,1.6085512172271866e-06,2.4216051607416755e-06,1.984492315842456e-06,9.425437802937972e-07,4.297802637613821e-07,-1
-0.0002182993894717609,2.4702070780421117e-05,3.4874343725397556e-05,1.0093174762555842e-05,1.9090281898494763e-05,1.175600245636658e-05,2.0799154633426268e-05,1.2283365082829516e-05,1.2283365082829516e-05,1.1236440880518151e-05,1.1733133065764825e-05,2.526170355227548e-05,1.6547194421846663e-05,0.00011288215958962097,-0.005192564152116029,-0.005060303903095558,1.4258492912953114e-05,1.3222853212356996e-05,1.9632578473220633e-05,6.344158108766906e-05,8.224892889444232e-06,7.980534272119123e-06,8.344414768633952e-06,-0.0040654576220023,1.118138123731944e-05,-0.004752908150511455,-0.0038656738927024883,7.291527418154062e-06,7.102620185060311e-06,6.5038986941634784e-06,3.725685958095204e-05,6.226773534515112e-06,4.9119679961880585e-05,-0.0033194268090805776,5.664942201759233e-06,1.1051357523262318e-05,-0.0030463463486555416,8.038556984071939e-06,9.261967966731039e-06,5.500823365778778e-06,7.46741531898328e-06,4.880914654750327e-06,5.260054407441038e-06,1.0008228819164762e-05,-8.97033842310323e-05,1.0008228819164762e-05,4.788388354274181e-05,-0.0021803762942615838,3.591957599304858e-05,-0.0032205792121758887,-3.247413649654338e-05,5.4276265722903745e-06,1.5181712098994045e-05,3.48526131239865e-06,2.8008058047492348e-06,5.548279316465646e-06,7.157437794119774e-06,9.215477811262728e-06,7.680808628819384e-06,3.894338694086389e-06,6.448003411520088e-06,2.091996766769242e-05,-0.001400427543657281,-0.0012614880664282393,-0.0012389527994299298,3.4632001807481905e-06,4.547938038956422e-05,2.8150882368427263e-06,9.905167499316692e-06,-0.0009493752318450224,-0.0009016726996076826,4.669944625329959e-06,8.325181803336251e-06,6.265897627528406e-06,7.372830808262093e-05,1.3722646078726381e-06,4.965639788866994e-07,3.7037122510857406e-07,-1
