9.872741522130174e-06,9.667069247308682e-06,0.0008516861996192192,0.0008520562209335304,0.0008527222592992908,0.0008513140975034454,0.0008599654305844204,0.0008595587439865969,0.0008510552969411942,0.0008509443824145151,0.0008509813539234083,0.0008647347552316247,0.0008509813539234083,0.0008504242717730173,0.0008502395673412423,0.0008505350944320823,4.946297433730104e-05,1.0395001423138496e-05,9.713252212730181e-06,7.252797423155019e-06,6.383302544534079e-06,6.913137832611647e-06,6.350281118689439e-06,2.9225148506651338e-05,4.476637542876459e-06,8.856148209807886e-07,0.00016026539090455117,7.146410900142786e-06,0.0002659886146129342,1.2853032857274786e-06,1.1664256264530506e-06,6.36488029547051e-06,2.89669818619028e-06,1.198892316106899e-06,2.5577269986496063e-05,1.5910783581236953e-05,-6.308702164898368e-06,8.777521598623896e-07,1.1361220897104158e-06,1.2008027778355127e-06,1.915376509998809e-05,9.05041994825254e-07,8.981329448403123e-07,3.708675822991691e-05,3.872431340029195e-06,6.357241009830245e-07,9.379192446694859e-06,1.558490369520882e-06,2.0902757696687717e-06,5.353393675873249e-07,2.219837745686189e-07,1.402439559359745e-08,2.986312896475135e-07,2.9921613566246257e-07,1.470435975218511e-06,1.1194274329284817e-06,1.3384092358621916e-06,2.1651388108766917e-07,1.2378050557427383e-06,7.245358820018064e-07,1.6930080141773223e-07,2.099191664878905e-07,8.304049378768218e-07,1.4920650293989297e-07,7.464265822227463e-07,1.3046027614843028e-07,5.915582628653632e-07,9.49353202523379e-08,-2.2777589686466434e-06,6.439295661947184e-08,-7.250677488001116e-07,1.3481106540021528e-07,4.548869582367109e-07,3.86002754435252e-08,-1.952738581084158e-07,-1.1146647285747633e-07,1.422278421523078e-08,1.2858166710678308e-08,-1
0.0007173450443327448,0.0007187314720363256,9.034211395055103e-05,8.32698396505789e-05,9.411401949987663e-06,9.411401949987663e-06,2.8572255674804594e-05,8.763310992139195e-06,8.884227629742058e-06,8.100474491832971e-06,7.177276581231895e-06,4.0978684333417265e-05,0.00012364364187481116,6.171828306374318e-06,6.115331454811173e-06,1.886876944805847e-05,6.419279586848697e-06,3.2475752889340414e-05,-3.235092165108946e-05,0.00010447026074961375,3.924292904947403e-06,1.0466297462343588e-05,1.5613570820399115e-05,2.1903468180685112e-06,9.297116123346114e-07,1.737120708061824e-06,1.2322904413400414e-06,4.245669360108475e-06,0.00010650240235026239,0.00010715831380440342,0.00010637266924042603,0.00010685329885603572,0.00010827208050980674,0.00010809184440395308,0.00010655290534627965,0.0001063865335562609,0.0001063865335562609,0.00010640039787209581,0.00010628918113924404,0.00021255989183531057,0.00010627994591765528,0.00010633073963639339,4.4080240792296634e-06,5.165308169645551e-05,5.700903967091171e-06,8.960916642408515e-07,8.216476749965612e-07,8.312670150183784e-07,8.582149015794386e-07,9.801820867287543e-07,7.040315892919043e-07,5.505489807454908e-07,2.151876849897743e-06,3.515786001285485e-07,2.1288264951160096e-06,1.8827612062468293e-06,3.0671980870496194e-07,3.4166226641330884e-07,1.7450741327510124e-06,2.900633758742456e-07,2.884384931407181e-07,5.9037141700247125e-06,3.339502086857079e-06,-1.540401041875396e-06,2.2849005527330645e-07,2.1991598426368751e-07,2.191975395948401e-07,-1.8592715383766802e-06,7.35331837429611e-06,1.2788156338674515e-06,9.70192110459546e-07,3.299414924256338e-07,3.4247292636799796e-07,1.1458224378771745e-06,2.9751967280502162e-06,1.1029236683813158e-07,1.127250335874536e-05,7.997927215304729e-09,-1
1.133478590560718e-05,9.233871559819027e-06,8.841250140727442e-06,0.0001500408676924228,8.827491588700072e-06,8.660644602080884e-06,8.504876294455358e-06,8.004042123405746e-06,7.924389826093137e-06,4.693634888087116e-05,7.637132505525017e-06,9.69221018427508e-05,0.0002991495876824018,3.1318111500645563e-05,0.00018542634456210122,6.293898277123944e-06,-3.5335380804665436e-05,5.970523603443128e-06,8.493007182200169e-05,4.9989026577755945e-06,0.00021220010012776267,4.473550105109475e-06,1.133294523082824e-05,1.7379320413672178e-05,3.826473935437548e-06,1.7334277141689942e-06,9.188913664405837e-05,1.2423528225667276e-06,1.2168273950897278e-06,1.2046258123542028e-06,-1.1420913406063568e-05,1.1484453693946945e-06,1.0114501342521729e-06,1.026123598795681e-06,5.966496680020386e-06,9.694310410451283e-07,2.6776899614740116e-06,9.1863406545455e-07,5.122335541677158e-06,8.40748710312189e-07,8.210875908501935e-07,4.842608142475186e-06,7.991459581783662e-07,6.932756050455513e-07,4.1384316294086565e-06,1.3059763784791188e-05,-3.771555392231327e-06,6.6436605240599004e-06,5.907044799738523e-07,5.370327671463778e-07,3.091283247326032e-06,4.628385015864483e-07,4.82221670762774e-07,3.4249702868081324e-07,3.2034554173020866e-05,3.151782792308919e-05,3.151782792308919e-05,3.152741312909851e-05,3.186837260000112e-05,3.1516458607945e-05,3.206555398076408e-05,3.1519197238233376e-05,3.1519197238233376e-05,3.1490354345971936e-05,3.1499931612804706e-05,3.1499931612804706e-05,3.19459586110167e-05,3.192077007923931e-07,2.5890207492750693e-07,2.6335497981030337e-07,-1.4322770706935032e-06,1.3854875816055158e-06,2.0885587161623305e-07,1.3422127245825846e-06,2.2793397178608608e-07,-1.3032650017818284e-06,2.5066906598149817e-08,7.58485594669421e-09,-1
0.0006385779269252294,8.842860322393452e-06,8.444600337675362e-06,6.103565761396838e-05,8.696453304536138e-06,-0.00026225795253129115,2.4324560659804756e-05,8.17357575248696e-06,8.404380112279864e-05,8.11387975663181e-06,7.619304728361233e-06,-4.420343536980641e-05,0.00020274117361736863,6.972193835902092e-06,6.8677258431555815e-06,-0.0006112608495407383,1.9083353681661886e-05,5.9025068855506935e-06,-3.499979834736376e-05,6.0019956312009164e-06,5.0966950324309744e-05,1.5349244535538115e-05,4.324284785142951e-06,7.52943846667604e-06,4.2047348418514694e-07,5.827259328059147e-07,1.2137987217730542e-06,1.2029806484622833e-06,1.4424469816090247e-05,1.144420780360053e-06,1.4185518964558785e-06,-6.707207360957754e-06,1.082666421826664e-06,1.0926055356085267e-06,6.4118402194933235e-06,1.0224619780554075e-06,3.2520299396222247e-06,9.615842565116033e-07,8.822658506520127e-07,8.258132951832962e-07,8.344945121579694e-07,5.273654932706926e-06,7.606151174939777e-06,7.11306952577398e-07,4.1966310058707875e-06,4.192342694838963e-06,5.6022870628598424e-05,1.996697051547122e-06,6.58491954405075e-07,-6.4742937511649324e-06,5.035989149235671e-05,4.292222671170977e-06,3.744085909941631e-07,2.6313860078781897e-05,-6.214761435864053e-06,2.4312111526073496e-06,9.808738162226889e-07,3.282352934542914e-07,5.286671987953244e-07,3.087596081726979e-07,3.065271645747428e-07,3.0411442152108634e-07,3.0036458964605945e-07,2.4924871007184143e-07,2.3134628001942773e-07,2.2649375758559896e-07,2.1338207755188478e-07,6.421189145897802e-07,4.836949549922662e-07,1.2935722192180215e-06,1.0959380189452894e-06,1.7644508817991085e-07,2.187794370273527e-08,1.6092063983888367e-07,1.5886222561265073e-07,3.0772202437540436e-07,2.008594656112433e-06,6.151042878188728e-08,1
9.57400514951849e-06,1.2866111789822531e-05,8.040999955903232e-06,-0.0013302404029375604,7.515700999110434e-06,4.4990219910660165e-05,4.4901717017159136e-05,7.328858836187858e-06,4.3889743362223115e-05,4.363951439751104e-05,-0.0011335408957984666,6.956849712079392e-06,6.955723865026419e-06,6.767822033811284e-06,-0.0012565774268181325,7.880995850329843e-06,6.257244050375268e-06,1.3935549239844795e-05,5.967681883481444e-06,7.920711973719754e-06,-3.2199166576552324e-05,5.249481068570332e-06,3.816732328614965e-06,2.81146859204477e-07,4.2308966992124646e-07,2.686975568386402e-07,3.929661635254092e-06,1.0766062799010093e-06,-1.9363826082680567e-05,1.850890472606281e-05,1.0140899630235228e-06,3.191406690177363e-06,1.7541006594007658e-05,1.136434173706543e-06,1.0663279120013136e-05,2.84521436330435e-06,8.413470685072354e-07,8.332975425340461e-07,1.789665512721001e-05,8.806667811680513e-05,9.440645610944664e-07,2.441081200509258e-06,7.626699336062193e-07,2.2462815784306712e-06,7.555660182210113e-07,1.3094738014183488e-06,3.40313405078456e-06,3.538374230797226e-05,4.674769796749267e-06,5.54493033394038e-07,1.7207105011196082e-06,1.793865500955467e-07,4.724617719802265e-06,3.40870403640693e-07,3.136137280407983e-07,2.7791005693333134e-06,4.046687168920469e-08,3.438824020703422e-07,3.0970321433517394e-07,3.0353707854052674e-07,2.9904474918993346e-07,3.05649176331141e-07,2.4861591205036885e-06,8.541720709652984e-07,3.677200356716001e-06,2.3380011784642797e-07,3.4037928166419414e-06,2.3286871721376565e-07,2.0794904228795015e-07,1.0114321828740931e-06,1.017816105534517e-06,2.105762396973802e-06,9.72943999498092e-07,7.395174264989342e-08,1.0748227423966649e-06,5.531785480136556e-07,1.780479249833418e-07,1.4801430031513468e-07,1
5.585609075741665e-05,8.944962622486176e-06,8.900678245021931e-06,8.801515280507744e-06,5.187684540184565e-05,8.665459610027856e-06,8.120500270858852e-06,0.0009343357878721617,7.835346752519288e-06,7.4167087151535375e-06,7.348588566250953e-06,-0.002690916951758209,0.00010298343238747623,4.010519050069965e-05,0.0003904883146178822,1.1126508104177996e-05,0.00029517498383212784,3.429991621910975e-05,4.4678340584831694e-05,-3.0346210931970465e-05,4.608395987253025e-06,0.00012292356477061988,-1.9711743758785952e-05,2.325535960783207e-06,9.10483276308955e-05,1.2130290559642301e-07,1.2047175604269155e-06,3.217841349925408e-06,7.1701089556292995e-06,9.958248969881145e-07,1.3724049945207083e-06,1.7644906385253808e-06,8.951752576393439e-07,8.69606214009924e-07,5.22765135765877e-06,-0.00023941738604935,7.047770789874635e-06,1.1677687566988172e-06,8.071783130041571e-06,7.955688266404249e-07,7.964172597015199e-07,1.1260021324486672e-05,1.0014383633075943e-06,9.532091373903574e-07,2.4820508773953424e-06,2.7360730459710935e-07,-1.918712000773782e-06,1.9677971416545395e-07,1.3155368021274695e-07,5.176245754343188e-08,2.1261569593586217e-07,1.8918793195657678e-08,1.4130144749339576e-06,2.262066474690399e-05,3.991834169962525e-07,3.10937250696966e-07,2.720945277749083e-07,-8.428074378301503e-06,3.3869109942110454e-06,2.6189007188204385e-07,7.6141673032744535e-06,4.218049750189919e-07,2.398866036032909e-07,2.3608187894423354e-07,2.1593532489308279e-07,2.1883669819844617e-07,1.903665741549396e-06,2.0534156428886668e-07,1.2604200188090962e-07,1.3105089743693431e-06,1.9446064593376093e-07,1.9923405047099338e-05,8.080329151810055e-07,1.5841790128644274e-07,8.766330692134004e-07,6.6439462998350636e-09,8.594032508606374e-07,1.4818681876695645e-08,-1
1.3279650506170763e-05,0.00017560552423503717,1.892165738739047e-05,1.4322480138994425e-05,0.0001720063882084568,2.881708793774838e-05,9.724314163733653e-06,3.400865735382011e-05,7.781918181963948e-06,1.0249696487588445e-05,5.669202063647088e-05,2.844094160011331e-05,6.693126168730677e-06,6.629542247264553e-06,0.005142931926214695,0.00010369565913177472,7.448861069632557e-06,4.6667580157140555e-05,-3.9728917680249725e-05,5.267783457176547e-06,7.997166678048002e-05,2.395088117358195e-05,-0.00010533402411007821,-5.8775327015873547e-05,8.734270111645241e-07,1.2220850055978613e-06,7.72516622237676e-06,1.3149184549805803e-06,1.476629287621814e-06,1.100189410063468e-06,1.120960650895701e-06,1.05868518993412e-06,-0.00022790527699104057,-6.307782512922356e-06,1.3910046095269123e-05,0.00011766552913948167,5.460689793971551e-06,0.00017347352590804348,-0.00018222370736620537,-5.023811662911547e-06,7.760703769553331e-07,8.395941466603848e-07,7.312624837541732e-07,2.335779537168332e-05,6.129191759620648e-07,-3.3529285944596283e-06,-3.0889398038466906e-06,5.076975133821103e-07,4.562568994278222e-06,1.2041400466343644e-06,2.5065199184761073e-05,1.4032576736985577e-06,-3.1645641777421297e-06,3.7197639849441375e-07,1.1497893126869437e-06,3.237037170147124e-07,4.487919405213929e-07,3.010444949019047e-07,2.9480989360821546e-07,1.7691960116763056e-06,2.9480989360821546e-07,2.124796312433366e-06,2.9411831333339356e-07,5.202064823726844e-07,1.6630265561910792e-06,2.6320122554730094e-07,2.848121455499988e-06,-4.089667283541472e-05,-4.057905915591084e-05,2.377568213018362e-06,2.3048672846030522e-07,3.2006722988934006e-07,2.2322178969271036e-07,2.919801130823819e-07,1.9442522476186412e-07,2.0801990878859206e-07,5.782408415667765e-07,9.001196086086296e-08,1
9.733449605774237e-06,8.101088292546786e-06,-0.0001470445921610082,-7.921064255582752e-05,0.00014342102208643156,0.00026899436697435097,1.0855013945396533e-05,2.7593070837595092e-05,7.212313740859906e-06,2.018107402924942e-05,-3.8476710735827e-05,6.460310180320445e-06,7.1506285831221386e-06,6.33030249216779e-06,7.122048354767057e-05,6.221497805902714e-06,1.7565144620172305e-05,0.00027973212421924826,5.876172107763968e-06,0.00010188222534716925,1.3195395280008669e-05,1.8227766714170655e-05,1.0387389305834706e-05,1.575076451190747e-06,-9.292164924690699e-06,6.7090296388790506e-06,1.2529381084840057e-06,1.9998863944507142e-05,1.2174020000511051e-06,1.662181889609641e-06,5.7502254120556486e-05,3.821852230814872e-06,8.608825075506853e-06,1.7010937908978298e-06,4.005261259058358e-06,1.3408711754957196e-06,0.0002069486218804743,3.344418680442886e-06,2.8472312832908844e-06,9.159907148074695e-07,-6.921418332973841e-06,5.17724023709087e-06,5.833447519642569e-06,4.117442484825118e-06,-1.1175855983135468e-05,5.410700666403665e-06,-6.422388926165742e-05,9.987001425071268e-07,-1.0352766472071262e-06,1.0924538636993204e-07,1.0917837639556551e-07,9.737598213405824e-07,7.862882919779838e-06,3.547362655232427e-07,5.019784016099761e-06,-5.0195672908001736e-05,4.859585953707932e-07,6.424945404001611e-06,1.619498927276866e-06,2.605466095534106e-07,-1.6942289250622074e-06,1.4601257903825247e-06,1.460196575971342e-06,4.475815159397395e-05,2.275724678920177e-07,2.2562286552212992e-07,2.1442277932528633e-07,1.8131113771634083e-06,2.1019458161726758e-07,-1.2507256027235413e-06,2.8183846744246495e-06,3.766788396980807e-06,-1.1239337382211285e-06,1.7945609074338846e-07,1.6898403682511936e-07,6.164693386610832e-06,6.255452724050419e-08,3.64709187232998e-07,1
9.869743831916591e-06,4.155513684579143e-05,4.1629392976250774e-05,-5.8462622973787096e-05,0.0003193233691424547,0.00019562914522753156,0.00031913915814902856,-5.7100088274260947e-05,0.00019338095261875837,0.00022228817816240793,3.6055135687763095e-05,8.272797381251742e-06,-7.288620504839328e-05,6.467297676318799e-06,2.680655972305694e-05,4.646318658365399e-05,6.311254788097371e-06,6.20127160912552e-06,5.974061375280897e-06,5.944191356993074e-06,2.3563882361827058e-05,1.8832566085317997e-05,3.9378661755489085e-06,7.72367590061585e-06,1.2202450549743992e-05,2.4697912785928565e-06,-7.69240591274246e-05,3.257048180649554e-06,1.0542036212621975e-06,3.067718144429393e-06,6.0571099564077186e-06,9.389080746080388e-07,1.0446061647004332e-06,-1.5641204438668893e-05,1.1028674032649404e-05,2.5888936071507097e-06,8.092960495148216e-07,1.0160303879249902e-06,8.609920817184923e-07,2.3508196924494385e-06,1.665167716348456e-05,8.341087528516778e-07,-4.312278451953706e-06,3.5139009099143663e-06,3.4551018355646285e-06,-4.274989228577723e-06,6.353500196990033e-07,-1.1666936998233628e-05,1.6584041850411602e-07,1.060694773241997e-06,1.9799490824861384e-07,2.3069322059393828e-07,7.466984612436987e-06,2.695107991645854e-06,2.2141404490988176e-06,1.2222727829713427e-05,3.561406092246616e-07,1.4834300959475403e-07,-2.0332431633205006e-05,1.2595799019933374e-06,4.535844395753882e-06,1.994483825070229e-06,5.2914049538919965e-05,4.148499954306648e-06,1.3950587534369277e-06,2.2195347962930303e-06,6.678603805288169e-07,1.2099499912870739e-06,2.2008552054817153e-06,2.2715951151110514e-07,-1.7084292755980636e-05,2.704242943613215e-07,1.834373083057948e-07,1.067720715681816e-07,8.870696730956278e-07,4.716767588806761e-08,2.922098031708519e-07,3.33105566968496e-07,1
9.526042117620156e-05,4.2577877229957236e-05,9.782110495203294e-06,1.2243505014321175e-05,0.0007791343474463308,1.5864196191209596e-05,3.341704729493041e-05,-0.00030688335075082436,-0.0008180130094734098,3.101046113684378e-05,8.28529543705159e-06,6.449169020018113e-06,-0.00013248493933266548,0.00013045474739981297,4.537302976649362e-05,4.531818638090341e-05,7.4616254208335475e-06,3.978932136162836e-05,0.00014107497485232735,0.00036092193694361687,6.059956533834031e-06,1.207487312574755e-05,4.645282721229117e-05,1.5861252499939346e-05,6.457605216921625e-05,6.45960895207747e-05,5.629425887150029e-05,2.778602227030099e-05,1.1408204631158571e-06,1.101989993979711e-05,-5.823442744655901e-06,7.077841894560312e-06,8.432686401595915e-07,8.248634701956328e-07,4.9310543811861055e-06,3.462008882092063e-06,1.1917177380412775e-05,3.3508199653821174e-06,7.939769170553237e-07,7.89202974533665e-07,3.3055903974872688e-06,5.5934921051273204e-06,7.467576719101121e-07,7.349979358083723e-07,7.272684349411869e-07,7.866714810113513e-07,6.816707197217381e-07,5.373373981593931e-07,1.687241068455306e-06,1.4344840829490712e-06,2.831189759723191e-07,1.4050962112313971e-06,2.583926760002901e-06,2.6456364855544375e-06,3.2332464598354433e-06,4.26039515958205e-06,3.414589194423472e-07,3.4356996413581715e-07,2.866197477996223e-07,7.389699531463209e-06,2.5645827027803097e-06,2.8470881609504266e-07,2.2623971229950313e-07,4.426678592730947e-07,2.1939974010252254e-07,2.1498169625816582e-07,2.1056317158508207e-07,2.7006660346711447e-07,2.999591823125212e-07,1.301444781449765e-07,2.042387261128004e-07,1.1210182625691165e-06,1.5367245636467515e-07,9.24119241192412e-08,2.8523791831341385e-08,8.069685532190585e-08,8.674604229665972e-09,8.399838216166916e-09,1
0.00031576601919566544,0.00026769385977029375,9.587665898773896e-06,2.645962089237163e-05,1.067656829425736e-05,9.352149259240502e-06,1.0374363070936325e-05,8.552619929500607e-06,3.756824013774359e-05,5.495592062686009e-05,-4.58544491880922e-05,2.0410867682341873e-05,-0.0009716064649053774,1.8894211215617058e-05,2.5987364722658684e-05,6.302021643010582e-06,2.9665258484003005e-05,6.521267844977304e-06,-3.7081819577180204e-05,2.063544929526138e-05,3.458041484150763e-05,5.5405586170108506e-06,0.000128454782396324,2.9570323571467563e-05,9.175542137215497e-06,1.8975932338252942e-06,8.083650607853286e-06,5.6527110430463925e-06,2.7014499888059067e-05,1.153189039780694e-06,4.186863710253281e-06,9.77045398908055e-05,0.00013312731503917826,4.381123631056953e-06,4.169131197388237e-06,9.543166195665993e-07,9.026095593376363e-07,1.10030274729258e-06,2.8485369003767983e-06,1.1114027989550829e-06,9.344938598034674e-07,3.056490742810444e-06,3.056490742810444e-06,7.651419164843973e-06,1.251456211073182e-05,6.39989590292031e-07,1.6878568059589246e-06,1.6775392021569875e-06,4.083542067118714e-06,1.9826565624924182e-06,1.775089883126449e-07,2.789924020817167e-07,1.2750353289500226e-05,7.245523897315984e-06,4.225260974503174e-08,1.4423782100302955e-06,3.182462537486111e-07,1.3389040484547342e-06,1.8937785916012269e-06,3.113334690360084e-07,2.9178016714159856e-07,2.6173634425786037e-07,2.5909417658377027e-07,2.438825125513368e-07,2.3547123868575549e-07,1.083518409518909e-06,1.3989362211849834e-06,-1.1040118848312455e-05,1.840019808052076e-06,9.379433273906036e-07,2.1950591306644977e-07,8.899722173105767e-07,2.0565564003751606e-07,1.6627914649562571e-07,7.143908048401547e-07,7.818130421801283e-08,3.5855256292635136e-07,9.465729955965908e-08,1
1.0343409810796498e-05,9.67597230911358e-06,1.1307239447316955e-05,1.134553631846747e-05,0.0007526158064675118,8.578085164231193e-06,0.0007489216541603063,1.0099079740716006e-05,0.0007464934395373326,0.0007458431939043015,0.0007379006754762805,0.000734787946642296,0.0007329068755144102,7.740113479301823e-06,7.30773099791304e-06,8.577920043946364e-06,-3.854979609077029e-05,6.264021420096777e-06,6.276888636146358e-06,8.690527387653261e-06,4.9883833611456436e-06,1.5202470414554614e-05,1.342229285011778e-05,2.441784898884022e-06,1.903680714608331e-06,1.4634386003138235e-06,7.076381577478354e-06,1.1754783765753475e-06,0.0001057465020489082,1.097110740868863e-06,6.415596246307356e-06,6.310709685804023e-06,-1.572387078397255e-05,-1.572387078397255e-05,9.033487655782988e-07,8.390522044004777e-07,4.13712425109555e-06,4.862857038212077e-06,7.736131969552029e-07,8.678493540707734e-07,7.554154629384814e-07,4.422181237783718e-06,4.416937586068178e-06,7.375710871753532e-07,-3.3716071643453947e-05,2.033743313149735e-06,6.727403991982678e-07,3.1350960139195077e-06,5.086723789289641e-07,4.632972564214118e-07,1.3990100640631562e-07,-7.758547941391859e-07,4.2379202803880127e-07,4.582222481960571e-06,3.305803634342797e-05,-9.466892710856864e-05,5.615096470799726e-07,2.9031366958231478e-05,-2.1884469462113927e-06,-1.8774750725915837e-06,2.855724041579919e-07,5.234179952039003e-07,2.5982204133394824e-07,3.63764802325337e-07,2.7791229778066463e-07,2.866357007349811e-07,9.911459569484596e-07,5.482126156943187e-06,4.831657311104184e-06,1.1320336084483124e-07,8.871803094868885e-07,-1.2311337363163072e-06,2.558430236055276e-07,9.586596225499769e-06,1.0582803259609517e-07,2.4988349864575557e-07,7.432650286390373e-07,5.67762651608378e-08,1
5.881630634217414e-05,9.71591174820476e-06,-5.486294291483928e-05,0.00016747988097153826,9.220503904855922e-06,3.2414103340954383e-05,8.047112038970079e-06,1.558631094253297e-05,0.00015399837343540727,2.352063075053049e-05,7.725642428945283e-06,1.564405881919126e-05,0.00012964105824574455,6.712209684979855e-06,1.9393071006198448e-05,6.424637918768269e-06,0.00012243412479460815,2.039529041910454e-05,6.207640604723079e-06,-2.0168462808542846e-05,4.330974193559041e-05,2.7872667829001974e-06,2.2606149819230487e-06,1.3379486314602746e-06,2.1573110613167255e-05,-2.5590499545559148e-05,2.414254751843214e-06,0.00010729062666891909,9.4078717737723e-05,9.407697580843897e-05,9.292599432042772e-05,9.238638853592712e-05,9.207597664203594e-05,9.14636715480939e-05,9.145605089426137e-05,9.123108927520632e-05,9.123362308056388e-05,9.115665801161565e-05,1.3345832961869451e-06,2.152342046750132e-06,-5.678953128020609e-06,9.321888570628338e-07,9.224493086038163e-07,8.971774621624365e-07,8.764183392397649e-07,7.287059700242744e-07,1.0685862550545007e-06,1.0583908246513078e-06,2.4824979185371707e-06,6.204453784727819e-07,3.3470739894539454e-06,1.0697392181899656e-06,3.5001057901775167e-07,4.1331511461004743e-07,-9.440404128791042e-06,3.989265288602424e-06,2.5547413667758138e-06,3.0661316773772506e-07,8.631099878543271e-07,3.088406460940841e-07,3.838803161774316e-07,2.7225174346026144e-07,1.842925620813781e-06,2.639651227754892e-07,2.60399156419434e-07,1.5387322366794867e-06,2.52908519768851e-07,-1.4944751392327595e-06,1.210272188713086e-05,7.233712238122803e-07,2.4208473793750124e-07,1.7333666573162337e-06,-1.234866181941003e-06,2.940965556071258e-06,2.6583333209911e-07,2.2822203917260716e-07,2.1817952003841643e-07,4.5558833568242344e-08,1
6.874836604065021e-05,8.681398948030605e-05,0.00026577324417925675,9.349687873730139e-06,1.0733090733371978e-05,4.277915390782091e-05,6.862558090868929e-06,1.297430835915289e-05,3.991139637458388e-05,9.04485246915889e-06,1.9442886846262145e-05,0.00044243688115767335,3.180241074980794e-05,5.204695077563091e-06,4.3587041811690965e-05,1.456011040187413e-05,4.372598962952695e-05,4.297857056431302e-05,4.553022296729175e-06,4.011118707421818e-06,0.00024742447555944354,1.6561229664518346e-05,4.4831232366898555e-05,3.834679722756175e-05,7.611746075480287e-07,1.0840222565839102e-05,2.266740591942801e-06,2.1099013495166046e-06,5.072541439337831e-06,1.75861432860672e-05,9.686510626516913e-07,5.691036941654608e-06,-1.340581293415677e-05,9.020120208582006e-07,8.250478279470968e-07,1.6712635992113031e-06,8.375562110718186e-07,8.097990485119068e-07,8.413614901735443e-07,1.840643657069195e-06,1.3432769477792244e-06,1.7249142438895753e-06,8.339170734849379e-06,8.495962027190695e-06,1.426864529928209e-06,1.6290500621561477e-05,5.67861502773104e-05,5.874382476144508e-07,1.1095948554999159e-06,2.9372350282232326e-07,2.863413576693918e-07,2.7601562901878023e-06,7.176588111770382e-07,3.5763852742343883e-07,-4.001862078666116e-06,-2.0578264707559156e-06,4.7171849390817187e-07,3.4528576793294177e-07,3.189518824222775e-05,2.776089946030586e-05,2.7623566255111566e-05,2.739654879403144e-05,2.7238181257545352e-05,2.7146458248781962e-05,2.7127671122183956e-05,6.531820835680737e-07,2.6712922108233606e-05,3.0149188869190606e-07,3.732633135277086e-07,2.876029139853814e-07,2.8667086960377127e-07,-1.5690140690289144e-06,3.141094083105201e-07,1.5514869199462645e-07,1.1363668116583747e-07,1.9761124162242073e-07,5.536301820798255e-07,9.884858046278922e-09,-1
0.0001728927667003059,8.986608937942432e-06,9.227625414489284e-06,3.710036158848992e-05,8.301049621882233e-05,0.0003884985658756921,0.0010300104916676587,0.0010236466364739452,0.0011624799006458015,8.168372171623494e-05,8.474815170465138e-06,8.340309537304015e-06,0.0004158918743693259,-0.00013416869917457912,0.00016768870204341498,7.484942693487814e-06,8.074696825279933e-06,1.699522802275986e-05,6.820448505181694e-06,6.8832686748466885e-06,6.42058890137796e-06,6.092264030627256e-06,2.0121469129937638e-05,-8.31880217505609e-06,3.849201181163289e-06,-4.8229823567311606e-05,9.0127550716096e-06,2.75641477058562e-05,9.665058191519754e-05,9.462967427667295e-05,1.3921500668182274e-06,2.1988742187191556e-06,1.119015473329551e-06,1.0432031443212133e-06,9.71990157304288e-07,-5.842456543338382e-06,-5.538012152453085e-06,9.070328091235625e-07,9.853795126887544e-07,1.6098923698817892e-06,4.941526340424371e-06,1.5355988332873564e-06,8.382731782417685e-07,6.867844896426462e-06,6.551540605640301e-07,2.921933881355599e-06,1.737503495712232e-06,2.1541825911333745e-05,1.0317091225789364e-07,1.4164629895351107e-06,1.2834360776173667e-06,2.2768324763871023e-07,8.378130460060412e-07,1.904865922283446e-06,3.07189137868289e-07,9.031471250172974e-07,1.1205329635439291e-06,5.49735322282295e-07,4.207911895828811e-06,3.4022735870356396e-07,2.3995768913288466e-06,2.6681295241967593e-07,5.337604264535035e-06,1.5009210740013355e-06,3.34078526243778e-08,-2.3291207139344187e-06,4.6818957813390566e-07,-1.3671859116646073e-06,2.2808643321410436e-07,2.299126149897437e-07,2.4180667770114336e-07,5.071084703663607e-07,8.372648081196478e-08,4.4382747714178106e-07,5.410128037638358e-07,5.198610456033269e-07,1.0065115395766182e-06,3.8027424168459444e-08,-1
1.5203053917917652e-05,1.5279128705802754e-05,8.218721718927009e-06,7.434218533554921e-06,7.268668277389327e-06,1.1134661254693575e-05,3.0406065213304168e-05,1.1862695489389513e-05,0.0006093966902087061,0.0005363373175454432,0.0005359203085566448,0.0005337663182272053,0.0005330496141311978,0.0005332488993499825,0.000531436405147209,0.0005324450030499904,0.0005265483588615172,0.0005248978569372392,0.0005231547369252119,0.0005224018562034119,0.0005148212609970876,0.000514134990556055,5.8940636428828286e-05,2.9673980715681657e-05,1.2167142880333803e-05,8.126358453879782e-07,7.048603499461104e-06,9.6178969543476e-06,1.075743046112447e-06,8.890130506653061e-05,3.5299701495294255e-05,1.0210465214529367e-05,0.0002012673716343831,-6.1445276505281025e-06,2.0246390350238643e-05,5.631206059086037e-06,9.904261329615184e-07,8.450933883431067e-07,4.032821842342564e-06,-4.77851687350816e-06,1.1973272416787465e-05,4.056298968707757e-06,6.24160826696914e-07,2.5151836412422048e-06,4.715348155431501e-06,1.499006765330487e-07,5.174549693045879e-07,1.3508385604117798e-07,8.57889742803066e-08,4.433712173138449e-08,3.169087077539952e-08,2.3847682056376085e-08,-2.3936218846944163e-06,2.186923441778813e-06,2.5462357792833407e-06,6.51518287027898e-07,6.688641745488634e-07,9.151969813565425e-07,1.0023212164076873e-06,3.1636842084464014e-07,3.462847360640792e-07,3.9752187901377695e-07,1.642152972746605e-06,4.021513601516493e-07,6.327454100719234e-06,2.664524716041979e-07,2.6136839295031465e-07,2.498363648065979e-07,-5.025353347828652e-06,1.5236156895215867e-05,6.511067903453019e-07,1.178216418573441e-05,1.4647964472779499e-07,1.0489958704859283e-07,3.006446064253678e-06,7.978454041234721e-07,2.077264157522744e-06,-7.033137501569556e-07,-1
8.91193669007559e-06,0.00015111060466095215,8.155958861399955e-05,0.000148765294074462,0.00010464245929957201,8.485742939924757e-06,1.6471187368704216e-05,7.634445372789347e-05,3.3258966396529673e-05,8.422833711105121e-05,1.5100852753490869e-05,6.573845011289673e-05,6.665713103987024e-06,7.098363583821974e-06,7.192833444824229e-06,-9.483361117193194e-05,5.104403095249193e-06,2.918026115339067e-05,2.4373667557325134e-05,2.240148725637166e-05,3.3603910075864866e-06,0.00038143051701208406,0.002751943122933103,1.2055570184070892e-06,5.513272260117253e-07,3.510361553183921e-05,1.7683938846087797e-06,1.5416663080390732e-06,1.6581163628184675e-06,1.0602313191814195e-06,1.0096859876480778e-06,9.24682865265263e-07,9.831853778317099e-07,-5.6226389471636655e-06,5.697218486784579e-06,5.679677748322587e-06,7.631877179396156e-05,7.609116778995574e-05,7.61407602882828e-05,6.675957366040722e-05,6.654774972616254e-05,9.80572737017529e-07,6.560028194990764e-05,6.561643708623541e-05,6.546027068433562e-05,6.545638916731956e-05,6.517542755317998e-05,6.427830879258667e-05,6.431098672987843e-05,1.3416391061127362e-06,7.414447219350385e-07,1.899127098782292e-05,6.298360183158787e-07,2.7346615487112194e-06,6.028288465730413e-07,3.37212948317695e-07,7.126935789122781e-06,7.852267229384675e-07,5.332966458226142e-07,3.275432934744475e-07,2.7103060941545494e-07,2.682669889003401e-07,2.531992825652009e-07,2.5631930170299877e-07,2.7880358492435484e-07,3.947018598924659e-07,1.2268345537078151e-05,-8.724717880095257e-06,2.255546789585856e-07,-1.712173151956884e-06,1.8880916521136172e-07,2.9363151381615044e-05,5.002611708500737e-07,-1.0608149690765513e-06,-3.48696387627446e-05,1.2043323385142681e-08,1.2043323385142681e-08,1.2266865703713814e-06,-1
-0.0026608804282314898,9.167162979089799e-06,8.884453571288665e-06,8.860512958502316e-06,8.517555540307343e-06,8.302890854473426e-06,1.7139260827690297e-05,7.905643356903435e-06,4.777829151741717e-05,4.597031672932065e-05,7.076302090046787e-06,6.874701148036277e-06,4.053467235772938e-05,-4.010747862674107e-05,-0.0003078895325884331,6.194229827618136e-06,5.1618275673997464e-05,2.1247570722479674e-05,2.6913739919826027e-06,1.7397738606183475e-06,2.337138114223057e-06,1.0012153129952573e-06,2.0704726633904237e-06,9.781684354549545e-07,-2.3589424243416046e-05,3.2312444379577186e-07,1.2495861457404712e-06,6.998388130436576e-06,-2.4568799881606428e-05,3.3777356893421717e-06,1.085815732537345e-06,1.0194948576749944e-05,1.858884292446903e-05,6.146022856545097e-06,9.83033451265504e-07,9.68586603200446e-07,1.4889601070482915e-06,3.5668426054472484e-06,5.5551436634982045e-06,1.988953791730252e-05,8.544401794957133e-07,2.971619620915425e-06,1.3193207789587428e-06,2.850688425133668e-06,1.7671482565030007e-06,1.942799828523373e-06,1.850724439177476e-06,1.2885087106924317e-06,2.9834888888288288e-06,2.8001859070464573e-06,4.985269889091253e-07,1.9515672408672053e-06,1.1388697142493674e-06,4.293725871954506e-07,5.472437734398219e-07,1.7101104466431317e-06,1.690365832443757e-06,2.2673903019272715e-05,1.9843167264907606e-05,1.981550893089328e-05,1.978250171846177e-05,1.977381207664267e-05,1.9617139869835517e-05,1.9552564829194025e-05,1.9425671447288108e-05,1.9376101367600442e-05,1.9283386601654506e-05,1.902624634508163e-05,2.815854869242862e-06,2.0234656032247537e-07,1.9831523075252493e-07,2.3256358081436667e-07,1.684738585332057e-07,-4.917712691771269e-07,1.218392028399756e-07,2.5578517926196014e-06,2.5721592712904154e-08,1.1526127226430576e-06,-1
-0.00014950120751849538,9.532455652448169e-06,1.765362556168997e-05,3.167931770088613e-05,1.1630723534745005e-05,8.885955426147744e-06,8.932024207533102e-06,-5.256805310395967e-05,6.016027072496971e-05,8.669063211186237e-06,4.4342780365069876e-05,1.0879576704565003e-05,8.515007750039299e-06,-0.0004711440252511402,8.950809027803305e-06,7.382632092027137e-06,7.218913351716964e-06,6.030358422529225e-06,3.3722405730216466e-05,5.2542677566590765e-06,4.764184443789851e-06,5.974570303721094e-06,4.59455112697549e-06,4.5686558373391365e-06,5.2536947227606274e-06,3.7465934642943256e-06,8.25061279277936e-06,1.1543205804580515e-06,2.287539843264249e-06,-6.435533112392621e-06,1.0617541922041868e-06,1.0293187513273128e-06,5.889194003671369e-06,4.855401368205533e-06,2.753286903116639e-06,1.8123102278786353e-06,8.936425085347986e-07,1.6804021053103558e-06,8.293343331881719e-07,1.5326873473902933e-05,7.401518949984031e-07,7.303020733958056e-07,8.642237879687446e-06,-7.0600503348253015e-06,6.824356821801431e-07,-5.195181774789182e-06,2.8505644115101413e-06,-2.148467966573816e-06,1.395038097519675e-06,2.1711873738860565e-06,2.921422642778821e-07,2.8626123278648157e-07,9.990257395714541e-07,3.5353279579455496e-07,3.430671015320336e-07,5.198492731558082e-07,5.247004796055121e-07,4.870592282515934e-07,-1.79053287077072e-06,3.2378768645617953e-07,2.9910875767726883e-07,2.8764638807746925e-07,6.412037255777747e-07,3.690361881045777e-07,-6.466106711674181e-06,4.0150693059527277e-07,2.1497835543556293e-06,2.199912283850107e-06,0.00024200419176289195,1.3092772549568117e-05,8.190278766055681e-07,2.5202554025909005e-07,1.3600352096642894e-06,3.4681244469075187e-07,2.3802301527783998e-07,1.9469944743274256e-07,-2.2313660925254545e-07,1.7384378597006985e-07,1
9.898837917317892e-06,8.356426063677541e-06,0.00041093002408666755,8.022127605264147e-05,8.330214798168845e-05,7.552889843053234e-06,7.285229385260454e-06,2.4181094522304142e-05,3.9880956023739975e-05,6.492914697988999e-06,2.701099246626906e-05,2.348842981330104e-05,6.029233855440948e-06,9.718611082978579e-06,5.360565199566575e-06,0.00010692972706425817,0.00012408423796367543,8.524194220621085e-06,7.4240436293034734e-06,1.4892258466239609e-05,7.901287594268513e-06,-4.338110414972762e-05,1.5388928894970342e-06,1.010526879947582e-06,4.698740762415292e-06,1.55923833941795e-05,9.787346048660477e-06,9.074045711014887e-06,1.4987526910397205e-06,5.291359931443249e-06,4.617969211419631e-06,-2.1902135510059365e-05,1.1314560493072737e-06,1.5728789504026156e-05,4.43063566961612e-06,2.295804967252737e-06,1.0154681052105924e-05,2.583368986035035e-06,5.576981711279374e-06,5.23872964599696e-06,1.4999399278438806e-05,1.6784644601466264e-06,1.7412341722121905e-06,-6.427466125355684e-06,1.0705123181861151e-06,7.503860517573472e-06,1.3249507825831259e-06,9.832955758453818e-07,7.384968232785355e-07,7.462928066062461e-07,3.8653520282629516e-06,-2.2654238430207664e-06,3.5894103927685406e-07,-5.5862885199197215e-05,1.228709145949175e-06,3.4107329225881817e-07,8.472369789867588e-08,3.20834422353582e-07,6.431219496508081e-07,1.2235808098775826e-06,2.854089505299186e-07,1.6948607073711355e-06,5.695448868982303e-07,2.6466646790667105e-07,5.028951773689256e-07,2.3290236432106686e-07,1.3787193288375185e-06,-1.3440546030410465e-06,2.145616502440425e-07,2.0555876295879432e-07,2.5275395636301592e-08,1.09536028634699e-07,2.549968820192762e-07,6.8613327113894e-07,3.708204862945397e-08,4.1556907059903856e-07,1.530447554938096e-05,2.3605827045434163e-08,1
0.00011134108620687903,0.00019222507329477923,1.80610803243813e-05,1.0477972792123171e-05,7.488537229344721e-06,6.544127236970615e-06,3.907252136680162e-05,-0.0011246162772007965,6.140696409589018e-06,-0.00019303688138561046,6.46918537439159e-06,-5.883719602679789e-05,5.97851745286317e-06,8.2493457690926e-05,-3.46067571728051e-05,6.902829251612393e-05,3.398396610984982e-05,-3.35477771369094e-05,5.0699489604369115e-06,9.960122297007088e-06,3.979617501839933e-06,4.128486245173075e-05,1.803684921206089e-06,1.596052599573138e-06,7.219035079598902e-06,5.770859475181012e-07,7.325692247819496e-06,9.123711311584091e-07,-5.456699842860227e-06,4.630882452955091e-06,2.275446209772187e-06,8.182987104920502e-07,1.4975299141321066e-06,6.008717138906354e-06,8.077784435766763e-07,7.863483064143028e-07,7.766917603039632e-07,7.676410212184263e-07,7.570714019442802e-07,6.666388277340254e-07,5.874369719191706e-06,2.6540655227002226e-05,6.254605590410473e-06,1.0833242916564685e-06,4.878490431501095e-07,5.176711388203697e-06,3.1107723812954823e-07,6.000237162735533e-07,3.204791416149333e-07,3.060247754714115e-07,3.0027278601405574e-07,-9.97858138770353e-06,-2.232516967321672e-06,3.597225039512719e-07,3.591965828761607e-07,5.347478310743823e-07,5.3586135828317366e-06,4.295444871994703e-07,3.297913053653874e-07,4.631940045978641e-06,3.2814539632725495e-07,5.337631274980998e-07,3.251938239048835e-07,1.9193708417559276e-06,2.3379072562339507e-06,2.235902309656097e-06,-4.413782891180836e-06,-1.8936024503126002e-06,-1.8888589849715802e-06,-1.8060837108552061e-06,1.789521167532546e-06,3.016716431779265e-07,4.50489709988381e-07,3.592376592739218e-07,2.1757644817527626e-07,3.1057018670849255e-07,1.175441981791946e-06,2.8061015242681637e-08,1
9.410564620509126e-06,9.807435917558885e-06,9.393231194025714e-06,1.5649588105917276e-05,0.00012111032759069403,8.534841995826006e-05,8.360162515862687e-06,1.9583524449357496e-05,1.05603317649775e-05,1.632772692169401e-05,-9.746154096662987e-05,1.2441279939047224e-05,1.63421986598532e-05,7.412770110508381e-06,1.5104923287717854e-05,6.475198614913328e-06,6.631620510675887e-06,1.0721628305495867e-05,6.05134856614979e-06,2.4712072356107098e-05,4.825355083344519e-06,4.28786920096016e-06,2.2235745326085006e-05,1.4587776383993442e-06,2.9439636541462307e-06,3.6299091731171717e-07,7.529666655305722e-06,1.5556563195148163e-06,1.054889124406074e-06,6.056047408507408e-06,5.264479446202926e-06,9.502203579266013e-07,9.588726531755205e-07,3.0085304289383443e-06,1.804210723925436e-06,8.956445688564333e-07,8.50640294751893e-07,-9.851890943575415e-06,-9.816784416108358e-06,8.342042041630918e-07,1.748462018484334e-05,1.787330401239517e-06,1.8239050161871528e-06,5.035384558771307e-06,8.629255320973709e-07,5.667885638763593e-07,5.160607806466344e-06,-9.803659119725476e-06,2.335624243462752e-06,-2.8224646455833444e-06,3.661373753999786e-07,-1.5334042460028256e-07,1.6742020418514706e-06,5.948863925699907e-07,1.5219630521728429e-05,2.838986730914659e-07,2.818472931499827e-07,2.805136059261337e-07,2.978988087294358e-07,3.713368685638627e-07,2.6527330915348473e-07,2.209342146043935e-06,6.700093589028719e-07,2.685090067319223e-07,2.509477990621183e-07,8.6051043921961e-07,2.2511544152433706e-07,3.5615085180255513e-07,8.379758001310351e-07,4.586038017853902e-07,3.584635967732975e-06,3.1146570677240893e-07,3.713082180426159e-06,1.5436751029632205e-07,1.4011779122846971e-07,6.533463444889867e-08,-2.9082254972139714e-07,6.888559675045758e-08,-1
8.970035251171216e-06,8.915167564854789e-06,1.1532672044796981e-05,1.1080633635661587e-05,-0.0005200001102753127,8.016209645550917e-06,1.6631113726759296e-05,-0.0004640778459369658,7.394493143876837e-06,-0.044773937172749745,7.251976545590962e-06,-0.0447309419480239,1.3147849263196398e-05,4.4881508386582926e-05,6.097312305356429e-06,6.071100157850486e-06,-4.3282292267547895e-05,3.527195466521734e-05,1.5434038270738207e-05,3.848949147645115e-06,1.5247696017425637e-06,1.5495102294294507e-06,1.436116910229645e-06,-6.058500186072922e-06,1.0097500310121536e-06,0.00017065395666025846,7.5912251185038644e-06,3.948525201563818e-06,1.9032038107870316e-06,4.847377146681722e-06,8.195703858285541e-06,9.824598761760954e-07,1.2282930580493481e-06,8.750786143915672e-07,-5.033373594907262e-06,8.260307378971794e-07,-0.00016175842721953846,8.190499591355568e-07,2.5817172468883574e-06,7.128552517205003e-07,2.313069240436556e-06,6.420787592607793e-07,7.575413663516005e-07,3.729693590575391e-06,5.3598365012002e-07,2.6482930668170583e-06,2.5712341833946657e-06,1.8643449284832755e-06,5.218328167000526e-07,5.701527611241549e-08,8.358407316128189e-07,8.24067375263528e-05,4.123743933588111e-06,-4.1706000037124e-06,6.764339879948253e-07,6.5607797320184e-07,5.200051659615951e-06,-1.9176135488165183e-06,8.875705634501529e-07,2.81066612272096e-07,4.49732800406488e-07,2.715633024430246e-07,1.349117537199169e-06,3.110671572720019e-07,5.017859466603915e-07,6.05970725211326e-07,-2.856812188410527e-06,-1.4781098790915268e-06,2.344293627029017e-07,4.685065604053585e-07,-1.2966145630696208e-06,1.6989542903633564e-07,2.0323865972856254e-07,1.4744069617274795e-05,5.742569765712155e-07,1.0559471452949427e-06,4.409343882233494e-08,6.823854106036932e-09,1
1.1409117908020999e-05,1.0316482127819045e-05,-5.863446159295923e-05,0.00012538965126638522,1.0052175517808996e-05,1.7561569752605284e-05,1.698933580309603e-05,1.6065611750507394e-05,4.4718227501946136e-05,6.8298955994255835e-06,7.13013300943507e-06,1.870034218109247e-05,6.65991350243624e-06,1.2731119411689315e-05,5.575186082201962e-06,1.2558162647377983e-05,2.5755326683026557e-05,7.872525673150005e-06,1.4359286833321573e-05,4.528994180596569e-06,3.6487184181285648e-06,3.95536220679894e-06,0.00011510443696227664,4.916024526984993e-05,4.380565462343174e-05,3.890991340169869e-07,1.0810097200972599e-05,1.2457489674944803e-06,1.2475752374066669e-06,2.515891495276354e-06,1.1279033266441095e-06,1.025074129248135e-06,9.902765800822666e-07,1.0020262056938646e-06,-0.00025707940863152766,-6.582344453188818e-05,8.814678363330662e-07,1.8280536638076905e-06,1.7860577630507572e-05,8.164048279327029e-07,8.079968037427205e-07,1.0954466805871913e-05,7.57106819763396e-07,7.588875197313108e-07,7.736851101617127e-07,7.27217213397058e-07,2.7006003430281186e-06,-5.617341541069812e-06,5.841563419507415e-07,4.999123852129203e-07,1.0644137532459051e-07,6.607170073877869e-08,2.150975868119582e-06,-7.529448523005299e-06,3.5089756009123565e-07,3.485394303892269e-07,4.485567688544223e-06,1.7828443760551887e-05,3.0186155193832176e-07,2.4186327646154913e-06,-1.8875565819800896e-06,6.276139683631018e-07,3.55651538506292e-07,4.549233548330919e-08,2.472545235956869e-07,2.3738229949499653e-07,2.337931546175634e-07,4.8937765786669825e-06,2.130790862169516e-07,1.7538527736841402e-07,5.323217398105643e-07,1.213092692680807e-05,9.307139703940647e-07,1.5324202950352916e-06,1.7075334958482845e-06,5.562922457328908e-07,2.3650502992387323e-08,9.689136170148343e-08,-1
-0.001031608704397949,6.807653949260263e-05,1.0985841563091584e-05,-0.0001168276844578506,1.2372822443832577e-05,1.9172636188031697e-05,-5.256683888452625e-05,6.437378081817637e-05,1.604201065445558e-05,0.0001321772202987948,4.376751630816336e-05,3.715699558708778e-05,1.679431020087949e-05,1.3333834328741663e-05,1.5780072763010076e-05,0.0002064535082392248,0.00015239725803946366,6.692563797275292e-06,2.1443074631638476e-05,5.828057605886108e-06,8.565820759464745e-06,0.00036551163710797364,3.5505675687754185e-06,2.3234837827585994e-06,7.235869994966773e-06,5.490831159301816e-07,8.679920154732052e-05,1.13419781390598e-06,1.6168005985581e-05,2.587008693829015e-06,-5.916780079508088e-06,1.0008714755971197e-06,2.228648052061715e-06,-1.7974577151546286e-05,6.265391522696789e-05,8.965517106316197e-07,1.0952628984990705e-06,1.8744509235418355e-06,4.938099787592325e-06,8.063172906419213e-07,-1.4576372237123074e-05,7.25220751264794e-07,7.388749006845563e-07,4.481331115330362e-06,5.629716627552575e-07,4.6642895130433617e-07,3.5670042312804926e-07,2.0986821096528225e-07,1.6819665380043424e-06,1.567919752494463e-06,2.2485160558513613e-07,6.345195434426152e-08,3.3459266594215307e-07,2.3254391798790034e-05,9.299372551031022e-07,3.1515658802153077e-07,7.506707232097284e-07,3.184361536883688e-07,2.9821915574789143e-07,1.933386886621308e-06,-3.5415051517987737e-06,6.049055163331472e-07,2.716137698119641e-07,5.409613237467613e-07,4.057209928100709e-07,1.6240809694335063e-06,2.209895320895313e-07,2.96135460671549e-07,4.753476690954598e-07,6.604303143290207e-07,2.0254298077042128e-07,1.7404588044827494e-07,9.862557681032322e-07,-1.009043248290052e-06,1.0725231051282538e-07,2.440199151443432e-07,4.088884207922455e-08,6.320516913342904e-06,1
2.469515270844198e-05,2.8808987558830132e-05,9.415142477343234e-05,0.00019336567947265563,5.87912293273748e-05,5.8601748637417205e-05,5.419942923641868e-05,2.118712625767746e-05,9.635063894425082e-06,3.2012311999298024e-05,0.00028520139113097685,7.185824099650537e-06,5.8985057583393205e-05,6.700906132976061e-05,0.000790745570799084,7.998723648081455e-05,7.544634643449133e-06,9.104193297994921e-05,8.234211825787081e-05,5.000986427005511e-06,1.072806813969516e-05,2.577145662091116e-05,2.2477020049577096e-05,1.0452879725190377e-05,-4.0989803939572605e-05,4.68548372830797e-06,1.358340142160777e-06,2.9224809547620575e-06,2.7215152807094422e-06,-1.1922519271107486e-05,1.2485707726324681e-06,2.4663962471365737e-06,2.947379877041009e-05,9.866648286954128e-06,-6.055561633530786e-06,3.062792715598973e-06,1.3018599602103599e-05,2.4662489092348136e-05,6.366091799780379e-05,3.0844367151188853e-06,1.9919029818466336e-06,2.0568962159640803e-06,9.288091137899331e-07,8.818548288228995e-07,1.7339524345698116e-06,5.869969568524667e-07,1.2936568125120793e-06,1.20676548024792e-06,1.67664115816802e-05,1.564040210842081e-07,1.4793651284729488e-07,2.3536447233581797e-06,4.5887838724786526e-07,1.6544837210790698e-06,7.285104238961393e-07,9.425909084723692e-06,3.3244988170929304e-07,8.84890705872402e-06,3.313338409624423e-07,3.315975934381995e-07,2.936027871837618e-07,2.8963804661452304e-07,2.2658472503064566e-06,2.790155080423803e-07,1.4592714724658205e-06,-2.6269789219342092e-06,2.1687289248977784e-07,2.2130976322101022e-07,4.704315956248453e-07,1.5978805321991085e-06,1.5096825630635549e-06,6.1060873153445015e-06,6.064735787996047e-07,9.030715025308588e-08,4.530572837008904e-07,5.448887812520565e-08,2.4507657751498497e-08,1.9976032448704947e-08,1
9.894665019197249e-06,9.413993161635761e-06,3.983799121132098e-05,8.84235613841364e-06,8.795353136269588e-06,8.619399849605511e-06,-4.658987636012951e-05,2.563774495446449e-05,4.423485189660646e-05,9.006070605502022e-05,-6.86232632840655e-05,-4.425812481675275e-05,6.440659189320767e-06,5.742456773970002e-05,4.100852161214393e-05,3.695237891698725e-05,6.10777628100083e-06,0.000334375594327292,1.3250089049597178e-05,5.969993859772417e-06,1.2633497881805532e-05,3.478880484397103e-05,1.3510056125037675e-05,5.633552268660357e-06,5.575409052745735e-06,1.1134532568077241e-06,5.498042587640161e-06,2.1486052613031903e-06,1.69349205856259e-05,1.4653247714371695e-06,4.83306009946764e-05,6.695914215408024e-06,1.06165887561261e-06,8.194634744517294e-06,8.86802081196479e-06,-2.263418743909827e-05,7.856365065127543e-07,8.671542605486435e-06,8.490194204166817e-07,1.0232650040890583e-05,1.794109568967101e-06,2.0771227860281497e-06,1.418802889989031e-06,9.028496066554422e-05,4.642123054101181e-05,6.0772073677181266e-06,3.657008595183594e-07,-2.1481591960984534e-06,1.1053663166984155e-06,4.479562561989983e-06,3.558597592311714e-07,1.5039252393077976e-07,3.284626262801939e-07,3.276095877463323e-06,4.6243361949350674e-08,2.9753876197770033e-07,7.91145413175485e-07,4.447404841558884e-07,4.2289826900439597e-07,1.1198496330642815e-06,2.921266549543593e-07,1.1029135784871962e-06,2.701033358321993e-07,4.693154422345986e-06,4.93845715879321e-07,2.4849401239635426e-07,5.780623207796741e-07,-2.2133637073505294e-06,6.273241829752305e-06,5.391149273741491e-07,3.266128995640368e-08,-1.6563551979242888e-06,1.3454085290962382e-06,4.431158593075577e-07,3.7861830448903635e-07,-2.510477576999623e-05,5.062730314644663e-06,2.7685358157225383e-07,1
3.2354460168224796e-05,1.534583899397573e-05,9.868720203509436e-05,8.401548394292054e-06,6.117290185200089e-05,0.00018199883889245567,-0.00015411404492581858,4.3613885469777034e-05,9.738507342466347e-05,7.78248873544596e-05,8.037847353879072e-06,4.5189168822741415e-05,0.017590636944046466,7.422101469360293e-06,6.567992990214069e-05,-3.83128530114278e-05,1.3281553184385203e-05,1.0198886159943781e-05,5.9983286908077996e-06,3.6324870739891993e-05,7.006294656573878e-06,3.4396376901950367e-06,1.5562861958178987e-05,2.860016518027277e-06,1.0343672194224335e-06,7.08171742891116e-07,1.1394161271612403e-06,1.046339740740666e-06,6.067525907617234e-06,-5.840217040738286e-06,9.656211326131414e-07,8.841178252536389e-07,-9.51177070375845e-06,2.69893410200696e-06,7.982284674157223e-07,8.482788068870525e-07,5.5238406392588766e-05,1.661099957614233e-06,4.635940410273462e-06,7.637408520655776e-07,4.352277256631431e-06,1.0936303617368021e-05,3.942599893335025e-05,3.9141177502813524e-05,1.5791872352256915e-06,7.091026846287221e-07,-3.972874924440902e-06,3.995484236821047e-06,-3.5714752796821442e-06,4.355359091460724e-06,5.385835008914711e-07,5.310479880814153e-07,9.146352854978513e-07,4.327364964877059e-06,-2.3781396081630994e-06,1.2704529587517337e-06,1.0227205889963745e-06,1.371706130566189e-06,8.935368943061334e-07,6.823252781907853e-07,1.5491645390123452e-06,9.997816400285199e-06,1.0277500957429265e-05,3.03085518638278e-07,1.8114524330937486e-06,3.6257999402114743e-07,1.284279725762132e-06,-2.3320626085739326e-06,2.234173012842812e-05,1.378915910939479e-06,4.616376604316354e-07,2.778993990119773e-06,2.4031652152947527e-07,2.8401178905064346e-07,6.468342408686217e-07,2.506767970491467e-07,4.3477682729749344e-07,3.990034533068805e-07,1
-0.0009993141626082774,2.3421641197337513e-05,5.5200265975842086e-05,3.2250721124077754e-05,1.0198526689372564e-05,1.4203508345986298e-05,8.034453959682118e-06,4.682575332519444e-05,1.250725722804495e-05,-4.180766501539033e-05,7.0060644361805255e-06,6.489944696591231e-06,6.27067310340276e-06,6.72604208620106e-06,1.412940817886898e-05,5.845932002661445e-06,5.363561758764132e-06,0.0005915293980235379,3.5468919195498674e-05,3.4586457019221855e-05,2.7456957814848115e-05,2.6486005578405857e-05,8.343028473462459e-06,2.899629667994065e-07,2.941770245517338e-07,1.0013082933066301e-07,2.597587081630525e-06,1.0882409945394446e-06,1.204902821681372e-06,9.861135371548836e-07,1.450110673327977e-06,3.760928152773553e-06,5.66462740948243e-06,1.904876677692469e-05,6.845259996852802e-06,5.211823721356107e-06,8.541627006752356e-07,1.0021187379708866e-05,-5.024459697667325e-06,2.843173189523607e-05,8.346364234356217e-07,5.0094926700077215e-06,3.8003279752947613e-06,6.304609613313468e-07,2.7870827804855843e-06,9.109178275423953e-06,6.494050799697299e-07,3.9333161881545295e-07,2.1756486625147968e-07,1.8276563152203167e-07,-9.062879821953627e-07,1.7157945058194386e-08,1.2362392438741442e-06,2.01304754723746e-06,3.2809477023635063e-07,1.4318023921717971e-06,1.8085393931452464e-06,3.118768084191875e-07,2.9214897271745057e-07,2.6102941748469364e-07,2.5653311551968913e-07,2.5241500556984413e-07,2.499742552767415e-07,2.395936527422964e-07,2.472046256468203e-07,2.956401731169342e-08,1.1495826248668447e-06,2.3197435863007394e-07,2.3511178738399653e-07,5.018160175150195e-07,2.7833993898458807e-06,1.1676936173028314e-05,2.4488428243608946e-06,1.1738913517618405e-06,5.609183678060453e-07,6.053641200499589e-08,9.533094170111275e-08,3.1606464076363195e-07,1
2.2798810486103924e-05,9.455075308259268e-06,-9.178359137098452e-05,-0.00014203692053290523,0.00018874515649705477,8.400289300859486e-05,1.1746592688385979e-05,-3.979431012650637e-05,4.2231993596257214e-05,6.08007030356399e-05,6.045981642078782e-06,3.5881090275282005e-05,-0.0003395959145324964,5.675573055404447e-06,6.852415585404629e-06,5.389564236532875e-06,6.8606564401489226e-06,3.129076416722549e-05,-3.0388302416089015e-05,0.00018683096296770351,9.266577662719824e-06,4.5146329604453895e-06,5.924765830016434e-06,3.512760763953763e-06,2.6957149064623724e-06,2.8081719745338084e-07,6.647581758649725e-06,6.285413836137425e-06,1.2732318414483489e-06,1.108558389625699e-06,3.511267046087682e-06,9.71846360904998e-07,3.052407120723502e-06,1.7238466106695463e-06,5.2365849025603865e-06,5.247331833629404e-05,8.177417752820972e-07,1.891162323733701e-06,4.8120515720534335e-06,1.6451994691167766e-06,7.761584104957499e-07,5.715846848975044e-06,4.083543998117915e-06,-4.909204250585562e-06,2.257615523431655e-06,7.586731401370118e-07,5.228792278699618e-06,6.834832151100288e-07,1.5017346167653387e-06,8.44991527052926e-07,-7.736041821821155e-06,-9.616687569417454e-07,4.707891046986154e-06,3.528853057762212e-06,3.1551176841898993e-07,5.13274368832585e-07,3.678837053639883e-07,1.797367585175492e-05,3.1397670901286154e-07,1.6736729193607933e-06,3.3929874282665415e-05,1.6512544231777928e-06,6.182085496201003e-07,2.848279660605382e-06,5.381664943079798e-07,2.5476261944063444e-07,2.8486657817832876e-06,2.594923946879213e-07,2.751310509948017e-06,6.637978731006272e-07,5.7391211679311984e-06,2.3350405975235067e-08,2.4343014206517705e-06,4.955964999111746e-07,-5.334071950091546e-07,2.5222615608744054e-07,8.925213618620985e-07,3.820730806534162e-08,1
1.0165699343759227e-05,5.8316342971821233e-05,0.00015821368581640132,0.0003399726351298942,7.667786170505482e-06,4.145615733524587e-05,-5.1082488345446245e-05,-0.00010777327042040089,7.118518232220742e-05,3.966892417904427e-05,7.126184539096827e-05,-0.0001856564438611873,1.5895945057110117e-05,0.0006373458966913422,6.511591562785992e-06,1.0834961037368512e-05,5.581648926448736e-06,6.669247951719598e-06,3.0654709105237814e-05,5.081060366425743e-06,1.886799734403077e-05,3.7278396633036724e-06,2.276454066067027e-06,-2.2536930880869088e-05,7.336774846212931e-06,4.072374491132359e-06,9.37353959379823e-05,2.3666402314890568e-06,1.052257189758994e-06,7.180311092528692e-06,4.754985062414632e-06,1.5537798763848608e-06,1.1153366614079838e-06,3.7165630964314774e-06,8.07550324292863e-07,1.3171427661447408e-06,7.988561725121049e-07,7.474428348853541e-06,-5.044747493684374e-06,8.244317734157716e-06,-8.9198303423082e-06,-1.2035024648456522e-05,1.2271594203992325e-06,6.140404762342887e-06,6.9865206814183385e-06,7.398125447888295e-07,3.1061713900957103e-06,6.845224770356979e-07,1.7774754365315752e-06,-1.7443674496156152e-06,1.10455511262797e-07,3.5102149681672605e-08,2.1266834960285634e-06,-1.0145579532574004e-05,3.4126233431953865e-07,3.3497829996879814e-07,5.09839742127826e-07,2.9002542096691613e-07,2.8453334581143414e-07,2.5473599223936705e-06,1.5158357337325953e-06,2.523703384688812e-07,2.439375204318847e-07,4.015079828131607e-07,2.395960277374941e-07,1.8913874941921206e-06,-1.3672479993836203e-06,2.376040531312079e-07,6.679184292653397e-07,6.392696341859448e-07,-1.2029530409502232e-06,3.270383310743806e-07,6.442759808145201e-06,-3.2538135635266626e-07,2.717794413198794e-07,3.5529469327871526e-08,-1.23933840335353e-07,1.4031184054945492e-07,-1
6.517157760576372e-05,9.109189152337104e-05,4.647074725802025e-05,-5.808842412902199e-05,0.00013335631239915638,5.6574642021852854e-05,7.29040194277233e-05,-5.0551916861671516e-05,8.385047368066809e-06,2.3099071971378994e-05,5.221257105478655e-05,7.91662849646096e-06,0.0004256518043966976,7.873190916245482e-06,1.0287681626550879e-05,7.539576855361965e-06,7.1208912041064514e-06,1.4751793514788106e-05,-4.0155312725946787e-05,-3.578205472046941e-05,9.401104336267267e-05,5.4293280819472416e-06,4.876126500861978e-06,2.7772817705272567e-05,2.437173946223363e-05,4.380475504117581e-05,1.2265330978276803e-06,1.1659006480100284e-06,6.485388137176241e-06,1.113389856528893e-06,1.0635222617339138e-06,-6.286985897430475e-06,9.584732713131853e-07,1.5408110161812137e-06,1.516349668297912e-06,7.974482088802448e-07,3.980101926582556e-06,1.685801728479761e-06,4.600513329240514e-06,1.3896250967396486e-06,8.13948945348249e-07,-4.653450552612959e-06,5.8776144934271894e-06,1.0325176366921836e-06,7.73828762775252e-07,5.650074328799425e-07,1.2017418780084629e-05,2.6688493354932566e-06,4.302107280153166e-06,2.962982503258292e-07,8.108025961343873e-08,2.623416183079017e-07,3.7914370993136487e-07,4.874121635371572e-07,8.419047175996874e-06,-3.020849816886485e-06,0.00010158307356702616,-2.108596878209473e-06,3.2928507598015554e-07,3.047758080914718e-07,3.281431953516706e-07,6.72428248681264e-07,1.5729262467553233e-06,3.711527393560074e-07,1.1209848964622911e-05,4.5312183536596404e-07,-1.3559767687637449e-06,9.055850549374796e-07,3.768744944006908e-07,1.8804222501739203e-07,2.9641261663866687e-07,1.6021542379730984e-07,9.884230003469979e-08,2.366308277817255e-06,4.7210040696670984e-08,1.6466215011008126e-06,-1.9907189855427935e-07,3.116368843417307e-08,-1
1.8634066494456044e-05,9.332887059473849e-06,1.3217007800627666e-05,4.899278219675197e-05,8.249288551063909e-06,7.987686769760732e-06,7.398184538276941e-05,0.0001310951933004092,-4.426806824143064e-05,6.91176802960115e-06,0.00012786704690253558,6.64543157868439e-06,0.00011474083892295273,6.238688673430815e-05,8.583242857580204e-06,8.531388060158521e-06,5.7477889362288335e-06,-9.200883542683386e-05,5.848360898886521e-06,5.655482989085554e-06,1.2385865288099148e-05,5.779439440373312e-06,0.00013312283313491837,2.145231038437496e-06,7.560396301356592e-07,3.025121210887281e-07,0.00034041806347596525,0.00033346589799617364,6.8182128313047665e-06,5.808843407252532e-06,1.1886768436623382e-06,1.1898353828329782e-06,9.818404858731993e-05,1.103110197688934e-06,1.686069393926671e-06,4.9901554295862914e-05,2.55742878672784e-06,1.1410947269708636e-06,8.742010281697564e-07,8.227840861907662e-07,-2.6266790211865793e-05,5.771764311760213e-06,2.151180260602055e-06,2.3588300973984916e-05,2.1910960700265947e-06,-8.044663810128974e-06,6.798496336036773e-07,6.946579086913779e-07,6.299265387259687e-07,3.0570595433920217e-07,8.954053745595097e-07,3.439837241664562e-07,5.5096161860198946e-05,2.159864554511898e-06,-3.5152941401184846e-06,4.352021101957408e-06,-5.0964873383859445e-06,-2.3285132953446204e-07,3.1757277244602923e-07,1.6700016313552528e-06,4.597484343705937e-07,2.9976933771436236e-07,2.4405340022109933e-07,2.3864278195212083e-07,1.3756741797415098e-06,-6.464896678782207e-06,-7.004898976791315e-06,2.0753799572271855e-07,4.0231768500467704e-07,1.930898177566054e-06,8.883575779084583e-06,2.025047364143147e-07,3.830832325701087e-06,1.4097290762776132e-07,4.572662438207584e-07,4.549847027924435e-08,3.097649293206002e-07,8.700131266844506e-08,-1
1.2716706296617627e-05,5.562059085880198e-05,2.5010210629950353e-05,1.634615884079515e-05,2.0653998666653084e-05,-0.00011429567174478877,7.4252431170607315e-06,-5.407717403853886e-05,7.36103679645137e-06,4.111271361958354e-05,9.584581618175085e-06,0.0002271619617373899,6.301957995082435e-06,1.5995203486949142e-05,5.471199508496467e-06,0.0004080672746251965,3.9084787965371244e-06,3.3085381901043316e-06,5.130977806032681e-06,1.620410583113967e-06,0.00013946413248553185,1.221077008088219e-06,3.027440640795347e-05,1.5044074544579204e-05,2.7072750790136397e-07,7.070696335011452e-07,5.164450865899562e-06,7.137582607692287e-06,1.5098409578549963e-06,5.6438874530001195e-05,9.247730672846176e-06,1.06960512325182e-06,-0.00020461530589524198,-0.0002059440606938172,8.634605594760348e-07,1.5807179256012245e-05,1.592653300707222e-05,4.056952042185962e-05,8.320750103817459e-07,1.1638798662984792e-06,7.5715905374089945e-06,1.365001663071442e-06,-1.173450529801957e-05,6.583005648318038e-07,2.0542599468415303e-06,9.078851687990113e-07,7.805329302505294e-07,-2.432909047992235e-06,2.3828254617258774e-07,3.0704628763205584e-07,5.93908567636955e-07,2.4135066136296314e-07,1.0587158093776814e-06,3.7872700968100444e-07,9.983451403219121e-05,6.982982212432111e-07,3.506857233510873e-07,2.7324382869268447e-06,1.2307022502833116e-06,1.7389447700299115e-06,3.442348689832468e-07,2.8273620242440384e-07,1.6956130259567886e-06,2.8308384332206377e-07,2.7534955381830827e-07,7.714979977269941e-07,-3.958757014114827e-06,2.424551785378043e-07,-1.3876839885420609e-06,4.397538635099704e-07,2.15645024009176e-07,2.162304402725189e-07,-2.9795051148625826e-07,1.2277689842672629e-06,2.1648026777472587e-06,5.114497537017227e-08,1.1619619765170378e-07,6.957345529805575e-08,-1
1.0590440133922294e-05,9.555333716801898e-06,4.505226791523515e-05,0.00016013500245896136,1.611646056509514e-05,8.203103160242104e-06,9.403167989754031e-06,4.518087095460254e-05,1.9515325092810658e-05,7.133813064414536e-06,2.0769951508922828e-05,7.029749386104118e-06,9.540269278289869e-06,5.012142416149393e-05,1.0410710537630237e-05,1.2612336549612317e-05,5.949134645135274e-06,2.6011721188995925e-05,1.601383656390984e-05,5.66309065663768e-06,5.5448460094289165e-06,3.1845302762950913e-06,4.524035870424792e-06,1.1290701188300378e-06,3.599189339903838e-06,3.5148399295475277e-06,2.3341227725806807e-06,-8.469644018988257e-06,6.370956724480713e-06,5.510513040698394e-06,2.0340152270365586e-06,3.99082193616398e-06,-1.4286958968098596e-05,1.4496944886563004e-06,5.031501955837283e-06,2.6732029251953067e-06,7.747486320899822e-07,1.111099261832808e-06,6.590665975857169e-07,7.037684683810142e-05,2.05184714917892e-06,-1.8188841503151536e-05,9.352265258411278e-07,9.352265258411278e-07,4.943342727776258e-07,1.1842019674881598e-06,4.412082968526602e-07,1.097862814798271e-06,2.688284287646857e-05,-2.139877049454466e-06,3.158548114977417e-06,1.0244952262645868e-06,-4.170289570076669e-06,6.640119261731983e-07,6.058149093112916e-07,1.9762274963393125e-06,2.0139191250454907e-05,5.621892806656374e-07,2.831575333685415e-07,2.09032868629634e-06,2.688441824652104e-07,-1.615495008221051e-06,1.3249317042093386e-05,-5.9406381325842525e-05,5.235034488310465e-06,4.113547082376623e-06,-0.00011677707475519353,4.558934780171045e-07,-5.78329550579715e-05,-2.443747029393288e-06,1.199235315622642e-05,2.381294628081929e-07,2.6494639266279914e-07,1.190404511225771e-06,8.115328147763018e-07,4.729324456098882e-08,1.0659110201869595e-07,1.88317112749157e-08,1
5.9842065636807635e-05,9.82162800252404e-06,3.718765018458225e-05,4.8162575885364593e-05,5.4359730362926224e-05,1.5544885146609826e-05,5.076449557222505e-05,3.317153257949875e-05,-5.78608987873718e-05,7.262611688442632e-05,1.09836087037684e-05,0.0001341367978470651,4.296869282955247e-05,0.0002825397620576688,9.129477773608728e-06,1.2950881841695823e-05,7.212683297869268e-06,3.168038084057307e-05,-6.816013587045945e-05,3.132666315275897e-05,1.6902158075569976e-05,5.036929394870038e-06,0.00010690427878033648,7.912776112148347e-05,8.777645176849975e-06,1.0038258335129943e-05,1.8318612511755638e-06,1.2342688552076488e-06,2.0145575706368923e-06,1.0767991656397179e-06,9.022278079397656e-06,9.670032458091878e-07,1.025387895030263e-06,9.96972396264624e-07,9.651798830039612e-07,1.5266516161587392e-05,9.54729138818912e-07,9.49948323823705e-06,1.3006614687246503e-06,1.3006614687246503e-06,2.5962439386153535e-06,1.5609646937981744e-05,1.4761692737735585e-06,8.322385085730915e-07,-0.0002854998221594679,7.833036124668173e-07,-5.243181692692485e-06,1.403869782071294e-06,1.2025044985335714e-06,1.7208847134391737e-06,4.562185616585712e-07,6.401588658702608e-08,-3.808350399895021e-06,3.656373566743167e-07,9.973371281884632e-06,6.783353064547107e-07,6.054132903998203e-07,1.7590447057363025e-06,3.1812084333216173e-07,1.8364358733186903e-06,1.2294071140255321e-06,2.9218389807212816e-07,3.2067618767038075e-07,-3.8905852589820375e-06,-1.397167060599e-06,3.090643659617411e-07,-1.103915786524427e-06,3.5221313682706456e-07,1.5947857731222754e-07,-2.765959363088561e-06,8.342744286963806e-06,-4.921433030814758e-07,1.0321895971272817e-07,1.193691767276866e-07,5.851531708843715e-08,3.7191994036355525e-06,4.959518680376779e-07,-3.3455584304221874e-08,1
9.302752407685836e-05,1.0431144764110693e-05,1.6246174611153915e-05,0.00019891680913244122,9.450933496973514e-06,2.9649720664815923e-05,3.058846878681101e-05,9.60768943511482e-06,4.997402827303864e-05,1.0028076032889077e-05,8.199899544577163e-06,8.121001942157417e-06,8.78592168328055e-06,0.00010096959256032966,-4.6598680092352304e-05,7.70070440223685e-05,2.116129521287315e-05,7.412646106666816e-05,5.167521504093287e-05,1.024213385427052e-05,6.243234863077105e-06,1.4020419257703473e-05,7.481490180183409e-05,3.448063272535062e-06,6.775462739624849e-07,6.819189353946013e-06,1.2656381638518878e-06,1.9662369118628272e-06,1.5509306694639382e-06,1.2641128545514406e-06,2.6701380805226517e-06,1.9731341832902153e-06,1.9431106433262282e-06,1.0653334109891014e-05,5.371086603694059e-06,3.40576188533149e-05,1.0481542847401408e-05,8.354951857297218e-07,4.041703506958157e-06,2.681756866168466e-05,1.7526552889748732e-05,6.296161743587548e-07,4.027379622765041e-06,5.446564420126957e-06,4.181810142488087e-07,6.360163175328116e-07,7.25486809347699e-07,0.00010388937026674169,1.8100535884140214e-07,1.3463245335377707e-06,6.273205103451865e-06,1.323907539956891e-06,1.5612516548899834e-06,4.5714152766538833e-07,2.9832861380650485e-07,-1.707371679596432e-06,1.087712455012485e-05,4.084803092662323e-06,2.750023445886103e-07,-5.213949943283789e-06,3.9386067891148456e-07,4.028677631687129e-07,2.144856214951855e-06,2.6281430747908624e-06,9.527186894538491e-06,2.2033832019019534e-07,9.633970810739232e-07,3.1251723052015796e-07,2.9813769115205177e-07,1.188772605798623e-06,2.6941141503958585e-07,2.857145274241287e-07,7.862081383027219e-07,-4.644693349493812e-07,7.932043503636446e-08,6.33240541868614e-08,4.181741180851992e-08,1.3190572590649155e-08,1
1.0105636269835244e-05,9.843652787745146e-06,1.0861185581268753e-05,6.093633796948882e-05,1.065232309912711e-05,1.1170043021943846e-05,9.280893041708004e-06,5.463018372642839e-05,1.9576841988661607e-05,5.057831355496099e-05,8.598423728498181e-06,0.00010482207520577338,1.7313894667718207e-05,6.453025317871376e-06,7.1433710656565366e-06,6.2841973940602355e-06,6.291192785084459e-06,3.987310109341596e-05,2.7518531543397042e-05,8.080718690443687e-06,8.233678458252433e-05,1.7563096298387424e-05,3.4923098705417542e-06,1.5579840593756634e-06,5.737302635833483e-06,8.584344405835746e-07,1.5269729764728345e-06,-0.00010108790576432946,6.359720555776283e-06,6.2897885899951455e-06,1.0366975887564911e-05,1.0249874430721454e-06,5.6345593399592235e-06,1.1800724141083756e-06,4.356846159496362e-06,2.0759805267188135e-05,1.024940095391626e-06,5.461363764587828e-06,1.2116723895169022e-06,-5.5257619873881714e-06,-5.16100808386397e-06,8.211579919920621e-07,4.903465048601947e-06,7.620950584834962e-05,7.575584620846647e-07,3.945007893181324e-06,2.1622612486337887e-06,3.3198395306018296e-06,5.348835704386978e-07,1.6256934688131352e-05,2.378909343169859e-06,5.299387613071622e-08,2.216372801363246e-06,6.846762654486694e-07,1.7837991068653557e-06,7.212895060910241e-06,3.579880339175736e-07,5.458888616239799e-06,3.7455195690413057e-07,3.208401873429199e-07,7.307904382556353e-08,3.6671793112694965e-07,1.9892913347015035e-07,2.6843331273611014e-07,1.0895451635953386e-05,9.517763619460986e-06,1.5971963468356046e-06,1.4969272247993177e-07,1.7713985768113813e-06,6.260058546507399e-07,1.1080550134301746e-06,3.241063037067513e-07,3.2313923269975773e-07,2.7354157235767373e-07,3.0428359148985914e-07,3.223368827857999e-07,2.9812988958594923e-07,3.6639012962193593e-07,1
9.844490608115686e-06,9.83183017228786e-06,9.642747807706695e-06,1.2135559122940797e-05,9.382101177379952e-06,-0.0001185121980676358,1.5950598495284522e-05,8.107568969828465e-06,9.401609172057538e-06,2.4863180302746792e-05,4.509658275355522e-05,1.0777594828340258e-05,-0.00011603562481547633,6.302958218380121e-06,4.2674853129544235e-05,-6.289346504547306e-05,5.0111007913393785e-05,5.966190083081109e-06,-0.000258045475952516,6.129450343944912e-06,-6.136221539440136e-05,6.318760647955836e-06,2.8719489393940628e-06,2.2798050930717622e-06,2.6224667592104863e-05,1.280935877944104e-06,3.559590517618517e-06,7.884698517267175e-06,7.4021140971146176e-06,2.661822910656244e-06,1.3310876720796478e-06,6.955393908661906e-06,5.564062212272672e-06,1.7808671019162757e-06,1.3992256638606237e-06,9.225320549074386e-06,9.949971108523886e-07,8.617525068341224e-07,1.0717074273543145e-06,1.0548796333905391e-06,2.245871660862102e-06,6.761630683557652e-07,1.7829286929521453e-06,5.360722867986562e-07,2.8613167562417117e-06,6.429787131947645e-07,3.639872243696152e-07,3.322243316268921e-07,1.0782659710848477e-07,-4.5538134459750096e-07,1.5109638078533858e-07,7.399908068813054e-08,4.77938611355788e-07,3.662059401305729e-07,1.0120666310334675e-06,8.195412917542301e-06,4.5747443420890233e-07,4.5670117699276887e-07,3.1844334787185827e-07,-5.093260100097976e-06,3.328845019931344e-07,2.7694148759710946e-07,3.1875240710130563e-07,3.215519645915414e-07,7.515917602996255e-07,1.0317426419756757e-06,2.403492320018388e-07,1.080783654702971e-06,-2.6821082994117476e-06,2.3679938400441129e-07,2.897190892054423e-07,2.0255800475988513e-06,1.8153065898199895e-07,3.6719105462328645e-07,2.770922288956817e-06,2.4935573750068964e-07,1.551085347769497e-08,-9.94845353236481e-08,1
2.1153446342031205e-05,9.29855558225267e-06,8.997405841624054e-06,5.3900236978982345e-05,5.3900236978982345e-05,5.230047363450493e-05,8.883350006741093e-06,3.522377448920738e-05,0.0007633402969714791,0.0007564342399294328,4.392429677349796e-05,2.252404824694476e-05,2.5463207026622462e-05,2.9246810481464996e-05,1.43688801118641e-05,0.00045367265974115777,0.0004608311084975008,0.00046036102616877397,-7.937040684867166e-05,6.36326548465289e-06,5.582077929641862e-06,1.2914671057877749e-05,5.9790795700428644e-05,-2.1665329691793553e-05,1.7116756802276146e-06,4.935888365080857e-07,2.529232640512686e-06,1.1445949691975826e-06,1.0589483760955573e-06,-7.684195823255118e-06,-7.419289845404694e-06,1.0545143614964809e-06,1.3289620408433014e-06,3.052735773655892e-06,1.1145084867814764e-06,2.7410236234047927e-06,7.634736579177179e-06,1.5903231410701875e-06,2.044941837915951e-06,5.04672148095205e-06,1.4929507607944985e-06,1.0494603711673203e-06,4.692264930334263e-06,8.32414298932644e-07,3.21925100672688e-06,6.697932667384943e-06,1.1881617083753352e-06,4.760935049949113e-07,2.0454689504815163e-07,1.4097184274010338e-07,1.0057131900756729e-07,5.6832646201195534e-08,2.157269564113666e-06,3.47905370033905e-07,2.0827425556531203e-06,3.158593289401234e-07,4.4444513009706527e-07,2.9850495283396354e-07,2.770393279403392e-07,1.5090402589985915e-06,3.904853432331429e-07,3.3949561854216957e-07,2.4813279347042114e-07,3.0572532632198746e-07,6.861469577465993e-07,3.922855697702945e-07,2.0851811812192814e-07,4.897538230363416e-07,2.017155267884922e-07,-1.5000762750917416e-06,2.504307660576908e-08,1.9783610442400096e-07,1.3897367815526711e-06,7.49343478770971e-08,-4.1015170877780617e-07,2.525348742146062e-07,1.2144020633243226e-07,2.2487967634444498e-08,1
9.3932802971347e-05,2.1604670152288594e-05,1.1262137583582453e-05,5.301386926101441e-05,0.00046757695035324693,5.5147515220079984e-05,1.2581783738967949e-05,8.85139718853042e-06,8.164797667069604e-06,-0.00022684935194566298,-5.2715574368855875e-05,9.730817689448178e-06,-0.0001831192805938243,2.2460095688168118e-05,7.384080907283386e-06,3.3131603026525956e-05,0.00033082516427203985,8.155440910442209e-06,0.00011175206609059987,8.293281483452893e-06,4.739357189029222e-05,0.0003076080427914313,2.9686804670457873e-05,0.00035207457746999507,1.749261637714212e-05,-3.367218326027462e-05,7.167395451885672e-06,8.712120986933199e-06,6.5375592043131164e-06,1.0147086822715759e-06,4.59658763841386e-06,5.914806030838348e-06,9.535458543750534e-05,9.608206964516834e-07,5.52737503679844e-06,5.41159865359183e-06,3.658855858402474e-06,5.7609941601364245e-05,5.7609941601364245e-05,0.00011509025654219349,1.2496458661893417e-06,1.886052836868447e-06,9.3470168704348e-07,7.954869536818334e-07,7.208801935173997e-07,1.4404597071434335e-06,6.977597412052328e-07,3.77317985980272e-06,5.020620153150775e-06,6.610672572474849e-06,1.3531141846401374e-05,-3.7599768430572293e-06,6.289000068567099e-07,-2.8459984530574513e-07,2.8294947605471905e-07,1.793445099954328e-06,-1.8187239770646285e-06,4.022409897510067e-07,4.975010370640836e-07,9.978146061810705e-07,2.451485109150738e-07,-1.4508604286067788e-06,2.4728111141984933e-07,-2.1899625345223953e-06,2.7962841760288504e-06,2.1875878539517383e-05,1.625677178875259e-06,3.577078655492688e-07,1.103157647925445e-07,1.9613977783611193e-07,6.287416371792909e-07,1.7633092777589308e-08,6.180314223630508e-08,1.154109003007001e-07,3.36745800639119e-08,-1.6374403845533523e-07,3.3016598518968744e-08,2.2221475952628422e-08,1
6.0771346783214535e-05,5.735124847750585e-05,9.760166884428881e-06,0.00012242018997870953,0.0002031135622459063,8.603061550846617e-06,-0.00012541423736751764,2.0310186820624794e-05,7.250326918529899e-06,0.00013097269828371254,-0.000252197820703313,4.0647096122768266e-05,7.061160576615378e-06,6.885175860462668e-06,6.363817661305097e-06,0.0001273044002017155,6.022624691452487e-06,1.5568486240486745e-05,5.925278079092415e-06,5.923193940790778e-06,5.869339083825516e-06,5.018999416716684e-06,1.3812748617055137e-05,5.5906218703102974e-05,4.4068628774040415e-05,4.879203939673464e-06,3.0701969393203282e-06,1.8801545121634854e-06,1.8801545121634854e-06,3.192875113673419e-05,4.401258190486241e-05,3.4783152757645635e-06,1.7374523977560875e-06,1.0622270107727542e-06,9.60677021158896e-07,1.0022994543584948e-05,0.00012667248136055432,1.1931408972718772e-05,5.9176173921477356e-06,3.0015752976206188e-06,1.1207118482804743e-06,2.3270195286256393e-06,3.1428833787439677e-05,1.5528652246085418e-06,3.6704211839639776e-05,4.4009322183749384e-05,-2.670872890195765e-05,1.4855286937941108e-06,1.7647760800630197e-05,3.0126472748147516e-06,5.917024186202664e-07,1.3223778439592651e-05,2.654590908105804e-07,3.488294887197741e-07,3.5851807749541133e-07,1.9261400143273348e-06,1.5651225934534317e-06,2.827285312360351e-05,3.5440457958187536e-07,8.443191871671732e-05,2.8096752933094148e-05,2.732166715887144e-07,1.1422268583858824e-06,1.706781883324077e-05,1.7050408376621254e-05,1.7032997920001745e-05,5.099453102028816e-05,-1.4615017074399358e-06,4.952740356707146e-07,2.400459588549043e-07,2.3557788292616492e-07,2.2734304747061723e-07,2.2781202706057648e-07,-1.2395814969825533e-06,1.908209401735635e-07,2.2144739148306905e-06,1.4621281377560405e-06,7.092383387055729e-08,1
1.1143586159489636e-05,2.5964111937288693e-05,0.0002349091717093393,0.00019571151944789862,3.5624715921777254e-05,-0.0004939738806433801,-4.518118074064456e-05,7.335536855702745e-06,1.8376261198381885e-05,0.00021193689963360952,0.0004392162421909365,4.039744212798848e-05,1.5318772866024774e-05,-7.864744326022854e-05,0.00042495977930853587,7.736323897442448e-06,5.0910107325403785e-05,0.0002075476404342312,5.549044050930795e-06,5.8196946964182934e-06,6.247344198602723e-06,-2.8226954972221144e-05,2.6419237842626005e-06,8.017327733378748e-05,3.1818764119848036e-05,-3.5778631909320833e-06,1.2060184432348402e-06,1.2486276708132914e-06,4.034636909138404e-05,1.6999136774026635e-05,5.957836834406364e-06,9.763833441324177e-07,2.6300230641733707e-06,5.43731469485317e-06,5.354246490954777e-06,9.93193356401529e-07,4.8931412661137804e-06,7.796205571973977e-07,-9.200627774546419e-05,9.79345710992474e-06,7.459547252846543e-07,7.970454563575121e-07,-5.523654099267792e-06,4.07265778787363e-06,6.60919200428778e-07,4.0457452250883e-06,1.1676570293394842e-06,5.617813726269583e-07,3.270358970211177e-07,1.0882710205663932e-07,3.7487471183646913e-07,1.7788630969010207e-08,1.1143147325398191e-06,2.520944782451058e-06,1.053371027199407e-06,1.0579021220251534e-06,5.10879643577692e-07,7.629767033231932e-06,1.5121588650186863e-05,1.4287279284277218e-06,8.318553958580784e-07,3.031752424840105e-06,4.202995204347073e-07,1.2562627196310954e-06,6.018123029391747e-07,2.7679290978285913e-07,1.2868225781762007e-06,1.2782564918906396e-06,9.027025427689094e-06,1.1553047095750564e-06,1.4839492552869904e-06,1.692546960419476e-06,5.527209394262263e-07,7.832488315109449e-06,6.034025417874491e-07,2.1914904393343202e-08,9.030285348456692e-08,4.383611964220174e-08,1
0.0001987984122747227,2.215536068923488e-05,8.114068812465866e-06,9.823258927130365e-06,1.0303782481325283e-05,-4.1748579044416854e-05,1.0862599210661838e-05,1.9998757498093762e-05,8.261950713347104e-06,6.322209202311193e-06,8.597329797447141e-06,0.00016801129849963774,0.00024497426514900536,2.1740429811055814e-05,8.186394913916053e-06,0.00018870924119248047,0.00010017663431274638,0.0004579226029989496,2.383285557272836e-05,6.352340878388299e-06,2.6339644375009327e-05,9.325279824957764e-06,4.362616264872708e-06,0.00012640161922656092,1.0878767444677398e-06,7.815009007182968e-06,1.187269402101982e-06,1.2158280277142044e-05,2.8642453541953123e-06,1.2718907505071113e-05,1.0753459763012886e-06,-6.465034049083831e-06,2.677037103947224e-06,1.0128834779947794e-06,3.942486095961947e-05,9.116177598707554e-07,5.040548887927637e-06,8.561813165477013e-07,8.140226367888654e-07,0.0007074753925735749,7.78448410342947e-07,6.266858384606668e-06,3.010758426706444e-06,8.714061588517021e-07,-3.549676271520261e-06,-3.746603385376412e-06,5.70910392441333e-07,4.3812441701865944e-07,4.510511494476019e-07,7.903678539615647e-08,9.724315186037786e-07,1.2232163979898994e-07,3.459402590459539e-07,5.3900524769936106e-06,-5.323744309456248e-06,7.717419184914612e-05,3.860237421415209e-07,-2.0178861574298733e-06,0.00014856756432050775,2.98269791380218e-07,3.471723321675089e-07,4.671615697149865e-07,7.357623866455075e-06,1.6106223284029198e-06,2.750465889382905e-07,2.438490153285084e-07,2.4064230785663033e-07,2.356969504187073e-07,2.8506577039087765e-07,2.1736840537679602e-07,2.716100621245335e-07,1.9057987167558616e-07,8.830795519032857e-05,1.778173672101409e-07,1.7185962770860026e-07,8.939742638443129e-06,4.469421486293144e-08,7.528583864255477e-08,1
6.0101692975358506e-05,0.00023479503567088234,5.697251969143274e-05,8.973171466882383e-06,3.359345482104248e-05,5.756483596418326e-05,1.9846844838422913e-05,7.789879555081054e-06,-4.646853218598327e-05,9.373061429492511e-05,1.954087872571747e-05,8.412411983102835e-06,6.77649538376807e-06,7.439357311247424e-06,9.743831404759959e-06,0.00015546821409912392,6.936233293646656e-06,3.618032170264209e-05,6.075078058449529e-06,3.518253376308924e-05,5.759299811649025e-06,1.8147177638474587e-06,1.7257895263714167e-06,-2.3959063766204684e-05,3.578704080260899e-06,2.0286550184711413e-07,1.414330089764521e-06,1.0627924127994075e-06,1.0471523724235837e-05,0.00015903584825458373,1.9567410083346106e-06,3.196089632422362e-05,9.729511404128505e-07,-6.241141199481245e-05,8.357315222554479e-07,7.978803889826197e-07,7.547044618298809e-07,1.51335529084325e-06,1.013802784193967e-06,1.4329372066021019e-06,1.2119357070597347e-06,5.453270331090885e-07,5.814085751430699e-07,4.086703021959134e-06,4.3305707762941846e-07,2.2103823583543146e-07,1.7212431575452034e-07,-1.7642630447267926e-06,2.3681617942981724e-07,2.7940231872936754e-07,2.5093254224651326e-07,6.714593384626165e-08,3.7925416599833493e-07,4.127254133144309e-07,3.8517712431278064e-07,3.305861252941593e-07,3.2304942297650987e-07,3.3688235566952184e-07,2.959320631679971e-07,2.9447962044927546e-07,-1.7056195006465386e-06,1.5670223226273449e-06,2.426187950851152e-07,2.561919105888766e-07,2.439504399346345e-07,2.2190242812624434e-05,1.6061600617647605e-05,2.2591167812725205e-07,1.5248594001943195e-05,6.687868813441194e-07,1.9270366810634622e-07,1.5206274568634027e-07,2.886455636810883e-06,-2.2278715527146395e-07,4.530431103666294e-09,1.0153153518688529e-07,9.641240641475295e-09,2.397830476186206e-08,1
1.0314879308020744e-05,-9.385868374337329e-05,0.0002741846217238986,9.182095747244922e-06,0.0008528408027952621,5.403058989524218e-05,5.2756208389369374e-05,3.087289595603636e-05,3.351719556846506e-05,8.519213780878077e-06,2.5708542578188614e-05,1.0049856502524552e-05,0.000979773878924768,2.8842474869094126e-05,6.871225557240065e-06,5.599900745197575e-06,0.00011282651091433499,3.969729382745914e-06,4.0333826625212e-06,3.725250816915282e-06,3.816189674912747e-06,3.34027658402292e-05,2.4233837511476823e-06,-1.224076258323034e-05,1.9933450721027096e-06,1.8798892426345606e-07,2.9349379458860292e-05,3.2888979822009336e-05,1.2316535074064407e-06,1.1835988068503818e-06,-6.879429985897802e-06,1.1073114518029545e-06,9.792611727530614e-06,9.416029786897982e-07,3.945617585041165e-06,9.28060743639759e-07,1.0461361122312486e-06,-6.2512808581640775e-06,8.817977249766019e-07,1.1275423690927282e-05,-1.4026709302650392e-05,1.2179789255949948e-06,3.2077487402340797e-06,7.444396094684542e-07,8.674460414924438e-06,3.181372636133766e-06,4.397816720386155e-06,4.3835383379940475e-06,7.227143822045462e-07,2.8786865803777387e-06,2.840022278615564e-07,2.4871303022265874e-07,7.362904158323064e-06,4.1527190346544477e-07,4.1527190346544477e-07,1.8219223244579591e-06,3.208442990585385e-07,7.4296228920276146e-06,-1.942894560195927e-06,4.878712893472839e-06,5.733835944205416e-07,3.0599817456841126e-07,2.345618455725271e-07,2.479283167783813e-07,1.2435538177960963e-06,5.6876967844438656e-06,2.0917348006976236e-07,7.755925407191769e-07,3.911420775864129e-05,1.3542353120670023e-06,4.4227909043990105e-07,1.7925457060948831e-06,4.504459851620661e-08,9.293797860981974e-09,1.6460934661790257e-07,1.5167785545229296e-08,1.25946921912269e-07,3.971322859471934e-08,-1
7.626923088760354e-05,1.1517824991930072e-05,6.017052146304129e-05,1.3301980979407564e-05,8.92497041758487e-06,3.8434406921503714e-05,1.4175056948490271e-05,8.394711164843079e-06,4.608459928490862e-05,1.9401527171914265e-05,4.349959613955283e-05,7.420394319563303e-05,1.3646049430144747e-05,6.279500836549825e-06,-3.366212640388242e-05,7.676931346158258e-06,1.1127200368293514e-05,8.832822300717714e-06,4.531235748972197e-06,2.6881260698340345e-05,8.296077990117606e-05,1.4156790692174764e-05,2.102978645586074e-06,1.28089197235973e-06,3.484242996821181e-06,9.814302687354257e-07,1.256291234028976e-06,3.923578535427351e-06,6.594526048671172e-06,1.2692897436912446e-06,1.0567091060777856e-06,1.0649017226097596e-06,1.0016883954775748e-06,1.293199674203257e-06,9.572688553289991e-05,0.00023354215781489938,5.773043057880832e-06,7.99473954226523e-07,1.4103313864291874e-05,6.689473435635767e-05,5.735918544194108e-07,5.720660794008529e-07,7.007292845015751e-07,3.693010693246615e-07,2.325241954180712e-07,6.6693663832545e-06,3.5774087197947566e-07,7.753143627453687e-07,-1.2530452030466557e-06,1.0229606029110517e-06,3.5816724973990207e-06,2.3498615532932008e-08,9.073834287346442e-07,3.524862579479974e-07,3.6361112749280946e-07,5.16868492013884e-06,3.036948438547299e-07,3.168390860480476e-07,1.7530127920837832e-06,1.9556197454853815e-06,1.753010484700174e-06,7.56847073755407e-07,-1.7210567476290103e-06,7.179074581005006e-07,3.4715042331453743e-06,2.6134448256413187e-07,2.815766111233627e-07,9.96214843391888e-07,5.644545752784257e-07,3.212763116638681e-07,-1.2675031183253058e-06,3.3000282831831276e-06,2.3652520821915506e-06,5.582872493792973e-07,-7.711600060418224e-06,1.8883018593714017e-07,4.458809587191547e-07,-3.06325689806284e-07,-1
1.2126765120294106e-05,0.00025566228948340625,1.4845440879626378e-05,2.3817296166518572e-05,0.00016069475866581492,0.00016071718255750275,1.0314905943560868e-05,8.832535453215686e-06,8.551905182390013e-06,7.77062157004424e-06,-4.7000922853942554e-05,1.9627427637423055e-05,5.1980273825554354e-05,8.57673539264919e-06,4.031981036787625e-05,6.420846833940881e-06,6.884416859594983e-06,-3.5063346337530736e-05,1.5079611069780206e-05,6.770231923545418e-06,8.334753554088283e-06,1.0708417182037742e-05,4.858044885398221e-06,0.00013171956339308116,2.5750501179167102e-06,1.2934463209242665e-06,7.754264266725843e-06,1.9404226192475116e-06,5.61685696464634e-06,1.2769868002219993e-06,7.019052965443376e-05,1.1136002163154469e-06,1.1215673038070622e-06,2.2478280561489317e-06,-1.1749097283889033e-05,-3.1968142950699715e-05,5.712393133160181e-06,1.1997693166540647e-06,1.083322493644555e-06,7.171364987999319e-07,7.910374120988711e-07,2.3394491188227833e-06,4.100870696875736e-06,4.20115076250353e-06,5.860206440275042e-07,2.0395754181349293e-06,4.064338357191593e-06,6.91784850361774e-07,1.8428705398390277e-05,1.9062610676015916e-06,1.6011149654496625e-07,6.6133459722003345e-06,3.820325669637313e-07,3.772509351698282e-07,3.1586696399824524e-05,4.337967335390463e-06,2.4424170550633974e-07,1.1434405909643095e-06,1.1887622491538315e-06,1.2413776136468542e-06,9.521682436366155e-07,1.8677653833330934e-06,3.628792144165807e-05,3.03536664970302e-05,2.6392820835735443e-07,1.3087312459941357e-05,2.0740373130361388e-07,5.22344957936736e-07,1.3797225247834378e-07,1.3677817382394872e-08,1.3004697154744213e-07,8.975495374621044e-08,8.61200723770634e-09,6.387308455366614e-08,5.350886640285519e-08,-4.533615771566793e-07,1.3265453694070447e-07,8.703190938122966e-10,-1
