0.0001550045125853249,9.69567161535275e-06,0.00016654818826601387,0.000104572963235723,3.750808122546332e-05,8.890985040964576e-06,8.382044071439895e-06,0.0007762533596480498,8.409238947215506e-06,7.903691226525835e-06,2.736552321155123e-05,8.145848649220658e-06,8.435882834203462e-06,3.953464450693136e-05,6.109222746946825e-06,1.560373564454499e-05,1.606212445311687e-05,9.611330719484379e-05,0.00010780601888123333,4.191959167906006e-06,6.788439659919614e-06,1.5067065453317118e-05,2.8339188943889057e-06,7.638231731292342e-06,9.205597419030068e-06,2.793913233566012e-06,1.2765411614336568e-06,2.3370611721595118e-06,1.2622214240466967e-06,1.7020243524927502e-06,1.1204437522699928e-06,0.0002439591190747651,1.0798422882293188e-06,1.0334292474083919e-06,1.7473024124416316e-06,1.0462016545614237e-06,-5.109079164013592e-06,8.653687764774379e-07,7.831579645741811e-07,7.738387603596781e-07,7.729068399382279e-07,7.298316418663007e-07,7.51577741240613e-07,7.123320125439591e-07,9.065680597055419e-07,6.871701611648009e-07,6.882785177374201e-07,6.372532864906383e-07,3.816237650416659e-06,-3.211312928739795e-06,-1.1055313493262055e-06,4.509431241961306e-08,2.142554239057977e-06,4.953444231644188e-07,2.0855319832678562e-06,2.074127532109832e-06,2.225954541821884e-05,2.4300494147255888e-05,5.619078984033482e-06,2.2956960440878048e-05,7.867201703651549e-05,4.311910949462941e-07,1.6635672904209665e-06,1.229672463446739e-06,9.067613487165038e-07,-5.154173122537885e-06,1.6487497168893172e-06,8.401206462382931e-05,4.712777667744989e-05,8.909211161066351e-05,2.1124581441058913e-07,3.4121980981911567e-07,8.759257311310354e-07,1.6104940293260023e-05,9.761280651107715e-07,8.839745121239112e-08,-1.9847304720866963e-05,7.742731512938226e-06,1
0.0009919186329278818,0.001294642390671941,0.0006439568130342153,1.345794918748975e-05,0.0003190265247769994,0.0006825856021759691,8.234214609641709e-05,0.0007120359331476325,6.251905723181926e-05,0.0008055197881387823,3.37986358524051e-05,7.153044459759931e-06,7.897613443540386e-06,6.7026335520345265e-06,2.3168882923943737e-05,3.744068389261571e-05,7.909066552814129e-06,5.699734456217114e-06,5.579633009303051e-06,3.3371392808613177e-06,4.352204582718839e-06,0.00012415893008255551,2.5319556535477987e-06,7.406840998800341e-06,5.5997237903261e-06,5.98154322377827e-07,1.2282514439732026e-06,1.1206793596924589e-06,-6.81912289974992e-06,4.913378292806114e-06,1.2186279385424312e-06,8.886191712703162e-07,0.00016886462432657697,9.071471442163906e-07,8.780886155389337e-07,1.3535326866695307e-06,2.2032138878759443e-06,1.0154467573488043e-06,7.48212624677575e-07,1.2049489398014375e-05,1.2157073121202853e-05,1.0357994735177291e-05,6.396549762857566e-07,6.195101598212364e-07,4.992913291774188e-07,4.817052250205856e-07,9.415932073776036e-07,5.147460515502437e-07,2.5415120457126253e-07,3.081935404589174e-06,-2.2592644068222092e-05,3.511667790347443e-08,4.0700677110235136e-07,7.054035443124678e-07,-5.888981674785434e-06,3.23064173774138e-07,4.721291934146478e-05,4.149791675074047e-08,7.796982664161762e-05,3.127981439120101e-07,2.9930501069049957e-07,3.145885636420813e-07,2.1556934903199475e-06,-4.981449514203867e-06,6.490302914750479e-07,7.7937341913306e-07,1.8569410104861504e-06,1.8596663433306105e-06,4.016619238154597e-07,2.496179747882385e-07,2.3259905345691303e-07,-2.987418734446661e-06,2.0940458963415025e-07,1.8048656616519335e-07,8.581291946130394e-07,1.5032389990206938e-07,1.3746271668070934e-07,-6.21453406828e-07,1
8.841138092455999e-06,5.403196627504349e-05,8.866002790112196e-06,8.233002787324203e-06,8.134756168149525e-06,8.071227164845861e-06,7.851124942826784e-06,0.0002809466266222634,7.442306301210346e-06,0.0007106432248367263,0.000558601076481653,0.0005354747620055486,7.818934837210721e-06,-4.928217384680716e-05,2.4307722385786178e-05,9.512402617591327e-06,-4.8035797398363204e-05,6.287809903746437e-06,6.574962858264915e-06,5.917520572539754e-06,6.349974359075293e-05,5.4186208909576405e-06,2.8157875503061056e-06,6.6755018722601466e-06,1.3598708297583758e-06,1.1950862985651851e-06,1.3761615674318669e-05,3.9670452186697216e-05,4.495410933856556e-06,1.0865521597086308e-05,1.2584673365893877e-06,1.3723794919927328e-06,2.56896596176348e-06,1.3871967142962461e-06,9.796634364107803e-07,9.467317307434335e-07,8.532320027199614e-05,4.209435511503222e-05,6.283132604025125e-06,-1.560480025876714e-05,2.302709481033252e-06,5.675900360268265e-05,1.160197774877323e-06,4.224829481550638e-06,4.648803682318994e-06,6.916618378225652e-06,4.680085486576964e-06,1.3114870379012667e-06,4.674274314571181e-06,6.999377073437344e-07,-1.5467601840637547e-05,2.978359346140318e-07,8.607523366767904e-07,3.016980981192837e-07,1.2296189375684812e-05,3.124401049704986e-07,2.3722847360867132e-07,2.96924133945883e-07,2.520805101559305e-07,-1.4936532748591719e-06,1.3774891420162066e-06,2.0705060038793526e-07,2.629203103511237e-07,9.72383339168529e-07,4.4627738511164343e-07,4.5026196745195746e-07,2.9029465659470987e-07,5.471313483200358e-07,1.745347325832116e-07,3.370049838567157e-07,3.48738224954668e-08,9.938569748180855e-08,-3.0883586320322637e-07,9.596474990663822e-08,7.698261261766295e-08,6.517539033069172e-07,8.42021263564473e-09,9.417204498463705e-09,-1
1.200205160755596e-05,0.00018744395284638006,1.688206635284446e-05,9.269503735838699e-06,9.789340696390967e-06,8.862383273344239e-06,-6.020442737228255e-05,3.588469522252433e-05,-5.945642239374843e-05,4.629974866685843e-05,9.63513524016223e-06,-8.882098659244772e-05,1.494276801057912e-05,2.173419072757009e-05,6.681688718508018e-06,6.597890474132534e-06,0.00013804074685030515,5.143420000604299e-06,4.4186230775552565e-06,5.7094269627115815e-06,2.506470651467531e-06,3.4443724050341034e-06,1.8865097362398435e-06,3.643108343938219e-06,8.332215861838011e-06,1.4096996140862038e-05,1.4014872254864404e-06,1.442736404564235e-06,4.317119859459231e-06,2.0320808289008925e-05,1.1739295103929576e-06,1.0853405021788713e-06,1.5672670423476796e-05,9.437181645791514e-07,5.364242573487004e-06,9.082132288786121e-07,1.0199057294344871e-06,9.011275850518597e-07,1.1890503271989158e-06,-6.780381575926981e-06,8.297946953441474e-07,7.752660031406293e-07,3.5299290068072565e-06,6.567240381610646e-07,1.5427506489860313e-05,2.545940110525034e-07,8.344377340325183e-07,1.338327507575523e-06,-7.152348124321537e-07,9.097143049825186e-08,1.4598015387559997e-07,1.2692198720221624e-08,1.4556619229949295e-05,1.2869108392082604e-06,-2.6861700306219657e-05,1.6831334508734485e-06,2.8965549489147955e-07,2.505775681080143e-05,3.2877627701236706e-07,3.2276353419062893e-06,4.5844133048642844e-07,2.0087405515101017e-05,3.811611899356967e-06,4.2970287958419364e-08,2.7348008719189223e-06,6.043499316344777e-07,3.0064826108107437e-07,4.2052855092254917e-07,2.912894980608542e-07,2.6125428588016667e-07,7.310987131765611e-05,2.617187113885233e-07,2.9143504795016657e-07,-1.8091455467223777e-06,1.6119276232291995e-07,7.109881565787115e-06,2.4517734374639746e-07,5.174747304397119e-08,-1
1.0794679105188925e-05,-0.005972832430759469,0.00012089056383009987,5.97180856078327e-05,0.00015385887522786977,0.0003643381861064974,8.690411058733579e-06,0.00010608181630689239,0.00033034454025725684,-0.0006007321581688673,-0.0006088678421632004,8.108247322905776e-06,0.0003217569881073858,7.874187264577601e-06,0.0003380405232853182,-0.003541231611438046,-4.035526682070456e-05,6.221689322689511e-06,5.629977670382978e-06,3.4765340704369465e-05,-2.9613688789208157e-05,0.00033900272120160113,3.4869647311665257e-06,3.185528867653671e-06,6.143014474287274e-05,6.041461301429266e-07,1.390338782595879e-06,1.2110192572760965e-06,1.3892821992448369e-06,2.5784053452361663e-05,5.108529915490818e-05,1.223667587048871e-06,1.1625415198823382e-06,1.0514813921742098e-06,1.2230920294836319e-06,1.1732250309146908e-06,1.137902573595024e-06,-1.1102623324055965e-05,2.3696907932701822e-06,1.940118327767045e-06,9.280315730426808e-07,1.0541361487537543e-05,1.0392074722606616e-06,8.404921830944489e-07,1.8040548951837644e-06,6.52557931074299e-06,8.922497545845138e-07,3.1306696135906104e-06,6.360228299405954e-07,5.69770036601179e-07,2.773014967443602e-07,8.425368787200021e-08,1.6579743271172113e-06,1.2692722868760092e-06,1.4625961952339993e-06,3.1048031521278383e-06,3.1168163880632095e-07,6.17531260879813e-07,3.0492602916015573e-07,3.010598609708476e-07,3.468243416628791e-07,2.9041000845102667e-07,4.687602843054121e-06,1.048146579369119e-06,2.2795986549389176e-05,2.0688928758579737e-05,1.984874477983103e-05,3.363752699550415e-08,-1.8229038773517632e-06,3.523112080589381e-07,-2.5112524355285115e-07,1.8134068829852751e-06,9.64324741518044e-07,4.9571564416921805e-06,-1.2040975812248142e-06,3.0905101260463644e-08,5.454252629271986e-07,2.8549437218525365e-08,-1
1.5642784646079766e-05,-0.0015599962949229176,0.0009702176070261558,1.3599458461966742e-05,0.0009928998953500372,5.534539529557863e-05,0.0005998095026298454,-0.000199736003374403,7.402615810743775e-06,1.1437631564925296e-05,9.878814175086263e-06,0.0003012267730326142,0.0009667277832209476,8.334845875520922e-05,9.138021781621467e-06,4.7812618480575404e-05,9.877497282341763e-06,7.933650771039242e-06,7.372539299869377e-05,-4.626359342020415e-05,7.702399310314303e-06,5.201837085415403e-05,0.00016568355181529427,6.232607152418149e-06,7.274930494362686e-07,6.036057528206315e-07,-0.0007466040538449336,-0.0002835734555085828,7.649998014658184e-06,1.1040805002129432e-06,1.0695226555148952e-06,2.4938185097478984e-05,1.135630434074534e-06,9.511579930304896e-07,4.836208060947366e-06,-6.779045095155948e-06,5.468660415181588e-06,7.87694756656417e-07,-5.938072581212423e-06,7.777111653361889e-07,8.154488821039893e-07,7.006654505687539e-07,-4.202886548174947e-06,6.027845268121996e-07,3.902456148197372e-06,4.358705913958157e-07,2.8700282061421966e-06,3.703328003958812e-07,1.4018401906460743e-07,3.8002113267018713e-06,1.6705126470783635e-07,1.1194271340661897e-06,7.359016558553887e-07,6.87737462179867e-06,3.4193245500972664e-07,3.6737957317070897e-06,3.390646856209471e-07,1.879052089232141e-06,1.3290627860194197e-06,1.3290627860194197e-06,3.63628922280803e-07,3.583959656408524e-07,2.9579264304658743e-07,2.5034945277518633e-06,3.365406761445881e-07,1.4150793288714193e-05,5.623470470567745e-07,-1.5924285234533835e-06,-1.5038812462746662e-06,-2.3480746013188267e-06,4.6559388365652833e-07,2.72741455599263e-07,2.329266935112784e-07,1.542574928210004e-07,1.4816035871740355e-07,1.6183779003079114e-06,5.9169033542036876e-08,4.400122899957658e-07,1
1.0335766991386344e-05,1.4201326458485495e-05,-8.811895626757721e-05,2.6395589065120007e-05,9.417062501731328e-06,8.63684894658701e-06,7.879708748992658e-06,8.360005499277211e-06,0.0001513767711706316,7.602069974006518e-06,7.933591577771617e-06,7.861411531625914e-06,1.6932972655241478e-05,8.010015056455538e-06,6.673832192635405e-06,1.0086438868053387e-05,6.201037587869287e-06,6.309162401151077e-06,5.910716771050801e-06,5.8093523757213175e-06,5.050746179523967e-06,1.993868715120766e-06,0.00018771689661065697,3.865332865210921e-06,2.79766562074967e-06,9.743158087419141e-07,5.867726482108633e-05,0.000175573312639084,7.98675155560284e-05,3.3112017723902286e-05,-0.00017918575306862487,3.3601081753031835e-06,4.649082056081286e-06,4.4915076116514756e-05,-8.801290040376115e-06,1.53201560110621e-05,4.162549184418591e-05,1.9536857432728992e-05,6.059648431414172e-05,2.052366332617525e-06,1.3101527340844064e-06,7.402833929222519e-06,8.026801291336223e-06,9.41826617734118e-06,9.917063463799052e-07,9.322928740868494e-06,7.444961950871634e-07,5.923851963417036e-06,2.7522072721064693e-05,1.5884845821418133e-06,1.3250291702885664e-05,7.545071910257894e-08,8.756155947554487e-07,3.791460071944689e-06,3.2487952645376456e-07,4.450604791352634e-05,3.2078216763771286e-07,3.3072569440167366e-07,3.2296451731580867e-07,6.150089117248319e-06,3.1297834544789955e-07,1.6235226549968055e-05,3.6197975087652023e-06,3.005816323664732e-07,2.7792277477770266e-07,2.583267100954896e-07,1.4625034097143393e-05,2.0342125087694034e-05,1.6562482043268872e-06,2.8804117234673666e-08,2.3015676191483385e-07,-1.096803288489191e-06,1.8976243517858932e-07,-4.400457682533157e-05,5.192000706096572e-09,3.2359547195164786e-08,1.4074856765562484e-07,5.735522059695663e-09,-1
7.263401671600386e-05,-9.396215296549511e-05,9.551857225076553e-05,1.3975567595551071e-05,4.195328709149993e-05,1.3506747497466288e-05,1.2284377308937223e-05,7.618516932103608e-06,1.1636706685621202e-05,1.6954632923389525e-05,3.293660231840742e-05,2.126773997237593e-05,0.0002050001235571157,1.1219107944735963e-05,4.0991321281812055e-05,5.792980433149607e-05,3.3262700052358816e-05,3.3612573288756242e-06,1.3003402288542475e-05,1.2237810789709412e-05,1.3119963564910763e-06,1.1029693009662404e-06,1.0500210110292334e-06,0.0006997205728863044,5.867298699691437e-07,5.867298699691437e-07,1.3905433254070072e-06,1.366381483287106e-06,1.5213640620974798e-06,1.1338243459013756e-06,1.1001056259412873e-05,9.502587467508148e-07,1.0411492652431024e-06,2.7582174573566003e-06,3.7688831853405063e-06,5.09442566074043e-06,-5.561468239589468e-06,3.466502290115713e-06,8.90333568680403e-07,-8.1033033147268e-06,7.388395963813501e-07,-6.119026394026129e-06,-5.89744372655963e-06,6.384796632568192e-07,3.765672205894837e-06,5.05812398889037e-07,4.87719274872122e-07,2.4923358939009574e-07,2.3259067017934058e-07,-7.600554445547903e-07,2.3790482037713562e-07,2.755457180483149e-07,4.973801871117262e-07,3.829024956685436e-06,4.6525133504000117e-07,5.036836467395089e-07,0.0002692360577020354,3.6774070198149537e-05,4.835555225359989e-07,-1.8344747262986257e-06,2.375060891206496e-06,1.2688874221693095e-05,4.008421184768217e-07,7.235873123232959e-07,5.162220738490171e-06,3.023328985823007e-07,7.601356787472318e-08,3.5696629545605483e-07,3.7569050488472933e-07,2.7598813706195428e-06,1.7708377215027928e-06,2.348705096526064e-06,3.520162129006744e-07,4.661277625456876e-07,2.1940192457100136e-07,7.185155088799998e-07,2.69441870161581e-08,1.2245319281310255e-06,1
1.1381651287107153e-05,2.7820190366697938e-05,1.0683259353890043e-05,1.2645954849424622e-05,0.0003720237291527226,8.824271299049573e-06,8.334094796059203e-06,1.1369837432913701e-05,-0.0003593885530384065,0.0005127673552147654,0.001223920862768383,0.0007147153362006776,1.679674593524593e-05,1.524391042892407e-05,0.00027975034761300045,0.0003798506913639822,8.28561863193419e-06,7.346013755511702e-06,3.227155801581183e-05,5.935155237492393e-06,0.00040388730534098895,0.0003108829772097712,0.0005253390623876566,-4.193117397093685e-05,4.321783329905372e-06,4.694953046679461e-05,9.079252089500483e-06,1.2302595946616748e-05,1.4187678275451407e-05,1.9442626247057124e-06,1.9171095691189144e-05,1.0054149104140918e-06,1.0236719875407992e-05,1.176035465621273e-05,8.285122541634285e-07,4.773816128270023e-06,2.5530259764591244e-05,1.6239700899322708e-06,8.565446108917563e-07,5.123915160226507e-06,4.459395312260623e-05,7.2412255414370085e-06,7.70148111755676e-07,-1.732785661146538e-05,2.389925376620731e-06,1.935179613497001e-06,8.392705523259477e-07,5.726910905877571e-07,1.0457214509652467e-06,4.853053314280231e-07,1.1683259256249952e-07,8.047905625808323e-08,2.3384105755504506e-06,3.896731435432038e-07,5.259750540179812e-07,3.539701459191795e-07,3.112038591804834e-07,4.0744652812640264e-07,7.055968248957312e-07,4.6657894032584225e-07,3.8561083897892684e-08,1.1575176055875998e-06,1.3958826612372248e-07,1.8868243187927523e-07,3.6569255541690155e-06,5.843408289995302e-07,2.6633025039058914e-06,3.08153468102679e-06,-2.5609854529329275e-06,-1.3379201646348317e-06,2.4670832787811777e-07,-1.21736896865544e-06,1.4336881086743164e-07,1.7417100720999265e-07,9.230873681114659e-09,6.463011263755692e-08,1.1510783998956802e-07,9.93057623701204e-09,1
3.5575502524220665e-05,1.0247743134848519e-05,3.311504031669641e-05,0.00041931032532314006,0.0006290124375007346,8.436364740418088e-06,2.7281481851063903e-05,-0.00024656802964509607,0.0003081155850847484,8.319791834459461e-06,0.00025972965623609297,0.0002569021622652389,7.188994087672918e-06,7.218104215626362e-06,-0.000260390957696362,-4.13509554805979e-05,6.7721664592599524e-06,7.137633058771775e-06,3.8940610667894144e-05,6.367195036023358e-06,3.80733413106822e-05,5.3097902097902105e-06,4.574974296087911e-06,0.0007718519742034541,1.9359910678761136e-05,1.657665226021889e-06,8.960700713430068e-06,1.4227064108883941e-06,1.8186429048040905e-06,3.151464723953684e-06,3.365726632347392e-06,1.6001533438175412e-06,-1.1067816628748113e-05,-7.807661005136272e-06,3.684574598929442e-06,3.684574598929442e-06,1.4033788246059024e-06,2.0995932419057414e-06,-1.1699873569573713e-05,1.0129273130829933e-06,2.339185041035144e-05,9.67003240922682e-07,8.448005754012257e-07,1.0357023289917738e-06,9.182517194389627e-07,6.047897432052618e-07,1.353138792829713e-05,1.1047064442174673e-06,1.5327026910477842e-06,1.2637828346999628e-07,1.0085178528283743e-07,1.954468934188663e-07,1.5096960367137146e-06,6.078901682932091e-06,5.254695657574595e-07,4.419232430073938e-07,3.2282300090843585e-07,2.064144524993619e-06,-2.906692322551437e-06,2.969304944003065e-07,9.525667632590018e-06,2.5233339551724863e-07,6.696130753805194e-06,8.04882822086607e-06,1.6516278934298602e-06,5.277729827864185e-07,5.26108695374512e-07,2.0326587701916906e-07,-5.395097141888677e-06,1.1596082180607374e-07,7.167331901840742e-08,1.536091191494774e-07,4.1240739678482905e-08,4.085071485060149e-08,3.888966707515679e-08,5.8821702829346323e-08,1.7206682551210416e-07,3.748830648054511e-09,1
-6.0481515518622845e-05,0.0009876036776062358,8.303226744811829e-05,0.005426346187966555,-9.75948345527789e-05,4.904758303729461e-05,5.737341971479507e-05,9.937195896418443e-06,0.0005226033804010572,3.7525768567708374e-05,2.2853503635107474e-05,2.2683683328286427e-05,8.208199950428019e-06,7.168477912361279e-06,-0.00012599803584832623,7.136726552845278e-06,7.136726552845278e-06,1.907416744292126e-05,1.8235368874040655e-05,6.005530069834751e-06,6.245198255602113e-06,6.169514478251966e-06,4.452071462877372e-06,7.336059814889098e-05,4.425711171080919e-05,3.4454419303391486e-05,4.446937815527583e-06,4.409241728698019e-06,6.940601638305939e-06,1.103958860367277e-06,1.140919329397325e-06,2.029720972237281e-05,3.354855701133388e-06,-5.533228642563203e-06,9.353704210092233e-07,-9.45296326020905e-06,5.279867051787652e-06,8.302917439639519e-07,8.3900708167781e-07,8.26824470193602e-07,7.85591015939359e-07,8.487955060410489e-07,4.1010151226632325e-06,6.193439746551598e-07,2.8508572047383066e-07,2.803709171408057e-07,2.760852572329079e-07,1.9358760034596174e-07,1.8229700365164856e-07,1.5698694797450584e-07,3.236909401892128e-08,3.4902153501325463e-07,1.0303774209888127e-06,4.0924495469268645e-07,4.827815197803068e-07,1.1284455076292962e-06,3.874283615861787e-07,7.219297212986828e-07,6.059845938915093e-06,7.071495634329164e-07,3.889729569181506e-07,3.0867017763182234e-07,4.191625062680959e-06,0.00020270582971239397,1.8991383526472792e-05,3.6039863847177756e-07,5.64589275145336e-07,3.232173054861695e-07,8.663648300130163e-07,2.4862864929509403e-05,7.147210562388469e-07,2.775008263313435e-07,5.356767530536531e-07,1.3724003236332717e-05,1.3204512616555919e-06,1.5409042853995662e-05,1.336343131252047e-05,1.1094624608065176e-06,1
5.6466575847901546e-05,1.0747150199960026e-05,1.8212359562755466e-05,2.2331339530097153e-05,0.0003533570432357043,0.00012751849624706042,7.893076239663493e-06,-0.00018895401048413086,0.0008739941623744885,2.9604038245967384e-05,1.0269028636154841e-05,6.75316001646392e-06,4.344793454112259e-05,0.00041427909941691354,0.0006131413937453777,0.0018324324156578635,4.2915166192635315e-05,4.700795510236168e-06,0.00025571572132637916,0.00041696204631815965,8.636390452291885e-05,3.834582911925326e-06,6.232026059057892e-06,1.1263678783334185e-06,8.002643014775832e-06,3.734432235740409e-07,1.4338715717202034e-06,6.116928371339558e-06,1.1455254317087683e-06,1.4737898262970925e-06,1.1572394794242778e-06,1.0849749951287226e-06,5.758150182987033e-05,8.570375766681528e-05,9.722998654974047e-07,6.06058384945445e-06,4.026732155994434e-06,8.789632807623718e-07,8.920908191056598e-07,3.77475486825877e-05,2.412541877362202e-06,-1.397725821270278e-05,2.226111916714299e-06,9.437565454968572e-07,-4.280635128652694e-06,1.1927936519609915e-06,1.7244318009403134e-06,4.045953121855333e-07,1.1110294285687295e-06,1.7402176958581183e-07,1.0992310577686049e-05,5.417294883795037e-06,2.612215119933857e-05,-2.7232211561435186e-05,3.400411002534123e-07,1.5721908364503537e-05,1.905215030770418e-06,3.09422161184932e-07,4.9556467118779e-06,1.964712306836506e-05,-2.0146410072503837e-06,2.865247288239606e-07,-3.6594737948158786e-05,9.178917019910054e-06,8.938127966894237e-06,-1.6817707659900537e-06,8.32147432363884e-07,8.320378213541822e-07,1.3475849160558605e-06,2.7913415178238372e-05,0.002702663136863137,7.170337288430051e-07,8.280257887342002e-08,8.232192937472994e-08,7.169911123924507e-09,5.8143314064631804e-09,7.601329324676377e-07,6.901532292149344e-07,1
6.415956946869569e-05,8.708915714454795e-06,1.0829019065471738e-05,-7.060888053832238e-05,7.940300279156736e-06,4.548953063981055e-05,7.452647424530273e-06,7.094477937202073e-06,0.00013171018849902148,0.00013157487629977861,1.540525051613121e-05,6.679392598605289e-06,8.58930938975111e-06,1.8243064657261222e-05,-3.8406262866405913e-05,5.775859514085423e-06,1.3682975267302987e-05,1.9548915924709758e-05,0.0006618996946883921,1.6454227978571106e-05,5.657214513535099e-06,4.36022369134044e-06,9.861399963029983e-06,1.3949857690938052e-05,7.98635128905819e-06,8.821923699923195e-07,1.228938005188171e-06,9.724060717771228e-06,2.1692568386919383e-06,9.25409386742089e-06,-4.6927330245985885e-05,2.810496093531789e-06,1.7435409218091367e-06,9.756274227724754e-06,-2.3619251310516358e-05,-3.222160923971452e-05,1.575173843693444e-06,-9.139806667637955e-06,-0.00017249872964859403,2.909237977317842e-06,1.0075927280886979e-06,-1.6746800164642507e-05,3.143919059116897e-05,-4.1204041612506605e-06,2.4998203080739694e-06,2.568062047362731e-06,6.533433374252828e-07,3.1755789346782155e-05,2.831437710181111e-07,2.2762498379912792e-05,7.472399349831744e-06,1.6360568236475756e-07,1.1563899655616319e-05,3.6995679625963575e-07,9.761521002846534e-07,-5.2467610965369204e-06,1.6678641552442337e-05,-4.666593920308378e-06,2.7395826782067975e-07,7.850592544782846e-07,3.0304787821417073e-07,2.6603988534949847e-07,2.3476005505352976e-06,3.3040400707617034e-08,1.3980573586143593e-06,1.2694792879692409e-05,2.717983859106056e-07,2.4803383248460434e-07,2.5569194800039885e-07,3.3077929351283724e-07,2.6488069636198235e-07,2.218923817644185e-07,5.166411034726548e-07,1.7785636316766503e-07,7.457942442110226e-08,5.2484453653782775e-08,2.8504204667718263e-06,1.6739158272675134e-06,1
1.986253247798352e-05,2.9599068006406817e-05,0.0002996968592608549,1.1700045186735785e-05,1.6605109563356222e-05,2.1360749854085873e-05,0.00033705611846505354,0.0003366467770980622,1.2556011991884424e-05,4.295697559883238e-05,6.585024882729768e-06,0.0001580506300163258,6.1608563888930585e-06,-0.00010053582211869033,5.967022646820649e-06,5.7367565153222255e-06,5.474114574188959e-06,1.06713622641566e-05,2.4824553002471436e-05,4.719527803271505e-06,4.046572252749853e-06,3.228199476835779e-06,6.110306406873473e-06,5.604183796334542e-07,2.6514432953077247e-06,-7.290993179270554e-07,6.806448845655591e-06,1.3860716508688643e-05,6.60711166500586e-06,1.379184172114768e-05,3.5879506139698126e-06,1.5123280509404935e-06,9.315809280662841e-07,9.056136402349896e-07,1.8408683230610114e-06,-9.83767047765375e-05,3.884042829775063e-06,5.1051931117945255e-05,8.210357263175713e-07,4.855439906756143e-06,1.0736636737188888e-06,5.156241409222628e-05,7.706152038068996e-07,1.0540421493103244e-06,1.111000293958296e-06,7.100071965766575e-07,1.0025533296716776e-06,0.00010623218818502244,4.023275124753885e-06,5.45027961417555e-07,5.062784682404851e-07,-8.493664967214418e-06,9.85764199121922e-07,6.538872036964658e-05,8.656912392354195e-06,1.1340691354619693e-06,2.6319202093772062e-05,3.932904592179349e-06,1.0768988616769536e-06,7.132278659650788e-07,5.833977198864608e-08,-6.388841838836816e-06,1.1701561130233779e-06,7.154773612202618e-07,9.127745561899819e-07,1.529851327541869e-05,2.1328140846444516e-05,2.666203024116071e-07,1.1644144663395914e-06,1.534367034877458e-05,1.1176251161513483e-05,9.35129416727438e-06,8.675728835832541e-06,1.456378684013549e-06,2.5447283670229746e-07,5.445166634975242e-06,1.0486806334004115e-08,5.6511533725240085e-06,1
-0.000740798383272156,-0.0013356942789629165,-5.972229873648267e-05,-0.00129815327211604,2.056045611770993e-05,0.00014180500495119587,2.117996297395757e-05,9.126891412814362e-06,3.987509973529837e-05,1.9036425104937263e-05,9.06794414310919e-06,9.242725518027258e-06,8.698723477250531e-06,8.722372178576428e-05,9.084686564562643e-05,1.2290283141462846e-05,7.65105628271544e-06,0.0003752215316741854,7.279662426116235e-06,-0.00022413330105144886,6.199212736521038e-05,4.311870851918155e-05,7.037231416123517e-06,1.97358025232047e-06,-7.6216413925667856e-06,3.388825610131826e-05,2.3753389814997535e-06,2.3275416727475546e-06,3.699883500800852e-06,1.355005274417834e-06,1.3555258927446346e-06,1.2606546503644021e-06,9.794190137840088e-07,1.0100012354108554e-06,2.762326598087533e-06,3.805943895460748e-06,2.0840306972882908e-06,9.025414034788116e-07,5.331489510997276e-06,5.2844737560245776e-06,4.210985401604717e-05,-1.3985112623976188e-05,2.61227206888142e-05,1.8937503573464786e-05,7.021801729214952e-07,6.534646454587419e-07,6.553446789099247e-07,4.869708775374173e-07,2.9923197440964644e-07,3.1412059809920282e-06,8.438169140040101e-07,-9.113741474088193e-08,2.0502477524156254e-06,4.883577217301606e-07,8.464297566883714e-07,5.170738416055026e-07,3.90121173862586e-06,3.0339690900145477e-07,1.6752462447753425e-06,1.6800659365760297e-05,8.995627939888402e-07,1.6497764145653372e-06,2.627584421185953e-07,-3.2760308253512675e-06,1.516059805962809e-06,2.5665534298702374e-07,7.654728354064151e-07,2.1726981395044913e-07,2.1392072274390454e-07,6.733397016043939e-07,7.965940453150421e-07,2.255093772257904e-07,2.063689121513079e-07,-2.576176308853497e-06,1.879153471095386e-07,1.5133037478389368e-07,3.9981123706275325e-07,2.1999823779754422e-08,-1
8.966144181597085e-06,8.726160856009225e-06,5.111681310557176e-05,1.0697753448629734e-05,1.6898266296991494e-05,1.479673689579624e-05,8.061055001751373e-06,6.248332973566166e-05,-5.2946303465993495e-05,7.077249898318459e-06,7.357644939902359e-06,6.155884718795633e-06,9.42566350512386e-06,5.96552405073008e-06,5.810778616305883e-06,-3.4402889230887445e-05,5.504515043942018e-06,1.545557684614717e-05,9.53218476257092e-06,4.030692986362141e-06,1.083917759342284e-05,3.3249256454682537e-06,9.041425795472222e-07,8.807498934678146e-07,4.7249290261483804e-07,7.078990206872968e-07,8.317288181598308e-05,0.0001390215436450408,-0.0001663394913255667,2.620377926710314e-06,1.2444094374270337e-06,1.269505183242334e-06,1.2086235283147098e-06,2.5884446781198333e-06,-1.6340004711342478e-05,6.918446374432321e-06,6.131405631177828e-05,5.9946982474776134e-05,-6.563523223238014e-06,2.5549252357022844e-05,-8.945686938520722e-05,1.1615776457323976e-06,5.998808515850733e-05,-6.513454723540582e-06,5.777828480499927e-05,1.0899238120103523e-06,-1.6728243410173615e-05,-5.150742746804639e-06,1.8271971501356808e-06,8.060016458537239e-07,7.026624843866316e-07,8.3107326244657e-07,2.3052760341877705e-06,7.032681128811253e-07,3.2273695793000895e-07,3.06049622683031e-07,6.056034157917374e-07,2.843909657572235e-07,0.00010839328702466299,2.8603099711432556e-07,2.5655954422143877e-07,2.935713685759388e-07,1.262421322047585e-05,1.2606326534756209e-05,2.819318493356978e-07,1.2528584118519149e-05,1.5596242228165618e-06,1.1918030784370077e-06,6.372477582534957e-06,9.194278889804235e-07,3.478262561584929e-06,8.48109101134196e-07,2.1343916264869276e-06,6.081804810476295e-08,2.484706608323581e-07,5.207038284123734e-07,2.407248331363559e-07,2.0756236282720523e-08,-1
4.9115942832279493e-05,0.00013175485989615294,0.0005818581945310331,5.305072553995761e-05,6.726515690597149e-05,4.587175126589009e-05,7.146342940826915e-06,-3.6979533944872535e-05,6.0909645310245716e-06,-3.6265135801977146e-05,5.926969569325265e-06,6.034855257203945e-06,5.393749573002051e-06,7.189940567558493e-05,0.004147816223365129,3.1811963582957726e-05,8.083903208418668e-05,4.520962938421221e-06,4.608167150789043e-06,3.848158229120982e-06,7.944825241471515e-06,1.580526926138123e-05,-6.292367182005507e-05,2.112707661418473e-06,2.0083725991811633e-06,1.0659099431620925e-05,1.880930615318641e-05,-1.5263666703728587e-05,1.4898084408781138e-05,1.0152731879794128e-06,1.389933788380134e-06,1.6491052790187785e-06,1.1531242747867456e-06,1.2385345206269858e-06,5.057858966694747e-06,9.21018960639886e-07,8.822301344906356e-07,2.6133394791507047e-06,8.055965909467185e-07,7.715589656314216e-07,9.230131727999632e-07,-4.936344577485496e-06,-4.278734951147493e-06,4.33054324252607e-06,4.203152350107316e-06,7.143731761814466e-07,6.827941383288076e-07,6.656559837030326e-07,1.226439290117002e-06,3.080845206606014e-07,3.6059253080260395e-07,1.9619609883367736e-07,-2.0790778667030883e-06,-1.9912846626452787e-05,2.1145127014065145e-06,7.423608910672538e-07,3.844092739577959e-07,3.47554306145746e-07,7.780907535624722e-07,-2.8889879650791892e-05,1.9271598910424776e-05,-3.2104421446095044e-06,1.4235258289239502e-06,3.191631073842906e-07,-6.2616458285568735e-06,-1.597440027959006e-05,-5.836618851740142e-06,-3.523984983212626e-06,3.1343046659862155e-07,-2.2658904224317474e-05,3.023681956536756e-07,2.359661171501731e-07,2.450974431141952e-07,9.653272849216343e-07,2.1884261992279998e-07,3.955787211021287e-06,4.6576668651025845e-08,1.3555689064876907e-06,-1
9.833130473316701e-06,-5.533834949712588e-05,-0.00012128857723251558,2.083300047482274e-05,-0.0001872143411175291,0.000247476551831472,0.00024718895828331237,0.0001735047239461305,0.0006177852476418654,0.010475267658165307,1.5783280943731767e-05,0.0004011743570859886,6.6146315803712325e-06,-3.911595588666469e-05,0.0004949828783947454,0.00039305223218621504,3.894336889758223e-05,6.968957707494415e-06,-3.442805462232733e-05,4.858932601367839e-06,3.1487360259344507e-06,5.485737207243303e-06,1.211782982866548e-06,2.5983358125944104e-07,2.1780058103604903e-07,8.567854458471702e-07,-5.647158819834e-05,4.6121812226470564e-06,2.8394724798216036e-06,1.1429845033163832e-06,1.1998727864659834e-06,4.848126132470749e-06,5.368903860661708e-06,8.815828474833074e-07,1.0252540150792602e-06,9.452475818754059e-06,-5.1939536486310744e-06,8.134697989818827e-05,4.738773093329904e-06,4.979740143850263e-06,7.92357607271915e-07,9.318089480690124e-07,7.393734488998344e-07,1.6843902649179952e-06,0.00029584541120211574,4.010090679769784e-05,2.329266077868779e-06,1.4063483061957367e-06,-9.41121934503342e-06,3.825063991168395e-07,2.4460855457726835e-05,-3.6694396224636628e-06,4.25536821972478e-07,4.2748394836177544e-07,3.503108177268779e-07,3.2051066527429386e-07,5.224128187426987e-07,1.1567882805808204e-06,5.480272924368978e-07,2.831306335960911e-07,2.778717094232021e-07,3.572232358198889e-07,2.7442387301028966e-07,3.0256417801232787e-07,3.2582293576270546e-07,3.5458123521088206e-07,6.807472964559795e-05,2.0530743237673435e-07,2.2212852293355639e-07,2.8681590384184237e-07,-1.2145862138308138e-06,1.8281912398738857e-07,1.1335866963151395e-06,8.163440982521984e-08,-6.552012661381672e-07,8.883589852369166e-08,4.27398844701242e-08,6.503784595315867e-08,-1
1.0432720564195235e-05,0.0003102329473310516,1.855078767280656e-05,8.346523081991383e-06,0.00020645487850227975,0.00025694224107925494,3.6161417891667e-05,3.7177781344375187e-05,0.000316295540710875,0.0003156501071831281,7.878399944771679e-06,0.00035021097769589397,2.187231192032126e-05,9.909540580747095e-06,3.793043832461558e-05,1.3889588170094906e-05,6.147607941220444e-06,3.4805644145654164e-05,3.137819771991179e-05,-3.118190075511513e-05,-2.793406029784306e-05,0.00022028497043943026,2.923502373464277e-06,7.710955333959294e-07,2.654251535587552e-07,6.3845506849487185e-06,2.650924508400987e-06,5.097450370433435e-05,-6.917293687140735e-06,1.1395116933087982e-06,1.3511935446030141e-06,-1.5870982017024046e-05,3.227814488210972e-05,4.037732557908657e-06,-4.295401954170909e-05,2.4197748012425653e-06,9.962806939152238e-07,9.884261308362499e-07,2.2147888064085505e-06,6.087024118723411e-05,-5.790248208711374e-06,5.116104991021326e-05,5.045484486443891e-05,4.933642918956581e-05,4.913152902327688e-05,8.240257197609235e-07,1.8085400627003385e-06,2.4072404492463575e-06,4.288478246547747e-06,1.5550117096768754e-06,2.2726470724065541e-07,3.224234377624369e-06,-4.450333575319313e-06,6.980754792453187e-07,6.158732525959946e-05,5.635783956131402e-06,6.815007140457312e-07,2.6964722032536114e-07,2.5205998064800787e-07,2.435543354977167e-07,-3.255354121477287e-06,2.5518118879519004e-07,2.336830913402537e-07,-1.3431531778510055e-06,-1.3549435431591783e-06,2.13631031992565e-07,0.00010014595398499938,1.973893347059011e-05,1.455508932609594e-05,1.9560808179173968e-07,1.7922344119811807e-05,1.7599265482000923e-07,1.49269008262864e-07,-3.485636794456822e-07,1.326509847309595e-06,1.6158980762132325e-07,1.3930756321240343e-07,-3.190129035525628e-07,-1
9.982083354048287e-06,0.0001824269214312469,0.00011467097571646616,0.0006699746600572914,-0.0009985266863879578,8.386344692636309e-06,4.845014679921675e-05,8.06180877400337e-06,7.983366161386576e-06,0.0013337106195564058,4.6769804600065867e-05,0.001311385907415582,7.5471171512409624e-06,2.0778868304556562e-05,1.707452817872797e-05,6.831582171167145e-06,8.638547669711788e-06,1.3985934269923528e-05,1.2623442163787325e-05,3.452400176120605e-05,5.605356699619239e-06,6.54816583165289e-05,0.00018165636505784028,1.1344847826797524e-06,9.105517997015399e-07,1.3239373934487798e-06,1.9729174257110695e-06,3.944046489910058e-05,2.582273453102074e-06,2.503354850247658e-06,7.4936868203059805e-06,1.0687880289299454e-06,5.943242457697516e-06,4.0187372057606566e-05,5.140284866009721e-06,4.5697811395722006e-06,9.931427878391648e-07,1.273437567670845e-06,1.7361985212618632e-06,1.7217703198806417e-06,1.8541519624875132e-06,4.0403092167878573e-05,7.693854386283478e-07,7.665821007009708e-07,4.013775624697028e-06,7.463593865748702e-07,1.7732304346260949e-06,3.469273885535882e-07,9.41040538027214e-08,-1.5170693429708395e-06,8.510075048991696e-08,1.4288604256928923e-08,2.183580716547397e-06,2.0244362369682732e-06,3.380385374871701e-05,3.4060113880745773e-07,-2.1914229641497787e-05,2.3588220721403866e-06,9.212317466508976e-06,6.793150573041346e-07,6.524737586601415e-07,1.3739248072044689e-06,2.6557830407074225e-07,2.61179970600631e-05,2.363359292595732e-06,5.845659608789543e-07,1.5268413721245387e-05,3.258651387483048e-05,2.535798749825582e-07,1.3464188433385383e-06,1.4244636947911935e-06,4.666449582528545e-07,2.3793525970811915e-07,1.0086562272168602e-07,1.4941328876945429e-07,8.687891107392262e-07,2.0482545468351365e-07,-4.276981264535703e-07,-1
8.585755890928002e-05,7.723834787446019e-05,0.0005215860340767196,9.275050653152315e-06,5.447994173373178e-05,8.975634636278833e-06,0.00014389027176033774,8.795831822752593e-06,8.921251698931123e-06,4.707821703368553e-05,7.748846291559976e-06,7.634514206262429e-06,1.4607390949488348e-05,1.3438728851054594e-05,6.759199283263785e-06,1.850510076144146e-05,5.30734172730163e-05,6.1898828172654115e-06,5.84704656011119e-06,2.966530842858853e-05,9.929114958467898e-06,8.769330117410021e-06,1.6427380125086865e-06,5.233372505370362e-06,3.2508520141240363e-07,0.0001611482098000846,4.883796706653321e-06,1.1863967329517755e-06,1.1793939337548108e-06,1.143172030443705e-06,6.692085278135694e-06,1.7174294576820255e-06,-6.951769858271255e-06,1.0532058292386393e-06,2.446169404617996e-06,1.0050021671733936e-06,9.862897808389825e-07,9.183734217684129e-05,1.2852027295947164e-05,5.683442424465492e-06,2.5973585380695703e-06,8.40348519157694e-07,1.080999440032426e-06,7.583023707704984e-07,4.335570999374568e-06,7.153866873202778e-07,6.211108587930429e-07,-3.635617144511462e-06,2.4922258530998262e-05,7.90078528742358e-07,3.2315980985203996e-07,1.1997828119390656e-05,2.996502631881448e-07,3.058431643155421e-07,1.1560091366539007e-05,0.001966193153548891,6.107786704181176e-07,2.863255508279687e-07,2.7795489335945006e-07,2.634757034089526e-07,-3.945213349625981e-06,5.670777824686825e-07,-1.6148247031259745e-06,2.446506946314686e-07,6.376927110669044e-08,2.730527959343489e-07,1.8351650586945552e-07,8.54154084013877e-06,2.8937176939169563e-07,1.2610414758766974e-07,7.400517535197156e-08,1.8492630022958338e-07,1.7283944908778647e-06,8.078335213781132e-08,-1.2517035413932105e-06,2.4381864885938275e-08,6.490428040888609e-08,3.395429937408507e-08,-1
6.066526462418008e-05,1.2443228739814981e-05,8.92603686768347e-06,9.758783397245463e-06,-0.00033061502730525585,8.39867540810825e-05,8.155346745694966e-06,4.682537066338843e-05,4.4385892087553956e-05,7.222398783569734e-06,7.18033880812431e-06,6.928809858279374e-06,6.7132269882578915e-06,6.5139248498961975e-06,9.556558625930996e-06,6.0862521805896444e-06,2.8045376438624853e-05,5.883070188871061e-06,-0.0008121926834801505,1.1565466628310123e-05,2.890473029043819e-05,4.483660277832112e-06,3.475689303717011e-05,2.699950801473615e-05,3.820536571681613e-07,2.527595912222641e-06,1.2425625671093581e-06,0.00013261289440165587,1.229237403803945e-05,1.18202226677405e-06,8.353928209686445e-06,7.416026351934287e-05,5.9511202409405724e-05,1.1280323445409477e-06,1.8766122556539074e-05,1.9609365129238614e-06,1.739566210227352e-06,9.223904987552455e-07,8.824021804599107e-07,8.161674450657262e-07,-4.897904524248189e-06,8.383342915754578e-07,1.6403248032509217e-06,2.7346254606863284e-06,1.4587651145425422e-06,1.2686251224068868e-06,1.2394765134333907e-06,1.2237731958307734e-06,5.366185715588767e-07,4.66867384776193e-07,2.2480727998535233e-07,1.0812960623690917e-06,2.208745113826655e-06,2.180733917038796e-06,1.976616185860485e-06,-0.00015456292039003398,3.900762330513479e-08,8.947571031392515e-07,2.835377207178646e-05,-1.7835587746061236e-06,4.982431625768574e-05,1.3612040414902622e-06,3.0807633284597116e-07,3.473046331538425e-07,1.4255776398664269e-06,5.571689955609474e-06,1.564962158291879e-06,2.4537849587179573e-07,5.489178732144139e-07,1.7407617929334852e-05,7.095533113560449e-07,2.4252466043158846e-06,1.208418556276621e-07,8.08215999200558e-08,4.3198529207180877e-07,1.220369864259136e-06,-3.557241256938595e-07,1.6731922235981105e-07,-1
2.3610998694384772e-05,2.2114651288520458e-05,3.6614171611310535e-05,0.00013653661945952755,1.0766555608789105e-05,8.860116889148712e-06,9.177073928943471e-06,8.380081722041768e-06,0.00012201621434239322,1.814378756315523e-05,-4.811225984466548e-05,7.997755253638317e-06,-5.454078717765012e-05,-4.7128692381400294e-05,1.7479691100778693e-05,7.337582798922243e-06,5.743433941074859e-05,0.00036090324158798636,8.132600468552894e-06,5.3591463414634155e-06,5.690750102193759e-05,4.115494039063657e-06,3.349412514083692e-06,2.0446105949137634e-05,0.00013651985641227382,6.977101628989637e-05,7.58315807802251e-06,1.139387209826716e-06,1.0929459869390625e-06,1.0968502006505736e-06,3.2059813097410032e-06,9.759017194282428e-06,5.9583212715371095e-06,-0.00014846628406299506,5.527206523221532e-06,5.506176535498822e-06,2.0287028635086887e-06,9.056456716848324e-05,5.164071112708248e-06,4.885443637422147e-06,4.554244940383951e-06,8.430952626601617e-07,4.223481652255612e-05,5.160462343678477e-06,8.702164604516678e-06,3.833882547798736e-06,6.738273429204711e-07,5.496995981402175e-07,2.760238842303009e-06,3.4208211499914195e-07,5.423465904262808e-07,2.437325881452949e-07,2.850819388059622e-06,2.219637389793753e-06,4.9115886815428105e-06,3.4977018154688657e-07,-2.0115832272536527e-06,5.329269324456955e-06,2.8275978541712697e-07,2.734645454817184e-07,2.692158239253284e-07,2.6607746288969865e-07,2.387316372889966e-07,1.4014322853180905e-06,2.2916566081565685e-07,1.1894215417438223e-06,4.185074744026979e-07,1.7632965829391726e-06,4.0705642366614466e-07,3.9080829035107454e-07,1.2173219095261052e-06,1.9359905977299098e-07,2.8960756461266435e-07,1.7291384621340485e-08,4.570204100414102e-08,2.166219938309389e-08,1.9577624247961475e-08,8.097686769315661e-09,1
5.5358707154032536e-05,9.033797909407667e-06,8.883265168560264e-06,1.9033698239205108e-05,8.848246186542051e-06,5.2375089886080735e-05,7.685119362580377e-06,9.062315733608211e-05,6.689737459459647e-06,6.5015505418122815e-06,4.535491855535981e-05,-0.00012814320777972254,3.459494368788196e-05,4.382234319592709e-05,2.9510850427137782e-05,0.0002978985104152699,-5.1114343290115565e-05,1.8796439009867e-05,-1.875442171019143e-05,2.9786764028340705e-06,1.5297773965067511e-06,9.448468614336783e-06,1.663885678657606e-05,1.679724172973023e-05,6.832318682837803e-07,1.373534713366018e-06,1.2137546474809788e-05,1.144190060429844e-06,2.511032015357032e-06,1.1118421757490913e-06,2.391304939164656e-06,1.4804822844112436e-05,2.267973445394404e-06,-5.6287208418128515e-06,2.0052639271801273e-06,8.631054270563657e-07,3.0019261597946695e-06,4.493189472724156e-06,7.285208726174936e-07,8.746071858695701e-07,7.327599242410926e-07,1.1172107889138455e-06,8.186258931881083e-07,4.968813024332845e-06,1.2569700905605202e-06,7.1152737089521745e-06,4.1779942405208874e-07,1.8015758167808746e-06,6.124243711237799e-07,7.4560776953534005e-06,3.012428689795853e-07,-4.916404729172966e-07,3.7395766466200923e-07,2.223494166932246e-06,3.1106205215215742e-06,8.143740532036792e-06,1.0151879558216282e-06,2.913486656377402e-07,-1.7477021626396338e-06,1.6766551404209911e-06,2.731322627635205e-07,2.8144803589765205e-07,4.289941203732889e-05,2.2619903956839506e-07,2.8060736388898886e-07,7.958848324436718e-07,2.1662997421996626e-07,2.1139677985754554e-07,9.521733407216383e-06,1.2138457148659262e-06,0.0025689482107225134,1.1577717436928565e-06,1.0767760075539777e-06,2.1395968905231925e-06,6.543311657793172e-07,6.557454162251256e-08,2.029844315898552e-06,5.011206100870084e-09,-1
1.976898822337597e-05,0.0006954677938576266,1.5656005974958535e-05,9.059792395065845e-06,3.491221655064106e-05,0.00011226912270322772,5.1098631911172813e-05,2.042851544270077e-05,8.002680556468328e-06,7.890516507630685e-06,-0.0011384592247906283,5.957143612548838e-05,7.5135928228781935e-06,4.171129241872369e-05,1.3343940309544459e-05,0.00018677637611336304,2.3314356891390153e-05,0.00010134145608987753,3.4206836757429104e-05,6.210121643716221e-05,0.00010149827680150355,5.391535338866244e-06,3.031821519931281e-05,2.7063839015937792e-05,2.8142009039140304e-06,5.608563667913557e-06,7.491910337141659e-06,1.187449906510103e-06,-1.4730955642176764e-05,1.119162891574586e-06,2.3792122799006385e-06,1.0867703332077386e-06,6.5933071602236165e-06,1.1790524753445972e-05,1.1327894667010264e-05,9.536045440828977e-07,9.512677183995999e-07,8.87979721022148e-07,8.237993180561129e-07,5.1465868070916936e-05,3.745541980955516e-06,-0.000196567437971894,1.642412650157534e-06,1.7099130256912844e-06,5.5092921844467594e-06,5.5128314299474194e-06,3.01858697310162e-06,5.946151845090056e-07,2.556613484183521e-07,1.4347013474345842e-05,8.522552057761544e-07,1.1788781248594529e-06,4.3198916998480973e-07,3.3989162699790633e-07,1.100021507125579e-06,3.1427219349184353e-07,4.1214887871849475e-06,4.145953315139826e-06,-5.0194876525318525e-06,-3.4967434011157556e-06,2.6536482832940707e-07,1.9226733887450606e-06,7.426903434000472e-08,5.61168259847433e-07,3.196686766875429e-08,1.1263850760803539e-05,5.464322521171188e-07,2.4148376588439405e-07,2.3950883075027104e-06,1.5474052742669955e-08,1.4652257365748012e-06,9.780308243402013e-08,3.001777645206232e-06,7.197958224851667e-08,5.763429139067026e-07,2.11757198665795e-06,1.595225211277763e-07,2.2325669493254074e-08,-1
2.5512960580037e-05,1.2118007403591217e-05,0.0003112553529912056,0.00015096950758457657,6.379936150319184e-06,3.122341862358633e-05,2.7397608070200124e-05,6.016317444335658e-06,0.00020600572753046547,0.00022044504396212354,0.00020578064063000507,0.00020530097665799976,0.00020530097665799976,0.00020530097665799976,0.00019040346967405801,0.0001901133434469728,0.0001912296929875544,0.000192560727253494,0.00019057133017354983,0.00019234817761462156,0.000190357571099183,0.00019522707013895185,0.00019590487157296473,0.00011767943478069266,0.00012400361797856556,0.00012400361797856556,1.638560002646453e-05,0.00010419823243600815,1.139784934530676e-06,4.3640270688301325e-06,6.387328988896602e-06,1.0495640046149736e-06,1.0411316645018394e-06,6.01322682223501e-06,9.466439057043684e-07,9.27964887797956e-07,5.281316842711371e-06,1.9131413801320695e-06,4.664249878193224e-06,4.927439068264096e-06,1.9052497644455534e-06,1.9410040901964413e-06,6.739419173582805e-07,3.927593927762273e-06,1.6726654066155803e-06,2.122942503301632e-05,3.7504883150093313e-06,3.7688989810262835e-07,2.0241865379275754e-06,2.6077984105722167e-07,2.006769611573672e-07,-1.5503310674914638e-05,7.480526754262362e-06,3.360136174614303e-07,3.027906949599775e-07,2.999374824319784e-07,3.4952944407269965e-06,4.352029758155439e-06,6.082573031645969e-07,9.924238741588676e-07,4.441779856442528e-07,2.641426343534442e-07,2.420950830007238e-07,2.315420855931358e-07,1.2828504069465753e-06,2.1310092270245523e-07,2.0654615183112058e-07,2.023346077718158e-07,1.9379152064293487e-06,-1.0573368476781815e-06,1.1033278163528514e-05,9.000261210135889e-07,5.457744170204566e-06,4.565181323938975e-08,4.264929746936926e-07,1.168655145436747e-06,7.12303940888644e-07,1.2033372772468935e-08,1
-0.0012678874235046327,7.212679003113526e-05,7.070151588407142e-05,-6.354129799940921e-05,0.0002240452608750515,0.00011692275075264507,1.0129564130999573e-05,6.0513445129133756e-05,1.0067978211064716e-05,1.5620068820989095e-05,9.654472748644965e-06,9.548896885899496e-06,-0.000163828466616344,-0.0003247905334897954,5.782643907924309e-05,-5.251924040803359e-05,8.552870205101512e-06,5.216664476922138e-05,1.2571946077404147e-05,4.237529914228231e-05,0.00021980226426307614,0.00018555950024104,-0.0003459716389408666,-0.00021456643639123363,5.076245102537857e-06,-4.767733753820203e-05,3.7973640553312797e-06,1.9968136373046593e-05,-5.35132786908572e-05,2.207967561863759e-06,3.260267311026502e-06,1.5779248534041857e-06,2.592690365942463e-05,5.167761960073281e-05,2.3899480183321107e-05,2.5792981821006423e-05,2.368973659193785e-05,2.374508515059755e-05,2.3819560970499748e-05,4.74175497824869e-05,4.6751209306791076e-05,4.747466468040367e-05,2.490198732289906e-05,4.7531779578320466e-05,2.5126670126869004e-05,1.675971718587158e-05,1.5422959518550252e-05,1.6609313366041357e-05,1.553666741109566e-05,1.7202564944743827e-05,6.176623097005168e-07,9.194094744548621e-08,7.321847490139249e-07,4.17150885499955e-07,2.0028237852605985e-06,6.545932725148295e-07,1.979155588983281e-06,3.1693624361053543e-07,1.7816968362177806e-06,2.2271210452722258e-07,2.346740850928945e-05,3.3749214371271885e-05,2.903027142533252e-07,2.7828121566215534e-07,2.780038276359376e-07,3.572676534688257e-07,1.5931281987368374e-06,3.5154330832724966e-07,3.841527197086268e-07,1.473296571410776e-06,2.593438666200427e-07,1.454664417689731e-07,0.0002246458730384487,9.942255005397452e-07,3.394470069388434e-07,6.434394517172307e-07,1.154854647404771e-07,1.0977499946915776e-07,1
7.616819911471153e-05,0.00011689387497252264,8.722571684078373e-06,1.6983938419672325e-05,7.96430645870332e-06,5.847729642289204e-05,-8.48751842479762e-05,-4.36279731788378e-05,7.271328863139634e-06,6.996125835354373e-06,6.4370010970491495e-06,3.4751708070049465e-05,5.9669049229476125e-06,1.8724469911883672e-05,0.00019462717880093584,0.00011622809073254435,1.132184015260126e-05,5.6231158431835635e-06,0.00035156925066404175,4.067515042298334e-05,4.772570140012764e-06,5.161348945347913e-06,2.7692168885490077e-06,1.1291164693023609e-05,4.2934563323244975e-06,9.99840306299122e-07,-0.0001584859279380791,1.2873149918655086e-05,3.384669134637675e-05,0.0001339170394387754,7.841317280848575e-06,2.786953715774743e-06,7.636764046779228e-06,1.2727940077965382e-06,1.2694947620857425e-06,7.610370081092863e-06,1.2750244631246358e-06,1.1947118593077022e-06,7.6142152653533e-06,2.3181263222458855e-06,7.228304884905386e-06,1.0680148903605235e-06,9.747765427174325e-06,8.050759803631279e-07,7.93446953643984e-06,9.045050597874135e-07,6.345306378172321e-07,3.0950304750522155e-06,4.6274635212288144e-07,3.1946894322115955e-06,1.5030828785291843e-05,3.010442223827185e-06,5.1464452987252035e-06,3.662516637820522e-07,2.8228485523886355e-07,3.6030415423571817e-06,6.077216814590621e-07,1.0093278511259724e-06,7.665494393552199e-06,7.71897334329908e-06,2.1096115868955384e-05,2.1096115868955384e-05,7.562139623401939e-06,7.122511754188529e-06,2.1057543637278086e-05,7.041234942480475e-06,6.926105082487568e-06,7.0332836563560995e-06,2.10998509690683e-05,7.394588423993801e-06,7.23932066329932e-06,7.397181367496889e-06,7.064875536061371e-06,4.267803874221299e-06,4.612373328863055e-06,4.591069556068602e-06,4.6230252152602815e-06,4.753682875242992e-06,1
0.0004897166608537896,5.1338218043664e-05,6.110642262259711e-05,1.0084950437838953e-05,0.0002073032732033306,0.00018955960043062563,0.00027194454097818226,0.0004180133324387324,9.747152227767348e-05,0.00019032896350232323,0.000187857197155334,0.0001526230958599367,5.0814810846597905e-05,8.44623011029208e-06,0.00017845826039880228,5.9007840908636126e-05,1.7423084077008734e-05,0.0007315133761501164,1.3818262579115266e-05,1.3485196852674614e-05,1.3072829762795708e-05,5.8691233634996186e-06,0.00034357665527335403,0.0002757059033274449,0.00010997501297991977,6.592646024673613e-05,1.738269679244498e-05,2.6613169527696508e-05,4.024429526677633e-05,3.749611247166338e-06,-7.2866478101305e-06,-1.5179376653585921e-05,1.047822309834526e-06,5.7575346088749475e-06,9.95538307337915e-07,2.642426027799501e-06,5.2780020062390666e-06,6.119503059311221e-06,5.396604896171155e-06,2.0426300568647045e-06,9.165268807800303e-06,6.995331952622334e-07,7.950497898267206e-07,2.428957682511212e-06,7.868281126568778e-07,7.163456014661229e-07,6.279318837198628e-07,5.861787363211223e-07,4.677286994914991e-07,2.561895091136609e-07,-1.9233574539142574e-07,1.330239947454756e-07,9.581724488052753e-07,2.66940748517639e-06,-2.216794561376099e-06,4.7678333032055874e-07,2.616619553803655e-06,2.298591019754894e-06,2.5501458624453984e-06,9.37307987020858e-06,3.6083157904689587e-07,2.153258822865212e-06,-1.2029279018140572e-05,3.2098645458987863e-07,2.070723737990408e-06,-0.0002513596169168937,1.4618226093507092e-06,1.5694555237882337e-06,1.0688471267802972e-06,6.486553334683455e-05,8.063229208153538e-06,1.4601077605211565e-06,4.833477846569844e-06,4.162943764114284e-07,5.04776135395802e-07,8.386186282367254e-08,3.5693350901639795e-07,1.5113327577439407e-07,1
1.061063792165546e-05,5.4209275095439045e-05,4.979303195218318e-05,4.979303195218318e-05,8.284836788158898e-06,8.277835852889748e-06,4.9456987059264e-05,8.228829306005701e-06,6.053975243170705e-05,1.6372050356996078e-05,9.203928664575617e-05,4.176360445099063e-05,3.9663643447209884e-05,7.3392156299370605e-06,1.4197648825030793e-05,6.2106693524759845e-06,2.5794912055755875e-05,3.4378380630694276e-05,3.5589719099875255e-05,3.588536112357002e-05,-3.179853896954018e-05,4.803178415067495e-06,0.00014939571910558118,3.4744950234862365e-06,2.685614289884377e-07,1.5663168520581192e-07,8.239042929923849e-06,0.0001611318839667224,4.181990960144837e-05,9.344385692227152e-05,7.185025138887063e-06,7.030107447731184e-06,2.492797731710341e-05,1.3222921024902766e-06,2.6717126830526784e-06,3.052584398602748e-05,-1.0481394093362063e-05,6.145706078556593e-06,6.076990986133877e-06,7.040019906388451e-05,5.7792255856354446e-06,2.905882927769359e-05,4.057213071533765e-06,1.7015098792719769e-06,1.7047496122530415e-05,7.755491234549762e-07,4.218968182184607e-06,9.753970536398249e-06,5.887086883526968e-06,6.974585936743091e-07,4.6712545568962633e-07,-1.4837370496425843e-07,-2.148788638210981e-05,3.632849474601237e-06,1.113217615882332e-05,4.329402776760097e-06,1.0122385954465873e-06,6.5814546772954496e-06,1.1047820402486806e-05,3.880823369757504e-08,3.6871789160663525e-08,2.165825793440446e-06,2.5867543403018523e-07,2.459442521027531e-07,2.523625213683459e-07,2.3909419003569737e-07,7.491386183005895e-06,2.859950367568319e-06,2.0646766501199684e-07,5.24804011360758e-06,2.1631093273253702e-07,4.1062384989495293e-07,-2.439808377626148e-06,2.0599836078949813e-07,4.6631456282401565e-07,1.2729442674034562e-08,7.603995362361052e-09,2.2194936792090765e-08,1
0.0005224241912977575,0.0018335417970075957,4.752114848222828e-05,9.515058208382167e-06,5.613926778164945e-05,7.688135679679978e-06,6.754367905447792e-05,1.5705009760350283e-05,-9.450735083793747e-05,2.815279468879082e-05,5.659694224148191e-05,3.273210429698922e-05,0.00011261100966252639,0.001549114317407347,1.1551278921820846e-05,3.480266397437461e-05,1.3136750180166055e-05,0.00020421608945304887,0.0001063148198203021,1.1642893057986282e-05,1.2350720800661508e-05,1.9746855412255406e-06,5.310661796147964e-05,1.146162352862641e-06,7.784936457485116e-05,1.641112791191481e-07,2.449566317841364e-06,6.4026528433862104e-06,-1.9977862675202122e-05,7.514548729912747e-06,1.072522297859497e-06,-1.188069290962258e-05,9.408055808267994e-07,2.0465062946245097e-06,9.222720956214736e-07,6.78215365603239e-06,9.174019537421326e-07,4.7584591355420655e-06,4.747959330523162e-06,7.975818157805521e-05,-0.00030532787109376227,8.412650097037657e-07,7.545772375210308e-07,7.528272700178801e-07,4.448714887484407e-06,1.5176798435702132e-06,2.9824634814679885e-06,3.9928331991599216e-07,1.7968302454815484e-06,2.7943991973367563e-07,-1.1258649630962883e-06,1.81197514268388e-05,3.326231678671512e-05,-6.9666926593959204e-06,1.62974534607662e-05,1.548197527550861e-05,1.80689426232891e-06,1.76847422309972e-06,1.3869751872717459e-06,6.729836855494243e-06,2.526859871275057e-05,2.0146499580595044e-06,1.5443929105623836e-06,7.04901239837166e-06,2.821297662358873e-06,2.8794596587306635e-07,5.15711137167935e-06,5.01801405312045e-07,4.98864317777295e-07,2.3825873752555339e-07,4.912278901869449e-07,2.2809905194554757e-07,3.330040939062583e-06,6.337057900879744e-06,1.0988591710490042e-05,2.3070619163171662e-07,9.73020616788519e-07,2.139790054980182e-07,-1
6.352897202234805e-05,6.348452627598437e-05,6.170669642143833e-05,1.9562636765653433e-05,6.47699710410118e-05,1.3621234952566406e-05,0.00018075803233305392,1.074287648630709e-05,5.272865565598087e-05,0.0006021565138643372,8.349145430182622e-06,8.179518347511017e-06,5.298276450031538e-05,9.781490928741366e-06,-0.00010139226248330864,-6.912358382096288e-05,2.945154410749798e-05,5.162674094707522e-06,6.043192911202094e-06,0.0003488110162043102,4.379845553233497e-06,3.743517063722436e-06,3.949435062985024e-06,2.7025962245916763e-06,1.9628778242534326e-06,2.015021505422214e-05,3.090509031617175e-05,4.3314490220205625e-06,5.669169514200841e-06,2.2577594096942984e-05,1.1893822760477708e-06,2.1347322915085696e-06,-8.349403468256874e-06,3.390663339078915e-06,-0.00024105219311103374,5.721689662307519e-06,9.137406319425333e-07,4.091513037123653e-06,1.4529046295092157e-05,4.512405167803189e-06,1.338384052202707e-06,1.5094715729141935e-06,0.0003973133120802466,3.1109487872746396e-06,2.6941365081394327e-06,4.744412755428544e-06,1.784530853093258e-05,4.941549424578597e-06,9.478070175438599e-07,1.857923375529871e-07,8.886115366744716e-06,-3.0684913937515695e-07,2.2516250618616743e-06,5.779413136252407e-07,-4.360022074231507e-06,9.072467843856904e-08,3.257742615854376e-07,1.7710654891215928e-06,3.415822576375828e-08,5.5195006324775885e-06,2.5789351143077737e-07,3.3152118552722126e-07,7.395598742880045e-07,3.2681791881714088e-06,2.529071343052291e-07,4.373376669441964e-07,1.9686025245502008e-07,2.096719958901612e-07,5.222687031317388e-07,9.739956471272738e-07,1.1234408650969054e-05,-6.924321190578526e-07,-1.4475141315471816e-06,1.4788271107999712e-08,1.03496266568028e-08,6.444391879534489e-07,6.123489732774486e-08,5.812573777822746e-08,1
4.547929985103262e-05,0.0001967863770019145,0.000102944205682432,0.0001110590399428183,0.00031043105143425953,9.081175431915529e-06,1.3061304654563396e-05,-0.009531409749379988,8.855348574135321e-06,5.20924136816534e-05,-5.3865967413746964e-05,4.613584908391931e-05,4.604559810516577e-05,7.584015372107416e-06,1.3129291406740378e-05,4.360882167882e-05,7.125239563443553e-06,4.2300182486893575e-05,2.9749913142464775e-05,2.85369082269777e-05,-0.00095686721325308,6.4427910383906815e-06,1.4470533392840206e-05,2.9130450210614277e-06,-0.003894715386702846,3.5425773790552477e-06,1.3114828608254289e-06,2.445329595706679e-06,1.1854057437872554e-06,-7.249939086762184e-05,9.453739722338913e-05,1.775754113774477e-05,1.0595830625201567e-05,1.090180082056417e-06,8.720910889664514e-06,2.916079205623343e-06,5.972771505804762e-06,5.972771505804762e-06,5.772633959536312e-06,9.092915852129892e-07,9.074384597845776e-07,5.16666194444573e-06,2.2512718355058684e-06,0.0002684120992825834,-8.244430638865866e-06,2.0230786906175837e-06,3.2953066301152534e-06,5.007349806207506e-07,4.112140355376008e-06,6.427124737003833e-07,6.614399730394576e-07,5.756274106536844e-07,7.469858470566914e-06,4.9131274609000355e-05,0.00038896221763479183,4.64727646796585e-07,3.461790518150114e-07,7.906415894476183e-08,3.106261670499971e-05,1.080972318932388e-06,8.89613794119924e-07,1.123067598489927e-06,5.788452154618262e-07,7.861297920727745e-05,1.6712611732604404e-07,5.590635455237754e-08,8.263630749556216e-07,3.0019689043900372e-05,9.397832943565415e-06,4.865463029691131e-07,8.177872959007322e-06,1.8302034905846656e-07,4.3121826140689945e-07,1.4186938948379787e-07,1.0201039121428292e-07,2.6672918161053023e-07,2.8833097990685623e-06,2.3039006477539533e-06,-1
-6.270679276017038e-05,1.027736748034954e-05,8.563680009708777e-06,8.511449139524121e-06,7.10403685766228e-05,-4.608218086728517e-05,0.0001148819230004166,7.645144817104042e-05,-0.00010113564861262563,6.979372433196843e-05,-0.0001953910057432928,3.2330068199324616e-05,0.00014334563970652887,5.033078996389485e-06,8.99837905673785e-06,0.00012031838780798842,4.738972059299364e-06,2.5819309770830465e-05,3.593673326367129e-05,5.4775119735768314e-05,3.2785163982275457e-06,3.235534557411154e-06,1.890693573244417e-05,1.7430049763110164e-05,1.287711266667027e-05,3.100821594416272e-06,6.361384436692827e-06,1.2655181337688573e-06,1.445359866724525e-06,6.884275302715213e-06,3.8033172649180285e-05,4.3117884095683104e-05,4.346056667585934e-05,-8.981844521776876e-06,1.4196608613477579e-05,5.7724914202108045e-06,5.747021137963806e-06,1.0006483257863291e-06,-5.810642201096676e-06,3.3041087421101856e-05,5.530072316261854e-06,5.3213669278942775e-06,8.107452246590746e-07,3.6507696363196417e-06,1.6180340796159048e-06,1.8182324298312823e-05,1.7204943486240174e-05,3.2568757889068965e-06,3.591993574114809e-05,8.053488797988352e-07,1.944312788773151e-06,-2.485230140797398e-05,3.907823659909246e-07,2.3381096409287097e-06,3.7917208165667617e-07,3.992382149036761e-07,5.044901834283854e-07,2.0678573669428873e-06,2.06291569913379e-06,3.27131667494832e-07,1.9279985206070517e-06,4.037704007616359e-08,3.455589401589878e-06,4.753683766376175e-06,2.2121375947425045e-07,6.220442595815316e-07,1.9623246111227917e-06,1.6385219514001222e-06,7.895298079333828e-07,3.557763946378309e-06,2.296880656279596e-07,1.4334785079124874e-06,1.3110840666985047e-06,1.036090346000861e-06,1.7866543067148102e-07,1.5182396446498451e-06,8.445262936727968e-07,1.974735717453266e-06,-1
1.88579021562108e-05,2.0206556186141745e-05,5.496518644547204e-05,8.22533832749776e-06,8.31119327102056e-06,5.161387613067742e-05,8.240180068709608e-05,7.279245646891434e-06,8.77639385900628e-06,-0.00015656757918736263,6.968268056347204e-06,0.00012300509772431844,6.953316990873079e-06,6.421850812194562e-06,3.699906985116074e-05,4.827345536345246e-05,5.968115317199442e-06,5.527397563202036e-06,5.107562387770582e-06,1.2007815631244446e-05,2.9695085976483426e-06,1.9879730063698463e-06,1.7034329451999024e-06,5.856126751207471e-06,1.4447125426953915e-06,2.8341673882656827e-06,-6.4667735049082125e-06,1.0371112436105081e-06,1.004677781231461e-06,8.835050540546572e-07,1.2699113207125253e-06,8.710782475087652e-07,1.1877303750580246e-06,8.472146051741032e-07,8.261733013681736e-05,5.071397425189748e-06,-4.589311670695814e-06,8.34660043835102e-07,9.210396307172295e-07,7.222013701069057e-07,7.180025330691467e-07,1.7815001561790673e-05,-0.00010707090996356089,6.291348745486856e-07,0.0004990836115566346,5.094053093627287e-07,3.051183681692056e-06,4.598971162561395e-07,2.0695072256098558e-06,1.4660452575964336e-06,1.1143909528150669e-06,8.52033161870753e-07,2.154208310724292e-06,2.059858773347934e-06,3.402430110696158e-07,3.285334702958273e-07,2.806059580321397e-06,-1.9950358301387767e-06,1.635197316716344e-06,2.7197578131227005e-07,2.6389776160902045e-07,1.5817152552327606e-06,2.616693423805378e-07,1.566673425440503e-06,-0.00022553059950283221,8.950852701561623e-07,4.901735794820966e-07,5.452818078137541e-05,6.734194184560306e-07,1.8005348813736132e-07,1.767216028644106e-07,8.580361107830249e-07,1.4272746606027717e-07,6.296220074066126e-07,1.207526430110956e-07,-2.0074976191460545e-06,8.678247063394628e-07,1.5936743756070823e-06,-1
2.8576066855713645e-05,1.0762222691903657e-05,1.4780438452904945e-05,9.273712355407639e-06,5.114058076486129e-05,3.104074193488192e-05,4.905459905295209e-05,7.811376530289773e-06,7.626916611026001e-06,1.932310430813181e-05,4.4085228724035414e-05,-0.004645345052811938,1.2480383834776762e-05,0.0019908599442427163,0.0031319797916696934,2.643048424615201e-05,3.67327914551296e-05,6.446358917965023e-06,5.72415363414766e-06,6.366909003790338e-06,2.9713245047547736e-05,-0.0010911033895124127,3.764530056586553e-06,3.054392948863846e-06,1.623314315499247e-06,1.818107293623049e-07,1.12133329976272e-06,6.406192728176602e-06,3.093274836069771e-06,6.309935780131054e-06,6.8278474022773735e-06,6.451734516334678e-06,9.227330086269335e-07,8.777736004982738e-07,6.175774739643542e-06,8.360920699068738e-07,1.9678768594191283e-05,8.0391485135361e-07,4.2206760912874075e-06,7.84292285044506e-07,3.298878307504262e-06,-8.153283609352946e-06,0.00010004938589743273,4.31164531004247e-06,6.909246954002545e-07,1.763037091718249e-06,5.317652321300768e-07,1.388929070557159e-06,4.332438823102267e-07,2.129291181499878e-07,4.1878065022681533e-07,7.320158439009339e-07,2.1670411914524653e-06,3.25013288529107e-07,-1.2824426816498031e-05,2.1989980973053196e-06,2.800317098820851e-07,1.6248297440604578e-06,-1.6997450632206725e-07,-1.1860740011913546e-05,2.103461069818803e-07,1.2848240154301595e-06,1.3776131357486967e-06,9.858741003447363e-06,2.016311311170536e-07,1.8315055603293807e-07,1.0282020083306785e-06,1.8995170436902144e-07,1.5370616758792793e-07,2.3686096104335724e-06,7.889833392155906e-07,1.7033226528005165e-08,1.1670947982990232e-07,5.65378133945589e-07,8.354012635455374e-08,4.8294563038223394e-08,2.4194948281891452e-08,5.0338343887404924e-08,1
6.058120538877607e-05,1.0075555965230546e-05,9.20634562891055e-06,7.874117401226041e-05,5.002682723269237e-05,2.2479553630125982e-05,4.1678897696022995e-05,5.3581775454876257e-05,6.564490986109097e-06,-3.846466357040481e-05,-6.204071094741514e-05,6.1786377406059256e-06,5.8519462260553015e-06,1.3051215260097093e-05,-0.0020849789531070147,0.0003351999532017183,0.00033281271963388025,-0.002455187889872448,-0.002100781452823556,-0.023724770766267157,6.6739782614775426e-06,6.858001650754693e-05,4.626142092320266e-06,3.360231403149275e-06,1.9663056757343247e-06,9.17193636383296e-06,1.112252487698794e-06,6.6735149261927625e-06,3.1170430621718144e-06,6.641098503432943e-06,7.173294928400154e-06,9.958636144113959e-07,9.841603871874982e-07,5.867151896709318e-06,9.391479747878906e-07,5.505252101016474e-06,6.815955934205173e-05,1.5600479793470952e-06,5.550953790395939e-05,8.568507224826921e-07,1.0427263960606142e-05,-3.833709996863153e-05,7.857179028655847e-06,7.216199390948709e-07,9.776533525855517e-07,7.125045245200984e-07,3.714155630943467e-06,-9.751563547200156e-05,2.5958206388523234e-06,4.705662570733191e-07,-1.0465198709283845e-05,-2.3267473214601753e-05,3.540453753001449e-07,1.607586048701576e-06,2.6187159137246355e-06,4.153086295417481e-08,2.847439133621041e-07,2.6716547465857836e-07,1.5651949341547738e-06,7.305344223595174e-07,6.074889333769946e-07,2.4961765954996125e-07,2.447190568229058e-07,3.1520451963626923e-07,7.288432812663438e-07,2.5230922169667946e-07,2.4683891645171165e-07,1.4130086618531329e-06,2.339898062793079e-07,1.3380660755381658e-06,2.3057080783064587e-07,9.824907942386992e-07,-3.0197346701307213e-07,-8.380215447755723e-05,-2.391984543867427e-06,2.2344066564732637e-07,1.9696690858142655e-07,1.9023966878264704e-07,1
0.0005278790007193263,3.913498243700837e-05,0.00022474708469116293,2.5108553074303753e-05,7.972836670818194e-06,0.00019472745432789888,7.570432000624421e-06,4.466014104969516e-05,1.9491258537470045e-05,0.0004191324664822868,0.003840086351407237,0.0004073461002413643,6.842537767002984e-06,-4.182369466627733e-05,7.0875953663914834e-06,6.225831625846941e-06,-3.706637745210729e-05,6.15894009811647e-06,5.821345163171586e-06,0.00017636495478837145,6.288979562051838e-06,5.358497610494854e-06,4.419483850367174e-06,3.2339306258221193e-06,1.571951063395879e-05,2.5471517347509603e-06,1.2070534800553812e-06,7.119779182830859e-06,-7.4288060357751045e-06,-1.0296894993837674e-05,9.206258663065813e-06,2.145037169773314e-06,1.334302465195315e-06,1.0712720434731882e-05,9.850778906180765e-07,5.556007689740412e-06,8.686634145579208e-07,3.273035980117186e-05,-5.413175304733507e-06,4.506191423237666e-06,1.6314019075121367e-06,7.06307902978297e-07,4.195160707771051e-05,4.2038857904751437e-05,4.179052862778881e-05,-0.0002601190436271748,4.1979568602476056e-05,4.140928502793696e-05,-0.00026591298971378536,8.194557212750023e-06,4.971953821560148e-07,4.304593154772631e-07,2.253197452327797e-06,2.1571266120554362e-06,-6.539144292897236e-05,-6.272887707202585e-05,2.060824967868364e-06,9.289912283181386e-07,3.444808176775071e-07,2.6162903992261887e-05,1.1798084714109531e-06,3.478325832547743e-08,4.041031237409708e-06,1.0620418228183239e-06,2.8168587627390864e-07,3.07294944912667e-06,-4.113617350398293e-06,2.6726664410921144e-08,2.638905646370735e-08,5.847135334700416e-07,3.6290297668604835e-07,1.8359645950304243e-07,1.4269163700561419e-07,2.99615036863744e-07,9.553282314909945e-07,2.1218238866795982e-07,7.846866808045029e-08,1.99724044577348e-08,1
6.09039562949852e-05,9.31609153425057e-06,-0.0018964104454136082,3.680788311320119e-05,-0.000447068888789037,4.669341012604527e-05,0.0001476917967285433,-0.0001165550146554097,6.0035214638326984e-06,5.969875637096719e-06,6.741553495969622e-06,1.6226007841313553e-05,5.515036225762956e-06,5.500991797720725e-06,5.125203870468759e-05,1.0209829235236165e-05,3.0924236830371995e-05,1.3346525412317326e-05,-5.173621116068713e-05,-2.6719332124255716e-05,1.1180092822499986e-05,3.940507898344464e-06,3.775792219510118e-06,3.585034025030335e-06,7.238789816077921e-06,1.406560831272749e-06,3.492305643338305e-05,7.035450454835072e-06,6.970004486941439e-06,-7.15043649343247e-06,1.0375297534536076e-06,4.593187154064376e-06,1.1469453440457323e-06,1.0089591132003288e-06,2.3351028132784236e-05,9.560111302800953e-07,9.969429237732978e-07,5.619581219256059e-06,9.222450630105279e-07,8.965205718248463e-07,8.119086279991993e-07,2.1159125748098846e-06,1.4200032104004746e-06,7.360347601842779e-07,1.8310806942266734e-06,5.160033982531879e-06,5.721779587665056e-07,7.91640430932636e-07,1.837378842771547e-07,6.003398181083641e-07,-7.891892087638193e-07,3.646211769449879e-08,8.013190671982522e-06,3.571192632370151e-07,2.0937778322717614e-06,-2.7514096428796687e-07,4.016578267273119e-07,4.465463637251369e-06,2.239445613283535e-06,2.69389395466951e-06,3.069835518520384e-07,1.7800561824145595e-06,4.354727510131092e-07,2.712150078634579e-07,5.030067371173878e-06,1.1373543668717049e-06,1.4613770954943982e-06,2.3735855834675397e-07,1.483257663810656e-06,6.299244224686411e-07,3.079058145764104e-07,-7.737057619246782e-05,-7.788011559886996e-05,-0.00010361806951737766,1.2414813081545123e-05,1.2269417786055394e-05,-7.774532588030128e-05,4.898034125873694e-07,1
4.180342008951426e-05,9.539762045139442e-06,3.425940680503699e-05,2.8626829696308907e-05,1.7143980893039975e-05,3.018688551657914e-05,7.64316136989663e-06,0.00015194048997215685,0.00011029020414017512,7.369869424826745e-06,3.141313344109038e-05,9.219925181180287e-05,-0.00039548340366720233,-0.0025363081427586982,6.416299789603607e-06,-0.0023930771351768744,-0.002377054188568388,5.4033352473124705e-06,2.991208683541529e-06,1.5700521075624634e-05,6.797107237149035e-06,1.1188107872017123e-06,1.2572478980289644e-06,8.53781892462848e-07,5.169347911931789e-07,2.2020847222780427e-07,1.940381621983436e-05,1.1182029528623073e-06,1.0566367588384158e-06,4.843274908575761e-06,1.2467008313818835e-06,1.0028748999549435e-06,1.2400484115406458e-06,1.0474813712038152e-06,1.0656135330617623e-06,0.002021264041344663,8.500316967271144e-07,0.0001245124539820545,7.373870819381347e-07,4.6935963952485855e-06,7.5475029281084e-07,1.9435394831954718e-06,6.854860421598412e-07,7.51083964870101e-07,5.119429866414765e-05,6.20367669830982e-07,8.406690211363826e-07,3.536941219446775e-06,2.561830237678895e-06,5.404153415878034e-07,1.5933456503172308e-06,3.5396429615940757e-07,5.148577882913895e-07,1.8674400589413542e-06,3.458917130345158e-07,1.7811544571454178e-06,3.0707440981605654e-07,2.764642975845909e-07,2.041896388991917e-05,1.5850508167001093e-06,2.673681335631644e-07,0.00019543370473880546,3.3104439845336946e-07,9.95704320128861e-07,1.9223636165636634e-05,1.4933974970926443e-06,-1.3556684650794937e-06,3.033690386208496e-07,-1.2914316302485694e-06,4.0046335792339167e-07,2.3113152946207852e-07,-3.5558293750233013e-06,1.636845870506361e-07,8.14330428574359e-07,1.3497933756334304e-07,-4.221912180391623e-06,2.59610225717824e-08,1.0803590427999642e-08,1
4.1498822052669833e-05,6.70849752746741e-05,1.1180829212445684e-05,0.0002970414415857703,1.1070443010112902e-05,9.336852471672879e-06,9.051612868754564e-06,5.061823652818002e-05,-5.023192296819017e-05,8.129780836942735e-06,2.399560645309563e-05,7.97008536086172e-06,8.874295624630012e-06,3.241137750259324e-05,7.58383384910815e-06,1.1593194459820534e-05,4.336412634614856e-05,6.898272469551932e-06,6.798117102147157e-06,8.127099043228605e-06,2.5836944466226443e-05,3.7526499217413176e-05,3.2585035868223946e-05,2.6046537747885637e-05,5.756988212714939e-06,4.59807039436062e-06,8.716723892542474e-06,4.190432598740127e-05,0.004046208981134913,8.474204030702522e-06,1.1192958484150461e-06,1.0557378697218029e-06,1.0188885494164217e-06,1.0326836684023158e-06,1.1695656020082e-06,5.545069500163541e-05,-0.00044984243888306573,3.2478316194686948e-06,8.024131284340733e-07,-0.0003184551640435472,0.0002519957288342948,-0.0002992374029413425,9.004953917913873e-06,-6.535297352327016e-06,-3.835637393591638e-06,5.480167110837955e-07,2.254157289021834e-05,1.7552849134033054e-06,3.545455709610979e-07,1.7186312142386434e-06,2.0476154974181292e-07,1.5715598725362055e-07,4.823158655357519e-07,3.7918302896603526e-07,3.2144597958610824e-07,2.726666559411626e-07,5.688746796039031e-06,2.944998726155022e-07,2.6635625296392023e-07,3.7455743926014635e-05,2.357296660342185e-07,2.2917985268332664e-07,2.3494816212862052e-07,2.0584181413216428e-07,2.032859699822514e-07,2.8203282588640606e-06,3.711437945301162e-06,2.4138196700589324e-06,-1.2576946470377256e-05,2.061435525657854e-07,1.8445762590064022e-07,2.2976580364110443e-08,2.0032858235850769e-07,1.4369308262245304e-07,1.3147031709465925e-07,1.17881904172788e-07,1.0761427716468929e-07,5.20948456026944e-08,1
2.5656375015929256e-05,2.0574551678462715e-05,1.1070329354827542e-05,4.565148353263888e-05,0.0008166589861920144,-5.459147221202254e-05,8.940629729741198e-06,-8.412692323434824e-05,8.834603627923825e-06,8.211951789214225e-06,4.8839741778974295e-05,5.25226172416844e-05,1.517033173911899e-05,7.929317136766258e-06,7.89367334850425e-06,4.1067903000016556e-05,2.1840239320103134e-05,6.331462083882591e-06,-5.3730137563558115e-05,6.433106747610868e-06,6.607750381596245e-06,5.332571634482204e-06,-0.00010690449940655287,3.102993975089138e-06,2.190833481214094e-06,2.6272304479009725e-05,7.5506058393236656e-06,1.3376073389674883e-06,6.874557109341444e-06,5.003669090879481e-06,1.0498511974709804e-06,2.999450806636954e-06,7.91666219459031e-06,9.560261376333849e-07,1.4049733469129576e-05,3.871719524032358e-06,9.052077875817516e-07,3.673973666177849e-06,8.519488879331316e-07,1.1316358057059482e-05,4.931402312627909e-06,1.6317241696297687e-05,1.2449129416249322e-06,7.512770723751266e-07,3.566468212284383e-06,7.303585723795641e-07,7.892890226632012e-07,-0.00022544666666985804,4.44417054471878e-06,2.6543414930518518e-06,3.0977239277671804e-07,2.1585220531588565e-08,3.6290579057567915e-07,3.7569947620914907e-07,3.138594085445378e-07,3.532065417479027e-07,3.4417652366449157e-07,3.7736980321103417e-06,3.7736612941348945e-08,1.080825954221913e-06,5.962239881155351e-06,2.818540931650185e-07,5.31878470754208e-06,4.62183255420361e-06,1.20290059980322e-07,-0.00010185867249104015,-1.388044124712868e-06,-0.012800311190150949,9.386514908540988e-07,-1.2522587885584277e-06,6.269931667668554e-06,-2.4204805008618576e-07,-1.4366111909061646e-06,-9.725618955703955e-07,1.3131317443003623e-08,7.163674796276775e-08,2.5174471248700127e-07,2.0520620330612696e-08,1
1.031118777758116e-05,4.959348610241185e-05,8.166356906696793e-06,0.00013380008813708178,8.364024988628444e-06,9.201677857175656e-06,1.5032787416284827e-05,7.2379027310744945e-06,8.132846441630282e-06,-3.839081953296155e-05,3.4709869546634555e-05,2.9943269101252638e-05,2.722204276542462e-05,4.565767784881517e-06,-2.83998139723699e-05,2.4543335591093907e-05,0.0004300209610547971,0.00037593767142314106,0.00037399845140558517,0.00037533914672636465,0.00037624890426546484,1.9524821471745626e-05,3.2187065512237924e-06,2.653104984760576e-06,-7.874308019111183e-06,5.443992991107473e-06,7.684981408319776e-06,1.942114686240984e-06,1.3837911693534427e-06,7.1503356383719236e-06,3.1101559652667744e-06,0.00011935169882309968,-6.807881488214174e-06,9.6956815599183e-05,1.313854271963738e-06,1.1527985203771325e-06,1.0094709179651238e-06,1.1259906084956004e-06,1.0058657740144403e-06,1.8307760005955928e-06,7.392646244822705e-05,5.240402128360437e-06,2.1469345200076343e-06,4.946387931624924e-06,8.01947396254441e-07,2.5993904400094416e-06,2.9925604170750563e-06,-6.546633553620529e-06,7.328709783753079e-07,1.948894124885452e-06,6.966642726258363e-07,3.2670714975679634e-06,3.7710880479502165e-07,4.141047856461365e-07,1.4330034264805593e-06,3.458093508026992e-07,4.509431997250773e-07,4.847658974605801e-06,3.000050695707117e-07,4.2937757258594566e-07,1.6013094503513067e-06,3.155366251604191e-08,2.4777810818633825e-06,1.7302254631091865e-06,2.3138009560818162e-07,2.3270180815493893e-07,2.2555094724070802e-07,-1.0031816411604985e-05,2.2041108243115664e-07,1.295865874371257e-06,1.2100322050926858e-06,2.1322178565610888e-07,1.401528948821418e-07,1.4355337569836768e-07,2.0295387328957676e-07,1.6792324326434512e-06,5.8753116124346125e-08,-3.527216697906882e-06,1
1.0570602003666657e-05,1.397425907733288e-05,8.535901244699662e-06,1.2689523509593065e-05,7.683738853920671e-06,7.573332989447222e-06,0.00010307535467780134,0.00021251653612568857,9.138508974457923e-06,2.080129787272827e-05,6.235573673785756e-06,-0.0007976100582809391,9.727621959015758e-05,6.54625879853026e-05,2.263788358007162e-05,8.311714325274118e-06,-0.00021697121920351652,4.3148197720035075e-06,2.322105767215734e-05,2.1817265384023188e-06,1.9355952248439876e-06,1.6908213564652336e-06,-0.000473071234046764,-3.702885266905027e-05,-0.0011713482185194194,2.671804589837965e-05,-7.857696519375214e-06,1.3147640853383547e-06,1.2852017740725681e-06,1.0979409302808752e-06,6.5344863975008366e-06,2.1100357542167426e-06,9.446046714444296e-07,9.559068350495937e-07,1.8842670709320404e-06,5.21580395465191e-06,4.531528729951162e-06,8.321827973098214e-06,9.621941354548878e-06,-5.41694176495746e-06,3.805473171398884e-06,6.659379949705081e-07,5.901571034240575e-07,-3.413385136052405e-06,5.547244688429634e-07,3.216734014127334e-06,3.046657368138082e-06,4.74655972600011e-05,4.0233831890297405e-07,2.387457142867486e-06,1.0012988716683802e-06,4.3150470048982726e-07,2.2516483301368424e-06,2.2151599826464266e-06,2.0964218645999755e-06,5.955863820970095e-05,3.4106390521990875e-07,3.2069113185843626e-05,2.2564075749916785e-06,2.9963080383692053e-07,1.330621986469507e-06,1.7715754850401481e-06,2.891368553613339e-07,5.412027831979892e-07,1.6860303932113295e-06,1.6559311942345229e-06,9.064038404068252e-07,1.5653830606529737e-06,3.1989374325641806e-07,-1.5658978788679352e-06,2.640396604664842e-07,2.1340442621983608e-07,5.099607487260017e-07,6.504811512909235e-07,-2.4903621197723113e-06,8.114198078570717e-08,2.7621887239538524e-07,3.9665225573494915e-09,1
9.411166294168223e-06,-8.963493307262852e-05,8.542899547820949e-06,8.017510960596535e-06,0.000328360942560724,8.594217639987317e-06,7.730883381837626e-06,1.2611238716781897e-05,6.796377041736162e-06,6.682003204377607e-06,7.778531173014899e-06,6.633514887500162e-06,0.0004630926923491423,0.0001574280021031547,6.1467017740564715e-06,5.950749240030225e-06,7.037848518078695e-05,5.0455288509000406e-05,2.5198350859009806e-05,5.597198205117919e-06,3.725573551039366e-05,3.2189573517276043e-06,7.691498684563292e-05,3.338694405175342e-06,8.572773952458083e-06,7.979443740205694e-06,1.3364401601319906e-06,7.855399936316432e-06,2.5802327572465273e-06,1.098537307570834e-06,2.463881848488692e-06,1.2538699210703804e-06,2.737040218773622e-06,0.0004632775654425707,6.856784797040616e-06,9.940657678311093e-05,1.896702670314445e-06,2.656456701571107e-05,-6.142754500609493e-06,2.3021340945110223e-06,4.149772443707718e-06,1.7317147835734657e-06,1.7130558511769505e-06,4.328979883825963e-06,7.507026459450721e-07,2.8297354475089526e-06,-2.8969602374572382e-05,2.9026322090196675e-06,2.4194940310549845e-07,1.0131687599117738e-06,2.8494984918784055e-06,1.2821868674547866e-07,3.772514030780893e-07,1.8903453014540292e-06,2.9593013149978795e-07,7.774034968036656e-07,3.9719217597319223e-07,2.3859626190015543e-07,2.386281410706311e-07,2.4071884157694445e-07,1.285550723949428e-06,-1.3809928462058092e-06,1.266151344313299e-06,-1.1753845673777526e-06,-2.3514701657187565e-06,1.8677670962113957e-07,1.1184586692680195e-06,2.23796328920615e-07,1.5018975175066264e-07,1.4038719548276148e-05,1.3933450776865039e-05,1.388103491554709e-05,1.390499669177218e-05,1.3443328650874072e-07,1.5085195069518912e-07,4.25471887004228e-07,3.168327270172105e-07,2.3979339226119933e-08,-1
1.0173955995420727e-05,9.305937459639491e-06,1.115614116093584e-05,7.112570541855043e-06,7.430282419914964e-06,0.002379014772212648,0.0023487722964650568,0.0022567249138311994,0.0022288170605561384,0.0022251700449121728,0.0013509132470596607,0.0013395007787527493,0.001323082474382649,0.0011996242378727953,0.0011897451765007347,0.0011699567962660188,0.0011565576207364261,0.0011386080428035642,0.0010553064084332306,0.0004592166335389745,0.0004520067253590633,0.00044958844794225166,0.00044619326528317314,0.00044168693710885644,0.00010378568165628945,3.0025109351472783e-06,0.00013142746337343198,1.1291259733617947e-06,1.0013014118090577e-06,1.0742772049984146e-06,9.663604227297032e-07,1.8430548664930754e-05,3.616918060813433e-05,9.466728280096483e-07,4.18243976406296e-06,4.035512147847348e-06,4.963300553337984e-06,5.937515142423957e-05,9.515046422362881e-07,9.853253371924643e-07,6.784922046992105e-07,5.624113957018194e-05,4.0236966896595053e-07,4.005942997947277e-07,1.7521608428172008e-05,3.7513840768784253e-07,2.8488112836293727e-07,1.2901147428794429e-07,1.0843516748901524e-07,2.709188129873853e-06,3.733035918754613e-08,3.007884585427842e-08,6.805538810140549e-07,2.4941258003486015e-06,4.019535920089488e-07,4.0046076142389614e-07,3.8911524897749566e-07,3.6405678702168265e-07,3.4346716837840503e-06,-3.32071762280293e-06,2.0689945067425598e-05,9.180391426188551e-07,3.548408834122991e-07,2.3945213788897903e-06,2.539549924829858e-07,1.1286715487413406e-05,5.169480884665266e-06,4.4216712737685724e-07,1.117250758568856e-06,-0.00038944079404883397,2.2465832350693848e-07,5.118721049339312e-07,1.2095860566448803e-06,-7.998857822355415e-05,7.565105591782104e-07,1.0750489663035806e-07,1.3735591962666207e-05,6.287345824692309e-08,-1
0.0006131849399177329,0.007176750226185316,1.0021573746536037e-05,1.2026735525936684e-05,9.032433646802755e-06,0.007629968360312782,2.9723496406537105e-05,1.472254674049896e-05,0.00017844676515634802,-5.95118596219796e-05,-0.0005004641578294735,-4.972118967015395e-05,0.0005441253582069382,6.782382140489779e-06,6.082770655340196e-06,5.684945574061175e-06,1.0108206277849921e-05,1.991483522091652e-05,0.00019412533011591834,6.034685522055623e-06,2.1718179599262397e-05,2.9895394857151604e-06,2.1369739783196405e-06,2.224608398648407e-06,7.388600573095582e-07,1.523497493650255e-06,1.196288751761917e-06,9.838040711647738e-07,0.0002978935189077613,0.000295180911907143,0.0002894360604722905,0.0002892081644068259,0.00028639684226927485,0.00028553152871287865,0.00027675010084379504,0.0002726747299035651,0.00027211993686142587,0.00027035529916657385,0.00026992951458678185,0.0001658216745570767,0.00013932242462952614,0.00013606649727541253,0.00013399818192894744,0.0001340704688482158,0.00013191330105415382,0.0001319370203675416,0.00013135467896732597,0.00013140977314765189,6.182704292471648e-05,6.12270736538973e-05,1.3351557321423813e-05,1.3272596327187424e-05,3.223498574890382e-05,3.1743589103012307e-07,3.1832080145517386e-07,1.5038332217894091e-06,-8.49283159673926e-06,2.805697791151192e-07,1.8235969256663678e-06,2.6896704354900274e-07,2.598836721757363e-07,2.388044919803807e-07,1.09186084920851e-06,2.7029840948189105e-06,2.1887476207731305e-07,2.857387592458846e-07,2.0411027567630566e-07,2.4332122009203973e-07,5.605915576792491e-06,1.7438763305141782e-07,1.2128734384590504e-07,8.418352731761375e-07,-4.942880185784172e-07,4.365826606662856e-08,4.016117314407972e-09,2.5449366423241776e-08,2.3618100336043053e-08,1.7933068890907796e-07,-1
0.0023340626463350172,1.1097938275231648e-05,1.1300435480174196e-05,-7.67337043577071e-05,0.0002643161626511709,9.266163610127415e-06,7.612264895046803e-06,0.0001666043300524363,1.0855194395035507e-05,6.413751252261066e-06,3.469859154929578e-05,6.0099421189064256e-06,5.802745774056056e-06,3.682959158645137e-05,-0.0010381878277850895,-0.002558785981537524,-3.531580479899798e-05,6.266323404557532e-06,3.656751659959985e-05,5.276349025469189e-06,3.2498468233190124e-06,0.00012390270663723842,3.01906223804743e-06,0.0012925089720537298,0.000511030466825708,-4.6779215748306e-06,7.258335615446134e-06,1.2793013613703276e-06,1.3790776341772864e-06,0.0010668084940183504,1.8530919081806238e-06,4.272290777239385e-05,1.441111932139839e-05,-5.682422310012957e-06,9.220723324580342e-07,6.9670917928219934e-06,-5.158597207545618e-06,-5.277303814333815e-06,3.935207742709424e-06,1.3368530136126646e-06,-8.68601151050592e-05,-5.61825583047516e-06,0.0007038059549704397,1.2635257847312401e-06,3.806578947368421e-06,0.00026163709849956474,5.319184720188501e-07,1.825138876973344e-06,1.1651277789645459e-05,7.918277021595341e-06,1.9599739653712224e-07,7.923299008947493e-08,4.508564943982822e-07,1.6339331498530848e-06,2.2865383401795166e-07,8.852298835366912e-05,8.803775362385006e-05,8.45006225773752e-05,2.592686508549668e-07,8.358240421597033e-05,8.050720357562964e-05,8.03572567423257e-05,4.9552290277800036e-05,4.363166571413751e-05,4.214036287226989e-05,4.15982988902918e-05,4.1529529049563105e-05,4.020864845234904e-05,3.997610302212905e-05,3.876986351632512e-05,1.7717759909408768e-05,1.767423224771262e-05,1.7662415233454677e-05,1.6949266648462215e-05,1.6415006205139817e-05,1.1585777887795345e-07,3.919724441933979e-06,3.7535450297681398e-06,1
1.1208354854826076e-05,8.95044766561783e-06,5.0901014786072844e-05,8.240542461087193e-06,8.491247785133629e-06,2.78830707828667e-05,8.701207804266287e-06,2.6323315464265196e-05,3.310955362870433e-05,6.790860220331617e-06,1.3075325924899326e-05,6.2961469198749895e-06,-4.227341684575164e-05,6.808455688162521e-06,5.5651947034325505e-06,3.02499951843861e-05,7.229763242154011e-06,7.857936337895334e-06,1.8596451154427107e-06,2.6586781429169366e-06,2.516578830094011e-06,5.314707885345196e-07,6.633883345500486e-05,5.446443320705454e-07,2.114299495467285e-06,3.1745086314421565e-07,4.629745396898159e-06,5.810851938354861e-06,2.000549961774666e-05,2.1185726322177855e-06,6.665360617005888e-06,1.8902556468769065e-06,1.4125544350217745e-06,2.5866988219330504e-06,9.098643020414125e-06,1.0584033711782498e-06,9.545141926507478e-07,1.04191145613078e-06,-5.1256580615672835e-05,9.515331118808504e-07,4.792587959570393e-06,4.901899858928958e-06,8.667315582700883e-06,7.820155673132694e-07,7.25343221757007e-07,7.204223469013331e-07,7.760256113062675e-06,2.192478412085813e-05,9.599603353606877e-06,4.0623085291487655e-07,4.0623085291487655e-07,-1.503892974001266e-05,0.0034641451182445587,5.1076949413973564e-08,0.0002825914207523253,0.00026069753779489645,2.426344735765378e-05,4.165165968268768e-06,3.023229969184382e-07,3.0184434400072923e-07,2.173884015595673e-06,1.2213544410135117e-06,-1.5812757770548974e-06,6.073409237322219e-07,-2.7500628945484223e-05,4.951307457824684e-08,2.2238610464440354e-05,1.4133146263703294e-06,2.606688722112739e-05,4.679725128634224e-08,1.9026527568808553e-07,2.539567837210554e-07,8.207356095902247e-07,1.1099826291936845e-07,1.0797790202360327e-07,5.003970655761808e-08,2.310576085260322e-07,7.259162834708231e-09,-1
5.381110149542851e-05,5.7756691253711797e-05,0.0004399488585230505,0.0008383344294633932,5.7691894764684844e-05,8.108031331688982e-06,8.036582199164527e-06,1.4634945925942866e-05,7.895510330761834e-06,0.0016781178116691425,1.0913739452837766e-05,9.933930935383567e-05,5.341678246937016e-05,7.422196221311903e-06,6.121702245259699e-06,5.9910401073255e-06,8.377208167188873e-06,5.997140329599157e-06,6.762083332684742e-06,8.216067728386693e-06,4.298177686493203e-06,2.4506545679613412e-05,7.987564029306784e-05,4.412708909158769e-06,-6.719183492277946e-05,1.7804484197112901e-06,1.271108524461316e-05,1.1194892426232153e-06,1.580716182492545e-06,1.1434017442769435e-06,1.1928934950700186e-06,9.335036037000877e-07,8.71288105041005e-07,4.094230031547987e-06,3.355154387729241e-06,8.673279109018819e-07,8.488575275414522e-07,-4.8003719036348995e-06,-5.284177105718955e-06,7.74418227514129e-07,8.026366821882472e-07,8.72269484725548e-07,3.792734136263774e-06,7.160993370642093e-07,4.973953403035978e-07,7.111903325781615e-07,3.474080778514117e-07,4.5909861417492043e-07,1.4127722057243535e-07,7.989162858306349e-08,6.504733689363863e-08,3.030661723819632e-07,3.6353774466392423e-07,5.577114512327288e-07,2.35965557096708e-06,-2.8419890502854488e-06,2.2631262879845675e-06,3.27428188853383e-07,3.3559715112774946e-06,3.431912448195339e-07,0.0001067131526714196,2.636708688277634e-07,4.070326242899898e-06,2.2259044884838613e-07,6.548784492486886e-06,2.6682309144493825e-08,8.120290415132642e-07,4.133213989494746e-06,2.5328386897294196e-06,2.997835332467467e-07,1.9542033427663665e-07,9.12603270423468e-05,4.7870702668656666e-05,5.410022464478469e-08,3.743613055087372e-08,1.892705432687807e-05,8.248728369913884e-09,-2.3767200617991365e-08,-1
9.86890448761278e-06,9.329909263491145e-06,0.0008743950084234077,-6.569059339721802e-05,9.458616058652986e-06,-0.002187106706886277,2.697456342382334e-05,9.171676735488882e-05,9.320143369595107e-06,7.69858059025246e-06,2.699345549488962e-05,6.1319816288923e-06,5.8086702639629945e-06,5.804261943795266e-06,0.000583887638026817,6.463258407512006e-06,0.00012358042179377155,3.9263705687287055e-05,2.388618446182703e-05,2.3211664289413575e-05,3.0495908020819046e-05,7.325725706413832e-06,6.46463136299176e-06,7.754499912549195e-05,7.647460989761032e-05,5.390283787547638e-06,1.273491024038196e-06,1.2503385084231815e-06,1.2514485446002756e-06,5.4993607315381314e-05,1.4068548442138622e-06,7.966442688707797e-06,4.297187219845447e-06,1.0135039164611228e-06,1.0846121861715203e-06,1.0512735997376256e-06,1.794457181637559e-06,3.472632707296329e-06,-9.042130034938982e-05,1.062723863947456e-05,3.813586809579741e-06,9.123925796065508e-07,5.5721436434080586e-06,7.546985993514635e-07,1.6272706097360485e-05,3.967000662881521e-06,2.9142065445301085e-05,5.240467231488981e-07,3.973126846318415e-06,4.391641741754724e-07,5.515886136448461e-07,8.885356691741123e-07,4.707809349856726e-07,4.115005013543662e-07,6.626928507881316e-07,4.7320697886077106e-07,4.5406707520137247e-07,2.6842095655276115e-07,3.256406140884069e-07,1.1002864184729493e-06,1.0115528326399315e-06,1.0023242318964487e-06,2.3405181437320332e-07,2.1805380398289756e-07,2.5216502548750083e-07,6.218912402959098e-07,1.2365160160797567e-07,1.0082365719776429e-07,9.109098841579501e-08,8.995173856073352e-08,8.59121869069799e-08,6.580969598165389e-08,-2.2430483965332635e-07,8.552886102391728e-08,9.320662333681522e-08,1.4443160333795553e-07,1.0606222093638929e-07,1.175743937571169e-08,-1
-5.4688908570080434e-05,8.652530426440166e-06,8.491514366078126e-06,9.346157178373895e-06,3.836937571564388e-05,6.87768269070348e-06,-3.6695232860678467e-05,6.054320315882003e-06,5.830936345994213e-06,6.801791474492456e-06,1.5450037415061127e-05,-4.1251392062163986e-05,5.323623048616571e-06,-0.0001570185379609001,4.31050789625535e-06,7.201802123459747e-05,4.857032462883728e-06,3.4692364694793916e-06,3.374509361182397e-05,2.5022929066400855e-06,2.5107909917271246e-06,7.815563525429332e-06,1.6680061538098708e-06,4.968299511299371e-07,-0.0001308940583182195,1.5564804283111853e-07,1.2558377345030484e-06,1.2259517810641808e-06,-7.084277083634056e-06,7.353046278524759e-06,1.0976512297727972e-06,1.6777533028639036e-06,1.1879411095993622e-06,-3.12181610009529e-05,1.0071837669788118e-05,9.850414759806159e-07,-0.0002553435030552872,8.394678377948848e-07,8.132249347326415e-07,7.713797554816275e-05,7.596902588759584e-07,9.085613764125624e-07,2.9947869816892233e-06,7.294555439685073e-05,3.344656444671681e-06,9.170765764797287e-07,6.967233685183063e-07,6.8884379327133e-07,1.3879602371662414e-06,6.986655406036971e-05,6.787615997490761e-07,4.0708083773616537e-07,1.750645862319598e-05,3.753861224322107e-07,2.8366279359139493e-06,2.181608893436887e-06,3.5921851345705767e-07,3.2769427564740744e-07,3.252799171241994e-07,4.017082171005632e-08,3.672512798105378e-07,6.646137709768739e-08,2.6368944646470483e-07,6.051620749797001e-07,9.961087874594106e-07,2.748961563448853e-07,1.4124395591036077e-07,1.4957661196896288e-06,1.6853006954122612e-06,1.2380975374864196e-06,1.788738818547533e-07,1.4582683513468436e-06,1.4172806531802615e-07,1.252300200694707e-07,5.133175412915847e-07,1.792679134570816e-07,1.3224656774675432e-05,3.2908728487930086e-08,-1
