0.0008519082124078059,0.0008516861996192192,0.0008614177601856063,0.0008516861996192192,0.0008509443824145151,0.0008510922684500872,0.0008628861797869719,0.0008510183254323012,0.0008510183254323012,0.0008657699574806301,0.0008509813539234083,0.0008509813539234083,0.0008503503900003072,0.000858440444112048,0.0008502395673412423,7.801262360840763e-05,7.750975499475474e-06,7.006329972899486e-06,6.458732777717074e-06,6.312229092024471e-06,3.5792486461577325e-05,5.352632491802197e-06,1.1459236937906205e-06,1.1785878635641427e-06,1.2692664583779249e-06,8.856148209807886e-07,1.249155217488179e-06,7.441601001674617e-05,1.1646654223884734e-06,7.119466652603105e-06,-1.0248272908152314e-05,1.0502521581909551e-06,5.952529658060015e-06,1.0113015628839518e-06,1.0475044899870024e-06,1.2960761293601826e-05,9.821353346779895e-07,1.0769685335116724e-06,-6.308702164898368e-06,5.619827285690723e-06,8.918337923790073e-07,1.0068137983382282e-06,8.61798231565866e-07,7.627707319594615e-07,9.615783771502239e-07,4.389931335014892e-06,3.2743983728009687e-06,2.9513993447425025e-05,7.090046633251548e-07,5.353393675873249e-07,-1.7419177032516913e-06,1.8224240697856107e-05,3.1256774441038267e-07,5.310792249932564e-07,1.5014096390899876e-06,2.4958965518434223e-07,1.4278471873952307e-06,2.7837744709930327e-07,2.2123565980401123e-07,1.8506118878543267e-07,5.085423342794805e-06,2.453118164500799e-07,7.584658644440181e-07,1.3462405750125572e-07,-6.378152185072991e-07,5.915582628653632e-07,2.3574851453882417e-07,1.817945297310089e-06,-3.315921246638505e-06,2.106100575695369e-07,6.714834885988883e-08,6.439295661947184e-08,-1.737869328646467e-06,3.701488614757357e-08,4.0880268086379625e-08,-1.6424719957854715e-07,1.4244013672895292e-07,4.1940238970810587e-08,-1
0.0007122639838260072,7.390091701361612e-05,8.494110506082472e-06,8.091601074017383e-06,7.979963537803999e-06,2.24677048720028e-05,-4.4283378645761666e-05,2.143947110114339e-05,2.1389164405924412e-05,6.7086636007423786e-06,6.045717268268538e-06,1.770527586757629e-05,5.7460938715194805e-06,3.406743463749273e-05,3.310745303526925e-05,5.477324384148855e-06,5.32452147417454e-06,5.235147982691371e-06,-3.0172443137850614e-05,1.4562510494738521e-05,4.372654932088074e-06,3.5285414899762785e-05,1.8278855816994122e-05,1.9373326740499836e-06,1.9254774450163933e-06,1.038371732889527e-06,7.231107905226818e-06,1.267510584746988e-06,0.00010833400785610331,0.0001064561496859735,0.0001064607749524024,0.00010693717739457818,0.00010756621362890739,0.00010646540021883129,0.0001064607749524024,0.00010762970054278988,0.0001063865335562609,0.0001068163273471427,0.00010637266924042603,0.00010637266924042603,0.0001063865335562609,0.0001062937987500384,0.00021255989183531057,0.00010628456352844967,0.00010627994591765528,0.00010630303397162716,8.632089241773532e-06,9.187178716608133e-07,1.1272647003294258e-06,7.943276003024791e-07,1.505262337021455e-06,5.1994031801328005e-08,3.51771128687504e-07,2.7561485191387475e-06,4.236164844642161e-07,3.941317604256374e-07,-4.7991668703075086e-06,1.8827612062468293e-06,1.7450741327510124e-06,2.772527205552187e-07,3.0353624528159246e-07,2.526924616700614e-07,2.563811066639365e-07,8.552378223899834e-07,8.272712941966647e-06,-0.00013468991766960012,6.056519934184019e-07,2.1835135842850777e-07,-4.505085347088926e-05,1.0988669105160567e-05,1.9175271923045228e-07,1.1160945470087596e-06,2.6511507709439125e-07,1.1805874797139056e-07,9.149558489265766e-07,6.577297024255376e-08,-3.0478751740584605e-06,2.5142206636111017e-08,-1
1.1282749872473347e-05,9.34635721610661e-06,9.637202485636395e-06,6.01057412966442e-05,8.25158963882701e-06,8.555530290428695e-06,3.930533048289741e-05,8.504876294455358e-06,8.252527760940806e-06,2.2868257838065987e-05,2.3044896662333147e-05,7.938872061968157e-06,7.025506023648544e-06,-4.214796523502596e-05,8.021341462935064e-06,8.74882929588761e-05,3.223572481061818e-05,6.287455364771671e-06,6.097962519046108e-06,0.0004715813372977353,5.808003714808635e-06,7.306175973709624e-06,5.777452864526468e-05,1.724821098269499e-05,5.688969041237724e-06,-7.070476250242997e-06,9.188913664405837e-05,8.88478229363011e-05,1.1668007164278576e-06,1.1484453693946945e-06,7.862259896420938e-06,1.061763813260309e-06,1.0117190284928999e-06,9.647132202905911e-07,2.797940390773546e-06,9.824649676302793e-07,1.820184926727146e-06,8.574081250610447e-07,7.991688114422195e-07,7.831515496611647e-07,7.258000732152485e-07,7.271205570395806e-07,7.002578477411117e-07,7.976779955804076e-07,1.7821857308871323e-06,5.955021726071991e-07,5.907044799738523e-07,4.081179158137753e-07,3.8953705322419325e-07,1.1301723813213657e-07,-6.601298799359566e-07,6.372270366151136e-08,2.6781881130469697e-07,3.77229908875564e-07,3.154667421785486e-05,3.154667421785486e-05,3.183857992136711e-05,3.151782792308919e-05,3.1678037794959095e-05,3.1519197238233376e-05,9.454937582383502e-05,9.454937582383502e-05,3.1516458607945e-05,3.1717747934140526e-05,3.1563015322847364e-05,3.1516458607945e-05,3.183687835168482e-05,3.151782792308919e-05,3.1519197238233376e-05,3.1490354345971936e-05,3.172020874995848e-05,3.1493090707924155e-05,3.1495827069876374e-05,2.761567573591146e-07,3.220539853317584e-07,-1.5477232610365107e-06,2.420520016794929e-07,7.58485594669421e-09,-1
3.24737782520822e-05,3.1437293082032734e-05,2.7635476026141626e-05,1.069298550191993e-05,8.988044854565247e-06,4.22511472295027e-05,2.5197691808080172e-05,2.3694870939140865e-05,4.9409685139003156e-05,4.366058767761997e-05,9.642840755979668e-06,0.00030794163082023383,-6.942965723397349e-05,0.0002055825171884103,6.235923564078937e-06,7.552516488755731e-06,7.653560981854004e-06,-3.499979834736376e-05,1.2568651389995084e-05,5.3060074171355666e-06,4.435944267152304e-06,4.272412236368487e-06,3.1716995019480614e-05,4.3318399685679685e-06,9.251188088908799e-06,5.45561565846078e-07,4.125425394411272e-06,7.50857219339979e-06,5.0347815253529335e-06,1.1135270707112904e-06,1.1105182125045462e-06,1.1216946222436988e-06,3.2520299396222247e-06,1.0315659701176008e-06,1.24305975117656e-06,-5.318950006426388e-06,8.855525181677514e-07,8.447757267613326e-07,1.1952675021692758e-05,9.68218975785103e-07,7.95181857701233e-07,5.273654932706926e-06,4.437576260702361e-06,1.4062756642683508e-06,7.018280177218317e-07,6.289511594134293e-07,4.073572116399146e-05,5.591937631386844e-07,4.946909162484392e-06,4.384700753605357e-06,1.8176805937566352e-08,1.2612110312856979e-08,1.1184060924994172e-06,2.6303355503470166e-05,6.593953210985585e-07,-2.18539595004419e-06,3.6095587893752047e-07,2.5258704999085784e-06,3.5119183415590763e-07,3.1732779194834066e-07,3.0036458964605945e-07,1.7678508681541883e-06,2.884804209679599e-07,2.758470853852922e-07,7.921912742934967e-07,2.6790503753991735e-07,1.8859056829885644e-06,2.4614064472953456e-07,2.458816392843424e-07,3.598314178045769e-07,-1.2965800932709405e-06,2.084088701549458e-07,2.59354758422634e-08,6.820849029530846e-07,1.0928348291644637e-06,1.0783922808947686e-06,8.911107258585487e-07,8.867432931548136e-07,1
9.941838427148232e-06,9.460519176527757e-06,5.5567306519578076e-05,9.254126047517675e-06,8.703327786536339e-06,5.189726773684715e-05,7.966599175904916e-06,-0.0013302404029375604,-0.0011409070365248322,-0.0011443780286094934,1.249414951797858e-05,-0.0011042101665561974,6.6837818659051115e-06,6.585031379205936e-06,6.584584802776061e-05,6.2647419460884055e-06,6.257244050375268e-06,3.282359748085652e-05,8.009223636098822e-06,1.0077853247634738e-05,5.1524447392409425e-06,7.193996151181929e-06,-4.257187555216255e-05,2.4179195870806953e-06,1.0688205218418612e-05,9.081641342813299e-07,1.2288182653042852e-06,-2.0914344150483424e-05,1.0766062799010093e-06,-1.9237772312059752e-05,1.116975549987363e-06,1.09451912385556e-06,7.412992590251799e-06,1.342253919764577e-06,1.0702661262927957e-06,1.0532104022016243e-06,1.0187466679705408e-06,-2.844475102676757e-05,9.413062708239703e-07,8.270375553719519e-07,6.191340444904912e-06,6.136888194386193e-06,8.071644839564294e-07,-4.792618407235794e-06,4.38271230714529e-06,3.40313405078456e-06,6.626608553912136e-07,6.816346279465279e-07,-0.0001475501178460424,4.403612448083882e-06,3.497268898105464e-07,7.189622990977945e-07,1.7859114020455354e-06,3.3244374334430884e-07,2.0694146676918662e-06,3.8234295291269233e-07,3.056144310676671e-07,3.820614704139262e-08,1.8328590423095572e-06,2.9483792305143194e-07,2.936949001912419e-07,2.7882120496180774e-07,4.663364104368485e-06,2.558933179026831e-07,2.56570586233372e-07,2.446854207950507e-07,2.945117991486048e-08,1.6873591036722826e-06,2.338754679650608e-07,2.2582808233945609e-07,2.2352801412018203e-06,1.0678874113199145e-06,-1.1603639821855232e-06,1.8514454288057758e-07,1.7031888137561078e-06,2.0710880116247573e-08,7.95106373973736e-06,2.0464416207670506e-08,1
9.744901854448954e-06,0.0003208803584394233,-5.55738342142333e-05,-5.502451868659371e-05,1.2612039535880006e-05,9.076103036775019e-06,8.272921780983838e-06,8.46948151947296e-06,1.872904835155698e-05,-4.76891364902507e-05,4.570202265079916e-05,1.3804934004880353e-05,-4.791913508061715e-05,7.024697859700952e-05,0.00020831116321022968,0.0011301636319919863,-3.615820042689642e-05,6.19932420585527e-05,4.2032461565032045e-05,5.6482035113773304e-06,5.6120979285498624e-05,6.6239751642540164e-06,0.00013694108915275873,4.9119777158774375e-06,2.8672780409234126e-05,4.090063966308189e-05,1.1825648970659696e-06,2.635860340545582e-06,1.6311585732012285e-06,1.1636179360644971e-06,-9.03840784798716e-06,2.201973663795553e-06,9.627652757804897e-07,-0.00016178176387566119,9.208124110002342e-07,9.161073545234822e-07,-5.334024038355339e-06,8.454370218882367e-07,-0.00013877074093523426,-0.00013628407542587206,8.354727332381389e-07,5.006612404579749e-06,8.259731573159519e-07,7.851098736309081e-06,7.486470538856939e-07,7.401219985933625e-07,7.110775620008039e-07,7.024958809939975e-07,6.911567205215283e-07,6.676061564633231e-07,4.575578963928877e-06,3.0537964353800015e-07,1.2027325278548965e-06,3.8411994897212833e-07,2.0298859294716228e-06,9.708847578739044e-07,1.0059134621747593e-06,5.886093282147314e-06,9.456019822747743e-07,8.477866802375128e-06,3.006294911599305e-07,2.739252768602264e-07,2.540323013238696e-06,-1.0535092972876879e-06,6.833508276635793e-07,3.107500146999464e-07,2.446184444260621e-07,1.1475259711930794e-05,6.655649121276062e-07,6.050944556046107e-06,2.2387141280622557e-07,6.481011801809136e-07,-1.3392190920591685e-05,1.8275230631392e-06,3.920938414572274e-06,9.55225420406479e-08,7.586345569885784e-07,2.1582441955774623e-08,-1
9.690393679835027e-06,1.3783663325608634e-05,8.568195435278497e-06,6.406946051138419e-05,-5.0627816411682895e-05,0.00015265631805334127,7.851346464555804e-06,1.252147112079146e-05,1.252147112079146e-05,2.844094160011331e-05,2.4435728776688352e-05,7.27332837510809e-06,6.942837273991657e-06,0.00023463297023000146,-0.00021083324172958034,-3.9728917680249725e-05,7.378804392877285e-06,1.7940365202624043e-05,4.7101642993898245e-06,8.87085461589813e-06,2.6919633687395452e-06,0.00011096928493848165,1.575198624826086e-06,8.739630909594563e-07,8.550599802967495e-07,7.270828890960782e-07,1.4091633333687938e-06,1.2318189215612859e-06,1.221756167457947e-06,1.3443555658849009e-06,2.0088919422388647e-06,7.856321066505145e-06,9.066089948400065e-07,9.015216274887613e-07,1.3590996599474228e-05,7.994413297298236e-07,8.562479475193162e-06,-5.169927059390317e-06,-4.796584582650828e-06,8.903345872809568e-07,-5.054381905319029e-06,7.745380783153527e-07,4.118547565989402e-06,-3.793276366496308e-06,1.3270847768246376e-05,4.2242635499109434e-06,6.129191759620648e-07,3.49310190545297e-06,-3.3529285944596283e-06,5.192260478382275e-07,4.847750145430504e-07,6.662492426219969e-08,7.281241878987816e-07,3.5680675844572723e-07,4.830257088655553e-07,7.636558022881971e-07,4.3504955991566444e-07,2.9512343915254486e-07,4.066385168950247e-07,-4.88798672987242e-05,3.9084698478720945e-07,4.4513712925844673e-07,-4.091407953298219e-05,-4.063969264339305e-05,2.377568213018362e-06,3.3633022390091537e-07,2.419167526369831e-07,2.1376377058712062e-07,1.0030623613397707e-06,3.3363026146627174e-06,2.089222549137179e-07,2.052131368691102e-07,1.928798131973006e-07,2.6749725492214833e-07,2.6385481350924586e-07,4.4409640634880885e-07,1.5401677835158616e-07,5.605568354268941e-09,1
9.901057780269365e-06,4.7294073544460674e-05,8.196985477982144e-06,5.978787720083771e-05,9.03400843028589e-06,8.163586279498217e-06,-0.0001314341090051464,0.00016325374508579623,-0.0002129814221177715,-0.00011787613912343933,6.539401544181346e-06,1.7730145593549577e-05,5.923792982768109e-06,5.968265711945906e-06,5.852687318949132e-06,6.757591864643618e-06,-4.293322706938249e-05,7.291798293612092e-06,4.145259975849495e-06,1.9557701189368944e-05,2.1348432055749132e-06,-0.00010939157810181954,1.131688522695638e-06,7.775923363865594e-06,3.508710801393729e-07,-1.6044224150446305e-06,6.775953965158594e-06,-6.573444104741992e-05,8.388672998677418e-06,1.1759128457093096e-06,1.167750347705146e-06,0.001014351464316977,1.0861606522665772e-06,-6.029528846910824e-06,9.709440736497653e-07,0.0002069486218804743,-3.180267479159477e-05,1.226460101286833e-06,0.00013970073757641843,1.0813918480262813e-05,2.7453997828143913e-05,-1.2460241623135726e-05,1.6758219682615284e-05,2.6952177036883866e-05,7.649777422672438e-07,8.905505057407804e-07,6.801050811994723e-07,5.887705374237281e-07,4.806051559289794e-07,3.3649542109244315e-07,-1.0352766472071262e-06,3.256972836583235e-08,7.0760843045982845e-06,-2.0379451365405077e-06,-1.9103858147580703e-06,3.3213648915428184e-07,3.0285612540699083e-07,1.0712276379268657e-05,2.895939846538814e-07,6.80668905259884e-07,4.121495139339e-06,2.746929153760569e-07,4.0123754662221765e-07,1.6179821611767556e-06,1.619498927276866e-06,2.6317115497035035e-07,-1.6650957656669204e-05,1.4462530171032674e-05,2.60173994803739e-06,-1.4993810613626628e-05,2.3217650532313723e-07,1.9017847931496959e-07,1.293741446464063e-07,-6.271800605653925e-07,8.613096151048915e-08,-1.6362064482274965e-05,3.3721602826257594e-06,4.157800514662392e-07,1
0.00013770926071483974,9.7360328543003e-06,0.00018177373431713242,6.805937578046864e-05,9.448532635845443e-06,3.446034959691665e-05,3.0125008406753958e-05,2.976086609949559e-05,5.749199026054094e-05,2.8665753403465256e-05,6.616469490013898e-06,4.876101596549675e-05,6.589540039134106e-06,6.349854339931575e-06,3.777127797199455e-05,6.0128835322691985e-06,5.783522243946009e-06,6.2933718480908105e-06,5.603022777168178e-06,3.104334389246968e-05,4.4895369553818936e-06,2.203111729590595e-06,1.2202450549743992e-05,4.97215030634962e-07,0.003081626132404182,7.595489327465424e-06,1.2872910620097084e-06,1.2376322225336706e-06,1.1399632861761514e-06,-6.498546960634569e-06,5.414783741279529e-06,1.165099662815217e-05,-9.90133031947844e-06,1.2678970742405035e-05,-1.684421484726791e-05,9.273506293661416e-07,-1.5477287496504564e-05,3.9002386709819994e-06,8.6693136568554e-07,7.317020325997187e-07,2.0967247257607194e-06,1.8399781890182033e-05,5.073106157606629e-07,5.181574969811869e-07,3.200029895805683e-07,1.3414198601875124e-06,2.1114486695283704e-07,3.570672856354628e-06,1.1360171463509435e-06,2.0792682926829268e-07,2.2440751956104388e-07,2.1213903659151126e-08,5.836690200147526e-07,3.618354134755641e-07,2.269915935428108e-06,5.661275090575047e-07,3.4978627769460006e-07,1.11412398118801e-06,3.9395016450438707e-07,1.703770492460933e-05,3.3372247436490166e-07,2.460393831163455e-05,2.93461374647982e-07,1.3567555028485646e-06,4.6290449373161924e-07,3.655843341701585e-07,9.93420397860143e-07,1.6792406834383635e-06,1.786149779941932e-05,9.157291827538701e-07,2.833250897286088e-08,9.48518052465026e-07,1.7286509605009018e-07,1.067720715681816e-07,5.741122163956798e-08,7.528578973843391e-07,3.566209318704273e-08,1.3260535997933326e-06,1
1.1683736062664078e-05,9.770422833309593e-06,0.00022571383087463686,9.151387765454692e-06,8.809375720058521e-06,3.349490968202625e-05,8.067703997741312e-06,8.524401985055916e-06,7.982602343059219e-06,1.0406719915323713e-05,5.343546455709717e-05,-0.0008180130094734098,9.8216496627841e-06,7.475950878427739e-06,5.727246429194099e-06,-3.32406108805403e-05,5.2047486033519555e-06,0.00013413986470522214,5.175403843980941e-06,2.0131335660710365e-05,8.592590200687699e-05,1.4528649876054353e-05,1.2019331951827856e-06,4.645282721229117e-05,2.7772532180981698e-05,2.721946551476811e-07,4.303244235206326e-05,4.030781998676761e-05,5.5374920655092956e-05,3.9746823716117236e-05,8.527919252640953e-06,4.506891960970387e-06,1.1004731595527187e-06,1.0087058333232111e-06,-0.00015048776081259946,3.9480022832187844e-06,-4.065151340936101e-05,5.3032589393989296e-06,2.0772053292552375e-05,2.088577821195293e-05,3.452245170749079e-06,8.522106060307488e-07,-3.726040111305454e-05,5.5934921051273204e-06,8.321091185084444e-07,7.229402804932511e-07,6.483650602707483e-07,4.467493244178643e-06,8.673585762012203e-06,1.9725199342920382e-07,3.2349445263028097e-07,-2.579992170144358e-07,1.7215839761420735e-06,3.330309822984485e-07,-2.048753516654083e-06,3.413696317654935e-07,3.2313901520402286e-07,-2.40686924467947e-07,3.1568375248471813e-07,-1.8795680479292466e-06,3.0674510511381264e-07,-6.708818133899055e-06,3.3459290482540336e-07,2.953382836702445e-07,3.4346319606153395e-08,2.8593176842024997e-05,2.512094920830666e-07,2.4415492125938836e-07,2.4962635005118185e-07,2.1763600399125808e-07,2.634838937967514e-07,6.148700591002843e-07,-3.6400463478898856e-06,1.7848128262473438e-07,8.557372947292566e-07,8.280086979798998e-07,3.452506660663308e-08,2.044856808653243e-08,1
1.041813913522926e-05,5.971569481072547e-05,1.006531661204012e-05,0.00028305458378525124,5.187018008507618e-05,6.103544053273184e-05,5.0685060381491555e-05,5.0695450607438856e-05,8.42127201843892e-06,9.166417773181805e-06,3.66861858592951e-05,-0.0003828561395612724,7.700623716303087e-06,4.439843956107896e-05,4.2779434751271304e-05,8.492533714343767e-05,3.9783827667246454e-05,8.770206340300494e-05,6.554359638926478e-06,1.7416080161721716e-05,5.520288415179864e-06,2.6148622882918903e-05,4.0232415193599825e-06,2.4560080130679465e-06,2.577219310708941e-05,9.109934010034015e-06,2.748024770862688e-05,1.4604670078330098e-06,1.8982474560252802e-06,1.0836459343067181e-06,-6.188683393908317e-06,1.1290222268407705e-06,7.316930288518042e-06,4.169131197388237e-06,3.262718530475072e-05,5.5474584783755195e-06,8.76174045831899e-07,8.835026693079707e-07,8.061461275022641e-07,1.2449966831880327e-05,1.6168686849599255e-05,9.344938598034674e-07,1.9834220998430177e-06,5.239698416246476e-06,9.327031776041934e-07,0.00011589197916223207,7.199012336542488e-07,1.759264993720673e-05,6.446655264746964e-06,3.6276972945795663e-06,8.984168959329853e-07,4.932058062592903e-07,2.776529698379603e-06,2.21004610619452e-06,7.55619848295942e-05,7.149610612864198e-06,3.3237532467728314e-07,3.230634741016634e-07,1.6692192448038466e-07,-1.6997786365935965e-06,1.63745872454056e-06,1.1543016846948972e-06,2.628381631336307e-07,2.5383164777210434e-07,1.0492342170966117e-06,2.3481545045287503e-07,9.83221439269733e-07,2.3724108043146934e-07,9.441392270813443e-07,2.170263637377508e-07,1.9889447599413963e-07,5.926054974835465e-07,9.615065042924749e-07,1.376255772375564e-07,7.858891093006831e-07,2.9180922837009042e-06,7.305629386266809e-09,9.147375105899469e-08,1
1.6983717696027452e-05,9.564770772451152e-06,0.0007483336733754935,0.0007391116352337428,0.0007329272314584255,0.0007329204461437537,0.0007274263044801034,8.19827612839749e-06,0.0007243409107074245,0.0007212422199090986,7.6417356807481e-06,7.303506200665672e-06,-5.369160611697615e-05,-4.2363379863780683e-05,6.943014652147595e-06,6.373144761241298e-06,5.0060254644282316e-05,1.0347800126636263e-05,9.560252574117442e-06,-5.280930623657804e-05,8.688501940332594e-06,3.072300107317392e-05,1.8197405551442345e-05,2.2852056393318008e-05,1.0559449349173798e-05,6.317258902918765e-07,7.4277515551645175e-06,3.578015865967367e-05,1.2535153111521778e-06,9.98186456630604e-05,8.535518337674984e-06,-7.00443286256394e-06,1.2713889444454707e-06,5.199755561342972e-06,5.227139232741444e-06,5.728343021658098e-06,9.885541677092967e-06,9.205975932290762e-07,2.724535898549983e-06,6.955855909843817e-05,-0.0029426765771140393,7.374396959955045e-07,3.4410934820919635e-06,1.558649011595542e-05,7.297901930169218e-07,1.4852713988794722e-05,7.5369855940352646e-06,6.59480219535912e-07,5.056367313191613e-07,1.1078692367825208e-06,1.1019210456174946e-06,6.598154729808074e-07,1.4486345435440057e-06,9.570960347124642e-06,4.2401953216758113e-07,3.618675123447997e-07,-1.9324700525140524e-05,4.939788312902905e-05,3.267537542729118e-07,7.574239952110068e-07,1.1913844611500906e-06,1.1780791216042983e-06,3.62345509042685e-07,1.0644841324592996e-05,3.973946967067492e-07,5.553383586853427e-07,2.561430649237128e-07,3.1325352647685706e-07,5.6825471437075154e-06,2.7862245135927176e-07,2.3492912213285293e-07,2.3533093693708736e-07,3.3935317491445413e-07,7.456050244707542e-07,-9.333921565873742e-07,1.4250140069392865e-07,2.5932769900863935e-06,6.423235099924336e-07,1
2.900482151059226e-05,0.00011755000518528749,5.8604913381964826e-05,1.981699832992832e-05,1.7603883252142433e-05,0.00015267467142299237,9.52693633131583e-06,1.794340023278605e-05,8.000528800962648e-06,-5.0006809544701045e-05,7.66123224316138e-06,8.043957085661208e-06,7.278811463667087e-06,1.386437595258478e-05,-6.288625927622932e-05,8.335895758165473e-06,6.633346095702313e-06,2.2562353477270273e-05,6.153858929541661e-06,8.425174964252723e-05,1.1979138306498939e-05,6.694052728443933e-05,0.00014657075702471567,8.581887435512153e-05,6.425540642553347e-05,1.1800379004684816e-06,1.914888168011211e-06,0.00010763729168006979,9.51884909168664e-05,9.26959593905806e-05,9.207597664203594e-05,9.161929658963911e-05,1.0876101681213527e-06,9.007581138977435e-05,9.459461853679345e-07,-1.554547088307872e-05,8.197374202382283e-07,1.3512687896186703e-05,7.784936031589387e-07,-4.4454580170884545e-06,8.771203970002841e-07,7.940194226163824e-07,3.981183847765831e-06,6.618464937291371e-07,3.450753158522352e-07,4.776953842215322e-07,5.445416977319843e-06,1.274503877923723e-06,5.03668369629479e-07,7.769685747166972e-08,2.628914317901203e-07,3.089069143215346e-08,2.302111958914521e-05,1.7604747021195208e-06,1.7859743342661873e-06,2.3976937898494616e-06,2.1128390177216554e-06,-2.594234393542201e-07,9.452110110758989e-07,3.11898963645886e-07,3.3104868708200263e-07,8.785555297851585e-07,8.725713620129058e-07,-6.704789351402051e-06,1.1025653081794763e-06,3.0426461537444697e-07,1.1447991379296584e-06,-2.1102889376696295e-06,5.532283172053763e-07,2.3392541397617102e-07,-1.3481437981379905e-06,6.254312391701184e-07,1.923382373113444e-07,3.75250099535142e-06,1.601439413042887e-07,5.956791685314553e-08,5.565854952507744e-08,4.5957711195437266e-08,1
1.0079933256214289e-05,9.921116930932812e-06,9.527428034503775e-06,4.855427505513391e-05,1.7298778210510633e-05,-0.00014635443861616963,8.345625154569706e-06,7.602863566103634e-06,4.438026476027555e-05,1.5354867262818275e-05,0.0006216465606771475,6.782813217850214e-06,6.661953744564041e-06,-0.0001356845403913736,-4.162620325883263e-05,6.22345743911895e-06,9.63458873728025e-06,0.0005279662546546481,4.244479057234838e-06,0.00017042607561932384,4.242002539996952e-06,6.249747360502325e-05,1.232867132867133e-06,8.83344161062945e-07,1.0384299781826495e-05,1.2470268479060392e-05,6.428922487706629e-06,4.563836719914343e-06,1.1908670414144787e-06,-6.111870345798325e-06,9.657053036181604e-07,1.0152042474938578e-06,8.098572008234858e-06,5.086576198767586e-06,-7.860782409528665e-06,2.442112123593512e-06,8.413614901735443e-07,1.5549346430476258e-06,1.5803624690040887e-05,-5.8143521803906545e-06,7.69421660228834e-07,8.495651913457963e-07,3.300665534522294e-06,6.188868971004372e-07,7.637630338176063e-06,1.9089588876982735e-06,5.17723359585446e-07,1.0559552132854726e-05,5.406989405064483e-07,-5.491295712260739e-06,1.475047375585602e-07,-4.041078954212822e-07,1.936775669048745e-06,1.925562107887718e-06,2.755617709255084e-05,2.6962772745686298e-05,-1.7972335615544618e-06,3.5531282654447606e-07,2.963945416110337e-07,2.858094753748345e-07,2.637479088036006e-06,2.762041057963952e-07,2.6906536912687447e-07,2.675408869489269e-07,2.596795079228933e-07,2.400877643540056e-07,2.3200079333691766e-07,2.1513062200167382e-07,4.1914056673869057e-07,2.444465933591616e-07,1.2120597736699953e-06,1.4194196331901366e-07,2.0022203847639162e-07,1.4386284587457447e-06,1.8836385550245977e-07,1.4888725975964248e-07,1.672740063592901e-08,4.7696089148450655e-08,-1
9.788741854111746e-06,9.848871543149022e-06,0.00011337673100128414,1.805053043300597e-05,9.133085383503789e-06,3.186456585010959e-05,9.227625414489284e-06,3.539609353709339e-05,8.404073431314783e-05,4.786278508934635e-05,0.09473508083830617,8.334333902409849e-05,0.00017476905206514326,4.47857923776515e-05,7.505391323774612e-06,9.853518586281819e-06,7.071260209344943e-06,6.820448505181694e-06,-7.564652268888649e-05,2.780219317868436e-05,4.083118222179325e-06,8.071917170159923e-06,1.1200439390320856e-05,1.837411749748152e-05,8.134065217967969e-06,-8.31880217505609e-06,1.259991657026786e-06,6.182840208103861e-06,6.035413679518207e-06,1.0804776896691515e-06,1.0679326950073492e-06,1.0432031443212133e-06,1.4316206048554488e-06,-5.444379854614639e-06,8.946586969889662e-07,9.853795126887544e-07,5.125852698641202e-06,8.478516522312768e-07,9.329896557245984e-06,7.808847255306104e-07,1.0020838110385493e-06,5.448380226461371e-06,2.148743249109767e-05,6.462544985471481e-07,3.976480412685364e-05,5.372321320539128e-06,5.474562607761787e-06,-3.039933699187751e-06,2.1655256780751493e-05,6.521526413296892e-07,5.30250317499619e-07,2.7002340100374998e-06,9.378818544987728e-07,1.1205329635439291e-06,3.258278400209474e-07,-2.2667963057407368e-06,1.1179059463485275e-06,1.087768553646683e-06,1.5880018044839051e-06,3.148787653472384e-06,2.6180325179910276e-07,2.697518939059729e-07,1.7660709894320914e-06,-2.9114008924180234e-07,1.4294866369542316e-06,2.206561939173553e-07,2.5889828214711654e-06,-2.182691018815189e-06,2.0784119575295266e-07,-1.2561876846833404e-06,1.2224687164897388e-07,2.9053265515826397e-07,5.023588848717886e-07,7.734062631867814e-07,3.2005861566114054e-06,4.921789098526351e-07,3.119166273619961e-06,1.707868156966545e-08,-1
1.0739582904163804e-05,1.0896883669869964e-05,8.421192471232678e-05,4.4583550236048046e-05,0.0006093966902087061,0.000535240851074269,0.000533487398396662,0.0005286636335251607,0.0005265189337151797,0.0005259586618238988,0.0005244622769630612,0.000524147947516613,0.0005202116408927957,0.0005188078638775459,0.000516972887023976,0.0005139397437432808,0.0005144878938390274,0.0582851278940028,1.0447103921513903e-05,0.0010208611494005601,9.39890397570691e-06,5.140726627497821e-06,1.847638194000953e-05,2.9373480334948094e-06,8.484093409649905e-06,6.168653090199802e-07,1.2192333137413088e-06,7.064297404342675e-06,1.1669202974693971e-06,2.1256965618160908e-06,0.00029204970069427675,3.0049521982210943e-06,9.6178969543476e-06,1.533335334854887e-05,1.0185968562035108e-06,2.8677504520224524e-06,6.762098355637629e-06,1.0352351985804234e-06,5.198648429616574e-05,1.0648288537284084e-05,8.853467485972204e-07,9.199527687070099e-07,8.616506509518827e-07,4.987723357400233e-06,8.304152984533104e-07,7.931601738426565e-07,4.634249699222951e-06,7.71018322871967e-07,-5.268210179836039e-06,2.832997180122845e-05,8.206000624771242e-07,4.1400671750034114e-06,6.426809348484069e-06,6.51518287027898e-07,1.5795156550693491e-06,-6.491942893191974e-06,-6.512705150384809e-06,1.1812690258055262e-06,2.989046328955123e-07,5.59517013719219e-07,2.87997083645715e-07,2.815875394853198e-07,2.7369216212443413e-07,2.9395788656673654e-07,2.4896736891848014e-07,3.1401913045602845e-08,2.3189704242916853e-07,2.2031399949550596e-07,-2.885528989299474e-06,1.2533332001757965e-06,3.5683661989926854e-07,1.9276648435418855e-07,1.9276648435418855e-07,2.1094508183914293e-07,1.2537848268355162e-07,5.6900020121995676e-06,2.819165213140847e-08,5.099873411500279e-09,-1
1.0693878857288737e-05,0.00016286715692232835,-5.287073146231537e-05,3.6399479305568774e-05,9.15104776796808e-06,1.7280795275369193e-05,1.5627010544941356e-05,1.8494104286372076e-05,1.0886423119716751e-05,2.37729569673234e-05,1.3504946447838726e-05,6.551274463025646e-06,1.4563458966539078e-05,6.717235258990988e-06,6.3620514478484045e-06,3.672095066093582e-05,9.488590550433087e-06,-9.614360383063051e-05,3.0444734921791702e-05,6.000535945215205e-06,2.9264559404617406e-05,2.918026115339067e-05,3.0788626132037556e-06,3.8035764453946474e-06,1.3104145404491354e-06,5.513272260117253e-07,1.1615917170975345e-06,9.059679488564591e-07,5.69924445140539e-06,5.690645039913787e-06,6.685135411561476e-05,6.64374267577512e-05,6.652012595842698e-05,6.594298461961551e-05,6.595108265254566e-05,6.59316712679411e-05,6.570561775225406e-05,6.572509088028156e-05,6.55383538852855e-05,6.501874763760765e-05,7.603778733119682e-07,6.467560345785419e-05,6.500159690136468e-05,6.432404868490575e-05,1.4088674664973478e-06,2.9213476646572984e-06,1.6496479232254147e-06,3.505267016362192e-06,1.1816706280613748e-06,6.346064786287901e-07,2.28111178582396e-06,1.1327270852045844e-07,8.991845126997838e-07,3.3409203506716576e-07,4.334852981800288e-06,1.0621297970453529e-07,1.7726957440498653e-06,3.0947056809776616e-07,3.0726363609592264e-07,5.998930474144783e-06,5.505358928652414e-07,1.0651036213348735e-06,1.6452540915201339e-06,2.6950542560943106e-07,2.682669889003401e-07,2.779774564360967e-07,1.5726266761384975e-06,1.4855944269043247e-06,2.579186252686415e-07,2.280049714039595e-07,1.336717691932856e-06,1.3023955580092712e-06,-7.102357486894656e-06,2.6814363418262286e-07,0.00015871453970174858,1.45675575848553e-07,-5.861231728412698e-07,1.2043323385142681e-08,-1
-0.0024182834260424026,-0.001512894971795956,-9.394029000998278e-05,-5.56065509914853e-05,9.20897889098809e-06,8.878627739726542e-06,5.12813617155907e-05,5.1386023146292106e-05,1.7015326018986983e-05,8.185442457190373e-06,1.7139260827690297e-05,9.393709371269448e-06,8.025214754803513e-06,7.923308313697181e-06,-4.690435866277483e-05,7.88216329999665e-06,4.5635792520840646e-05,9.18782954146842e-05,4.421406463480068e-05,2.2093620871437074e-05,4.534693764936528e-05,6.889693593314764e-06,5.451788422046498e-06,1.0522140947944793e-05,1.0884410029851902e-05,8.746216375673657e-07,1.896913756838864e-06,-2.2156131425829613e-05,1.2130848333764458e-06,4.6008122527216696e-05,1.859566175930775e-05,1.3080307412446502e-05,2.8244209843774822e-06,8.73566919217461e-07,2.7205398236194815e-06,1.3324324384950044e-06,1.4248149620421223e-06,7.658612206203195e-07,7.565083186320015e-07,8.010157005742932e-07,-4.351419326724746e-06,1.2955368317724758e-06,2.3785388927541387e-06,1.1841997585212047e-05,0.0006076414850255883,4.06895401311331e-07,3.8485782665046944e-07,2.4092070551706245e-07,4.798374178582549e-07,-1.185153395277147e-06,-2.541475609550699e-06,5.867227776489857e-07,-2.303667299036145e-06,3.8873987501078574e-07,3.757695972685723e-07,1.588100079548387e-06,3.8976494811800267e-07,2.6146362096342424e-07,4.295615089262468e-07,1.6890652131810156e-06,2.2536180422928587e-05,1.965162542593235e-05,1.9594257100312816e-05,1.948907698963201e-05,1.9181725226920704e-05,1.9158596322940526e-05,1.914227735136767e-05,1.9061800343848876e-05,1.90420366872613e-05,1.9060746583500463e-05,1.9055107179223236e-05,1.2191302485308408e-06,3.8692977487088535e-07,4.5386412493682976e-07,1.3583910970968023e-06,2.1968732501778924e-07,2.106000222630513e-07,5.6217309729259285e-08,-1
-0.0002268072509990524,9.571320547798573e-06,5.6813335414571815e-05,1.4540281559324683e-05,1.4524404181980194e-05,0.00012342416814777095,-0.0004909371951720612,8.805843911692424e-06,8.772217697805063e-06,1.1047988258278113e-05,1.1504990296264635e-05,8.671802308400152e-06,8.64313385689357e-06,8.607178602880963e-06,5.16751531983513e-05,2.3028130496909825e-05,8.568295967561006e-06,0.00016803560996803328,-0.0004753564385303606,1.0733037527350907e-05,7.589587187703909e-06,1.8084530732071733e-05,4.5277223450750504e-05,5.596407010883747e-06,3.774775358129211e-06,8.142630532042768e-07,7.635115479402605e-06,2.4721737245060143e-06,3.6072188896540985e-06,-0.00019849880675392963,6.870145245330062e-06,1.373799672088253e-05,1.1258585812682925e-06,1.1301879648906767e-06,1.0908677301553116e-06,6.265091106419556e-06,9.662775170141688e-07,9.228772177160087e-07,-5.2186609966775926e-06,-5.166158151147183e-06,8.333565459610029e-07,7.881501424318719e-07,7.74278728452267e-07,3.3642174899782533e-07,1.4370056266472094e-05,1.4382975859428515e-06,1.9577014921741956e-07,1.483266632983018e-07,1.399331531157723e-06,1.0932770469592072e-07,7.784548761325552e-08,7.378759846334107e-08,9.723514081222532e-07,5.527085761845923e-07,2.2488208334554603e-06,3.4100108864978685e-07,3.2820917909861617e-07,4.6231978296426567e-07,5.15143522108444e-05,4.54443385526965e-07,2.820948837451318e-07,-1.957134697742087e-06,3.690361881045777e-07,2.644578878581241e-07,2.571214783089766e-07,8.033875153963566e-07,-1.684006785916571e-06,2.2248761177397693e-07,2.2037514831600393e-07,2.1759095828219534e-07,2.801882661600005e-08,2.1456752518173803e-07,4.79828456212028e-08,1.4253993579647015e-08,7.40771401171689e-07,-8.192468005962885e-07,-6.776624061803176e-07,2.9166637636417366e-07,1
6.006276886601123e-05,9.77402487509869e-06,0.00015499243829849438,8.87155722795164e-06,1.6061932599389747e-05,9.22719839483519e-05,1.4449996263508246e-05,7.662705486412531e-06,7.484240848957149e-06,4.353314978445087e-05,1.2882268775594335e-05,0.0005367591522303554,7.513917453860816e-05,6.694550443936633e-06,6.6860010181815066e-06,6.2194088237563806e-06,3.09745877078355e-05,1.2467672253480389e-05,5.003684472328379e-05,2.9193857122585113e-05,1.680985081999587e-05,1.3285392321044267e-05,9.812134708864748e-07,6.647168107930523e-07,6.028466666626231e-07,2.455570999848793e-05,7.777987519305893e-06,2.1056934793045474e-05,1.224125469873157e-06,9.31154301716091e-06,1.8628779324968137e-05,2.1199673937579236e-06,5.291359931443249e-06,1.7069496573385628e-06,2.612480225978571e-06,1.0895394438304586e-06,1.541818654372734e-05,-1.3645666830076268e-05,1.0800437878829778e-06,6.472518780762429e-06,1.387214084390314e-06,1.0656692226815701e-06,1.0985423417850531e-06,2.0882503452440443e-05,1.0172345126343587e-06,4.126147242827393e-06,1.4454865498102956e-06,1.3051066251448862e-05,8.731234567498743e-07,5.6831305300082055e-06,7.303024021429163e-07,2.1876093725215193e-07,2.229765381360302e-06,-2.162905742233202e-06,7.466006787427535e-07,-8.461788381715718e-05,3.38054237983946e-07,1.0271099690015818e-06,3.316888816378804e-07,6.982780332162716e-07,1.591642836286166e-06,3.5424988687621836e-07,2.9588371692397446e-07,3.609803655077105e-06,5.643649707442736e-06,3.055261881521253e-07,1.6375579494370625e-06,-1.5622384000583417e-06,2.5517383678943573e-07,2.474454339323511e-07,2.4143784785918157e-07,1.4557621471597059e-06,1.3928725379573654e-06,2.3290236432106686e-07,1.353612215995792e-06,3.320684108418272e-06,2.0031693771504715e-07,3.858557043201665e-08,1
9.865547822117977e-06,9.036299994870858e-06,9.762442246480419e-05,4.895535121366732e-05,8.510656742645016e-06,7.454247992805958e-06,7.249435832766718e-06,7.165156550851466e-06,-8.355662196253282e-05,4.096451062938723e-05,2.496552531084357e-05,5.8409154412770096e-05,1.0353233316476047e-05,1.2269909152010556e-05,2.1672281097317954e-05,1.2649677130944677e-05,4.217657914801636e-05,7.585471246297055e-06,-0.00018683819157786985,5.699862207681981e-06,3.850225779008835e-05,5.111939339748782e-06,3.002981892128735e-05,1.5504938367422816e-05,2.0427395155722743e-06,7.565509922981181e-06,-7.552274007952809e-06,1.1955418441146554e-06,-9.529516681213014e-05,1.9688512926701515e-06,1.0457246224105335e-06,1.0288479273520452e-06,1.4708779007491876e-05,1.602457306506351e-06,5.114120454744207e-06,1.565309420917051e-05,1.6328381261702202e-05,7.669599597862032e-07,1.7988455187785378e-06,6.459328218837806e-07,6.680813912254937e-07,2.7237055684631372e-05,9.876609492835642e-07,5.001832169211844e-06,5.770550194171922e-06,1.522447104147322e-06,-9.97858138770353e-06,4.700531908421885e-06,6.544952705351076e-07,8.20467792116615e-08,2.934285037532545e-07,3.369530980024208e-08,-5.5370817599442735e-06,2.0624344586461263e-06,-7.171424952622125e-06,3.3700904265032515e-07,3.374925965820286e-07,4.269038145415278e-07,1.2086006720248234e-06,5.216483139322293e-07,3.24896951770558e-07,-4.628580470363877e-06,6.84708637607973e-07,1.9278643108985293e-06,1.642015929247996e-06,4.083876238807537e-07,4.531254608774114e-06,-2.815304741220035e-06,2.9643176823787964e-07,4.51643465172255e-07,3.668459125936675e-07,1.7386237249178388e-06,1.297947110352868e-06,3.84122378298293e-07,6.561983051893748e-07,1.6872883013732789e-06,1.7407874726791524e-07,9.51048212746828e-08,1
4.5975196035741235e-05,0.0001175828397527401,5.8385174365424576e-05,1.1617964866127195e-05,8.617463821947833e-06,1.7815781290900074e-05,7.703198786602937e-06,-4.6233504940679177e-05,7.00103392489226e-06,4.0498291565389695e-05,4.041340995075719e-05,7.25150076901003e-06,0.00015104923287717853,6.311160251963652e-06,0.0003631468485926323,0.00012233894876018857,5.746883270376192e-06,3.430193369721652e-05,0.00010593364266372247,2.489063070909303e-05,-0.00031740449931948926,0.00017095467024598584,-0.0001235655864720701,8.072989044738646e-06,-5.449747284966198e-05,5.656929251122485e-06,1.266115361418778e-06,3.7263234048981726e-06,2.92957615873705e-06,1.0900329142126283e-06,3.321231211347109e-06,1.1397673146951592e-06,1.0478365514417439e-06,5.8039881868033565e-06,2.0059422125038956e-06,2.9955506516442664e-06,5.520179723597601e-06,8.606562889501062e-07,1.705377511963359e-06,1.8724143983132677e-05,7.606423762862329e-07,1.5068480830832237e-06,8.629255320973709e-07,7.145303714834824e-07,1.7657046576425034e-06,1.2932281184858923e-06,5.725571105979568e-07,4.329384666009865e-07,-1.5955130735510974e-05,9.692975824678427e-07,3.547885125849556e-08,-1.564334606905358e-07,2.2300397599478842e-06,3.7596587864693176e-07,1.045984330468206e-06,2.0527621059100714e-06,3.3002216152536863e-07,2.544702628023939e-06,6.065486109398216e-07,3.8730541570760506e-08,1.5414610789125497e-06,1.7062045069338505e-06,2.663208707156711e-06,-2.6164167683399057e-06,2.3348525281416494e-07,1.1224823313439939e-06,1.8943576662168264e-07,9.401382529582903e-07,1.7189049702895298e-06,1.714979841050963e-06,1.6942755047827526e-06,1.1226355530704468e-05,1.1161965099109526e-07,8.81737001919256e-08,4.2710568315967797e-07,1.7980117071053511e-07,-3.8976841222291296e-07,3.213041919786822e-08,-1
9.342901994276965e-05,9.938051886537759e-06,8.970035251171216e-06,0.0002519079415880929,8.787087412171062e-06,2.0268109526662672e-05,8.40265265140564e-06,9.010247290267904e-06,5.518104498947886e-05,0.00010668570124261196,-0.00011179104825426438,2.7449750518929544e-05,9.867256053784987e-05,2.4527906016003304e-05,7.406799656517422e-06,1.4629049459377437e-05,6.22546971085467e-06,-0.00012193237651409744,4.385018617470467e-05,1.2667516706166263e-05,5.6267891744017504e-05,1.4687764730947465e-05,5.223099174492937e-06,-9.27430269921009e-06,1.5495102294294507e-06,-6.058500186072922e-06,8.794648176107765e-06,1.447465457649914e-06,1.08021033518754e-06,2.3644091375752033e-05,2.447940556169687e-06,1.5610317230406177e-06,-1.9953548055269238e-05,-1.8940047109675104e-05,1.2758388110869945e-06,1.882428295431479e-06,7.837392286284316e-06,8.289525638344858e-07,5.9620021010742955e-06,1.6728389735699324e-06,8.46913206398358e-07,1.6758515462257763e-06,7.3209636933423e-07,6.038908515150536e-07,5.6496531548663635e-06,5.390689839679911e-07,3.273530690376047e-07,0.0006052329597489633,3.3263758360949427e-06,2.0989491003628653e-07,1.353158097582937e-07,5.107305743570652e-07,7.888353665289359e-06,3.718353903854678e-07,1.984685567268831e-06,9.193860551638226e-07,5.200051659615951e-06,-1.8484046940771832e-06,7.056216800874708e-07,3.092801377005973e-07,2.8070797293094965e-07,2.5961518506853947e-07,2.2768738079144122e-07,4.5487576426979e-07,1.1219525032187458e-06,3.0021377328701414e-06,1.0031666829964787e-05,2.1758819178144105e-07,1.337631013346837e-06,6.108012980123246e-07,2.1872079071484308e-07,1.473932408088864e-07,1.3561268101283106e-07,1.2737095441574945e-07,1.1106598145339545e-07,6.680314522985515e-08,3.682670958928289e-08,1.759139851121846e-08,1
9.709175414774026e-06,9.078466401421407e-06,7.564673533995048e-05,8.259909041990256e-06,0.00012451630713477294,0.006285143438753799,9.79417933437496e-05,1.7177305065476368e-05,2.9265793597028114e-05,3.349703748441809e-05,7.623720316583317e-06,1.067732288408117e-05,6.876541185633895e-06,1.4610433465743623e-05,3.95047983007386e-05,4.174987728243256e-05,1.910632176755098e-05,3.4334319840531196e-05,1.2558162647377983e-05,1.672080891950992e-05,3.5842406270601034e-06,7.179113395870551e-05,2.3666565125775582e-06,1.7890951004057194e-06,-3.2361172566902003e-06,0.0017547585195895384,1.2030990866287086e-06,3.997943148344669e-06,1.1292502475547665e-06,6.6654048944205e-06,4.131487475490669e-06,-6.142153210267163e-06,1.0829729336474492e-05,9.312949110930569e-07,-6.992864767537079e-05,9.075768243687537e-07,-5.3638617966669575e-06,9.192604427579184e-07,5.849631336771564e-06,8.578292293211831e-07,9.395642237400542e-07,4.7880637588279484e-05,7.621640381695536e-07,-5.410286533443487e-06,1.6122551345709969e-06,7.27217213397058e-07,7.254511230426212e-07,5.517480306128245e-05,-6.608329614529408e-06,5.841563419507415e-07,4.999123852129203e-07,2.916131360862075e-06,2.2342964509238893e-06,4.3467179358219243e-07,3.8663162320805244e-07,8.80266506359814e-07,6.466329734087927e-07,-7.39020298343305e-07,-1.8254562585094455e-06,-3.7379703328738093e-06,5.594416032488094e-07,2.2412402096851073e-07,6.529229596344214e-07,6.206857578613986e-08,1.5657193056702783e-06,2.337931546175634e-07,3.1348455339274184e-06,1.191770290426634e-06,1.9216184121357383e-07,1.8871653988929886e-07,1.7871685493868588e-07,2.1017357908934086e-06,3.065832444770313e-07,1.5522252689249664e-06,1.6958274210748123e-06,8.994061913839276e-07,-1.2584928373967618e-07,9.613041537181437e-07,-1
2.1324476631845535e-05,-0.0006273158956567542,-0.000849146895519921,-0.000558906898441512,1.083992382974302e-05,8.313624625387217e-06,8.278610658519358e-06,-0.001164429775754986,1.886585558807405e-05,3.305918804516024e-05,4.476728845288911e-05,8.053797967663045e-06,-0.0016291643675899377,1.0783692959404117e-05,5.812220268023848e-05,6.6663447825655275e-06,0.0003144881802030312,1.4556103039102025e-05,5.847783323173411e-06,-4.27385052958189e-05,1.2375211720779242e-05,5.627826866646544e-06,1.2987173184288162e-05,2.7529225768692333e-06,1.0436182030606578e-06,3.31850327123922e-06,1.3644457903651293e-06,1.2854434270030778e-06,2.4729559531609457e-06,1.3315269321451588e-05,2.3077994212574765e-06,1.5870360732794524e-06,9.99080821300425e-07,1.2154453216210523e-05,9.77528407324015e-07,-5.781486210331683e-06,-7.104199662070607e-06,5.558601484388022e-06,1.251462080280699e-06,1.8263041832179528e-06,8.481826136715458e-07,1.0436643214964159e-06,1.470076212814363e-05,4.7541751781697375e-06,7.332555369641026e-07,3.4924740580204954e-06,5.850202507391255e-07,1.1975254874825312e-06,1.1429080013627957e-06,3.987842142945989e-07,2.806092984178457e-07,1.8732682458126115e-06,8.415106537942538e-07,3.269615777443699e-06,-9.48442715719368e-06,3.362470855916401e-07,3.2544768193226156e-07,3.1201485867851325e-07,1.4294975554009663e-06,2.050157973753543e-06,2.4493503006389447e-05,2.898049847529935e-07,3.2402007882832125e-06,3.1391454008192967e-07,3.137875810381717e-07,2.266029777859232e-07,2.3118653641200344e-07,2.1941360569265815e-07,2.1805446930021752e-07,7.78188504618175e-07,2.1444564812507803e-07,2.1607003942935646e-07,1.8796467293858351e-06,2.0701659542082195e-07,1.934481175738125e-07,1.0800486521711389e-07,7.841104534330741e-08,5.736491853893351e-08,1
2.0138758295809285e-05,1.4319320446821567e-05,6.05067170561449e-05,1.3017391169238232e-05,3.7425174712152245e-05,1.7499208104483346e-05,8.401490875991342e-06,1.00158801438121e-05,-0.00014389673590087417,1.3210891415818524e-05,0.00012806459650787204,2.4841088091340498e-05,8.249800489711257e-06,7.437096556497514e-06,1.5728753283348925e-05,3.799114563252543e-05,-6.296569043149617e-05,4.3862106642926675e-05,1.107985904973267e-05,1.5859899852121238e-05,3.282780534032375e-05,7.363327815271898e-06,4.4881039752864716e-05,9.484091323275296e-06,5.58946329776233e-06,4.012996022603168e-07,7.866071334565405e-06,6.073119018967914e-06,3.00869652714789e-06,2.7983110320671614e-06,8.0739629592357e-06,-6.9863362305189e-05,3.7556356985031026e-06,2.845427407648716e-06,2.221833226048348e-06,1.0095867960180145e-06,-2.4242301012698118e-05,9.62140604742758e-07,1.073767452255514e-06,6.366091799780379e-05,1.7455969236389588e-05,9.660129989370057e-07,9.288091137899331e-07,7.990319442774974e-07,1.9429243299326253e-06,1.7117878679604998e-06,3.972805890364549e-06,-5.342313161977363e-06,2.1927900089451204e-06,1.070727594933093e-06,-0.00022311316127131752,4.5517116270929e-06,3.7660217482436864e-07,2.1719883902725023e-05,3.362394963489411e-07,3.9262118157034527e-07,1.0862278657378072e-05,1.929359896452693e-06,7.176244587313691e-06,-8.402417221551412e-06,-2.1427400895834497e-06,3.335831217920096e-07,2.7727984473152187e-07,3.4999864622901764e-07,2.7907577393841976e-07,2.7928883148400564e-07,6.926052659663878e-07,2.869938666423787e-07,3.3993022519241277e-07,7.689793999059405e-07,4.982854987341514e-07,6.629880663696535e-07,1.4044379215026827e-07,1.5096825630635549e-06,2.1134544346042146e-08,1.50304535232505e-06,1.567984394110946e-06,2.865660478405202e-08,1
2.358655931565563e-05,9.88769876039201e-06,9.45573684928342e-06,-0.00011665601087364433,9.166587354955232e-06,0.00011569140153797129,1.4480635863792615e-05,4.841196642166545e-05,4.757424175485314e-05,0.00035793726959524545,2.6344424116831678e-05,2.7929919963862047e-05,4.7119155359414766e-05,5.706815254308682e-05,7.288884791243784e-06,0.00022473107101512492,1.3652289884798861e-05,3.786155847577101e-05,4.100852161214393e-05,6.298827734239938e-06,5.921254351217986e-06,0.00015209763773441111,1.254925494913279e-05,5.347853174448723e-05,3.855028611041157e-05,5.720830845893874e-06,2.515541815533998e-06,-8.026221177550461e-06,1.175370210295173e-06,4.338808677420979e-06,8.337912347235115e-06,1.036340032018394e-06,-1.0656931721784561e-05,1.09440299760537e-06,1.0206416196075082e-06,6.77320166636686e-05,9.74096770094012e-07,-0.0001321303448913323,2.3121981263142444e-06,1.2683074286956303e-06,3.7723645731830453e-06,5.986655040737962e-06,1.5580271039567696e-06,8.590144978332459e-07,7.802321142274635e-07,1.3635132152739204e-06,4.276163399527688e-06,6.651341593976968e-06,2.670474929361162e-06,3.515042379398918e-06,2.6261416364724456e-07,8.757973795425364e-07,4.296827948410761e-07,2.83209170449072e-06,7.184583630759164e-07,3.318962965131849e-07,1.0538620028328579e-07,-7.886153138667874e-06,7.91145413175485e-07,-2.0303445778382358e-06,6.361844797477911e-07,1.956672595551409e-06,1.9364128004225323e-06,8.051598098845991e-06,2.4954639473801007e-07,-9.098294399276332e-05,4.809068713159715e-06,2.318208703632807e-07,2.3287573497391086e-05,1.309999295361483e-05,6.339955066520369e-08,4.96358112074054e-07,6.987038679600824e-07,2.502674395419428e-06,6.784530420600426e-06,4.7847069854964104e-08,-3.834679397622304e-06,3.967183705341175e-07,1
0.0007253364211773823,0.00018822856935508394,0.00046889802104386596,4.476300064568135e-05,7.439191698760555e-06,7.176387989573513e-06,7.1938816858267704e-06,1.0935836346170817e-05,-7.532846483321213e-05,0.00012494933552096863,1.2151892172620755e-05,6.278419265617762e-06,6.136607930304801e-06,1.6256914035189227e-05,9.921571694330829e-06,5.944856323331356e-06,2.8697862397899556e-05,1.1342243550906521e-05,3.943488769540551e-05,5.483924497844215e-06,4.0240229962575445e-05,4.950502706863148e-06,3.3929089118135696e-06,1.5562861958178987e-05,1.7525014715511642e-06,1.467730227131913e-06,1.256491332912643e-06,1.100497953000989e-06,7.755112914178165e-06,1.0520520081552874e-06,5.842874320244096e-06,2.09878737709477e-06,9.442179560609214e-07,8.761132898844386e-07,8.625384882560933e-07,4.791452885421903e-06,9.634008472862673e-06,4.749588187618078e-06,-5.0059553708905346e-06,8.095025328818775e-07,7.970534774251357e-07,8.482788068870525e-07,7.634720351251038e-07,1.63951164716126e-06,4.865666058639547e-06,3.9474322600278713e-05,7.456044201465055e-07,4.807337363416364e-05,1.8859665139615027e-05,7.330941007892357e-07,8.383288102645762e-06,2.2065525075463138e-06,5.676350900762684e-07,4.821255988606753e-07,9.461986458867057e-07,1.6069661768225848e-07,3.7055171226956982e-06,3.1000156274417885e-07,1.1838853436053781e-06,4.7429909302892543e-07,4.1328945631341336e-07,5.0463748141615775e-06,3.780154146694476e-08,1.1900153501959607e-06,5.123603074746261e-06,2.8468291771010513e-06,2.3837052612339616e-06,2.3588962995966682e-07,8.694801406560628e-07,2.1600076499361692e-07,0.00015077200662264403,1.3675697618203018e-06,1.3754438678818313e-05,5.989782962657872e-07,1.077873415731966e-07,9.656800970825346e-08,1.5904685436943716e-07,7.710842501447276e-08,1
2.3196267050244117e-05,4.89510493916841e-05,0.0009434401479839924,1.0532296167095177e-05,2.9748210415498434e-05,1.538223627334571e-05,5.5200265975842086e-05,-5.1373256008284075e-05,8.373824041797435e-06,7.469310461604566e-06,1.2929593944277147e-05,6.925325010275269e-06,2.1152510427618687e-05,-0.0001236604327278697,0.0011324794464173185,3.8279367041887115e-05,3.526152128688453e-05,3.8924325323409056e-05,4.183033822959694e-05,1.726028012302051e-05,5.107653205588277e-06,4.923721034604847e-06,3.245794571566338e-05,4.3464007093864295e-06,1.980892237276272e-05,-9.877097025844603e-07,7.656963637238248e-06,9.694114069898412e-06,2.4818686800110447e-06,-6.2463031433255926e-06,6.066115599967288e-05,1.2462086819955763e-05,2.917592050882668e-06,6.036903377445725e-06,1.0688260955096111e-05,5.295677984534105e-05,1.387630667689265e-06,5.5906766548754584e-06,-5.48096563264527e-06,3.076084824971906e-06,6.952960875930013e-06,8.218486960099132e-07,0.00012789157087081876,4.624820608072401e-06,8.282127504927572e-07,8.975942731093774e-07,1.7036678527620583e-05,7.262557948501977e-06,1.2566372000425691e-06,4.4787151019997063e-07,2.7380249747154714e-06,9.774178891085977e-08,7.752014528680478e-07,3.4700621085697605e-07,1.900017103374982e-06,3.1047170418188533e-07,3.029433715076929e-07,1.8661381260269315e-06,5.978121704174203e-06,2.944709529486974e-07,2.899974412454691e-07,1.0034111233079816e-06,1.6160831974211607e-06,2.562849372762003e-07,8.37055885027631e-07,2.4699710118094555e-07,2.31407243235841e-07,1.373611973414359e-06,7.460566100833174e-07,2.454009113193747e-06,-1.2808826144737586e-06,2.9577567369256597e-06,-1.250699891123273e-06,2.7151633362564283e-08,1.8551223571690887e-06,1.7776502039401497e-07,1.404642958728914e-06,1.9184314664301946e-06,1
1.0786262811840708e-05,5.9473711382888284e-05,3.462919833349993e-05,2.941857130375163e-05,0.00017942020265311796,0.0001722976218435303,1.092112861001857e-05,3.083209173850419e-05,-4.6884025599257266e-05,2.3995518996331313e-05,-7.737640072871078e-05,2.148268554379531e-05,7.835980640147448e-06,1.6940747411692545e-05,8.79456077742029e-06,1.9419122902967095e-05,7.273848631130716e-06,6.501034534117648e-06,8.953252925739025e-06,6.304108572163178e-06,1.975581748636575e-05,1.6836470868797712e-06,0.00014235789394609997,6.5817135520175785e-06,4.770406368315985e-06,2.78078956674895e-07,6.285413836137425e-06,5.753524760233363e-06,1.4320251203484074e-06,1.9550642094837903e-06,1.4182860645966865e-06,0.00013489963257956968,1.151760378328443e-06,1.2736854325390432e-06,1.0881289360786664e-06,6.097010231954818e-06,-5.97332679233957e-06,9.881930563383186e-07,1.0028186561242674e-06,-7.499708020609572e-06,-7.231159288676427e-06,3.3990149468237753e-06,4.89040255994952e-06,2.058570911045542e-06,7.660700377403074e-07,4.113970030192529e-06,9.74204924470375e-06,3.841229908857923e-06,4.3201374500185835e-06,6.671605072114794e-07,9.77321743043879e-07,1.5019161402982874e-06,2.402988454467232e-06,3.857399368078633e-07,1.0291893292833018e-06,4.835651301946817e-06,3.258376599296253e-07,2.932875972198215e-06,2.9058633799752113e-06,9.722788897971082e-07,1.9868214889544285e-06,4.0414471706633765e-06,1.5742336780467773e-06,8.304270813085856e-06,2.4010619288966353e-07,4.5007008046743543e-07,2.6564616993663884e-07,4.2431889788818657e-07,3.155764999043474e-07,1.5799962938992622e-06,1.3827542373020765e-06,5.7391211679311984e-06,2.44617655545244e-06,-1.0512528993079108e-06,3.821443943108361e-08,2.024853912506554e-08,6.615880849552048e-09,3.620066255957769e-09,1
6.460162866308604e-05,9.14309757728443e-06,8.815585247833161e-06,9.088522834147108e-06,4.04089406381342e-05,0.0011113182085664113,1.5342217053440257e-05,1.4994735186558195e-05,8.087854156248002e-06,-0.00018529205079280203,6.850024848819722e-06,3.3902752925638315e-05,7.1805453665725195e-06,5.078040660677716e-05,5.775024661330638e-06,5.848908819277659e-06,5.9373802034952055e-06,1.733072538084928e-05,7.111404721974885e-06,-2.7169343942701265e-05,2.050684094067008e-06,-4.5942338850956756e-05,7.114970645746662e-06,7.931039640538059e-06,1.6037487609766068e-06,1.4725776285097436e-06,-1.657976173866259e-05,3.1788985645306964e-05,1.2565970666891309e-06,1.258999978430362e-06,-6.5918200078179894e-06,-9.387913038686596e-06,1.3651410762523212e-06,2.0977114998130633e-06,2.4872092484097663e-06,-6.953168246504669e-06,1.0569612625901635e-06,1.3419741961268108e-06,1.7712336641475208e-06,1.529377857215388e-06,8.203775249565653e-07,2.665290794032147e-06,6.746164864047369e-07,6.540815450564145e-07,6.712534544667245e-07,9.488838547562128e-07,2.7921518241147046e-06,8.358417814891082e-07,-3.043713577447005e-06,2.938400323863424e-07,-3.2699706056644336e-07,3.427670492834905e-08,3.6895296856617233e-07,6.179046344909152e-07,-1.2860370776199898e-05,1.7531008584018847e-06,3.3234351671212947e-06,3.3497829996879814e-07,4.057791906150431e-07,3.139200201564041e-07,-2.21805225266406e-06,2.8795447730518456e-07,4.865542828181397e-07,6.503917420488423e-07,1.2519777558402852e-05,9.026129519714665e-06,7.620053866414694e-07,2.1662766180380916e-07,2.1564262154069736e-07,6.679184292653397e-07,5.046513594261826e-07,2.550281092222129e-07,1.317609880387008e-07,6.643644491009872e-08,5.562380041504343e-08,2.918159145152997e-07,4.2968864256925986e-08,3.910892904096682e-08,-1
1.937292140729363e-05,1.009792995381031e-05,9.873526581644871e-05,9.541624139892789e-05,-0.00017498714903533974,-5.457288866409045e-05,0.0011872997676346956,8.647927631834401e-06,9.564915856277838e-05,7.868995514637893e-06,7.828652518852175e-06,7.653128319169602e-06,6.957829802964038e-06,1.2346874815631151e-05,6.02004308639935e-06,-0.00010562105893038481,5.409538298480054e-05,5.297720559465025e-05,4.694276453541286e-06,7.582469114680114e-05,4.560667146276393e-06,3.9232927510412605e-06,1.9270075411489404e-05,-4.66388289581429e-05,1.083177210854685e-06,9.817491458496451e-07,1.334641747189587e-05,1.1419952711773013e-06,6.130152088764191e-06,5.72319427570778e-06,1.0036496419832223e-06,5.8640320081975765e-06,1.0191950348518277e-06,1.0191950348518277e-06,1.0109817695310003e-06,9.38863186270027e-07,3.983373035667534e-06,9.698807968800495e-07,1.1167868626900903e-06,5.223588112681277e-06,7.977261371626658e-07,8.17605607588747e-07,-5.111503434397244e-06,7.421725254369007e-07,6.2518616181899375e-06,9.229729689637074e-07,-3.6308047983576926e-06,4.781777995404125e-07,5.234292442657637e-07,2.1044325839244406e-07,2.3336343276136443e-07,2.320135991439081e-07,6.370838633039799e-07,3.636487955352505e-07,2.7481422746033575e-06,-4.80309818743287e-06,8.419047175996874e-06,3.18237804618021e-05,5.315806478323388e-07,1.532376672743616e-05,6.876268094823783e-06,2.699464012640807e-07,-1.852598475669136e-06,2.624136850039272e-07,3.937799277347314e-07,1.6794764524906907e-06,-1.6661946454805269e-06,1.8113963446886376e-06,2.2118134018107292e-07,2.1391110918575495e-07,-1.3132714775945032e-06,3.87354177593594e-07,3.2969326364878257e-07,1.9003912863639183e-07,-1.9784806919451716e-06,1.3089463663100687e-07,1.01955733598548e-07,1.6466215011008126e-06,-1
0.0006380227432039519,8.15255662249192e-05,9.5733223239151e-06,1.8999615155251376e-05,8.65059444048454e-06,3.2255857079092955e-05,1.9634527566242173e-05,-0.002086524226218652,1.5638039808988112e-05,0.0001294209925963924,-0.0015803473283140252,6.618155579337974e-06,6.497900091319786e-05,4.417760287023922e-05,-3.779005202518841e-05,6.063094858615398e-06,6.058261592919921e-06,7.8487376033711e-06,5.2759823900468806e-06,2.2169699325093047e-05,4.791126717483927e-06,4.342065959291665e-06,4.0324093436160185e-06,2.6514652577335835e-06,2.021503396518031e-06,2.3103287934635797e-06,1.3337897976537178e-06,9.22206283245103e-06,3.9414763931715594e-05,1.061354415904549e-06,2.4136957890043768e-06,1.0500400692263857e-06,1.042902855200772e-06,7.716927234749872e-06,2.603805742328605e-06,2.516366733312002e-06,1.8439741893485133e-06,8.742097327160978e-07,4.024051034222714e-06,5.771764311760213e-06,4.379145156167722e-06,7.027291767551142e-07,2.1910960700265947e-06,3.1614910643330927e-06,6.622150699331281e-06,2.182148703358598e-05,7.054515171581453e-07,2.3735454228058198e-06,8.954053745595097e-07,-5.600602436530254e-06,2.302041988501351e-06,1.2702883331319832e-07,6.763870154970194e-07,3.4597176679705125e-07,5.799099078821683e-07,6.268282114021895e-05,5.70759704355988e-06,8.565263773275004e-07,1.4319173829677982e-06,-1.0439694408517322e-05,2.231026882499923e-06,1.7239354246637436e-06,4.938604226379822e-07,2.1310978269295413e-05,1.487928236442259e-06,8.485414500760795e-06,5.160719149667175e-07,-1.275846453262598e-06,4.2736489581295724e-07,1.5181907803233556e-06,-6.638058624560209e-06,1.1433005385939645e-06,1.8083935272787974e-07,9.26484730790578e-07,2.6795587493323007e-06,2.469492182081074e-07,1.0867270594664726e-07,-5.7327072138581814e-08,-1
1.6876671487359926e-05,3.998827607115553e-05,5.066695382062335e-05,2.0065755693689694e-05,8.561800736503614e-06,4.833480319134466e-05,1.8864419098849186e-05,1.3701821832940762e-05,-4.386516691324513e-05,3.697575497724736e-05,1.0132088481189513e-05,3.3801890409034065e-05,1.2808545396061807e-05,5.428015895411705e-06,4.374483827609776e-06,8.044316126924017e-06,4.828294694450229e-06,-1.886771182770538e-05,0.0001720091035606674,1.5610594482130394e-06,3.6176720790078306e-05,1.3275843475925094e-06,4.969633125110481e-06,8.195961810116694e-06,9.436020587116397e-06,8.094449431591727e-07,8.657123799039244e-05,1.2097923280387991e-06,7.182087256404433e-06,6.586932622089552e-06,1.6540589246551798e-06,3.307605345905435e-05,1.00297753193465e-06,9.274940428948312e-07,4.482577296612576e-05,4.260397921159199e-05,4.309933998376199e-05,1.4609593929832556e-05,8.488991868052031e-07,4.993498863359874e-06,-8.65233862882169e-06,7.572826991149901e-07,7.391590105374138e-07,7.028976193330162e-07,6.873485195285719e-07,1.750906980414828e-06,8.609985418945341e-07,8.400142460424123e-07,5.595891012129799e-07,1.6777880023141644e-07,2.8879109918294747e-07,3.7814015136091015e-08,9.913380832193875e-05,1.7211387873340837e-06,-2.0220091692288984e-06,1.1209892298400126e-05,-1.8722932170989448e-06,3.1108548766928266e-07,1.140345004320041e-06,3.0563458699427266e-07,2.974496697022846e-07,2.6735599529789986e-07,3.855479868005522e-07,-3.0790832309687336e-06,2.4378787738985667e-07,2.4248301134862484e-07,7.450555565639359e-07,-1.4031690401440766e-06,1.2259689084710385e-06,2.010862252573052e-07,3.812226431545214e-07,1.926803720219522e-06,1.9056998075560087e-07,1.8664490036324994e-07,3.5629706623498195e-07,6.725431894810641e-07,6.683516756248713e-07,3.0659806596040563e-08,-1
4.2212564459225415e-05,9.202435591855667e-06,8.794716705870474e-06,0.0037974871164858483,0.00011527028655651079,8.610592362274797e-06,8.18662664200875e-06,1.2013913291927113e-05,7.751384215597888e-06,0.00011140440236185588,0.00043388685650239453,6.9912270699577545e-06,1.8638922437203315e-05,9.56346450882473e-06,0.00012487717550385395,6.960765278714342e-06,6.042762742760422e-06,6.594887288392605e-06,6.489638772598765e-06,5.88842001011369e-06,4.992140565643238e-05,4.044618000914655e-06,2.471528063559872e-05,4.273984622754336e-06,9.578092384818292e-07,2.0625995374599155e-06,3.2587633267716112e-06,1.1197681884858673e-06,6.518024065287825e-06,2.123586628213541e-06,-1.047963133267199e-05,1.1590559531915728e-06,-1.535722097450837e-05,8.972520253723955e-07,-5.0865125513783e-06,-4.958706112028645e-06,3.0895908815524072e-06,1.1315663551048382e-06,1.0430922351208764e-06,4.044390868295484e-06,1.4518729770774819e-06,-0.0006324948743740235,6.406715539562448e-07,3.3946863938064363e-06,9.274812811485102e-07,2.688284287646857e-05,-2.139877049454466e-06,1.8122941567409752e-07,1.4948610899233342e-07,1.2048287097194223e-05,7.977608676926524e-07,3.210819576950555e-08,3.4421678256671626e-07,1.225039017002013e-06,2.834437958912916e-07,-7.949712295381715e-05,1.6549976602722892e-05,-2.3075802669531767e-06,4.589380820826043e-07,4.717811584487268e-06,4.775715315926034e-06,3.771462631553324e-07,1.199235315622642e-05,3.542897587681842e-07,4.3421683011107066e-07,2.3453742900917326e-07,2.190433552835645e-07,2.1391277216634294e-07,2.1320288401737731e-07,-1.2922604642808751e-06,7.134907998854013e-07,1.8610755942797925e-07,3.188883488498275e-08,-7.020720819718664e-07,-8.30792834840748e-07,9.928626017789887e-08,2.0412974165248274e-07,7.486325755268284e-08,1
9.196372519700916e-06,0.0005395494020431113,5.152789862512857e-05,4.615948560311785e-05,5.076449557222505e-05,9.901384140427642e-06,1.0747848135718707e-05,7.931014040436076e-06,1.4571022890599511e-05,3.252179163822934e-05,7.5253304394923936e-06,4.244951212779077e-05,4.71609595216791e-05,6.683961485837775e-06,6.1590403908093595e-06,2.952285050028982e-05,1.3091077770849589e-05,5.395475367695085e-06,8.750870200082285e-06,4.421328434516454e-06,3.0305995053377167e-05,6.066510360260544e-06,1.776610856230543e-05,8.702198286286896e-06,7.385622453657191e-06,2.976439134328766e-07,2.0102031669519686e-06,1.9353478423840672e-06,1.0869551813085947e-06,2.419793304579365e-05,2.8839967089441336e-06,0.00015314409674017953,1.1753959987192539e-06,1.425983401809923e-06,4.988855244382966e-06,8.144857502097179e-07,8.126226631950334e-07,1.1674172000384195e-06,7.49897443510716e-07,3.286665170682398e-06,7.186135382688626e-07,7.159506484228119e-07,6.704480908642379e-07,1.2563707968977839e-06,5.714495719956475e-07,6.183417856941436e-07,1.440041599979824e-06,1.8310579302538228e-07,1.6157531558546136e-07,8.892959787500071e-07,1.4113376485375473e-07,4.45181824934409e-08,5.474400546680703e-07,4.709891220969492e-07,6.666052113473614e-07,7.041818807126626e-07,5.767405488282163e-07,6.364746975678408e-07,2.56629683281876e-07,2.608111668221309e-07,3.3122081558011266e-07,1.2377332427242044e-06,1.4137863212896117e-06,1.0147513569619189e-05,1.9651262558577218e-06,9.255356892840466e-07,1.7943218756048534e-05,1.4646941415633357e-07,1.433065733412319e-07,1.4586597911056077e-07,1.3203152104950977e-07,-1.962736508762659e-06,-4.026748443072074e-06,3.4351158561055935e-08,4.253995386953072e-08,3.517146251809368e-06,1.121274311405684e-06,2.997944233922862e-08,1
1.0431144764110693e-05,1.3331719919544404e-05,9.267285966081525e-06,-0.00018353081272086606,9.60768943511482e-06,7.970379246628815e-06,8.199520763133009e-06,0.000329137621560278,7.417194499616976e-06,0.0014478686261102246,6.738023644959778e-06,0.00013612624316408986,0.00013608445076130715,6.420001701676095e-06,1.286191937427138e-05,8.266612575320381e-06,6.56090209962018e-06,5.681401204371062e-06,5.674138214490244e-06,0.0002519489115851645,6.029157158876754e-06,4.641896656822198e-06,3.263813666988793e-05,1.670889597793445e-05,1.9293541736817342e-05,1.1568887872156537e-06,1.2656381638518878e-06,7.29384358096528e-06,4.707917937432141e-06,1.2201924281836505e-06,6.794966295365778e-06,2.4343520830572068e-05,1.8016323176340597e-06,5.891896271164375e-06,9.64392943309564e-07,-5.507332392590729e-06,3.572993448258667e-06,9.308831734348737e-07,8.034471544716155e-06,6.651634614812368e-06,4.041703506958157e-06,2.1780008040978883e-06,9.015854122336585e-07,-9.413076471897643e-06,1.093715267891674e-05,3.8036061201210665e-06,4.181810142488087e-07,3.5515780311716857e-07,2.0663542023085677e-06,4.738626808576052e-06,5.349179917130918e-08,1.236566687474034e-06,-2.2503289122993814e-06,2.161431984361625e-06,9.604971334489686e-07,5.284024876333659e-07,5.984632481939464e-07,4.5714152766538833e-07,6.478692094034475e-07,3.0381863556452237e-07,-3.1222574565426203e-06,7.321007376547063e-07,2.792489752745513e-07,2.4867999209072575e-07,-1.6268160486190259e-06,3.4148816999489816e-07,5.794128970441555e-07,2.5224021996180473e-07,2.1808963000421076e-07,7.221883804063336e-07,3.0016720741742145e-06,1.7807351306412208e-07,1.5889971612260418e-07,2.0916368815424177e-07,2.3628222669763145e-07,8.108603357225108e-08,4.4103460004447905e-08,3.020958511650142e-08,1
1.0860292256556925e-05,1.0061722189334541e-05,5.9695021440762655e-05,1.3727742286080583e-05,9.393444990915435e-06,4.612374174155329e-05,0.0006508444503798306,8.556667001772111e-05,9.082459035726397e-06,2.1181667536585252e-05,8.570408862336116e-06,5.142245317401669e-05,1.029528794848233e-05,1.011389727134249e-05,2.831652026133985e-05,8.162061320910649e-06,8.080718690443687e-06,2.4362234725255605e-05,5.103441478931351e-06,4.898401519443778e-06,3.732589003494939e-05,6.043630239752555e-06,3.420279133176231e-06,1.3037234017609477e-06,6.4285380041812775e-06,6.071751261300014e-07,7.583261319847725e-06,7.0989623226674734e-06,1.1490800873096727e-06,-0.00015025634416488328,6.354341173793119e-06,4.8904879221083525e-06,1.0697600880887675e-06,-6.671188372904999e-06,1.9070630015933564e-06,5.461363764587828e-06,1.0757893739669068e-06,1.0749715899600342e-06,-5.5257619873881714e-06,2.4915934333751807e-06,8.855593953282081e-06,5.288113475009978e-06,8.251801668578991e-07,1.1112631618763642e-06,7.113037252893899e-07,8.950793062309987e-07,6.493712368901902e-07,8.912867802142389e-07,3.5349804502183046e-06,5.002429224632185e-07,3.819186293070516e-07,2.8988189830351316e-06,3.3555389112917426e-07,5.458888616239799e-06,1.9250411240575193e-06,1.5738065624544782e-06,1.166683736705522e-05,2.666689420001216e-07,1.7467022045066332e-06,2.499453844649439e-06,7.146839418924227e-07,1.8937386847068514e-06,8.936803431749258e-07,1.0699563561641577e-06,1.2325465549040719e-06,6.695732478778767e-07,2.3338599652491922e-07,2.3522205170793482e-07,1.098904763052123e-06,8.576193638815492e-07,1.6055963335228812e-07,5.193052708073698e-06,1.641385441439359e-06,1.3153992708043282e-08,1.1522106899146153e-07,2.9812988958594923e-07,1.1023848645662095e-08,3.420466959574018e-07,1
1.1133809873513797e-05,3.7451323183206174e-05,9.382101177379952e-06,-0.00013310354667224843,1.3401210908344348e-05,1.0943036293604437e-05,8.310680956184356e-06,0.00012288373735013213,-4.363115988625033e-05,-4.213221823415436e-05,-3.917323157238302e-05,8.05898356873079e-06,6.113213236793118e-06,1.7734841338851184e-05,9.475643929974526e-06,8.149373697036578e-06,2.4604398189157943e-05,6.452088934601435e-06,-8.115057678393151e-05,-9.577745085175952e-05,4.6180838055837585e-06,2.0403663287168036e-06,1.6699615996681182e-06,2.518523037095077e-06,1.127774741920827e-06,2.622948035571614e-07,5.444637925148129e-06,3.4660891826070343e-06,1.2172943071406881e-06,1.7283118527678657e-06,1.3935917980239e-06,9.306111712827297e-07,2.282815656050338e-06,2.861611083882902e-06,1.2869109935602912e-06,8.092661010434712e-07,8.055336836678724e-07,6.463244919322729e-07,6.980061659042231e-07,6.421661321075247e-07,6.246105593750346e-07,1.5984775270234314e-06,-4.28753934649697e-06,6.501979685440728e-07,2.8613167562417117e-06,4.6298484329198414e-07,9.00316652206916e-06,4.105846366500638e-06,2.5985186117763384e-07,5.538996173815985e-07,1.5109638078533858e-07,1.3487774826442187e-08,3.126830500412485e-05,3.761552540165043e-07,7.426272146302167e-06,-3.1379442140484208e-06,-3.0588122517540844e-05,2.913376744095505e-06,2.3383691144892063e-06,2.003178839534154e-06,3.312524632730688e-07,-1.6589994305206379e-06,3.2627666312740275e-07,2.9392531498686494e-07,2.543445642184234e-07,4.61069750283448e-07,4.67666542499435e-06,1.3251174840951651e-06,-1.876050090821317e-06,1.8769844095677641e-06,2.3141966383261876e-07,1.2202720044974676e-06,2.783998910068595e-07,2.3347707067340494e-07,1.5112122706110718e-07,3.6719105462328645e-07,-7.83587751929084e-07,8.975844895752468e-09,1
5.4321227332792196e-05,8.929108092526077e-06,0.0007633670343372948,0.0007564342399294328,0.000755770105504278,0.0006777051896501031,0.00046036102616877397,0.00046036102616877397,0.00046036102616877397,0.00045989094384004704,0.00045993926936058974,0.00045801061452513967,7.617350773510954e-06,-0.0001377083549123491,-0.00018216016684376643,0.000820556647838876,5.5904063651509775e-05,1.650879416296997e-05,-0.00014802310915438513,5.582077929641862e-06,5.706520447588541e-06,0.00012556875464603598,6.340800506800411e-05,4.75927036250033e-06,1.2914671057877749e-05,6.166317614036134e-06,2.0844802675001723e-06,-1.4799854676079396e-05,1.3917262341892247e-06,3.7316985769967453e-06,-1.2273329447321878e-05,1.2978959129318727e-06,1.9028364766346043e-05,-6.57604892409872e-06,6.287278711561528e-06,2.935885536733055e-06,1.8510909071586377e-06,1.6557929670390595e-06,1.0441852821928818e-06,7.827785613616564e-07,7.961507767361325e-07,-7.3080202635104564e-06,7.676488040216463e-07,9.681425315581476e-07,7.317371849654049e-07,7.369199973380713e-07,2.137699546665163e-06,5.82814831733542e-07,4.2994392459046846e-07,4.687490602895679e-07,7.499748134012094e-08,2.5730572060673688e-08,3.729169143022223e-07,2.2206386951059234e-06,3.4260942875297855e-06,7.942583819993905e-07,6.22962487918441e-07,3.3160981640947068e-06,6.566023463906807e-06,8.3423474783199e-07,4.6828833955662635e-07,6.084867064678784e-06,4.808689895421295e-07,2.6910956120313735e-07,4.141778485350646e-07,2.1485919214826424e-07,1.4935505026652326e-06,7.166358260543334e-07,8.106161895947722e-07,1.8111980950579947e-06,2.002204808363089e-07,1.8803312534997988e-07,2.2853569173089787e-07,5.632912413528418e-07,5.013436980870172e-07,1.188636066972585e-07,1.1526852699886015e-07,1.4194770860208479e-08,1
2.1410390226643577e-05,5.301386926101441e-05,1.81080102241294e-05,3.784542994447096e-05,2.6815238572988242e-05,4.721464667128357e-05,1.5979857428342296e-05,0.00040103275175454745,7.6110000910850125e-06,3.381208058123288e-05,1.255263708891911e-05,9.545127178175017e-05,0.0007259982781405236,6.867825098440092e-06,-4.278625297748086e-05,0.0002559668692754554,2.1703031207969655e-05,0.00030149477845227613,0.0002614594602250909,1.4767353964236459e-05,6.436079302337435e-06,6.317306319391123e-05,6.602324090665179e-06,8.155177941514057e-05,2.654631747886967e-06,4.082184415240899e-06,8.068141393274721e-06,2.6441807927539006e-06,1.2548598113418937e-06,1.1104187508426367e-06,1.2538086111714826e-06,9.542087929216185e-05,9.545430099943151e-05,9.482654114919275e-05,9.075507373113429e-07,8.840991224690501e-07,8.480244467328596e-05,5.748838154336182e-05,5.748636798000588e-05,4.464869681134389e-05,-1.721354436404364e-05,7.999221595106337e-07,7.67282785213333e-07,7.571412695508258e-07,7.600515634594487e-07,2.299102328895812e-06,5.949087953125412e-07,-3.3545796134377298e-06,-2.56680073675561e-06,5.18069107153808e-07,3.977546315488833e-07,5.780759106101888e-07,5.6885116387808e-07,7.832316063147828e-07,5.688297897790622e-07,-2.769144603687846e-06,3.31206227934386e-07,-2.74939009316401e-06,3.7239995327484733e-07,3.266845710157091e-07,5.761569504241496e-07,4.2596808760236853e-07,2.364252112674634e-07,3.0814961596455665e-07,2.016462627313718e-06,2.9003997361559274e-06,3.5760679659794365e-07,4.858532340867369e-07,3.265041691781662e-07,-1.3581186148987337e-06,-1.117774465985155e-06,1.1847180194386698e-07,4.882812699287152e-07,7.497349156765377e-08,8.24599665596946e-08,2.889840436851911e-08,3.569081399974499e-08,3.199190738715051e-07,1
9.489400370773983e-06,0.0020837031799269454,8.555793120167062e-05,3.414466393120664e-05,0.20924455742296919,-4.9208029408304765e-05,9.111060513542883e-06,0.00020507804402986464,8.067384735594607e-06,7.761745129602184e-06,7.5518257691633105e-06,0.00011330621551256175,0.00010359381547877275,6.314396694655771e-06,6.022624691452487e-06,6.3059713837267495e-06,6.171807550294998e-06,5.231184003979781e-05,8.524216300582358e-06,4.208605859239209e-05,2.5275014727019562e-05,1.3520975261804187e-05,3.1082663529096954e-05,0.00014831866533442366,6.396180782264493e-07,5.684201503586692e-07,1.8440411999547996e-05,0.00045941572089742126,1.3453009138777098e-06,-2.275565542229779e-05,2.263501278016175e-06,2.1319547027780238e-06,-8.858181232827814e-06,1.8657285950570899e-06,9.083950998250414e-06,5.002752347573366e-06,1.5985536655333514e-06,9.186669552079333e-07,8.546039315345853e-07,9.105601718765651e-07,8.862847418714237e-07,1.3310708868551644e-06,2.5888461318734695e-06,8.225131151348327e-07,8.252905113331473e-07,7.76679140904007e-06,3.47527788396047e-05,3.5729666068199513e-06,6.213307233989725e-07,1.1812660249536727e-06,1.3223778439592651e-05,1.1791341004157601e-07,7.918264589669358e-07,-2.255860788698628e-06,3.5687303568232585e-07,3.1972398277736496e-07,8.262292778675156e-07,2.819512888366167e-05,3.5440457958187536e-07,2.8120364711163364e-05,2.8043625368539304e-05,1.6377407516439821e-06,2.512665027356621e-05,2.5102829747293522e-05,5.1151225129863765e-05,5.1151225129863765e-05,2.578730118324324e-07,-5.100309441198115e-06,3.0390986956995414e-05,1.9512420719190154e-06,2.815005790590551e-08,-5.380074503962111e-06,6.114368208507396e-07,1.2335433435081354e-06,-2.3480627005072175e-06,9.418994413407821e-07,5.214839149314399e-08,8.489234731842532e-07,1
9.545334073215053e-05,4.4202848662340294e-05,8.704628784223387e-06,8.711565915392823e-06,5.9333687187634185e-05,9.536647963664507e-06,1.7481330013773627e-05,8.471448548653946e-06,7.48475030320922e-06,8.64712735134061e-06,4.070235900326752e-05,6.6930142773774965e-06,2.331984394869194e-05,0.00022212102580508966,1.5318772866024774e-05,-7.864744326022854e-05,2.3472870655439297e-05,6.2342663053639445e-06,5.013486707685334e-05,6.491928707868852e-06,5.85200718966962e-06,1.6070198486916956e-05,4.1476127704321285e-06,-3.46110656402086e-05,6.322942831692518e-07,1.0089117120561259e-07,3.7050158439764173e-06,1.8290549320090926e-05,-7.343389517367326e-06,9.33639849164829e-06,-6.1510036760380956e-06,1.0718352258028263e-06,9.763833441324177e-07,9.933590324968421e-07,8.822104080588957e-07,-5.538432380957892e-06,1.7628945065750116e-05,8.223647864562912e-07,7.464675594183151e-07,1.4566041607951499e-05,1.8515242594035465e-05,5.022386928235197e-06,1.0770650776784385e-06,3.7800817023530293e-06,5.073651397701562e-07,2.989791416489691e-07,3.951485351040009e-05,1.1975871222673928e-07,5.978151605911935e-07,1.8970071433488408e-06,7.201330037988197e-08,2.3169483019053764e-08,3.469623642920104e-06,-3.90159615628238e-06,7.066010910071417e-07,8.935942225205908e-06,-3.858535943135286e-06,2.896602562919775e-06,1.0106079899286564e-06,1.1362630960842999e-06,2.87116300714779e-07,4.138965410762957e-06,4.427194235457364e-07,1.783680998741514e-06,5.368524571712287e-07,9.091534747947961e-07,3.4422342605483675e-06,2.7679290978285913e-07,2.6839327661062474e-07,-4.44180134807792e-06,2.4154500375199497e-07,-7.913697452431899e-06,4.927092471857725e-06,2.2746778582764979e-07,4.4015665001306984e-07,6.478746806348934e-07,3.959983559204568e-06,1.3735731293746025e-08,1
6.08211908449765e-05,4.182517052513359e-05,0.00010666970195325268,8.594448233381751e-06,1.1900923676769341e-05,6.123569033172952e-05,3.242982396743278e-05,3.2401194625364826e-05,-0.0005387032291855928,-5.245815312529002e-05,-3.99398105407977e-05,-0.00017050118659376207,0.00011113378516738876,4.145611301428174e-05,8.803495104240827e-06,6.226048237085046e-06,1.6307925600565752e-05,6.188222834521539e-06,-3.5066191991773275e-05,2.6339644375009327e-05,0.00012640161922656092,1.460238955021941e-05,1.180872037290744e-06,1.152957711543772e-06,-3.1140232124855926e-06,3.400566891631264e-06,1.3126111106256444e-06,1.2929276046589017e-05,1.0078436672004378e-05,6.912686479417375e-06,1.2412646907429484e-06,1.2718907505071113e-05,1.0909807288855825e-06,2.4245781523679064e-05,1.1134332388377663e-06,-5.756465814682067e-06,-5.64764759258057e-06,1.5205189341511602e-06,8.400398316619017e-05,8.164883105328488e-07,8.259027929340229e-07,0.0007074753925735749,8.287130835678943e-06,-9.830930407528567e-06,7.848937463341654e-07,8.930278977586743e-07,8.441070354212746e-07,2.781914926332458e-05,-7.480069658083016e-06,2.3071784924883008e-05,-1.96602007620285e-05,6.892633813523275e-07,2.2507906216005386e-06,1.354914168318675e-06,7.424238235841106e-05,3.0811272337814214e-07,2.9904608693001085e-07,2.9852477375985193e-07,8.068070285805819e-07,-1.8672114179400061e-06,7.625327705704462e-07,3.70099852203298e-07,1.5864434047273411e-06,2.6800934962613273e-07,7.603162670274208e-07,2.61612963685751e-06,2.552737373448424e-07,2.2735677401043215e-07,-5.870965999750795e-06,-3.3283536534637887e-06,1.2670529911641056e-06,5.115832821131534e-07,1.099696522415542e-06,5.989276824565645e-06,5.020307406240003e-07,7.017011793572218e-08,1.4635130929777808e-06,1.1676273630378724e-06,1
1.034394369053621e-05,0.000143819583674508,0.00023349143517805316,9.719677599024734e-06,9.579358691369485e-06,8.362136468443285e-06,8.199920009491501e-06,8.87802421886234e-06,2.606502046722567e-05,0.000324281675801994,8.31879304905274e-06,5.28017331281053e-05,2.0477005908285675e-05,4.179180065184693e-05,6.3239605391879024e-06,6.149751022969583e-06,-9.715146164733895e-05,3.564863422122414e-05,5.033309603195261e-05,6.337701596729635e-06,5.613087785687277e-06,3.307153497114823e-06,3.960364679674769e-06,1.9247276012094886e-06,1.5352302233761457e-06,-1.6249610310441335e-06,1.2525912466923356e-06,0.0002674996045582343,6.773175615534056e-06,1.4015426741958762e-06,3.645083428781472e-05,1.0065417053856187e-06,-9.290693947901338e-05,2.8870015020565754e-05,1.2879728101656604e-06,8.699786798543826e-07,-2.529000546222693e-05,-5.7096445755126505e-06,8.590198313430248e-07,1.662453526249587e-05,7.368428299044289e-07,5.225836295691363e-06,-5.025316896536351e-05,7.878640292735475e-06,1.3793510647365456e-06,2.285454431993044e-06,1.0800007014595964e-06,1.2410982217709536e-06,4.114931563459282e-07,1.3598459305846747e-07,2.935366110750979e-06,5.803306704641186e-07,8.870032379373096e-07,3.277278684478762e-07,3.1511286262207436e-07,2.7443352471849927e-07,2.9850222300167866e-07,6.79452735552407e-07,2.741114339105394e-07,2.741114339105394e-07,-1.5239867632288536e-06,1.3602413194193147e-06,1.5074947778987972e-06,1.3364017175904048e-05,3.1780934149320934e-07,2.328381696873415e-07,1.5325624492632387e-05,4.866534351857895e-07,-1.3637865996134987e-06,6.898242301617612e-07,2.3793709405584265e-07,1.5206274568634027e-07,1.4109639613630416e-07,3.3186695721238016e-07,9.407384872903298e-08,1.662425399823015e-07,1.62948457921166e-07,-2.2278715527146395e-07,1
1.274709688519834e-05,6.07210928010744e-05,0.00024183152585015752,1.0185775249585363e-05,9.182095747244922e-06,2.5708542578188614e-05,1.0049856502524552e-05,0.000979773878924768,4.618434446304666e-05,0.07194482645869439,0.0003533574364184167,5.054891382410311e-06,3.969729382745914e-06,5.6058342760126005e-06,4.0333826625212e-06,3.725250816915282e-06,2.954408554597292e-06,2.78458220424258e-06,2.3461669154190667e-05,1.7245732829489857e-06,1.3997852380821125e-05,5.3354931066036e-05,4.253594739909132e-05,2.8619269758358053e-06,1.9933450721027096e-06,8.183684823288414e-06,1.2929929613170261e-06,1.234312838967503e-06,1.2256334942204968e-06,1.4992480942201739e-06,1.0653548828784539e-06,7.511095870788544e-06,1.0278133038087793e-06,9.792611727530614e-06,2.5543588739244986e-06,8.820376286539449e-07,8.353474312067062e-07,-1.4026709302650392e-05,1.2179789255949948e-06,7.673973281462925e-07,7.796758643413772e-07,2.707374404260103e-06,9.002319610665868e-07,7.308976880496996e-07,7.153736747631896e-05,2.4871303022265874e-07,1.9465217661429473e-07,-7.406506319454686e-07,4.070337700640403e-07,6.282534762467434e-08,2.442109919944333e-07,2.5358187730889266e-08,4.766663150058624e-06,7.342854478488781e-06,6.785054055847149e-06,3.1622679377228963e-07,4.6562483563262424e-06,3.1509760084462826e-07,-7.438457620190964e-06,1.2011045913863991e-06,2.9941493462781887e-07,5.588472898636921e-06,6.965209572282332e-07,2.689958058900712e-07,2.5680359590702833e-07,1.3778979038177085e-06,-1.4966756137431756e-06,2.3316698958903844e-07,3.031998116265206e-07,5.547227969424278e-07,2.1306636676467997e-07,1.9831800164104415e-06,2.1861122056042668e-06,1.7136049932273693e-06,7.007592253292799e-07,4.05809783893084e-07,1.2831320818649437e-07,8.278587221610891e-08,-1
1.0342495949116005e-05,1.950382675071687e-05,6.017052146304129e-05,9.79452005335028e-06,1.4434708455805696e-05,9.547680520759231e-06,1.0230761673267288e-05,3.9352511254702424e-05,5.451742721277118e-05,8.827347517774228e-06,5.323501079556111e-05,5.2842971537916516e-05,6.404132266292309e-05,1.4175056948490271e-05,2.1792009152409798e-05,2.7878158842901963e-05,6.571086157161295e-06,7.31544857500849e-05,1.2741535475264409e-05,-3.770646791235303e-05,3.341524832575045e-05,1.1145855638786085e-05,5.337454729117682e-06,5.191688769152491e-06,-6.568400743874072e-05,1.5250088540812733e-05,6.7538237369052726e-06,6.727274122199589e-06,6.594526048671172e-06,3.3648879114116547e-06,4.012072590894182e-06,5.983884910440454e-06,3.213567822273577e-06,9.572688553289991e-05,0.00023354215781489938,8.619824268842448e-07,8.589031946550081e-07,4.416967955230209e-05,5.735918544194108e-07,4.962161728432392e-07,7.007292845015751e-07,5.0417283281515e-07,3.814642755245089e-07,3.350002156522985e-07,3.480727755303225e-07,2.9952693600012577e-07,2.449623553078065e-07,1.805924241096363e-07,-1.5300953229037926e-06,-1.2530452030466557e-06,1.0229606029110517e-06,3.5816724973990207e-06,8.835329749917898e-06,3.5998805922313837e-07,1.0612370503306917e-06,2.6702947676980943e-06,-2.038349625451201e-06,2.781887359551313e-07,1.8072230793682668e-06,3.006254059195261e-07,1.078666203400116e-06,-1.7210567476290103e-06,2.736731595685288e-07,2.747758677786623e-07,2.579308312434385e-07,2.5098131050992853e-07,2.5778250980248147e-07,-1.4467328309924259e-06,2.2671547414205788e-07,2.076855025713545e-07,4.918400043007065e-07,1.572627889583004e-07,2.1004494540259395e-07,1.4668017332128776e-07,1.5606089047393178e-07,4.8776525474116506e-08,9.797509035873787e-08,9.391921381810842e-10,-1
9.267259329400227e-06,1.1852506176566535e-05,-5.97631929267423e-05,5.076090450819672e-05,1.795189153395578e-05,-6.619073889468436e-05,0.0006771214507757931,4.57337110332276e-05,8.488955077362673e-06,4.513216651485523e-05,7.40005032253693e-06,1.6677256585077214e-05,6.9142049570782835e-06,6.824394056985059e-06,5.397018819546225e-05,7.833749816628806e-06,5.968746183710298e-06,5.15896635449185e-06,3.348629764332375e-05,5.102460321332537e-06,-2.8647546101548224e-05,2.603194712355202e-06,2.4924604649414513e-06,2.5205998587421398e-05,1.6816633809279552e-06,2.920563043756083e-07,0.0001318472737959371,2.461077131292612e-06,6.019322409624873e-06,1.0455378451965918e-06,1.1447423095800527e-06,5.760574910613577e-06,9.713724591877826e-07,-8.077954919595127e-05,1.9876293666114653e-06,2.425190896489283e-06,1.4461911367287004e-05,8.556130283199275e-07,9.275492899454128e-06,7.854239244340901e-07,1.5696039168883965e-06,8.372843546652494e-07,2.1022750732879318e-06,5.801275123545527e-07,5.860206440275042e-07,-8.368168049457417e-06,2.8151171902041606e-06,5.224904390272896e-06,1.9168866071740738e-06,2.9977847147921933e-07,4.355303746026476e-07,4.4773597395837364e-07,3.7223443971228917e-07,-3.4762475460508632e-06,3.772509351698282e-07,3.400776202683304e-07,3.195376644833268e-05,1.1625417882747708e-06,3.76085849982591e-07,1.1429561102954084e-06,1.1434405909643095e-06,1.708384986774242e-06,3.1552643632881767e-07,3.722169075009094e-07,1.8677653833330934e-06,3.03536664970302e-05,7.778436872065101e-07,1.6359140574926697e-06,2.2669145620653457e-07,1.9820662031513387e-05,1.6950106056321567e-07,1.512803601390262e-07,1.8378376771971824e-08,1.4128306500907737e-08,6.753924751347826e-07,5.18438977067449e-07,1.976108558001333e-06,1.5754054592256042e-06,-1
