6.187131232280067e-05,0.0002916210049058482,9.84365377279709e-06,9.187807767296436e-06,0.0008401232967034381,8.323535544245577e-06,8.043162610264135e-06,8.386128787914572e-06,8.490349722092438e-06,7.950079694438504e-06,4.624800541547635e-05,7.456467877510897e-06,7.9526769596448e-06,9.46732277364498e-06,5.468026553310366e-05,0.00019279746776098338,6.570588235294119e-06,7.996731293522904e-06,1.5566616690298128e-05,0.00010780066921749288,0.00010671087138473955,0.0004426293194139746,7.44943200244576e-05,5.992674714516621e-06,4.649031172995516e-05,3.633869130613684e-05,-3.734295650806312e-05,5.923314711501516e-06,1.8412683115915653e-05,5.6839269311000755e-06,4.334219233888018e-05,2.11826850091169e-05,6.730828843044442e-06,3.782808658867812e-05,-2.8727616307223003e-05,4.765075274543674e-06,4.904099513691535e-06,4.470008356725047e-06,4.270203207912064e-06,5.284842832341915e-06,2.2623296322841898e-05,0.0002671219573590875,3.256623861514295e-06,3.3728825828799326e-06,-0.0006608814137015705,8.653008124346571e-06,7.453456130125511e-06,-4.4598048762149045e-05,3.746109831098318e-05,5.254017820634187e-06,0.00011958115656839123,3.0298001639277334e-05,7.096529448037383e-06,8.701969531291005e-05,8.472956979042984e-05,1.090846667250378e-06,8.431238920210991e-05,0.00011452969211008864,0.00015995632053548465,1.031899536730301e-06,1.211650868046617e-06,0.001888913175902543,-5.834950648948026e-06,5.34264705882353e-06,3.1437300354166274e-06,2.6129942217795248e-06,4.9141618666959475e-06,7.966101936158103e-07,7.945387491206761e-07,7.654663836604166e-07,7.482020569301114e-07,6.664542479051769e-06,1.8532293194704138e-06,3.212902891989758e-07,3.242474253436815e-07,2.9593420324259514e-07,9.201107646177014e-06,1.1986711790301476e-07,1
1.5850897218803124e-05,0.0001780522436391296,0.00010393100951026861,4.410371024816038e-05,5.1484161225722196e-05,0.00032386811100945743,1.5975917708325434e-05,0.0007206986793359617,4.4952499823501116e-05,1.3309097748869955e-05,1.1662548132126989e-05,0.0008837188237343038,0.014570671737471856,1.2864017600788405e-05,8.501488397907417e-06,1.2005132373100943e-05,1.0306994268686728e-05,7.924548476520936e-06,-7.881843957638235e-05,1.9074773328462486e-05,8.087074688457867e-05,7.753977479895753e-06,3.496468973050643e-05,7.739035001355873e-06,9.597093905115429e-05,6.463394555437619e-05,8.808446611354438e-06,6.607659728819619e-05,0.0001688718830706837,2.065268879299727e-05,0.0002275712977642789,0.0002708547016853738,0.00015229131056180057,4.347380537627888e-05,1.4636092672175401e-05,0.00010613085796375359,1.9804205525391667e-05,4.319237200744017e-05,2.8854660290366547e-05,6.626835074523241e-06,0.00027303306029222217,6.984177328409487e-06,1.1004042969007074e-05,2.1057429070405682e-05,2.1010754581437577e-05,1.1516457565670853e-05,0.0004493115043747676,9.611888752828744e-05,9.697230795614937e-05,-4.5255885527844526e-05,-3.638655920241813e-05,1.0204448023055828e-05,1.687491805389613e-05,-0.001192902375447226,0.00039139870034277715,1.1750998855768321e-05,1.825695973231935e-05,5.781314098264459e-06,6.634273898834998e-06,5.622732311035222e-05,7.319395746826253e-06,0.00037257912216956553,-3.612194756347165e-05,5.648002189311724e-06,9.259895430114005e-05,3.0844537533666883e-06,1.7977642155771889e-06,7.953348096518539e-06,-9.559741504491632e-06,6.0945893635154035e-05,4.785236878708218e-05,-3.382200269972922e-05,1.3199407920903928e-06,4.6934287067479867e-07,4.84329776775017e-07,3.631035262070198e-07,6.74488544690295e-05,6.327474337620792e-06,1
0.0004043047746263029,0.0003932530657088233,-0.0004954496888309924,1.2179587405996724e-05,0.0003550387239594315,1.0545424720977053e-05,0.0007032606809034114,9.828127981534868e-06,4.675335758265591e-05,0.0004730266945383464,4.777448184497063e-05,-0.0001034962015138976,8.336003311599394e-05,0.000579290410602652,-0.00010057270513045344,6.253765351005384e-05,5.449178070787744e-05,-4.888655715983709e-05,7.860014521602424e-06,8.6565658461346e-06,0.0004909800009989938,-0.0006216833978305552,9.724335580284668e-06,3.15141565796567e-05,0.0003290929220339197,0.0007723880084875848,1.807702715314035e-05,9.240624695543735e-06,7.294672951156755e-06,1.068105115480582e-05,-0.00026101315877247573,-0.00017091948760798522,0.0001721708376820622,-6.620985089719094e-05,-6.659309403455444e-05,-6.606811185325797e-05,6.6089434679624e-06,1.132862683686477e-05,0.0005148867488025197,6.666480468378385e-05,2.1841174998641168e-05,0.010266384210526317,0.0007917981637761909,4.050446016250658e-05,0.00012160573888636228,0.0007880746651486309,1.0597944106188195e-05,0.00024526000010577104,8.17702848633831e-06,6.551791527492763e-06,7.301813422705455e-06,1.2007744615333079e-05,4.0969296656031846e-05,1.9908378841533017e-05,-6.759454393861547e-05,0.0007671626815992077,-3.4200999283149715e-05,7.353546426226124e-06,4.468813695920549e-05,5.623322110541255e-06,5.442251538903572e-06,5.189646897391958e-06,5.861166814856748e-06,5.376849359227457e-06,5.840677271401843e-06,4.783941083589119e-06,0.0003779344016351161,3.3116640464199033e-06,2.9423516654890085e-06,4.331133727618084e-06,2.583812754739092e-06,-5.451077848324661e-05,-7.783760418172926e-06,4.91340910402079e-06,-3.542066526819628e-05,4.57107060984396e-05,1.9664450581981126e-06,1.0105220085345182e-07,-1
1.0553156402456357e-05,1.0498797864206307e-05,0.00026324744531463395,9.897196009638869e-06,1.003969515983847e-05,1.1617825340845527e-05,0.00026243819839248867,1.0551335538845341e-05,1.5574720865031808e-05,5.4779809675389816e-05,1.4488404750007313e-05,9.131535477096047e-06,9.41342372264647e-06,9.0517016746417e-06,7.473670050493151e-05,8.96163624291653e-06,9.299297509187367e-06,5.346175864454116e-05,-5.255127522893093e-05,1.0840581888336964e-05,-7.553928797301625e-05,8.559633578806436e-06,4.6943758114433664e-05,7.355786091354652e-06,7.644130735966728e-06,8.492808326632362e-06,0.0005258983373195722,6.780662729497044e-06,4.252137302333578e-05,3.997477296629043e-05,4.270899254213099e-05,6.663560793098694e-06,8.570746910362207e-06,9.004813749117295e-06,6.843049629040185e-06,6.4297499224802635e-06,6.285402430279609e-06,8.51057623167758e-06,6.770201054894387e-06,4.438417313526975e-05,7.932403303065168e-06,6.777276232903146e-06,9.463334735890686e-06,6.0171294597206225e-05,3.605975629030858e-05,6.525539683094758e-06,0.0005360692223516461,4.106477215394648e-05,6.014186870436347e-06,5.7431599640337555e-06,1.5801141412192784e-05,0.00017903620369223106,7.461262786263509e-06,-3.9451519779629974e-05,0.00025546242945967266,0.0002575804248737021,0.0002559850517046929,3.478087207500983e-05,4.8877901884933895e-06,5.065572542353172e-05,6.227416710768696e-05,2.762338541914973e-05,4.542340963917752e-06,4.565543423626429e-06,3.3246220179729897e-06,3.0576934123461135e-06,-1.5398457327392753e-05,2.7157928045414786e-06,-1.6240230436087394e-05,6.54532547188499e-06,2.2479215037451725e-05,3.258397974999918e-05,5.609154078498827e-05,6.888539289844677e-05,1.0447684437828009e-06,5.432797660957634e-06,7.3857130096828826e-06,2.764814900002443e-07,1
0.00024902531894013433,1.098409922900618e-05,1.0457889808245654e-05,1.0794483044578273e-05,0.00010265675916041155,-0.0016174328160948055,0.0006591379753708315,1.6363284107917814e-05,9.578475089768176e-05,0.00011412093242775012,-0.0028512023434561777,0.0003950369637817266,-0.001209619366258171,8.90906295003318e-06,0.00030930317581800266,0.0005407154349967287,8.154583711131075e-06,-0.0010121716196951017,-0.001086147081185698,4.167794494218316e-05,1.279236421717518e-05,1.1263288657142323e-05,-0.004450671333309455,7.801846711287641e-05,8.83703830346858e-06,7.701042421963015e-06,7.247237002495012e-06,7.188048166950139e-06,1.3613722124989473e-05,6.864219945204008e-06,7.015861698735131e-06,0.0003414485587218665,7.213865175384426e-05,6.909378913489118e-06,0.00010881417431071202,0.0001785560439439614,9.874932832348462e-06,0.0005789696949762679,3.776287400365034e-05,8.275064673946397e-06,5.348831589081125e-05,6.326983640606461e-05,7.471131848485837e-05,3.617959339023572e-05,-6.169656903480304e-05,8.943246137544739e-06,6.425062550053397e-06,6.279805466503115e-06,5.264384804962277e-05,6.507624345700419e-06,4.474974409697987e-05,0.0002389064666628255,0.0002461368988899372,0.00024308798069063765,9.863413265575168e-05,5.836520920221167e-06,-3.281171773393397e-05,0.000301243112562797,5.739158062239404e-06,0.00037974929614120674,3.244783223773958e-05,0.00013086153136251605,5.292996725262897e-06,9.457096906029988e-06,4.98419487182149e-06,6.34170504887194e-06,5.2350799216222986e-06,2.4879788088304956e-05,4.043586013042248e-06,2.4113096655872238e-05,2.7278433831166782e-06,-0.0010549669343559354,-0.0009466694975897368,-0.0007965196517560407,-0.0005679983500440791,7.788044959037849e-07,5.748074348163803e-07,6.580294643277557e-07,-1
-0.0004377495624063163,1.0977396949052486e-05,1.1693114083564391e-05,1.2760697258953794e-05,2.3840719988552744e-05,1.680068820119936e-05,1.5005527656703671e-05,0.0007284971985018515,1.5692257408841073e-05,4.905845644182649e-05,-0.007355495361446143,9.506449380683412e-05,1.3567854447518602e-05,0.011166668938223285,0.006128291999561126,6.017258577123328e-05,2.920630318633759e-05,1.6119606999806493e-05,0.0007192119717512835,0.0006616983943835409,9.752434798426e-06,8.557061686188782e-06,-5.605235666629059e-05,4.280040414517133e-05,-0.0006323449839933448,-0.00014553563599375204,1.269381391149933e-05,6.998428081093291e-05,9.322625989544322e-06,3.398514665637185e-05,3.1886523983713995e-05,6.865910778107864e-05,1.0674947338740002e-05,2.9059940779218387e-05,6.356587917817417e-05,8.96793680487427e-06,0.0001922364796980829,2.961126988453695e-05,7.815256670126151e-06,1.0796976255659398e-05,1.081506204825493e-05,2.3978437077447226e-05,8.13926169323803e-06,6.783842669171019e-06,7.564743567603986e-06,6.592103964663699e-06,6.396296296296297e-06,0.0002468777286573784,7.4077762905868395e-06,2.109021013317237e-05,0.00018376633611978736,5.134987278584043e-05,6.404708164705818e-06,5.868269265749804e-05,8.433380269291964e-06,6.677828852366218e-06,-6.562848569896763e-05,1.026979304430347e-05,0.00034452728204115515,0.00034952740586665314,-4.657408467943596e-05,1.631281611835529e-05,3.8718215171458414e-05,5.060279283713582e-05,6.396278929007622e-06,2.3281289218158096e-05,4.037925354665127e-06,7.959069332951863e-06,3.2733428197104816e-06,7.81112192378072e-05,0.00010954457285124854,3.986502682463835e-06,0.0003442762233696129,0.0021197168219676183,2.1255136736428914e-05,1.044582114203787e-05,4.742004089273254e-05,9.839804140603103e-06,-1
5.5978004038752695e-05,9.946747337615006e-06,1.1041718353370942e-05,5.891526130638226e-05,0.00029913640062172463,0.00025502023922911293,0.00025502023922911293,0.0003030355202593465,0.00025447227057590093,9.373187685690012e-05,0.00014449795305579585,9.146765369803346e-05,1.2530950396116663e-05,8.909368611207309e-05,9.184343437952995e-06,8.987034447964882e-06,4.857745594522907e-05,1.0873221209967e-05,9.213554427130119e-05,9.047362375095051e-06,8.614338468292614e-06,0.0002365687156746212,0.00023638553981415205,1.2183483176847513e-05,9.156231917325147e-06,9.035992052388455e-06,8.385652169885716e-06,0.0005743000209529465,8.21427904915536e-06,0.0005448940447147673,0.0005286098294347783,0.0005526682126227121,9.300255974922173e-06,8.373444877342509e-06,8.250076934988617e-06,7.624612485980269e-06,7.72679769758721e-06,4.686096242569823e-05,9.656318633670256e-06,7.355996137333275e-06,-5.1311219281543976e-05,8.474017437099587e-06,3.9415553531583594e-05,7.115416327714905e-06,0.0002860956079854852,7.1531043575127656e-06,0.0005793851627986412,0.00027902637008937086,7.176077114559568e-06,0.0006381438143281018,0.0005872772251714914,7.974373652072562e-06,7.228734612266399e-06,0.0006046452790057481,3.496123819273561e-05,-4.412648679559817e-05,6.255286443582914e-06,7.1251144929773145e-06,6.000886879170312e-06,6.458064170224307e-06,6.263546051385609e-05,5.994590922800501e-06,5.945922423420302e-06,5.608609885488154e-06,6.637898940015766e-06,5.395428854591122e-05,0.00020465084692443704,5.539382774653681e-05,0.0002461387122699484,6.839038802902233e-06,4.522184643796351e-06,4.412766042300355e-06,1.9754151755495757e-05,1.715849840747545e-05,-0.00017458694489458647,5.372261327187313e-07,2.874004932582432e-07,-0.00011682480714296997,1
-6.12687739144901e-05,-0.0020106595903952315,1.0103679289029697e-05,9.934089474143679e-06,1.0215234212351177e-05,1.033589689529592e-05,9.284118758928799e-05,-5.757456819870536e-05,-9.635544844873161e-05,9.790881354769458e-06,9.437916188452722e-06,1.1133062245012164e-05,0.0003140881532375938,8.679332268699557e-06,0.000635836654268387,0.0010780956009220652,9.250283538716453e-06,8.570822414132947e-06,4.490751404746343e-05,4.540404353315191e-05,8.87931150311049e-06,0.004290982932648793,5.1177795054626926e-05,5.1177795054626926e-05,8.347736922121847e-06,4.4829844720149596e-05,1.0258625843934377e-05,0.000216182738662197,8.391698691360437e-06,0.0003378416570797097,8.204962753277843e-06,9.172649317834795e-06,9.348485413820826e-06,1.0300116791267426e-05,9.790298947326811e-06,4.5198516487888147e-05,0.0038835483788817174,4.2778770861165274e-05,4.420974006400807e-05,0.0006074557850928057,0.0036372350997704705,0.000705717395006844,9.00382351826931e-06,1.0250728944130482e-05,3.8855744802954276e-05,7.2942334658476125e-06,1.1386287287503451e-05,9.371514839319393e-06,9.36166304973798e-06,-9.351811260156567e-05,3.540501116276367e-05,0.00010130381712304883,9.254172544050933e-05,7.139068326099042e-06,0.00010118149136541395,6.758850135992071e-06,0.0006047212683569737,6.142752094207925e-06,0.00013657790859105494,0.00013548416708100662,3.6709324983405004e-05,4.866841489901754e-05,5.780264521124161e-06,6.092459767827076e-06,-0.0005930736091542256,-0.000579333603962439,0.00017774056731496862,4.8400635283694905e-06,-0.00016686754963703314,-0.0002245629898116678,4.712942227073885e-06,4.777552331755167e-06,-0.0001362582357498086,3.4457342969190847e-06,0.00032596198257970894,2.19520705872827e-06,1.2626166728482358e-05,3.536514726287032e-06,1
1.4093618779304043e-05,1.38878553549201e-05,1.0448857675365339e-05,4.111185904419853e-05,2.005311622282367e-05,8.436162060154307e-05,8.776186217954987e-06,9.088848452293415e-06,-0.00011808556037745401,7.110663643460485e-05,-0.00011004418649293812,4.263267346149248e-05,8.004741544638663e-06,-5.1220947775745846e-05,9.11050314320299e-06,4.212524654186208e-05,1.731078724812904e-05,9.31056608392688e-06,7.950977334791894e-06,4.869032677344376e-05,2.3636853740740987e-05,7.687492594913686e-06,7.696786702078514e-06,0.0010016871335531091,1.5839792978150532e-05,1.529941644927395e-05,0.00014115223112999814,0.00018356533071831212,7.377989369450994e-06,1.0244563904779871e-05,1.4686243630577436e-05,6.766745414838546e-06,7.0202915191539e-06,5.118980393107831e-05,4.939617581709915e-05,6.536632988591078e-06,1.4674086802224637e-05,7.742701128872616e-06,6.55495846748881e-06,6.050597952264642e-06,6.05355095436681e-06,1.004905909488009e-05,6.495287830132205e-06,5.82145615982568e-06,6.201437475601084e-06,0.00010862616245054469,5.782556357199198e-06,5.656754410778465e-06,4.157992126331198e-05,5.702477989712444e-06,5.673691407568964e-06,-7.433897506145545e-05,0.00014675910623889715,1.1959776208883625e-05,1.4646919950895755e-05,3.387843449331474e-05,8.471371399544831e-05,3.674083185512844e-05,3.956345652428043e-05,4.3990727073000484e-05,4.9004937346202884e-06,1.937748311957821e-05,0.0004855340089791034,0.0008474923193215509,3.7150654617770394e-06,9.034630359871035e-06,-0.0001601139174619312,9.987336539209936e-06,-6.645549324649755e-06,7.522583410588949e-06,5.384284577121074e-06,2.3554296278763093e-06,5.052865729781357e-06,6.129478566406706e-07,2.7250018170401086e-06,5.118518080403765e-07,7.069899599107406e-07,1.5949906705811474e-07,-1
0.00029585454499990514,1.02692272006122e-05,8.369591380300197e-05,0.00021816098883551598,4.6821896825190016e-05,0.0002520957620511366,-6.011430700284258e-05,0.0002838538600068263,8.50915574967008e-06,1.5645745864169892e-05,9.46020216949765e-06,-0.00026962959881266397,1.7828491866420877e-05,-5.034589173169264e-05,-0.0001786444548056583,0.0009251377511609242,6.578203881386055e-05,1.1158550696262738e-05,7.90156170323928e-05,1.1137757526297e-05,7.222863284435153e-05,1.297196608529259e-05,7.754046806185461e-05,7.818735900024534e-06,1.0555548767256374e-05,-0.00037612371342126896,1.046318036690411e-05,1.0442384810221835e-05,0.00010456971302560306,7.367968776153193e-06,-4.7833636956613926e-05,7.564931222061068e-06,3.4757196947332736e-05,-0.001971999310146348,-0.0026698232767242867,2.0383911388680522e-05,3.921576808435767e-05,0.0008546823818833932,4.776779014426313e-05,0.001204621964824094,3.793651591959741e-05,0.0005085915152493656,0.0011899958037934265,7.338506466968376e-06,6.8130090882490325e-06,7.092273504025285e-06,4.7764772008612005e-05,0.0003268068302099752,6.917720419205112e-05,7.135325559678719e-05,0.00015149919006249141,5.731893037255228e-06,9.111788866210322e-05,0.0005110273041917132,2.4932494772163667e-05,5.74271862260259e-06,5.495394942134274e-06,0.0001795212444490288,2.4493534713617904e-05,5.653538243067977e-06,3.415901824209936e-05,-3.296652188700932e-05,1.241837581180404e-05,5.248636627079966e-06,2.231682805725389e-05,4.0786668425772235e-06,5.5648105639931e-06,2.976137158852345e-06,3.4882865508489547e-06,0.00013495168795122614,1.7825856602471108e-06,1.6790233564510221e-06,3.280833535514973e-05,3.0281043993042177e-05,3.282005981745036e-05,9.236931019593105e-06,1.0168532320288508e-05,-7.196048140494651e-06,-1
1.3331099085740553e-05,9.825931131412508e-06,1.075026786090846e-05,7.255776045290308e-05,1.0937825765120888e-05,1.0904176869878906e-05,0.0006682709612465369,2.9527640239290393e-05,0.00010816336332055753,4.6274577546294356e-05,6.218082267545339e-05,9.426491096647138e-06,2.0676156563852276e-05,1.6143482065600885e-05,0.0001000493380408505,1.089311002665665e-05,1.1226588826577287e-05,-0.00023582632626106706,0.0001954551905500624,1.0504194849280424e-05,3.338675125943597e-05,9.05836456558861e-05,2.8837629564982844e-05,1.9300547594756267e-05,1.698857770495502e-05,1.8961356342102456e-05,1.1823084743879937e-05,6.845215987166652e-05,7.393450990143273e-06,5.5192556428262945e-05,6.863290208254741e-06,9.893099437367958e-06,6.737364631397942e-05,1.752921549756414e-05,0.039961432203955705,1.7378463829718003e-05,-0.00010370546422388498,4.209881068877057e-05,0.00019879921852783297,6.101405481377373e-06,8.224409307170456e-06,0.00026880033722923014,-5.5235577134228004e-05,-0.00011938439375072364,-0.0003120177163366615,2.6915204216795732e-05,2.6701380274392437e-05,-0.00011615351994838731,3.276281654040833e-05,3.305741996358622e-05,3.9724707199609225e-05,-0.00010066979933372564,7.383009760770141e-06,8.410840783054101e-06,5.93776498243795e-06,0.00010721082355810268,1.202782777003727e-05,3.576803725121039e-05,1.7977486634598148e-05,2.1025237086650418e-05,1.798672400726414e-05,1.5626027121614576e-06,-0.00010357898743178604,1.934440000503027e-05,2.6070162122590326e-06,1.1486310139385719e-06,-4.608528686747927e-05,3.914600196139831e-06,6.585292126466658e-07,-7.190258494570664e-06,1.5044114069660192e-05,1.8577216962572296e-05,1.7380156627060842e-05,7.32583983677259e-06,1.9617116969653783e-05,2.234055268735454e-05,6.527239274257088e-07,1.8512758434409913e-06,1
0.000103681678616212,3.337384353475829e-05,0.0005860639780941941,0.0004565682450951061,0.00023651538692888858,0.00015236345826002138,0.00022603335211440623,2.6227214112764433e-05,0.0001941935326023529,9.63221802177961e-06,1.1715224782540241e-05,0.00013897427865549594,0.0001185163281813955,8.404815063140177e-05,2.2037488650550798e-05,1.2845671070602013e-05,0.00032227206610190994,0.0027770809500496114,0.0007093451300489247,9.267161463639753e-06,0.003067726682237471,4.821349913241136e-05,9.083193205877838e-06,2.0630335214374932e-05,5.0792109431728006e-05,0.0024817945282657647,5.504117344865812e-05,1.0351572414598553e-05,7.616063633625694e-06,0.007662401027017218,3.329968858466547e-05,0.001295704329804091,0.00022323501042698977,0.00019712405500848861,1.2105618362343162e-05,-0.007835768179223969,6.879728411530474e-06,6.8962038489611415e-06,7.727050085322322e-05,6.934166960900239e-06,1.9997883292304894e-05,0.0003716244538169619,9.137333973699675e-05,0.0001025607422006115,0.0006079714359593602,0.00026106008498252533,7.178144823037295e-06,-0.0036546656190405936,-9.387688565939652e-05,7.932910770394245e-06,0.00016683523133941496,0.00013721285358436451,0.00013721285358436451,-0.000649003540976633,0.0009090330860218311,0.004114226795413706,0.0003800199786152316,0.0031103853680420164,-0.00016983641423191982,6.844669115971229e-06,7.046406732631584e-05,1.1996417586141449e-05,0.0002343009975666065,-3.902599168622817e-05,0.0004321948639910678,7.962027204840197e-06,2.635613924816321e-06,-0.0003101852034608633,4.307807559125718e-05,5.942501589174882e-05,0.00030415165825770524,0.00011282461269749108,-0.00016136864913157779,3.9641113649226445e-05,6.58477207304495e-05,1.0120317179273706e-06,7.68419460321385e-05,8.006525385721493e-06,1
0.00011781248637561257,1.1119365925870447e-05,3.16646199577919e-05,-6.089430491574863e-05,1.0447573386994714e-05,-0.0007122486622158384,0.00025902266130900514,0.0006611678656387684,-5.955039929760447e-05,1.371584144179258e-05,0.0007898145392423539,9.973183449924869e-06,0.06167863346378416,8.649608981272487e-06,-6.07574732555431e-05,-5.252674485567491e-05,4.673921625706743e-05,8.358883979066956e-06,9.877664233389625e-06,5.6074492511344024e-05,0.00013805636187482666,0.00016915390069040636,3.770179887330023e-05,0.0018560319354081149,7.416158367220142e-06,0.0010010555822906934,0.00017627384486910318,7.666423577840887e-06,7.023794204206271e-06,4.5001020997919364e-05,0.0005714347506770693,7.160745284442709e-06,0.00019963059147523797,4.273959746973247e-05,6.584338719862541e-06,6.90198460718376e-06,3.6083091418191275e-05,7.6198649846647164e-06,3.2334132069172424e-05,6.426685660018994e-06,3.947454622435098e-05,7.323935029877984e-06,-5.485111454922904e-05,8.583959634950746e-06,1.2984958324692046e-05,-7.656848258992632e-05,6.356237132522975e-05,5.805420071517361e-05,0.00025079129758840785,3.0441643212497467e-05,2.9168469689519197e-05,-0.00045192446229561035,-0.0004905774325500535,8.380797961891719e-05,5.547303281770909e-06,0.000182637588560505,5.47919868735444e-06,5.781552520892028e-06,0.0001500607225765283,0.00013253872510920003,2.850515446058233e-05,3.9111334663906354e-05,0.0002966648452607582,0.0001384635506274132,5.198729870011807e-06,3.722280751811416e-05,0.0003762162560733798,0.0002582031388300049,0.00028457807417024195,-3.705049301988572e-05,2.6155088505529214e-06,3.7833946565498504e-05,3.4701332316442585e-05,-0.001473887292201272,1.5265506849463122e-06,0.0001261070104749899,6.845532306215114e-06,6.252891516977202e-07,1
1.1374795374786495e-05,6.196302788714397e-05,1.677477515982525e-05,9.621910466995933e-05,9.119363216538498e-06,9.78618924469568e-05,5.550596997235373e-05,0.0008889101586342298,0.0008870145242358647,0.0008866635980323261,0.0008864213569894641,0.0008845342937456079,0.00012076987877868561,1.5631239742220535e-05,8.692576825422704e-06,2.3907776092170425e-05,9.949068988566978e-06,9.836916255069435e-06,9.408115710531635e-06,7.748412117890567e-06,2.13890751161961e-05,9.319288254311549e-06,2.1160881402027536e-05,3.489915620704486e-05,-0.0002016536228966015,7.824930311759677e-06,2.0172927671586944e-05,2.120249178318536e-05,7.1700684439882886e-06,2.4937795862576978e-05,1.9278014211469757e-05,2.2680859779346737e-05,2.2656788310831253e-05,6.678270722481883e-06,1.745694245710082e-05,2.2052373146780468e-05,-3.617866616642589e-05,0.00010442498496504301,0.00016898495712008594,6.193792396184367e-06,5.972304213899822e-06,5.943838576523179e-06,1.6217368305192802e-05,5.191572344067394e-05,8.687559469500836e-06,7.005518511475307e-05,6.0902832610291335e-05,6.368669079111427e-05,5.616532512621525e-06,6.350860348831346e-05,3.058663949346859e-05,0.0001581363618318999,3.280418602374119e-06,8.568892388963426e-06,2.8370928475335824e-06,8.843143217749294e-05,7.769965679196905e-05,7.955979739685048e-05,4.088525850343511e-05,4.092772969463913e-05,1.795895959806183e-06,0.00689761355285614,1.5203774683309335e-06,1.985844735318001e-06,1.8419297597529926e-05,1.0581693080898834e-05,9.026357479781075e-06,1.6243044723184554e-05,1.8287273550709326e-05,9.869021388942929e-06,1.2623143396484634e-05,5.44050902361403e-07,5.719145910873722e-07,5.355475195154449e-07,2.0381947840423397e-05,4.808678678655557e-07,2.7585040608307854e-06,7.115838237642613e-07,1
9.673179868129082e-06,9.33011072401094e-06,9.312589778890434e-06,1.6780954730660647e-05,1.0879717506557437e-05,1.0146838133748416e-05,-5.261268585706083e-05,2.260689607008492e-05,2.204498041968234e-05,-0.0003163946552379538,0.0005920069459522488,0.00032366286772717376,0.00032381221038156404,8.416847027280477e-05,0.0011437070676859297,0.00138550927077551,0.001274125165562234,0.0010694690735101875,0.0010510858156390574,0.0004048413083122466,1.1299393065687249e-05,0.0006091838446301508,0.00011339378378047523,0.00017830185396075724,0.0005943826459912976,-0.0003849893241382102,9.458949449792472e-06,2.9700217180195167e-05,7.589022099192952e-06,4.251748673657616e-05,-6.597328985781727e-05,7.37370873922015e-05,-0.00011204625287001813,7.1266924073316684e-06,0.00017646571353641712,2.07133362312909e-05,0.00017174210822918813,3.947399175924634e-05,7.3795110558986725e-06,7.2179184270610965e-06,6.432984372090339e-06,6.596209393616297e-05,1.8758683000416487e-05,2.2934539205768754e-05,6.159233935663153e-06,5.8903104037752705e-06,0.0005495925330829559,0.00034736087540642493,2.399423016998334e-05,0.0005630812373678867,-3.2906984212154565e-05,0.00022069064561066644,0.0005888869127356813,1.355371566136733e-05,0.0003112007901077776,6.861419155011608e-06,3.282276107596247e-05,0.00031146696219461016,0.00029112291624253274,0.0002970038552159037,0.00028996953793690834,4.9885028774667456e-06,6.062452510022947e-06,1.2462885025718734e-05,4.995645377485067e-06,4.58382624532943e-06,2.0124731322141792e-06,1.8279508208238994e-06,-3.966071844902506e-05,8.785433836517914e-05,1.2213103398663165e-06,7.900564708223849e-05,6.971001347783324e-07,2.2480605777437546e-05,2.458501592285252e-05,3.0860253248444446e-06,3.874660060445725e-06,1.431680610425623e-06,1
4.086019997247804e-05,2.4981316363245984e-05,1.024627755551771e-05,5.3975104892103044e-05,9.014066205972866e-05,5.49935668916688e-05,1.0007441995443215e-05,1.6544596121172898e-05,0.0004738568398920347,9.176526260776005e-06,0.0002020351534828481,8.998586647500071e-06,0.0007885021826701172,8.844213341886826e-06,-0.00013563609293406337,9.089222708516117e-06,2.2512537425423354e-05,5.388554688680047e-05,2.4007859580780916e-05,0.0001748860295356935,0.00017683581524878438,8.749022651665739e-06,4.914300321782586e-05,5.212852255842637e-05,5.13487847794358e-05,-4.9048903549142436e-05,9.014672444234771e-06,9.076731763476917e-05,-0.00012146914329554902,0.0001918921247582411,-0.00011648758742360092,4.609605732808155e-05,2.9813650413889882e-05,0.00025833521131135773,7.501356156081533e-06,-4.667541335709324e-05,0.00011034160302086169,0.00011459073108175858,0.00014388723031239485,9.442055370934387e-06,2.6729586850557523e-05,-7.233442072841825e-05,7.278816966510756e-06,1.79313219135367e-05,2.1669911284183786e-05,0.00016011101164411243,2.8299605696841517e-05,0.0005168305879880706,7.158399579316201e-06,3.620988364698322e-05,3.639963709073079e-05,6.413825565545781e-06,6.063179535105542e-06,3.6861706708486895e-05,6.964262730822852e-06,6.2183981642061654e-06,5.898007889007025e-06,3.589576778815732e-05,5.935264057209695e-06,8.368855571858034e-05,8.194878102820521e-05,3.1932017349032176e-05,0.000591980995703901,6.635340627525702e-06,1.273672159842625e-05,1.1942825574499841e-05,3.4344848452193314e-06,3.332013946808234e-06,1.259229409430806e-05,2.855834938571322e-06,1.4249323719830483e-06,2.1212052863492388e-05,-5.617082324786778e-06,7.969088124242907e-07,1.3923352536649548e-06,1.5438025270220426e-05,6.302693169694269e-07,1.989844220920583e-06,-1
0.00014744593044906855,1.074095619288161e-05,4.659248434665469e-05,1.5098459963547234e-05,1.0528734647430683e-05,2.833148951590953e-05,1.2160838451268096e-05,1.0441079543725099e-05,0.00015788145009554028,1.0447710331609581e-05,0.00011549056538671125,-0.00048388797888217677,8.998174229558431e-06,0.0019171208976314202,8.657681673814628e-06,9.947682034666574e-06,8.516921096126734e-06,8.70231440828529e-06,-8.495831066653764e-05,-4.975912997908814e-05,1.5461709060342457e-05,8.969524686902443e-06,4.9272414427649145e-05,4.864786081646737e-05,0.00027252089805891337,9.434836481111817e-06,1.3539795883034035e-05,0.0002087230695026737,0.0006399374336497247,0.0006390705421242669,0.0006383440011345654,0.0006371416514955003,6.808652920679129e-06,0.000634812231638205,0.0006348526540257525,0.0006341268325388643,9.24704129688711e-06,8.726221588564013e-06,8.227719050483958e-05,3.9090226625546535e-05,9.788364958632971e-05,9.606060556677078e-06,-4.8008929413474295e-05,6.22154282838608e-06,4.8918640409246095e-05,-5.4585300790754446e-05,4.616065149638291e-05,0.0001272628456529627,6.054075890435186e-06,0.0001408858446804754,0.0001405850151388211,3.55265670907722e-05,5.956340990578566e-06,6.018032709654042e-06,6.26849093094692e-05,0.0005755561505328662,1.4977658473733244e-05,5.13105613196682e-06,3.221176623054606e-05,4.801072898804668e-06,4.566657219945991e-06,4.632151352972908e-06,5.3027736873645454e-06,5.525582595282276e-06,2.6761940636293767e-05,4.133691975530846e-06,3.933111054640136e-06,3.308469703893685e-06,2.9162929120523035e-06,8.079994950621376e-06,3.198029067623618e-05,7.507849626640993e-06,1.3234652482238677e-06,7.936184059808813e-06,3.465094448648919e-06,7.909862092842063e-06,3.0058698457359667e-06,6.848293332770653e-07,-1
2.5802107124192063e-05,1.0118488726632962e-05,-8.904842495475275e-05,9.555818783101215e-06,9.747170277565768e-06,9.677775301699994e-06,0.00019330666499843606,-0.0001319627063997053,0.00018871705829470045,-0.00011398243592263167,0.00012273726963998036,9.05688759172547e-06,4.203206842744704e-05,5.217270109012111e-05,8.992403889403699e-06,-5.536035274042853e-05,0.0002052782825377992,5.245205603377108e-05,5.805355761333402e-05,-7.194953235719996e-05,7.249582462810368e-05,8.729962896714635e-06,2.7215149922575947e-05,0.00010666489435765638,9.528838144253447e-05,0.00010972347809445939,1.041622966909724e-05,0.0016318853199343787,9.483200033960239e-06,8.626358684992088e-06,-5.486714522945903e-05,-0.00013378849459138393,-5.162007863456016e-05,2.367929456074473e-05,1.3127225901838614e-05,-0.0002757511147786753,2.6441706457195054e-05,9.095186133672078e-06,0.00021427728816956508,8.74997041847611e-06,4.398805921889925e-05,3.0051748770917544e-05,2.723371287755223e-05,8.592996781321735e-06,-0.00023988724940160968,9.610889352299093e-06,-0.0005805142886204187,-0.0003941246416446149,-8.544628359090665e-05,-0.00011452413383149281,0.00012223151118657808,8.163220458011883e-06,4.881453897963488e-05,2.0527394063926603e-05,8.519155671193657e-06,4.888947210213477e-05,9.181961055782326e-05,8.611471440951113e-06,3.192791775801146e-05,1.4824003574783712e-05,3.844166257919072e-05,7.478185193085068e-06,1.483760071675817e-05,1.1225174909399083e-05,1.2633475683324254e-05,6.300805066609983e-06,5.992214536174388e-06,8.80945228630383e-06,7.934491200119012e-05,9.203473963165576e-06,2.1201793742054843e-05,5.469359559706407e-06,4.215851455514524e-06,1.8603249458295502e-06,8.52192839113441e-07,1.9675275376458623e-06,7.908344486497151e-07,1.4303351313257917e-06,-1
2.3802938011825484e-05,-0.0008018516899208735,4.920148472823863e-05,2.1492163124539308e-05,0.00012754128023984482,-5.43345232723709e-05,0.0001716514090494718,6.182502018310607e-05,0.0004097010894222656,7.162990467449504e-05,2.4287032710005467e-05,2.4537587322925455e-05,3.370225455791719e-05,1.529001811898703e-05,0.00014062572386499845,4.852105173618915e-05,7.91828565042645e-06,-0.0032475535795907094,4.538179497999145e-05,1.7856735125697227e-05,0.00011248561389984223,2.193971179971124e-05,8.737957749615689e-06,7.1763058060663535e-06,5.095422025540653e-05,7.351075225248149e-06,7.067877864600364e-06,6.883366559095217e-06,7.056101683964271e-05,8.229084032483534e-06,1.631363035245412e-05,-0.0007777405474569425,6.906708441701e-06,5.8275679066836806e-05,-3.994646183321653e-05,0.00027544996777851703,6.537318169283756e-06,6.310214644579933e-06,1.9372593155035692e-05,1.2619881093985618e-05,1.4441240318746515e-05,-0.00011005198047087857,7.0155253828084175e-06,5.979264189066429e-06,6.941519835504854e-05,5.915673787055679e-06,7.551582862148622e-06,6.393525731065935e-06,0.0005852677719059144,0.00045131202510000583,1.8224034532728745e-05,-6.822472118957167e-05,5.99789867882402e-06,-6.993339371485715e-05,-4.047998947746978e-05,3.2467907972844425e-05,0.00022633616275779652,1.2997979258968114e-05,6.610046881778589e-06,5.5585778739207305e-05,6.035676599425766e-05,0.00015707799991599268,6.199927031095613e-05,4.398019650896964e-06,4.273505143901041e-06,3.3651022582372943e-06,8.608542459340952e-06,9.543836481049284e-05,0.00014481982775131709,2.1706895963526124e-06,2.078789477575567e-06,2.4148988592998456e-06,1.208511579184628e-06,5.608169129937414e-06,2.9376900921431506e-06,9.78831983334308e-06,1.0234126226976771e-05,0.0012398034606375744,-1
0.0009016127476530219,0.0008555308493060146,1.2848055484313517e-05,1.5138862571417514e-05,5.179112906723286e-05,3.8550192120633654e-05,0.00010271344038183144,0.0007519520139694187,9.254347576575726e-06,9.339497833857036e-06,9.686578533737155e-05,0.0007246420703517384,0.00012764721085828934,1.3460794094493522e-05,0.0007073141530636767,0.0006969359090586353,1.1866586179468325e-05,0.0006044534014729489,7.332620843761444e-05,0.0006004636032224447,8.170443044539056e-06,0.0006056302811670131,9.48635916456745e-06,2.146747971655568e-05,1.6174606594927806e-05,1.0867473021431036e-05,1.8205597944304302e-05,2.3086168433162256e-05,9.187552534236194e-06,0.0005823027962390562,0.0004782185394318254,0.0004811529663846144,0.0004797513992011429,7.394146089913188e-06,0.0004753124318385058,9.671601478380675e-06,0.00046263302380674076,0.0004658432579598581,0.0005011178162933164,0.00045539334695771615,0.0004532517074533281,0.0004676672136177047,0.0005370225450537674,0.0002692338212265546,5.5079693041250235e-05,0.0002742676572577006,0.00026927705299354445,0.0002623201549481423,9.029277889129228e-06,0.0002635429209822783,0.00027850309525345723,4.321292241599058e-05,0.00025733396354789034,0.0002544658934256656,0.00025605180123441966,4.8119337756816586e-05,8.94536129936346e-05,8.939332716950196e-05,8.938445706280584e-05,9.169448527358005e-06,3.723561286602935e-05,5.915942408985867e-06,6.721084369852873e-06,0.00010800120061565427,9.119218858703953e-06,0.00011141832548031007,0.00043957471955373233,0.00014558561968992722,6.377800256900077e-06,1.7560614195857915e-05,-3.101057212751788e-05,-2.8944519161637945e-05,4.262397829605396e-06,5.213703075542707e-06,2.524803105145241e-06,3.0558345594610868e-06,-1.965956614451581e-05,5.346907409804731e-06,1
1.58347189239563e-05,-0.0002953134920195523,-0.0002954816004811537,2.039165732074784e-05,-8.91095962491684e-05,1.153181415071586e-05,1.0231363258597421e-05,0.00016234657363074735,1.601211208765302e-05,-5.3821732861861385e-05,8.899236692681374e-06,6.746059626660348e-05,8.121425707197478e-05,-0.0001320718454503159,1.0640569406692791e-05,1.0507673509985343e-05,1.4129999934092927e-05,1.2234701018822362e-05,1.2677637737114434e-05,-5.057977902164211e-05,-9.716561477164441e-05,8.271796966887301e-06,8.568691806582484e-06,5.1499754041776016e-05,-4.898608808372985e-05,8.527789577609332e-06,8.357998970964721e-06,1.1779656095390355e-05,8.041006072115334e-06,2.302719406925775e-05,7.942982963784302e-06,1.1440698427533558e-05,-5.0589144541746024e-05,-4.835090472557241e-05,8.083879813623411e-06,-5.147749956156589e-05,7.605638309927795e-06,8.175589887000981e-06,-5.513037084787263e-05,9.05187257241352e-06,5.259651219130914e-05,1.1730144390764939e-05,8.598717692809894e-06,1.3266933656861215e-05,-4.225545568107499e-05,-4.977911309367621e-05,3.271635610040967e-05,2.2071431837000186e-05,7.474801500179314e-06,6.657775046380055e-06,9.43494894731642e-06,7.76055581904694e-06,6.040465131765767e-06,5.962076379793604e-06,5.977703287596821e-06,1.935205650019787e-05,0.0012638011720899752,-6.805573225039615e-05,1.2785577550773376e-05,1.554522819092152e-05,1.5429447642910462e-05,5.134121102153666e-06,5.694548130984248e-06,3.364190839820298e-05,3.7188401496943355e-05,3.373229847658978e-05,3.7904831803245597e-06,0.0001881706973470275,0.0001569510712264823,6.2312002990863636e-06,0.0001153258928395261,1.2488936231154193e-06,0.00011073940409475402,8.067688992217028e-07,2.8442390486299477e-06,1.7734716922579498e-06,1.3023131387111272e-06,1.1318996706643768e-06,-1
1.014115761347006e-05,1.014115761347006e-05,9.740594725322136e-06,-5.4898745342862294e-05,1.8632221211291588e-05,9.246175773384494e-06,9.007184820290613e-06,9.469068757211927e-06,8.861834131798247e-06,2.7521288569632893e-05,8.754277750817696e-06,-0.00010546158190590062,8.659230947067576e-06,2.6210028153627756e-05,9.441302436714361e-06,-5.097665847091204e-05,0.00010879771082141111,9.853560650991929e-06,8.501044370910136e-06,5.1104424977330024e-05,-0.00010339242501664517,-9.621850696822785e-05,-9.22979324621354e-05,-9.83592660779994e-05,1.0038777874407292e-05,7.3853408984853255e-06,7.746171660488662e-06,9.891920509075984e-06,6.7819642953814446e-06,6.5636448352853e-06,-3.9407194332184084e-05,6.952012092381294e-06,-3.857636300135191e-05,6.248838190389975e-06,-9.363142733212255e-05,6.6506818200554665e-06,1.2468420297617607e-05,7.229614745375898e-06,6.78902348204548e-06,1.2327594534766327e-05,7.1340046922297216e-06,0.0010482354498305042,-3.969205621893209e-05,1.2314343248647336e-05,6.240557234413743e-06,8.883760498259892e-05,1.204470250905712e-05,1.1648543849598876e-05,5.637778699693078e-06,5.524339297893107e-06,1.787063722230102e-05,1.0558720526727935e-05,3.2110974248921753e-05,2.0881045778383138e-05,1.9987257958384478e-05,1.52398185647997e-05,1.5380162725096407e-05,-8.151511549278705e-05,0.00020329176796963835,0.0001009127201978628,-0.00032245311169361437,-1.731959323781628e-05,-0.0008502198341608912,-0.00032449934997959404,-0.00013992851278800527,-1.7819121768823103e-05,2.171492404542492e-06,0.00014076512489762406,9.989267853138041e-05,1.1824763983109882e-05,1.4048164153919431e-05,7.943247563955722e-07,3.29728424376578e-06,9.713699061204853e-06,1.3420582707836183e-05,3.7268084354215004e-06,1.1574487463452307e-05,4.643288054794265e-07,-1
0.00014282817124348023,1.4490770722295555e-05,-0.001047595745742966,1.4010318122144292e-05,0.0001264429136465406,1.1061757521338744e-05,1.3752959258399618e-05,7.508595405650877e-05,-5.676482787496632e-05,3.714914023953821e-05,9.853064789757757e-06,0.0007189536385964667,1.9052537035334422e-05,0.0007463246654308103,0.0016392318776338854,8.541714850160211e-06,1.0642418190932439e-05,1.4108396299837267e-05,1.0535974443870795e-05,-0.0012063631570594794,1.9107211611102148e-05,1.3434236375716401e-05,1.0508199386709857e-05,0.00015423813007491783,1.7251759955300882e-05,0.00011012118967314896,0.00033118741831874725,4.137075239132778e-05,3.434281870376168e-05,2.3259816125632615e-05,8.322606460586393e-05,1.1861856823258232e-05,4.754069966180179e-05,7.370656762621217e-06,1.4953273636536126e-05,2.272395779240982e-05,0.00020793012699658355,0.0007060915342701765,8.544065236891432e-06,7.594484232126316e-06,1.7591193000130283e-05,8.015933439590983e-06,6.75691149908417e-06,8.983021345852601e-06,2.4174200592158677e-05,7.242975951914067e-06,3.577438739626443e-05,1.0171905903186094e-05,0.01887014188466703,7.205846735377659e-05,1.3883611792336906e-05,1.8552279872942514e-05,0.0002870638513446534,6.2792675042166e-06,7.471386023668582e-06,2.0364204400074462e-05,-6.469824481993959e-05,-0.0005776099155232397,3.5322911425312e-05,1.951076040990754e-05,6.982198915441519e-05,9.798538687040551e-06,3.775773055629582e-05,1.2255877986156783e-05,7.241803236375726e-05,5.867542993975121e-05,0.00021106138664698257,3.0512486614269816e-05,3.8058202483569564e-06,8.290172844649433e-06,7.988374067218356e-06,3.257756758606913e-05,-1.0962196137162236e-05,2.874864396002939e-06,3.057649779279634e-06,-0.0009448911851276526,5.456699776752254e-06,1.3359211650250455e-06,-1
9.679382152393007e-05,2.9976294449984085e-05,4.06328553976623e-05,9.668902000560536e-06,0.0001280022834231364,9.94629215573081e-06,1.02258331933088e-05,3.7847417665512776e-05,8.74450287497235e-06,3.49638860557659e-05,0.00021056018183120606,8.120970376397063e-06,8.804668156417039e-06,0.00020662137872625534,2.2191752891126527e-05,4.5977721509913004e-05,2.5644898286904273e-05,7.336689137677244e-06,7.516894990574379e-06,2.0463902779736482e-05,0.00011388832727677167,1.9745436942612183e-05,4.2051021482637156e-05,4.2651471429814594e-05,7.0115591878433435e-06,1.5524460660114257e-05,8.152329174367463e-05,0.00027119904437990233,0.0001126036150861551,0.00010898665717340973,2.526517493840561e-05,0.00010790275381557349,2.521109592357566e-05,-0.00012440776655195246,5.135359631334468e-05,4.806418307072146e-05,1.884850101022737e-05,4.870361684553501e-05,4.8481116200719876e-05,6.452650104807664e-05,6.114684570098509e-06,6.949060989735096e-06,-0.0001392831518602119,-0.00013312812154761409,0.0001894332464061041,7.92803852443469e-05,6.5630047637090895e-06,5.627097176011457e-05,5.43112036527942e-05,0.00016079316229364814,0.00015886801124665112,2.3556839191742565e-05,1.3917259267944171e-05,8.150383900212798e-05,4.095373333305543e-05,0.0002365797599296678,2.720787002817363e-05,4.666488265488929e-05,3.7164037471980006e-06,3.232360520994811e-06,6.263968983516849e-05,6.506532659150207e-05,5.05080704759955e-06,3.838722099305839e-06,3.2792901364110514e-06,3.0626132578600364e-06,1.4370139774713297e-06,8.024694432761059e-06,1.2837122836996086e-06,2.9350483380219768e-06,1.0435659913082737e-06,6.56570031636242e-07,1.0741454883553801e-06,6.44487293013228e-06,5.361357917484068e-07,3.7451880071273526e-06,-2.0109612142359186e-06,1.610112353255459e-05,1
-6.092989844889091e-05,0.0006139477251477152,0.0014258464793019375,0.0020611602822024912,1.173584157948278e-05,4.438813491717908e-05,6.113844475573117e-05,0.000410373668569996,1.0190158875262424e-05,8.581549844771657e-06,0.00016460131766464806,-0.0026363907092249853,0.00015813052826716821,8.87599729271005e-05,4.866985983936625e-05,3.410856423779418e-05,8.042824025850859e-06,7.992957022903714e-06,3.508335958251334e-05,-4.523909773449793e-05,2.4716051408975518e-05,2.7986559662732932e-05,2.382826436549505e-05,9.134414882405187e-06,7.244282293362314e-06,-4.4257269321130596e-05,1.186168299741874e-05,3.9903264283653705e-05,1.0685207531362365e-05,7.758148963133145e-06,8.521052766233876e-05,3.085362354884608e-05,8.035244608406108e-06,3.6385012044515685e-05,7.717835099285533e-06,8.93093901489587e-06,1.0804593391935496e-05,0.00014719903587303394,2.049689601333652e-05,1.0570781385985625e-05,-0.00012006674873292512,6.341289899494786e-06,-4.853310409007282e-05,-0.00011876686530996415,-0.00046181672862471014,-0.0002754442432536606,7.22588072711105e-06,0.00013680686418684923,4.5566275528811765e-05,0.00013705951847166065,9.534823240909316e-06,8.575016717872857e-05,3.340521891515815e-05,0.000591187194759541,5.773404695800643e-06,5.826473460086904e-06,0.0005807205217701065,8.078533531669491e-05,7.688746830547606e-05,5.631864906358595e-06,2.617987456583234e-05,2.810257281404908e-05,0.0001299520393098237,8.56216091606881e-05,9.943263138771229e-05,0.00010031936230279443,0.00010440024076935411,7.014846927569791e-05,3.3386555288759874e-06,1.3395204489800813e-05,3.493326608055841e-05,2.000695416941431e-05,1.7595630526508136e-06,-0.00013740704526203992,1.3350274983351243e-06,-3.82455588914946e-05,-1.5920396518508447e-05,1.3341429533529084e-05,1
-0.00035626980297859143,4.1319194655600383e-05,1.2057277874933016e-05,0.0002805641374495811,9.721006156037569e-06,1.502480006981074e-05,9.00637761613968e-06,0.00012122007476447695,8.913914971934677e-06,0.00012507680689927513,9.514834975178404e-06,9.428765566383664e-06,4.575500504188645e-05,4.349876313358532e-05,5.385436782500777e-05,1.817376357430965e-05,1.1853955201252364e-05,0.0004137173699686909,6.895289499478183e-05,0.00025376330874679154,-0.00043752513246410736,0.00011239782151721999,2.7321378427072462e-05,1.8214479839505825e-05,4.622656395439033e-05,4.638483032112939e-05,8.166875916706626e-06,5.2414995328322e-05,-0.0003696762147067949,2.54523190385863e-05,5.662341064225876e-05,2.894684481919724e-05,3.7789543832679885e-05,0.00010110534168476576,1.6799968426508337e-05,4.501727191633995e-05,0.00010811262481313288,2.3178898876681815e-05,5.56661681663047e-05,6.697198033311707e-06,-4.0810038995289545e-05,0.00025397857268778383,3.328989262192198e-05,5.548315436986996e-05,3.325235115857614e-05,0.0003116250155487548,3.7121627489211076e-05,5.268361043141626e-05,1.0439713775985108e-05,4.578541546202014e-05,5.480379065241305e-05,4.238755752334076e-05,1.8103636363636366e-05,5.969043857360448e-06,0.0001257267488823231,0.0002809445650227061,7.271282525456239e-06,6.642037204185823e-06,3.194687984796773e-05,6.728907190505741e-05,2.0318703441880806e-05,2.003679288424111e-05,0.00023410545831805492,9.171208638902211e-05,6.831537493300992e-06,0.00010205244848813924,9.939402792076838e-05,4.965341208783461e-06,2.664663614503709e-05,-9.367252171889546e-06,-1.8688390756776567e-05,9.954396366315969e-05,9.440807195441854e-07,4.061318414520632e-05,1.251087549008546e-06,1.1865134438552451e-05,1.8270516599441515e-07,8.254712224635434e-07,-1
0.0006909242086997244,1.032581420481002e-05,2.8101189859842465e-05,2.2939048786766736e-05,0.00016054925855631238,2.5583832916472093e-05,9.517552723884449e-06,0.0006029185270725913,0.0006032495062758935,0.000147351960426629,0.0004870080861923234,0.0004583030023081844,0.00044405319481469543,8.703767070655725e-06,8.304002129847838e-06,3.1922787581683623e-05,1.4139792532023889e-05,8.483773356661741e-06,2.2018584863787875e-05,2.1766138053213146e-05,9.222202010221789e-06,0.00010872296071978464,7.866712184108188e-06,0.00010246348814306273,7.820639332870048e-06,7.825604380468651e-06,7.76133232115253e-06,8.48473731184612e-06,1.0369082587604522e-05,4.744828272860536e-05,-4.6288853744260246e-05,-0.001251326851515493,-0.0014179148820186917,7.202626301996094e-06,1.196019847781089e-05,7.296610850769206e-06,4.6032817852179835e-05,6.975416895177347e-06,6.95359089151433e-06,-5.014329530264367e-05,6.906713803776254e-06,6.493754272351268e-06,3.4992212246211546e-05,2.5326185984868685e-05,6.907046490308275e-06,6.2333180048091526e-06,6.271647669813271e-06,1.67731469306471e-05,1.7702843979896615e-05,6.144547532336283e-06,-4.759713360025844e-05,5.9853188756412565e-06,9.626408030434651e-06,5.799541747154556e-06,5.942330674616768e-06,5.885857212094578e-06,5.54961469850882e-06,0.0001228043538341717,3.9109608096581533e-05,9.669355106293582e-05,0.00010871330818278677,3.5171160188967792e-06,2.9339499312740308e-06,4.979468732586487e-05,3.910304552946783e-05,4.155504890622215e-05,4.317433628395038e-05,0.0032098211992744752,2.161683283969149e-06,2.095426792416076e-06,2.2102280719733403e-06,-3.2404284592668425e-05,5.4003472503236164e-06,1.6745985333569919e-06,1.707404599930267e-06,2.027750495680706e-06,2.147292286567048e-05,1.3389091734710163e-06,1
5.8386531229754325e-05,0.0003649004965725995,6.224756381188142e-05,3.492902607733492e-05,0.0001367157279240134,5.389772448779988e-05,0.0006192595672595795,0.00030717493780343296,5.119582296723883e-05,0.00017426721430715842,3.188355038021757e-05,0.00014408764307063607,3.815803435696096e-05,1.4298036918479376e-05,1.6048432302947606e-05,4.708353755478939e-05,8.104164706917163e-06,1.8143882579639515e-05,-4.8357159144524664e-05,1.8392227668360184e-05,2.1933078382665892e-05,2.4532395068709665e-05,0.00019633852907919875,1.2976085762688732e-05,0.00012548020837794364,3.0093946498811373e-05,2.7322640057293035e-05,0.00011214227411331736,6.785350942931915e-05,0.0007741835274269911,5.088102597041553e-05,7.867776902697051e-06,7.393951569991421e-06,3.9216914245382435e-05,2.4687541926113745e-05,7.231323604572147e-06,7.150827322565715e-06,-6.086242381379458e-05,1.528860309821423e-05,3.8921868482982364e-05,3.8921868482982364e-05,1.4020265465894956e-05,7.148309072212105e-06,6.799273974095931e-06,0.00013657037840621104,6.7835938322423296e-06,1.039959693772014e-05,4.00832077993292e-05,1.0977744262486976e-05,-0.00013580454331326862,6.223540319825697e-06,5.88896576980515e-06,1.932561200984252e-05,5.7381706151517775e-06,2.2933043214069383e-05,1.9847814805833395e-05,1.9847814805833395e-05,5.077760040540568e-05,1.2940784695637274e-05,6.777407734920183e-06,5.219366279401651e-06,4.747629167072939e-06,1.2484519230820225e-05,2.640222897320399e-05,1.0319167669709616e-05,4.984950066166653e-05,3.86159629802144e-06,8.160591247303022e-06,1.8953042322142965e-05,4.360547042066218e-05,1.555564207555083e-06,1.5360354371382217e-06,6.290762460247429e-05,4.494533171956823e-05,3.544795258941699e-05,1.7769128855899247e-05,1.6539274775034207e-06,3.9887752079061953e-07,-1
3.5921197696705066e-05,0.00010627348944782457,6.348505591857307e-05,0.00012159485859002105,0.0002543528700456305,0.00022611621070708744,0.0001109532982406788,6.502001980838377e-05,6.502001980838377e-05,9.243267136126568e-05,8.64081877528997e-06,0.00017650284243386942,2.2554496128204655e-05,-5.452665742541506e-05,9.079722126009215e-06,-6.542768690972098e-05,7.756903765690378e-06,8.339818883988658e-06,1.0527652162906404e-05,9.691727981104796e-05,2.033784757738246e-05,7.804163101789395e-06,1.9599291072989604e-05,7.212970711297071e-06,-4.7880449993192145e-05,0.00011948219955397536,-4.346144017505997e-05,-4.4020165177456553e-05,4.898592120818941e-05,7.063745058409999e-06,-4.387477084901408e-05,3.442126430112917e-05,9.646651738834954e-06,-8.607000548428644e-05,4.6688860199777664e-05,-0.0001920480150076275,2.3121184725938912e-05,9.149317316014017e-06,6.739406332430995e-06,6.176064089883469e-05,8.466838856404664e-05,7.1264582477176945e-06,6.70711006175654e-06,4.3204206612508225e-05,-0.00015279573564272962,7.895837911055729e-05,5.71860787524659e-05,6.323971986525536e-06,2.8389534684573877e-05,1.0724045527684103e-05,0.0004350695654622869,7.251159424371448e-05,0.0002257522474868959,0.000330001341823558,6.527646985242288e-05,3.859843517610443e-05,7.509887591049024e-06,1.0306701977143981e-05,7.330802561466445e-06,3.898322961497786e-06,0.0001784098566857019,-6.934938322823417e-05,1.1216672169513882e-05,5.13034708893764e-06,1.678299775480529e-06,0.00012278418786446657,1.6785426773233943e-05,8.61581294618627e-06,1.6316799043153446e-06,1.178238114417016e-06,1.168527894255346e-06,2.214661429478798e-06,7.419583971900848e-05,-1.7566628274275057e-05,3.475342414001978e-06,3.475342414001978e-06,9.583605543164515e-06,3.389062936242295e-07,1
3.488612628899499e-05,1.1416077751574704e-05,2.3227321787157758e-05,3.643499585878206e-05,2.7379662108573883e-05,1.9132767962734047e-05,8.549349350099997e-06,1.3343589399730869e-05,5.6204320823511745e-05,9.901440035213228e-05,1.5347514095434857e-05,2.557771578935627e-05,0.0004539561050702452,2.008058927550285e-05,1.1010056637724809e-05,-0.0001444658158354641,2.4077635972577352e-05,1.1849902550395369e-05,8.337997975507726e-06,0.000460256012267788,0.0003056671335453322,7.6241000982414625e-06,5.160981837152569e-05,2.275147218996405e-05,2.275147218996405e-05,4.6278462529869826e-05,2.4511453632817626e-05,4.529137021442343e-05,0.00046331243731003607,2.6316907143925122e-05,1.7950766921434876e-05,1.7950766921434876e-05,-4.2506084681425727e-05,2.1424476072192177e-05,1.0449136690650106e-05,-8.878349759944213e-05,1.2385451020343524e-05,0.0005724351303185176,6.874572927700677e-06,7.535906792016672e-06,4.521544075210003e-05,1.5910878268104437e-05,2.081899494833608e-05,6.335748050059141e-06,4.1331575396006376e-05,4.161609907041158e-05,6.125065065537369e-06,1.9607447716641973e-05,1.2746050461732198e-05,6.918458406552819e-06,6.8176858771383995e-06,0.0005011140712746763,1.2315675811538351e-05,4.791128568313039e-05,0.001170072088519881,0.0008302097825872945,2.6989434978884528e-05,0.00020850992113596439,0.0001467480836236934,0.00034790073478023655,0.00014309772118116632,0.00014484847836635802,3.794697659545492e-06,0.00025343913822467714,0.00024197102218889927,2.3492722251512454e-06,0.00015270568456148665,2.3340678152546715e-06,5.944580293681714e-06,1.1551244466056934e-05,2.218264326468408e-06,6.090950649447517e-05,1.1627475285641743e-06,2.6722018048484185e-05,1.511144166443138e-05,3.5610530959671887e-06,9.053635843350028e-06,7.197601099144935e-06,1
1.0374446493273971e-05,3.933958782324587e-05,2.14275155997836e-05,6.0626634625046076e-05,2.2409021276523436e-05,6.6579749629551e-05,2.5595371868487075e-05,0.00032939122605778415,-7.765578178997678e-05,8.934659250257621e-06,8.629610866132038e-06,9.503264989008914e-06,8.509656538975705e-06,0.00018996205365073352,3.7598605575363416e-05,1.8122699332847782e-05,8.582073362233446e-05,2.7786697247644903e-05,2.7742446088342646e-05,2.5601662282652877e-05,9.675092369589699e-06,0.00013773302748889779,2.927741969708169e-05,4.3469785441522376e-05,9.326552782989559e-06,8.05473918653258e-06,0.00035583975603611955,9.358679136540635e-06,7.837347319394105e-05,2.2145985209153797e-05,1.5742013013115087e-05,1.530479349514076e-05,6.942395082754469e-06,0.00012159761499017807,4.416233818932693e-05,6.544632315208253e-06,8.599421981841524e-05,1.625038555964473e-05,1.4189365305349785e-05,7.416295141273267e-06,5.10131299881883e-05,7.3104422790070194e-06,2.8308486271472674e-05,0.00011668479710519611,6.839705248412198e-06,1.6436373660128284e-05,6.423273948459235e-05,-7.71990347928145e-05,2.003597853641334e-05,1.4083691069913834e-05,8.10606167130253e-06,1.1521947912104128e-05,6.3197322248790955e-06,4.317192305410978e-06,2.7193491729588046e-05,0.00021209288502533374,3.6142912414973457e-06,3.519399860432659e-06,1.2076170362964625e-05,3.4847360155736405e-06,1.1889410501297628e-05,1.1357436406468376e-05,6.99303112584388e-06,1.061937907240987e-05,0.00010452890999088401,7.954246355707215e-05,6.358985140469725e-06,6.85000636553721e-06,0.0001803457350347289,-2.6184964795159693e-05,1.8617002816959396e-06,4.743876114911289e-06,6.990243974580676e-06,4.286272130451801e-06,7.742548684162947e-05,7.947467650862297e-07,-7.908279042024272e-06,2.816408834954563e-06,1
0.0002769867917329592,9.833780594475149e-06,1.0026535009687987e-05,1.6536565217991946e-05,9.04336248041431e-06,1.2457174184986323e-05,0.00014931482352076986,0.00020396776388096802,0.00020186900409353365,9.10184349353612e-05,-0.00032020841443551037,0.00019717439648529197,-0.0003231072189136006,1.2735299404581188e-05,7.542949924736159e-05,9.13993327165201e-06,8.213236050559266e-06,8.066831075273323e-06,0.0005321080469147132,8.05283017088782e-06,0.00016402049276901685,8.031828814309567e-06,5.1269976611793415e-05,0.00015237559471325288,1.3949789246086239e-05,8.103805702549835e-06,0.00015166217690511886,-5.384965559663848e-05,4.806961766576317e-05,1.4450278178769391e-05,4.805630291039765e-05,3.1906652972267046e-05,-7.483308867302615e-05,0.00036707717742277433,1.5009955249431176e-05,0.00032639692541787613,1.2312262175789152e-05,1.2312262175789152e-05,6.959470582416915e-06,0.0003276127380977816,6.841400361184347e-06,0.0003210499863117955,0.00031468136865080176,0.00028034234660873574,0.0003441930530261496,0.00027587755002735515,0.0002735843164001609,0.00028442778456943434,0.0003134345389295035,6.370113298179614e-06,0.0004651515295454003,6.73421971002106e-05,0.00011223699516701768,0.00026616238307346554,0.00027913869605089434,-4.3776934367868066e-05,0.00016294472371809255,0.00015353337660530838,0.00015348781235094183,0.00015557329251194782,0.00015379234004053797,0.00015286674934533197,0.00015896793277608308,0.00016486201156466155,0.00019464092871568012,0.00016918507595673016,8.178999237010212e-05,0.00016020787981150373,0.003584085479652745,5.768653601107557e-06,-3.262276801004628e-05,0.00016325178889828315,8.4512347559285e-06,6.060162677931105e-06,1.0471080391693086e-05,3.3779197409478167e-06,2.483652970339811e-06,1.8934489943538982e-06,-1
5.917174161029963e-05,3.7977197748934875e-05,5.764130334166154e-05,3.648304943537986e-05,-0.00045945163945630707,2.0835862758317614e-05,1.4476984173603187e-05,0.0001201145351851798,1.0423697715839114e-05,0.00013386201991602085,3.240539659645371e-05,1.0213609146650471e-05,1.654025749332034e-05,6.438758958853231e-05,8.010187633776623e-05,-0.000118448117970837,1.498084035350445e-05,4.957024424234904e-05,0.0008930104719901152,0.00031271492751442037,1.2693539229544294e-05,1.2693539229544294e-05,3.837109544507509e-05,0.0003798545363520631,0.0001993433845074542,7.922053374088433e-06,0.0008218426064199318,4.506443020595294e-05,9.195035453520215e-06,0.0002406130399528082,4.9484883720513294e-05,0.00019513861432555164,1.2095470602579795e-05,0.00033266154580171425,1.757663467715454e-05,2.5616018349318667e-05,0.00027343819981025854,2.5860929943240827e-05,2.5860929943240827e-05,7.5380703723821546e-06,0.00034860851663610654,0.00011506462657074302,3.261410615087732e-05,4.531805224181722e-05,0.0002581634757276409,0.0002569896982426039,0.0002511637903746296,6.863911522881589e-05,6.714930635784101e-06,7.731649381340743e-06,0.00018944610724802374,4.020658291659234e-05,0.0004235088103881139,0.0004243664198285228,0.00018143277554833137,0.00017499050739630418,0.00029333215190369507,6.9308632648693655e-06,1.0877558593592928e-05,0.0029473717036315045,-4.900179536395778e-05,0.00018604467943586733,0.00020425323693913706,0.0001820393898814897,1.4489989325235907e-05,-0.00027080721775440036,6.426445696772225e-05,2.750574072838797e-05,3.6237547194437824e-05,0.0005653911775067962,0.00019564724934009235,0.00031960309390091364,4.632848536777052e-06,4.454200251951284e-05,4.6640250374076954e-05,-9.65192703017821e-06,1.242462309335946e-05,4.827517136604723e-06,-1
-0.00012772724712087151,6.0281229598834825e-05,-0.0005808561586404709,9.92615450714265e-06,9.61569267906978e-06,-0.00037310387612651244,-0.0003713605230886001,0.00044290279884550646,-5.486420756205251e-05,-0.0001179586914924844,0.0011628643396103984,8.800878868328373e-06,4.161108189868527e-05,1.2902161625522637e-05,1.7263974125403023e-05,1.31408302387991e-05,8.501528918131683e-06,2.0883743393656915e-05,1.6069178241718878e-05,1.569657741164844e-05,0.00021414780975386317,2.360777876248811e-05,1.1494166855683555e-05,7.97966120421942e-06,1.2269801636595455e-05,2.2490694510590676e-05,0.00019280021740702567,0.0001924197305658427,0.00019386472365032494,2.2631470449543082e-05,0.00020266897500408754,1.2345491909319194e-05,1.4969317270884566e-05,0.0002068606272843229,3.158994914280767e-05,1.1541839510425447e-05,1.7416960122180335e-05,6.6948077686273415e-06,6.5983261274180756e-06,1.020982340130784e-05,1.2796517185707639e-05,2.67083289780824e-05,1.595556209148039e-05,3.078372327808386e-05,4.287686465618129e-05,1.9730961946650552e-05,1.6872005044608916e-05,1.631905359233291e-05,1.5922795175852513e-05,5.942553028681232e-06,5.342912921668446e-05,5.471572830267356e-06,5.6366107429343574e-05,5.570704162988391e-06,5.018115838210138e-06,1.3542674383387223e-05,3.406129423490529e-05,3.4084189288927124e-05,3.395636284310845e-05,3.511609098832603e-05,3.0329386606752316e-05,1.2991724030917421e-05,-0.00022161847112627442,3.599483212399776e-05,2.396672049245925e-06,1.8720258699138782e-06,3.964123831586907e-06,5.030937618209525e-05,4.143996289817393e-06,1.3906688344454355e-06,1.3556009225663694e-06,1.3439844536532873e-06,1.1015508618605047e-06,1.5555919674654943e-06,1.1183194258726373e-06,5.215430222420852e-06,1.2654408569533057e-06,2.8344079397070997e-06,-1
2.2086319914871353e-05,1.0371487839743102e-05,1.3965915731064115e-05,2.0792478096085416e-05,2.0183790241151534e-05,9.196269849140173e-06,-0.0001308374167793164,3.418028179122768e-05,8.792410508219704e-06,1.6940927113074975e-05,1.779769479117363e-05,6.997339857914112e-05,1.247962796380584e-05,9.831698151250753e-05,0.00021245095456633257,8.493251050411925e-06,9.604422021909362e-06,9.642388855219116e-05,9.500672846865842e-05,4.369334083199463e-05,4.30925869719193e-05,8.345469669554825e-06,9.512310459106888e-06,0.0001287690360708362,3.650086725524114e-05,6.357787503470911e-05,1.0848431463756198e-05,8.5877956283115e-06,8.657385868420785e-06,1.1212082953769803e-05,1.425065201900791e-05,2.000878123445513e-05,7.126661001672976e-06,6.0552672218752205e-05,7.076558772808595e-06,4.889367211507133e-05,7.4908197987780535e-06,5.33020494020489e-05,5.0907138457598975e-05,0.002134666923192876,1.0831819064334687e-05,7.68092164928213e-05,6.534049733173683e-06,1.1034297779564209e-05,6.668976413409026e-06,1.1183858224569986e-05,-7.099718706890377e-05,3.866092041666214e-05,8.504417952389698e-06,-3.5625504987828814e-05,-4.98908114110522e-05,-4.139942453554057e-05,5.856367219444963e-06,1.0966018506622558e-05,6.425553408543623e-06,1.948879537169312e-05,7.673998015982593e-06,3.964915546531644e-05,1.444856503188352e-05,2.558596236153017e-05,6.0074997901019234e-06,4.939609483960949e-06,4.147501851290083e-05,4.661312646977848e-06,7.078104685806092e-06,4.356675984294998e-06,6.751106428736574e-06,-3.229404807435623e-05,4.005540691024742e-06,2.882038147525989e-06,1.8814363343052497e-06,3.2007933861639494e-06,2.3060533332915943e-05,4.429038588849342e-06,5.008101613814074e-07,-1.464473971570696e-06,1.9198685556000349e-07,8.596445180715958e-07,1
1.4056558226617948e-05,1.3591368024271239e-05,1.0390803413176387e-05,1.7548960155029718e-05,3.3216674824523615e-05,1.794139785072414e-05,1.0934043405813653e-05,1.420886621418979e-05,0.0002721187634733877,9.083340276127531e-06,6.850642301785425e-05,8.235248991687796e-06,1.2410443833565654e-05,1.058601315251804e-05,1.093911387944682e-05,3.584081283110106e-05,4.7854489309094795e-05,1.5034804942305251e-05,8.729485854235239e-06,1.0979083244835315e-05,-4.8173410505911044e-05,2.148234665593718e-05,2.0994273976683147e-05,7.419161191475218e-06,1.7924388312177033e-05,7.288378314964434e-06,9.814539503307234e-06,3.9571140531153464e-05,5.907152424211844e-05,1.0591303194986628e-05,1.35749531613013e-05,6.674139238767298e-06,8.701439903133789e-06,1.0172406743211718e-05,-3.7504870520290196e-05,-4.239648623979815e-05,1.200848435348679e-05,2.584038693395758e-05,6.729987201485114e-06,2.2214277745667524e-05,1.768300560792661e-05,1.0077826946765606e-05,2.8752468492787423e-05,8.084730699473341e-06,2.8084081751403313e-05,1.6365516639362025e-05,1.4632992268917231e-05,3.141565795695324e-05,1.0519186675726975e-05,5.230471668186716e-06,7.117706502892484e-06,9.563502123255684e-06,1.896662503743105e-05,7.23613385714358e-06,6.754485205736131e-06,1.2394781340380793e-05,6.591205550524669e-06,1.3956777000946465e-05,2.183948772423801e-05,2.1524520413524658e-05,-6.69046579577898e-05,-0.00016832767445808036,4.4306863305586475e-05,3.4604202998661085e-06,-0.00011240485931077232,-9.065829954012739e-05,-1.2333098105359423e-05,-5.1580045019204684e-05,3.4532796468660083e-06,-8.52830152112518e-05,-0.00017129265779437022,-8.691942911731399e-05,-1.201189383740428e-05,-0.00486482496885096,2.320960625439079e-06,1.5640828030805124e-06,7.106097983131291e-07,2.1595222075110676e-07,-1
0.0002785754086536642,0.00014270603545142114,0.029065809334632903,8.938966557752682e-06,5.71793624118694e-05,0.007575283328785336,3.429312393261154e-05,-0.00020575874359566923,1.1167862651306357e-05,0.005563440331250486,1.1782705065448674e-05,4.8946534060418795e-05,9.521664980001882e-06,0.0002815771148113207,0.0002459184625264416,0.0002183613717088646,0.0038677948658878874,0.001241202908479588,0.00024833246624041334,0.004025505173196359,4.877107992014002e-05,0.0011872294220690715,3.8922601814784785e-05,3.8922601814784785e-05,9.015806522079066e-06,0.0012760212292111735,8.051721282932505e-06,4.581594320460228e-05,9.34325868174056e-06,7.707689203902388e-06,7.613763347998288e-06,7.5049918471062195e-06,7.531465487081291e-06,8.237936629415234e-05,7.870717729637573e-06,7.417991998574798e-06,7.424823757823798e-06,0.00015825011013971842,9.637656976217075e-06,7.68512829951246e-06,7.455080581918865e-06,0.0003668701507427889,-6.21001196592692e-05,-0.0012860349148541906,-0.0012876821845971551,-4.170962831026681e-05,-4.255265386289798e-05,-0.001298208126277155,-0.00045357211802962683,-4.1009243467543204e-05,-4.355209850231245e-05,-0.12494045301649698,-6.519181140356012e-05,4.217745308856282e-05,6.7669776900125225e-06,-3.741218488024135e-05,6.2283214023467385e-06,8.584295176955504e-06,7.3050646772643855e-06,-3.7063631613897246e-05,0.0001398227759712217,5.62474240585647e-06,5.242032258178692e-06,7.258311486554736e-05,0.0003150979142077979,-0.0005332257894674598,3.882358994023837e-05,1.642860717878984e-05,4.334940098215893e-06,4.700804568752197e-05,2.330585103003249e-05,1.306432906749926e-05,3.597150176330662e-06,2.818433063457892e-06,-8.047236252048431e-06,3.689582899443006e-06,4.4262924766582757e-07,6.70415294063609e-07,-1
1.0058563130857535e-05,2.344931467655713e-05,8.891286015460297e-06,9.361133411909745e-06,1.0624196301638971e-05,9.057958538734254e-06,0.0005753329885273478,2.025684131809982e-05,0.0005711872160984818,0.0005650961125607086,2.133495963601353e-05,8.499686221960658e-06,2.3850638704556973e-05,1.1852551919693405e-05,-4.916654029380438e-05,2.6754879808648866e-05,6.855200377311205e-05,7.923779962917362e-06,7.921190093077061e-06,1.6287789559899735e-05,0.00011334493972793774,1.56090138914486e-05,8.745626820849473e-05,6.891002207639082e-05,0.0006628403579396203,1.620037019530747e-05,6.966148300416852e-06,6.79285477047969e-05,6.78858256540327e-06,6.62124128474738e-06,-0.0001170523317438833,0.0009972762839085753,6.908349780136529e-06,0.00010760834990021483,0.0002430381731403959,0.00024260150907699503,2.7962704515368588e-05,0.0010115489505035324,9.237137601892711e-06,0.00030955135725821713,0.0002801725084301713,3.863493725089709e-05,0.0001878102873133126,0.0967725683127835,1.5185976770223254e-05,3.696795909805162e-05,1.888002365480954e-05,0.00010792549302123664,5.980660521003205e-06,2.3012237435361942e-05,2.421889187068292e-05,7.065501583674701e-05,1.3206471859562865e-05,6.696600680341915e-05,4.3412146237363345e-06,4.3341583770907935e-06,3.807118443201554e-06,3.5383867061332384e-06,9.062886050657365e-06,6.514991755235365e-06,-3.693218427547525e-05,-0.00015073650193956958,-0.00018158308195786622,2.6531097912245104e-06,8.019702190659335e-05,7.413366141394998e-05,4.641023190500971e-05,2.3220256764692943e-06,-9.588571416135673e-06,3.191861767239498e-06,2.151533305933777e-06,1.626740891985375e-06,7.904345851242187e-07,2.817708242794287e-06,4.782195096373268e-07,1.7615568732768582e-05,1.0747201463040474e-06,-1.7303376777510022e-06,-1
1.3514520961124992e-05,0.00012565422964638673,0.00010771484194937264,8.589962541586085e-05,8.589962541586085e-05,8.839543375274388e-06,-6.397017255471547e-05,4.860116740846164e-05,1.8023404307168064e-05,1.0602095829408107e-05,0.00010331600012856034,1.0152983572533702e-05,8.73036824167082e-06,1.4755107315173671e-05,1.0377269858184478e-05,0.00010356582346007563,7.422839907349648e-05,6.945360051029751e-06,7.442764796710788e-05,-6.814888076787312e-05,6.2738052881469e-05,6.887334479835601e-05,7.953036493013667e-06,6.221679778193238e-05,6.32697165254702e-05,6.147852172842841e-05,9.817344698374086e-05,0.00014942906523956242,0.0007589572058491917,1.2984857451369621e-05,-4.593620613039728e-05,9.321336725781773e-06,1.0039538112580377e-05,6.1816177944051945e-06,1.245704091320312e-05,7.099914709460913e-06,-4.798845798443165e-05,8.452157510421138e-06,8.452157510421138e-06,6.2065366062143855e-06,2.274160204244947e-05,1.191495906319428e-05,6.0859335327523555e-06,5.831138550233209e-06,7.02359886812257e-06,5.703261554397762e-05,9.505435923996271e-06,5.249800925535112e-05,5.797216331189002e-06,8.162165830185686e-06,5.6590506390720325e-06,5.623139221313135e-06,6.531750207889898e-06,8.839789150607176e-06,5.303873490364305e-05,8.839789150607176e-06,5.279550447191488e-06,5.9504147125036964e-06,1.4918691527614887e-05,9.067235173089813e-06,7.19285732125369e-06,1.29430294997359e-05,-4.876941421914748e-05,4.815055383400745e-06,7.391623579797021e-06,5.872509809724873e-06,3.971837465579122e-06,4.251468413632734e-06,3.9364329720311605e-06,6.891112267865549e-06,3.6533707865168546e-06,4.624434696870908e-06,3.0917855263901324e-06,3.0230096420938993e-06,3.4683859591402184e-06,7.136753332069061e-07,5.588250462139728e-07,3.588368225663952e-07,1
0.00013700875554022228,0.00012787921831019592,2.9977499334191004e-05,0.00029977499334191,-0.0004159722921800209,8.722861939947657e-05,-0.0014029163287331704,-0.0001736525864484395,-6.442075769967114e-05,3.390517284898574e-05,4.32914637824629e-05,0.0001571811535827645,6.341049840797912e-05,2.0519554318642434e-05,3.7647176979411155e-05,9.310233709520346e-06,8.777637643084415e-06,4.864175385250446e-05,2.4902960155933506e-05,0.00014941776093560104,7.006790084040194e-05,0.00017831823929173406,8.851978277126975e-06,5.548914552902674e-05,2.8961936462145513e-05,1.1252566686909434e-05,7.886806405902242e-06,7.343793537380067e-06,3.0043651245825086e-05,4.3242677411575e-05,6.818574231575374e-06,8.861692578277652e-06,7.4385012645016844e-06,6.8142025824947055e-06,7.621464311144961e-06,6.722508198591978e-06,6.570819527904542e-06,7.742978587019928e-06,-7.345374304487628e-05,2.6118750639203613e-05,6.571226022652622e-06,7.133519554743422e-05,6.790131630109747e-06,-6.548853418864213e-05,3.131301740912979e-05,-5.241803873472658e-05,5.241803873472658e-05,1.738618116448852e-05,1.42843470891127e-05,1.1568594807577289e-05,6.491490660318216e-05,3.4363658149249234e-05,1.1373763948886941e-05,7.282662396414231e-05,5.502630043124686e-06,-3.3253798314879177e-05,1.3030481346010351e-05,2.1242575178529077e-05,8.222163122451068e-06,5.340488730933575e-06,7.788422132236595e-05,7.454978618817934e-05,7.831171300623606e-05,7.671901248382739e-05,3.684306389058983e-06,3.3442034307134402e-06,-4.104262734307912e-05,1.9330586484796996e-05,7.330001111809941e-06,1.281709371617835e-06,1.5773374664919867e-06,1.0116657575391729e-05,4.144835316480417e-06,7.2451831185750766e-06,8.525710396054433e-06,2.095283792630667e-05,8.761499314923871e-06,5.927517819309265e-06,-1
0.00025509668303836454,-5.8410254147753364e-05,7.263247400168254e-05,9.47198807082841e-06,9.213678317417929e-06,-5.9349656864221046e-05,0.0003901700249389152,9.542523475772454e-06,0.0001571679514921241,6.06344127424931e-05,5.324898091403598e-05,9.305378084891673e-05,5.595488073295129e-05,-5.097505341226711e-05,-4.8078060931304926e-05,-4.8521977584930966e-05,-0.011122318685762498,-0.002835114909593186,0.03563392026000627,-0.41057677238320517,8.536178361242635e-06,9.777726417781565e-06,0.0004250579951598585,0.0004274665035657293,0.0004248569042367841,6.237029396527413e-05,-0.0005669075185283166,5.669075185283166e-05,-0.000411429490695889,4.585491945398089e-05,-0.0002870147778497973,7.0382653998988175e-06,8.309219359150635e-06,4.355046276848309e-05,7.166289697537333e-06,7.132711166202437e-06,0.0020642042740089002,4.331079883203236e-05,6.721293842393323e-06,7.415379938192319e-06,7.761258200825e-06,8.053967707366995e-06,8.01063139109043e-06,5.904293259612127e-05,0.00035425759557672755,4.7428588986526686e-05,0.002629112369132838,0.030285079583541267,8.600735305921823e-05,-8.99641323777432e-05,6.13431053491705e-06,0.0001515972223218753,6.526004995084354e-06,4.4110766973258534e-05,6.006671523395026e-06,7.099109986549779e-05,8.230786098408097e-06,5.719839386393587e-06,6.204774433524218e-06,5.771760630810161e-06,5.720373873057221e-06,6.722979352022083e-05,5.648396639015076e-06,0.00020783168008549604,2.9398711090265168e-05,-2.600612512689509e-05,0.0001396397354316379,2.3273289238606318e-05,2.9143756354217993e-06,4.9466371604827276e-05,2.137448828478706e-05,5.538052486478489e-06,3.860631188679918e-05,3.6102167207057934e-05,1.5417861702747842e-07,1.164605816074076e-06,8.239256130383254e-06,-4.943553678229952e-05,1
8.559545517962661e-05,1.0550828676655364e-05,0.0006369777914425881,1.7234820481648715e-05,1.7234820481648715e-05,7.240280433693075e-05,0.00023419236700454016,0.0002336889255267096,0.00023261579865047982,0.0002238055440322505,1.3598061348790693e-05,1.3598061348790693e-05,8.715202427068069e-06,2.0632742799350665e-05,1.0266904042785083e-05,5.0624277728451004e-05,9.417910347599778e-06,1.728156335904438e-05,1.313370005001933e-05,1.536609711726646e-05,1.2252375275098637e-05,1.2252375275098637e-05,7.4540042053895174e-06,1.0601297601318252e-05,1.2257304732697978e-05,5.125809231776262e-05,1.6029356106674885e-05,-6.95766205362398e-05,1.9074448112972687e-05,4.134136723685343e-05,9.205360620885534e-06,6.776871946126243e-06,7.815805734686967e-06,-6.642772390128979e-05,2.5360499337876407e-05,6.716963568685127e-06,3.0086213480468125e-05,2.526322399919986e-05,6.6598863486394315e-06,6.968789809021326e-06,1.6328031919813144e-05,-3.9602696723125155e-05,6.806723229327328e-06,0.00015336703901525705,9.019502217561498e-06,1.0480674780883711e-05,8.16030418394448e-06,4.781289104045752e-05,4.060283336436257e-05,5.878748846348795e-06,1.849798249148686e-05,5.630319355502382e-06,1.796343138476717e-05,1.752374075245573e-05,5.521730986453555e-06,0.00010108472648432385,5.487820800044117e-06,7.481423449876156e-06,0.0002451108566779069,7.635496954916648e-06,5.627433795912738e-06,-3.132545778288461e-05,5.6526248727213454e-06,4.2266973791120816e-06,7.439704057609946e-05,6.283473052972034e-06,3.4593369464200966e-06,4.484664631143504e-06,7.587956724966997e-06,3.1769230769230773e-06,3.03982400735772e-06,3.0150288478293626e-06,-8.408534813757938e-05,1.1908438998242906e-05,8.608576907325564e-06,1.2095777704024508e-05,3.6171797191726292e-06,7.391203200345965e-07,1
1.031330640044766e-05,-0.0002770432360279581,0.00025414962480433794,6.943943340829348e-05,0.02673060341208445,1.054386838721325e-05,0.00014108757179474358,1.0361459284746714e-05,0.0006253067428411558,0.03495991547833137,0.0006097304022875742,8.743993921216339e-06,-5.7443970113131224e-05,5.304855783072309e-05,0.014393040506907488,9.194034316212402e-06,9.793836919611981e-06,7.482105484366187e-05,8.748096445222509e-06,8.573764430593406e-06,8.529329680075863e-06,8.529800260563715e-06,-0.00032808277078640757,0.0003763224491887827,3.4404759696587964e-05,6.383485094627454e-05,-5.4126824018010154e-05,5.3324108284805025e-05,-0.00030653558360938476,-4.595664335664335e-05,0.00016028151026216175,0.00016063500911268493,0.0004904508400120098,6.547367087771429e-05,9.165377378919438e-06,0.0016682035506438266,7.3167832167832176e-06,7.1157544944514194e-06,-0.00010675555415841134,5.0739411846003024e-05,0.00040432252292537676,5.3254488910980415e-05,3.9855459572540306e-05,6.639753322039574e-06,5.882193258663592e-05,-0.0013067877286625515,7.611199904808435e-06,7.611199904808435e-06,2.8753421862609645e-05,6.819472049723475e-06,2.9213039931857198e-05,4.122610447910761e-05,-0.0006439714553394142,6.129960010725105e-06,7.1793444065819484e-06,-0.0006422899195950863,-0.0006359805636267253,0.0001821123023518415,2.1926701123120183e-05,6.2676542060912155e-06,0.005584957859730114,3.1709645202700156e-05,2.5138790756497217e-05,-0.00036415244186079797,2.4567813942660607e-05,6.197603031450704e-06,2.1042003349753803e-05,4.492917912745026e-06,3.5458317769432687e-06,2.8389383831618985e-06,2.6930279773543372e-06,3.0608362861313885e-06,2.2080117926957725e-05,1.6831602880732431e-06,-1.1323314142535201e-05,1.8402836342657118e-06,9.969704224426397e-07,1.0834557229124224e-07,1
3.909477249172837e-05,3.978561865853294e-05,1.2424209539377865e-05,0.00017670678121546837,5.0616254622906355e-05,3.891250466446334e-05,1.0578841604142336e-05,0.00020686007365728568,1.1049583756305412e-05,6.826999618986564e-05,1.619034490135454e-05,1.025016524179222e-05,0.0001611154537861962,0.00022754970093538735,-0.00010836749360289815,0.00013591031155551914,1.781637461135178e-05,2.3979377080380913e-05,2.3979377080380913e-05,9.540357008252788e-06,9.300723140625928e-06,1.5454405406480103e-05,1.5454405406480103e-05,0.00017005622590054886,2.6859448022343913e-05,1.1927357472805171e-05,4.90317219198645e-05,1.7548957685353165e-05,1.280489644184019e-05,1.3777610871824393e-05,2.0977856020633856e-05,-0.0001258671361238031,7.43067977074622e-06,2.2170203060636935e-05,1.2021985499294657e-05,1.0676733173503352e-05,2.706591865503823e-05,1.1911065757514649e-05,0.0006133438186908064,4.07264329656925e-05,-8.24520968488348e-05,-8.236567269801422e-05,6.729433932915057e-06,1.9322622411119635e-05,8.085407935326923e-06,4.9107048788631734e-05,9.809622544614911e-06,2.8085002960948743e-05,7.272263606691848e-06,2.9060501186493704e-05,2.222562778728334e-05,1.0359797538726128e-05,6.248338762436732e-06,1.0507932714131222e-05,1.511578600899613e-05,1.3150218939958305e-05,6.097661501196631e-06,1.2499649760233057e-05,1.0822087654502836e-05,3.187141544632143e-05,-0.0003588631091270066,4.3484683413701246e-05,3.477645613326837e-05,6.636034563480925e-06,3.8054907541906004e-05,7.112199687491418e-06,9.073928413610252e-06,1.5500436935009113e-05,4.969473415438293e-06,4.677265930852616e-06,4.316454624590334e-06,1.3115576022099735e-05,9.522112998409022e-06,1.7455353599186713e-05,5.73097973179805e-07,3.1477175671122592e-06,2.65684799243523e-06,-8.67418609849787e-06,1
1.4827208420055464e-05,1.3579705136209534e-05,3.727845455093172e-05,1.0608516798730787e-05,-6.231565925358978e-05,0.0001416261392972908,2.7472305545322676e-05,0.0013360994903515505,-0.0005716824236674704,1.997454551542108e-05,1.3799937470867892e-05,4.037660094033716e-05,8.776873653707194e-06,9.304846272747067e-06,9.423397732464686e-06,8.127358768339412e-06,-0.00047944382825486847,-0.00034552906296647445,9.904959567209295e-06,-0.0003531042485181106,2.1948478079443533e-05,1.614917415740045e-05,4.155075260426171e-05,4.155075260426171e-05,9.174499640902403e-06,7.345341372821905e-06,1.0320309682733709e-05,0.00011867009257862821,7.250498197014209e-06,5.8556517116158894e-05,1.9160297887906307e-05,0.00011578515415079413,1.8845177606047338e-05,7.359769173090471e-05,-0.00010271189780160393,1.866345418492516e-05,1.866345418492516e-05,2.9785313772270807e-05,6.616856300160173e-06,6.77154637198224e-05,6.77154637198224e-05,7.284157019954037e-06,6.725695297792892e-06,2.9065371881444767e-05,0.00011423654428104056,3.5482787366918684e-05,4.7193278247089886e-05,0.0003733029862819455,9.286601382875985e-05,1.0653414275472828e-05,-5.490200911517981e-05,-3.779970044964871e-05,4.7730580986869805e-05,-0.0002030660415603155,9.5185331935064e-06,2.7471155311647422e-05,0.0005575029686518056,0.0001448465921430975,1.592396894748862e-05,3.557596597248464e-05,5.30303714651014e-06,-6.171001839419104e-05,0.00016587732009963583,3.314359634853309e-05,0.00011472619606743543,1.1957305340425686e-05,1.2710307023187378e-05,7.266808383863166e-05,5.97526585117942e-05,5.7647579825453024e-05,4.943777294872244e-05,0.00015083796851441054,4.712218639374715e-05,-9.045288517585571e-06,1.8127689180189965e-05,2.2280049076369616e-05,-4.049825180401547e-06,3.236240585349552e-07,-1
-5.869134154612601e-05,8.90159342511161e-06,1.3491452788505601e-05,9.12875010146223e-06,8.909553277045756e-06,0.0004527896577361377,0.00010192834129140367,9.009276654546429e-06,1.1831926405067365e-05,0.0007875091308206595,0.00035078312810764913,0.0007697312733180739,0.0005599861481516243,9.529839564861066e-06,0.0007787190155554525,0.0007782616211088625,0.0006235284705907768,8.353235274722549e-06,-0.0013106008802989423,0.0009381348988296962,8.798717615859156e-06,0.0003876355262738026,-0.0013269156596640791,8.619834389826522e-06,0.00015904417011524855,8.659231497032277e-06,5.690548355063947e-05,0.0004022284667670898,0.00016173809125202693,4.585886875242243e-05,0.0001071224831540997,0.00046415663249275925,0.00010586863539669232,8.702279737640669e-06,7.003717743099772e-06,-5.9834095270155206e-05,-0.0004003381182457802,6.826310510071786e-06,6.750456287410866e-05,0.0006663491760554208,8.32944392799927e-05,6.766647996952924e-05,-9.423875702120142e-05,0.00028651171490460506,6.392309883338329e-06,6.170736230010486e-06,6.13176611703062e-06,5.932219157367125e-06,6.5766417947787964e-06,0.00045479216984639187,0.0004354116976507736,0.00023731772452057496,5.939589202984618e-06,7.505173194950705e-05,0.00015332294002988464,5.331628138688777e-06,0.00030069076204802076,0.00022002228112879258,5.043064841751305e-06,0.0001753099840293314,2.6702325089673506e-05,3.6543288315918326e-05,-3.2228718316754626e-05,3.060909800755157e-06,3.50965170483026e-05,3.785238630242184e-05,5.778368292907546e-05,2.621357024679741e-05,1.4745870133924046e-05,8.335635112539946e-07,5.460690966621194e-05,8.407346042749685e-07,1.0448973606859503e-06,1.428534535770177e-05,6.558163189326806e-07,1.4951623941419024e-07,1.0134645348682905e-07,1.9233969715036185e-06,-1
1.1305513358041577e-05,1.1471475630639169e-05,2.6820492147488927e-05,0.00011472310491014563,0.000255950282976411,9.595287555439762e-06,1.0930368839485367e-05,2.9485929151084976e-05,-5.201302536117069e-05,3.487984613958153e-05,8.739206203007864e-06,8.485009985730902e-06,-0.00020617234547237243,7.612520019858107e-05,0.00024256573056849012,0.00012424243725189048,8.09252358975116e-06,8.823483735401914e-06,7.781009476625016e-06,4.8137373808738354e-05,8.470425285814666e-06,8.75018019007427e-05,2.0634228096615048e-05,7.214466145688504e-06,2.032066186571392e-05,2.160853303581033e-05,9.8867890004214e-06,7.1488365725494425e-06,1.8721357145463295e-05,7.883030937496272e-06,2.0131509525087142e-05,6.593688639551192e-06,1.847645515443648e-05,9.723290475158895e-06,2.0176225975829545e-05,3.6467390935201056e-05,6.737803806397064e-06,6.2199537608125415e-06,7.058582351153787e-06,2.4924654962594167e-05,2.4924654962594167e-05,1.7622112618691626e-05,6.56390994113015e-06,5.942528453351728e-06,1.2392203628646247e-05,6.045468516703194e-06,0.001021415662341055,5.869998557592e-06,3.79273214009408e-05,0.0001367982989699496,5.442238420672654e-06,1.4766854499232357e-05,5.359154106640232e-05,4.26485559751013e-05,4.8809722531748665e-05,1.4827057797136427e-05,0.000584626972501479,2.6622179215561947e-05,4.166303304783446e-06,-2.298197398060301e-05,7.122740557601394e-05,1.3481385091718586e-05,2.247760652935448e-06,3.189868146811457e-05,0.0017686377555367378,7.58568214127072e-06,-0.00039412431612413163,3.1501273843651385e-06,4.390151611337316e-06,-5.510837699054547e-06,3.325819250559596e-06,1.9954915503357574e-05,1.5357625321957632e-05,6.931019970721174e-06,1.7406541665842775e-06,9.525639097119967e-06,1.3096642826838265e-07,1.2379411565784692e-07,-1
1.0183562848919172e-05,9.92564545389832e-05,9.204273717268954e-06,0.00042721269726694725,9.564525611029525e-06,8.873760432629833e-06,4.50885782565549e-05,8.712122861346733e-06,0.0004590727649220804,0.0003449125331019137,6.400509115532233e-05,8.806396894949615e-05,8.902280886876603e-06,-6.100958929575509e-05,4.870939463415975e-05,8.092374860763065e-06,0.0011743989784694703,-0.00035940129621876964,6.11589294805997e-05,0.00015344916919556614,4.1435008613221477e-05,8.3118553633709e-06,0.00013979146776963645,5.7107814401634e-05,5.7107814401634e-05,8.944194317395033e-06,4.621167063987433e-05,7.345217872220534e-06,6.947197920684523e-05,-0.0013391238732433325,5.443227353838022e-05,-4.3291044597057644e-05,-0.0002459760274314381,8.058472899365214e-06,7.027301968368295e-06,6.433704508497779e-06,3.383734118214513e-05,4.8543953022371115e-05,4.8543953022371115e-05,0.00013995380777207862,5.479343636834185e-05,-0.0007538524368331644,7.429968684759168e-05,3.838817153792236e-05,0.0004956700362647522,0.0005287989003630296,3.808943271453269e-05,7.12517883139113e-06,0.000165412010756607,6.419689497822053e-06,3.095710602898254e-05,3.80245731829931e-05,5.926230295082047e-06,6.701268186666456e-05,5.842402388578657e-06,5.8236918058885135e-06,3.85933509129379e-05,3.027988741270621e-05,5.354425044140211e-06,0.00026530519296562587,5.016309867803404e-06,4.720384411516195e-06,0.0001297923320424237,1.546452951969555e-05,2.715205145774631e-06,7.476839935971305e-05,1.5969248251990647e-06,7.092228730215017e-05,1.1805385378831831e-06,0.0016879640074765894,7.916171921737065e-06,7.718629784278977e-06,9.705694943199027e-07,6.669991640240523e-07,0.002036410208984587,1.7886358857519592e-05,2.815004202804244e-06,1.048801014026898e-07,-1
1.0047294046121823e-05,0.0012197695346834153,6.908011097913077e-05,0.00026915151480989613,9.800336439269874e-06,1.0368457881864761e-05,0.0002210904874403031,1.0075875037421209e-05,1.1959638504132842e-05,0.00033189906413386773,3.801387509537995e-05,9.341779603421298e-06,9.441510440755134e-06,0.00025326415023756366,4.2453409337189194e-05,0.000376722231977896,1.2295601527651418e-05,0.00020767606986228591,0.00027095043538173864,4.496108663865276e-05,8.683767618060597e-06,8.522453690239842e-06,1.045601986662357e-05,-5.151879279672331e-05,3.9382807733929354e-05,0.0003028951091669442,0.0001064796695543436,8.31545885850054e-06,8.385377272680737e-06,8.934953233197698e-06,5.6166133546017226e-05,8.089576739035519e-06,-5.254343927673376e-05,7.80127648917831e-06,3.1928928607379796e-05,3.181635105572418e-05,7.372781054911044e-05,4.518717089168613e-05,8.77578367399333e-06,3.9911016312895484e-05,8.131452795439837e-05,7.715960665462363e-06,-0.0001684264599782397,6.849617541508146e-06,6.719203555264749e-06,0.000626492242512581,9.398991739715597e-06,3.907312759817911e-05,-3.844526610653081e-05,2.728902971526054e-05,2.53670972466365e-05,0.00010449462823253875,5.946689895470384e-06,9.403760502001264e-05,0.00010319581075683012,9.459989851397792e-05,4.9558272038618556e-05,-6.038255760671696e-05,2.5955362864859354e-05,4.19889815793337e-05,6.983084175519034e-06,3.0006221708677632e-05,4.915920164496922e-06,2.033898479459416e-05,4.301090083484865e-06,1.2315216292130126e-05,2.5238098650676593e-06,1.0626571551119932e-05,9.831817671615512e-06,9.831817671615512e-06,2.0874183525849802e-06,-5.169419710174693e-05,1.797896391105223e-06,2.2182650691435855e-06,7.599435548236061e-06,1.6825322565538423e-06,1.091097897788786e-05,7.409901482791303e-07,-1
1.1039665999906964e-05,-0.00020562691433747852,-8.576593932246321e-05,-0.0003822051873329021,0.0028341364080852302,0.0012675895744436116,1.9845332186784543e-05,0.00044958934103578026,0.0008872526006134609,0.0036912666870992424,0.003850965991971675,9.10246847169119e-06,9.325147615779993e-06,-0.00013384273051372244,-0.00017084597307226966,0.00019377929151835225,2.829175038012911e-05,8.163543440764301e-05,8.405188814825317e-06,8.258970295420697e-06,8.114163433181927e-06,0.0035824828755888372,0.0006405217921556979,7.1355534997065355e-06,7.376951629900051e-06,7.334142809356784e-06,7.806924236050845e-05,1.2261313688581192e-05,0.00013634720063318797,-4.015294265140122e-05,6.552072588235641e-06,1.6380966214875618e-05,0.00022315229031964553,5.139601025110354e-06,0.00029032504228796823,8.152005678519068e-05,5.140215191074163e-06,3.4837881495131966e-05,3.592900451991809e-05,4.2915109610992034e-05,1.90660198762729e-05,2.0210488853125506e-05,9.640014445513667e-05,9.640014445513667e-05,9.640014445513667e-05,9.640014445513667e-05,0.00029543085425902437,0.00029543085425902437,0.00029543085425902437,5.774232055463969e-06,5.642902503966524e-06,3.967098764781489e-06,0.00011901192906636711,0.00011901192906636711,2.335064850774709e-06,7.524732325868697e-05,9.525994157082575e-05,0.0005715596494249544,4.2451872456312806e-05,0.00025471123473787684,1.1340790333725105e-05,7.115970602530095e-05,2.0732827000384112e-05,0.00013398415672913116,1.4241459008899384e-05,1.3409731686541737e-05,1.3867181713838446e-05,0.0002031032028408306,0.0004263235769952925,5.190873488527657e-05,0.0003114524093116594,2.3204778115111193e-05,0.00013922866869066713,4.9113537071070785e-06,-2.9641126106182247e-06,1.435263372988379e-06,1.2483924899310462e-07,5.665767316369727e-07,1
1.9024407340339833e-05,1.002507460090938e-05,9.97127962833915e-06,1.4500689502228545e-05,5.6673651026736905e-05,9.447429997753885e-06,5.6344141951630295e-05,5.5732178886321616e-05,9.287502401577549e-06,1.3694473446549487e-05,1.362861540665752e-05,1.0579037584010938e-05,8.13094181037271e-06,7.97706191699444e-06,7.85312505177094e-06,7.933747859477578e-06,8.006609825569493e-06,8.668826653960626e-05,8.555176665214888e-05,5.44646267463944e-05,7.515420156607188e-05,1.0344702007884066e-05,2.3655941526318508e-05,7.676124061678408e-06,1.8234560984249354e-05,6.7588721480679405e-06,6.614889629597746e-06,6.370159657307332e-06,1.6326862004804588e-05,-9.796117202882751e-05,7.105823911949566e-06,6.070646623256154e-06,0.0001584383487067153,1.1093688200619414e-05,5.895881361464383e-06,3.588115885277481e-05,1.678115922985909e-05,2.7736983932253727e-05,-4.906217344188187e-05,-5.413724460309503e-05,-0.00022781449578104855,-5.351404629924001e-05,5.335965921941295e-06,-5.244355302973736e-05,0.00018711019868975396,3.7714862898299504e-05,7.453978948529898e-06,4.325480265830956e-06,4.28701331808261e-06,4.2748990333060446e-06,0.00010120093611479242,3.933044094659317e-06,3.395279660964965e-05,3.881906584416636e-06,4.153978017597983e-06,5.3835512303496416e-06,5.267702268123815e-06,-2.2070317106297283e-05,6.335256716787163e-06,1.0748320792530036e-05,-0.00018002516510741624,1.0323476962148948e-05,3.178255257232796e-06,3.092544156033866e-06,3.010957497655445e-06,9.65826298070892e-06,2.703935996875698e-06,3.4044259219352466e-06,2.4097388999490756e-06,2.366642300621761e-06,3.3983789751143766e-06,1.4126462842867789e-06,0.00011564206897792945,1.0453266791284827e-06,1.4182485882719902e-06,4.279762638496911e-07,2.575798212558885e-07,2.9428937104089525e-07,-1
1.613820943142565e-05,1.0372465032257273e-05,-0.0012122604233624568,5.149001656859846e-05,-0.0011196770842054663,9.998195088120224e-06,0.00016123678846893748,9.50828351940065e-06,3.0046522143105117e-05,9.540572764571105e-06,4.347321623165873e-05,1.111629718888479e-05,4.897838122536906e-05,-5.555971980347823e-05,5.378812510259114e-05,9.06307432913052e-06,8.8404672963207e-06,1.0924079789435962e-05,3.7368103362477084e-05,2.4262406572919282e-05,1.9673615302889758e-05,-5.446506689352992e-05,1.9337877347242567e-05,1.1427264123743812e-05,2.3607776417111138e-05,5.2699237164428095e-05,-4.8314204159692575e-05,7.938429491212827e-06,2.8986380088250536e-05,0.0005826768080177891,7.889461385645222e-06,0.00020320822261572923,2.494736898333971e-05,0.0001883823334279581,0.00019825432355620676,7.088284969692642e-06,7.072873464775865e-06,0.0001803224269119583,0.00018126655520413128,0.00019217039347600815,7.087177726665625e-06,0.00019191520923811828,4.9657378321133246e-05,1.0628595918941345e-05,6.969078722223314e-06,8.331039839305585e-06,6.482343740215774e-06,6.3622653483981116e-06,6.2383928165432374e-06,6.2383928165432374e-06,6.2383928165432374e-06,8.541215695063756e-06,6.0878807321474885e-06,7.803120344553309e-06,8.652053751393815e-06,5.906910261551003e-06,1.581951486582372e-05,6.255567523072435e-06,1.2777563336027772e-05,8.615251942013198e-05,5.194193273584847e-06,3.81633356519385e-05,3.7399391478972766e-05,8.797738529066495e-06,-0.000261417209607151,-8.6208501276864e-05,2.9995023291201433e-06,2.9775272502500478e-06,2.702874937928132e-06,2.2370398052007703e-06,1.1098881128735196e-05,6.953429102772473e-05,4.047210727752782e-06,1.8956082779161442e-06,1.6129054462538461e-06,1.5920061537684606e-06,2.5207900224022044e-06,8.516548719670653e-06,-1
1.0410883902242647e-05,9.910027285097762e-06,-0.00016555809707422816,9.747687376107986e-06,-6.364435636145146e-05,9.381411150115075e-06,0.0009289958239333328,2.955285939230565e-05,8.905030807822156e-06,0.002291526450895177,-5.477883755029138e-05,3.095312003849285e-05,9.671688164145917e-06,8.817377568628666e-06,0.00013448760996780635,0.0005522996602339214,8.653575557180905e-06,4.5051587669181885e-05,0.00012290379113852088,7.99095265972084e-06,7.917730511885438e-06,2.1637836396370738e-05,2.293294203971374e-05,0.00011634920888605012,0.00012529872961883725,0.0005682053258802261,8.033817722182333e-06,7.4770005302832145e-06,3.5344785033492096e-05,7.111150096400177e-06,0.00033689466088100825,1.963943139936012e-05,7.6168262914924e-06,7.414011178415809e-06,1.22364016070929e-05,1.5898185786342862e-05,1.210012834946644e-05,2.2478017722191997e-05,8.20064721406209e-06,9.623216853119157e-06,6.466166896781891e-06,-0.00010894623288787336,6.446755445000145e-06,6.705331315109409e-06,7.604600889000959e-06,1.6991520064694553e-05,6.4675178726838495e-06,1.3491427085185595e-05,5.646667857558861e-06,4.138280370465808e-05,-3.2729662905483725e-05,0.0001666747173927902,2.832728438308205e-05,5.6743800267574215e-06,4.855272534027206e-06,0.00015975137773838711,1.4016413066906562e-05,8.512345635894777e-06,3.5143660599682217e-06,3.4775454140065187e-06,2.7291212205317844e-06,0.00019887990226053512,3.147538436674344e-05,2.7185942372515246e-06,-0.0023851610159567444,0.00011815479581953072,1.5753255754919166e-06,-0.00020259310925722064,3.803158286569206e-06,6.312479526247292e-07,1.4583932389447625e-05,6.080944141706027e-07,5.894747593004902e-07,1.2852941258146963e-05,2.469599695489437e-06,1.1809252892022632e-05,-0.00010169522299054749,-8.157166666585273e-05,1
