1.0386821968924388e-05,-7.666269483791502e-05,9.98179467432937e-06,-6.289658413509986e-05,9.604156740548658e-06,-0.00017391870525804777,8.841277169564246e-06,9.419582182789647e-06,0.0008525654563836676,0.0008526359376578698,0.0008536931567709038,0.000860177433997511,0.0008724411757087026,0.0008654521041047858,0.0008711563665332394,0.0008518604664666195,0.0008679169088578213,0.0008555928850926445,0.0008521421584383953,0.0008538323102690479,0.0008590436117468941,0.000851719620480732,0.0008526351193890021,0.0008650295661471228,0.0008520013124525071,0.0008517900434736756,0.0008519308894595634,0.000851649197487788,0.0008520013124525071,0.000851719620480732,0.0008722127114273974,0.0008520013124525071,0.0008801000866371102,0.000851649197487788,0.0008520013124525071,0.0008524942734031145,0.0008519308894595634,0.000851719620480732,0.0008519308894595634,0.0008520013124525071,0.0008517900434736756,0.000851225841261257,8.754270268289714e-06,5.1546214496887284e-05,7.664475589605268e-06,9.483542528563048e-06,9.363226525641227e-06,-4.591011445504254e-05,1.561695858428993e-05,4.3012106694943456e-05,7.374113176352956e-06,6.6340313079141515e-06,6.8483180672232225e-06,7.071885939355724e-06,6.3438457313740575e-06,7.015480459078265e-06,-4.001580919961139e-05,6.500894688875776e-06,6.260635588375366e-05,3.7927172240389646e-05,6.631178484238852e-06,5.7501255618932175e-06,9.763463660838591e-06,7.250145566213858e-06,5.770505883203936e-06,6.262041591604109e-06,5.32426250263779e-06,5.5648498742701865e-06,3.144724110446835e-05,5.305508811248587e-06,1.2918652511893214e-05,2.9302081095979783e-05,6.273005901032085e-06,7.240214924500535e-06,1.9934492143710032e-06,8.676203768318213e-07,6.980586418154868e-07,-3.5832263503127347e-06,-1
1.1665790998658098e-05,-6.696068569551275e-05,1.4068040893834842e-05,1.0869930743697644e-05,1.2710621703318807e-05,9.74697934693698e-06,3.5810172581488947e-05,1.4989760155384268e-05,1.0957671924708763e-05,1.4860276486431179e-05,9.243858292217212e-06,0.00022902720498918982,5.294127960006456e-05,0.0002324115195575763,5.106926557511494e-05,9.018724958023806e-06,-0.00015557044492088112,8.67945410920694e-06,8.317079717951809e-06,1.745867182228876e-05,1.1123320673308162e-05,-6.0188934587496233e-05,9.030186922671147e-06,8.350976297809133e-06,9.837088811452964e-05,8.064735777166986e-06,4.199982632909609e-05,-6.419390738097462e-05,6.771702984466256e-06,3.9268615167628355e-05,1.1220589080494538e-05,8.124982223754192e-06,6.932035084813274e-05,-3.80727295400204e-05,-4.2616211523801174e-05,-3.643196687546457e-05,6.734370793493898e-06,6.386848620482112e-05,6.8617662953788265e-06,6.385716773068317e-06,6.848906183304179e-06,2.2374566055776267e-05,7.523949050120101e-06,7.013959870509004e-05,2.8240649159186692e-05,9.034220560495034e-06,3.429832822678645e-05,3.407748058945278e-05,2.1082808671036424e-05,2.506614576462077e-05,5.238333870736128e-06,1.1352824349905927e-05,-4.9530546459347596e-05,5.897603175429793e-06,5.239139878990513e-06,-0.0005898907262433127,-0.000601405739499317,1.1029120814808186e-05,4.836159326022298e-06,3.872528206916861e-06,2.2228226869737336e-05,3.443956618099286e-05,4.262804113982925e-06,5.905709144755544e-06,4.304657172979639e-06,8.394564547840204e-06,2.482935601630232e-05,4.796907046736985e-06,6.105465324800993e-06,1.5214730348250897e-06,2.0571249924747363e-06,1.9237405179573986e-06,1.667993765658558e-06,3.7136922064032804e-06,9.32248354346835e-07,8.239482840723335e-07,3.318891203633868e-06,2.436338359260567e-07,1
1.628124082207075e-05,6.047392247402772e-05,5.859255607059645e-05,9.670967745295362e-06,6.08127829355859e-05,1.953050518338245e-05,2.0361731805471212e-05,2.6060291843753646e-05,2.470152188714988e-05,3.327267696786502e-05,0.0002585495132699465,8.698229971537407e-06,9.096944389842587e-06,8.770215471225888e-06,-5.048233865691078e-05,8.500371089992217e-06,8.193274460236892e-06,8.28555066415879e-06,9.580058311688882e-05,0.00024569321432678284,8.000473827004008e-06,7.89636454236799e-06,8.956497632852911e-06,8.096614185418692e-06,1.2121260347041536e-05,8.132688970902471e-06,8.132688970902471e-06,7.53425096256529e-06,7.460107957441418e-06,7.4209631499964375e-06,4.308826036172858e-05,3.512730567791364e-05,-4.3125729498932546e-05,8.899733766831964e-06,7.871017523372403e-05,7.010035846252021e-06,7.15182536673006e-06,1.3500750192333675e-05,6.636149479827735e-06,-0.00014139369094807604,1.4471111119465335e-05,2.028166916962348e-05,6.271802717370649e-06,6.5946927719274594e-06,6.221539148778226e-06,6.852653805805496e-06,6.162722862235911e-06,1.3348296084924815e-05,9.414655374066707e-06,-6.51160183719501e-05,2.3326934915742113e-05,1.413433552131008e-05,6.9445720851776345e-06,5.9165842762771665e-06,8.963245825505834e-06,7.699731609233465e-05,6.87469540002533e-06,2.321278308537732e-05,5.610003459526051e-06,6.375212225906952e-05,5.406611800188457e-06,-3.164365846905172e-05,1.3522532232222357e-05,2.0073993545405584e-05,4.068110405255679e-06,4.053281687586887e-06,2.9838142238436454e-06,-1.1025700091145094e-05,2.067947180755763e-06,1.597435851304559e-05,2.5655458909275117e-06,1.398629413174507e-06,2.5197887468498418e-06,8.390796621566836e-07,7.282944467177662e-07,1.1904423588001397e-06,2.0852562935935405e-06,2.898891697631828e-07,-1
1.0063887155686317e-05,-6.025635658469654e-05,2.0852683880122897e-05,-0.0011049390263642405,-0.0011180074457210981,-0.001103806951038982,-5.5464079928709914e-05,9.039554563483816e-06,1.4209221633717642e-05,0.00017222903128681858,1.3857499304689421e-05,1.8599031118432585e-05,8.19724737732249e-05,8.675234090339429e-06,1.3435839678578409e-05,8.802710163760365e-06,-7.517655834435773e-05,1.2491319583200567e-05,4.939641167948994e-05,2.0034360752944588e-05,7.679692842403055e-06,7.699611480496726e-06,4.586473120103891e-05,1.6164569811513996e-05,7.643377612631098e-06,7.567685888199263e-06,7.52596483922709e-06,7.5136329423557045e-06,1.555004023193713e-05,4.4248672629320474e-05,4.3349744943642655e-05,7.193043579166558e-06,7.179189117413145e-06,4.277998235625571e-05,1.499272135666095e-05,7.138974436426076e-06,1.0864849148544363e-05,7.1749821553424026e-06,7.520544456539766e-06,6.844877547296398e-06,6.8245693793262405e-06,-4.073363276044898e-05,5.869454273065636e-05,-0.0002657053975431964,1.3501194789762746e-05,6.4462524613206806e-06,-3.757928100592266e-05,6.166823034418761e-06,-3.843523849767446e-05,5.969285583290967e-06,1.2698482056766074e-05,5.855537618400926e-06,5.822806140481366e-06,3.7825238564063074e-05,7.175307437403772e-05,5.886413176034065e-06,2.3559104436553324e-05,8.310519817521142e-06,3.130322635234341e-05,5.110775388016768e-06,4.975108650005727e-06,4.988867999450059e-06,4.75638464397215e-06,9.391789650370937e-06,4.169230949165946e-06,4.913469268900777e-06,4.2759446893671505e-06,4.2504419792913115e-06,2.2714243994412945e-06,2.4018582962214493e-06,-7.564955599910973e-06,2.7712510190583956e-06,1.489357234444742e-06,7.013636377744266e-07,1.681321539605027e-06,3.694728700863299e-07,7.586237433729593e-07,7.279581386944447e-07,-1
2.1713460513707497e-05,1.3887125602654057e-05,5.832869035741724e-05,9.924368645491175e-06,9.562004132355281e-06,-6.209962456843252e-05,5.578523475219878e-05,5.565991128545377e-05,9.227914977174801e-06,9.333660739535133e-06,5.159931356088053e-05,5.1315364438294015e-05,8.384086167065851e-06,0.0002500626229569468,4.98950318151841e-05,4.748334402510958e-05,8.2915469964109e-06,8.168286740651616e-06,4.8299670718288675e-05,3.100505713705518e-05,8.224079105067216e-06,8.046454005358311e-06,7.870244087437375e-06,7.778455518742029e-06,1.0928400004777966e-05,4.6469523724154293e-05,4.639358979662858e-05,7.724033376234882e-06,7.725301408286245e-06,7.622098928069549e-06,7.659671665640819e-06,-4.658477420049797e-05,4.5341612523449345e-05,4.492386763429937e-05,4.479854416755438e-05,4.42554758116594e-05,6.400110078981246e-05,4.395583710272469e-05,4.383773092250943e-05,2.6279654370690724e-05,4.4602021190900527e-05,5.5721156276844185e-05,0.0010019748147627994,7.117134695859694e-06,4.237562381048452e-05,-4.263964160754678e-05,7.028945626434396e-06,0.00013675839009816922,7.382838525551433e-06,7.012374096071036e-06,5.372636107184144e-05,6.7878686379007995e-06,4.041885718833971e-05,4.0126387759961925e-05,5.767526066020307e-05,6.467454504135225e-06,9.028919012837477e-06,9.028919012837477e-06,6.16153347071092e-06,3.7248803520365316e-05,1.2724368199655763e-05,1.353682542621925e-05,8.48248670697897e-06,9.36036062789707e-05,6.019674158042348e-06,5.7388017896871254e-06,5.409137367878998e-06,6.394693017509222e-05,0.00010341947737157445,2.720827812921279e-05,1.0434264357100287e-05,2.432718356521006e-05,5.476374304773574e-06,4.191699582766775e-06,4.1597417895083265e-06,3.987152139155664e-06,1.2745264072177635e-05,2.1383081008446436e-06,1
0.0001535372952944338,2.9312454299214167e-05,4.239196121127814e-05,5.5959715933608334e-05,9.078656292104616e-06,9.013988173548598e-06,9.013988173548598e-06,5.281623128223713e-05,8.795754191340483e-06,5.273281901384865e-05,0.00014389958069889726,8.747097034780541e-06,2.315954180548573e-05,-0.00013775090706030595,8.330035692838193e-06,0.000927405844051976,8.30223160337537e-06,8.40224797135875e-05,8.316410848114057e-06,7.821837939375886e-06,4.765085549249131e-05,0.00039611233293733775,0.0004701884622767127,4.595598190334455e-05,7.6164663396178434e-06,7.549651779690385e-06,4.364088175950545e-05,-4.316654864857465e-05,2.2045204867609005e-05,7.078774090529015e-06,0.000104687585425418,7.020270503229396e-06,6.967558951487523e-06,6.939831219697029e-06,-0.0001934636955111721,4.316557237212959e-05,4.134704437882253e-05,4.102462664520992e-05,0.00017890414102803,7.385223917046671e-05,6.444825097202903e-06,6.355875686759321e-06,7.295184398115027e-05,0.00022816853330274664,6.320289675724603e-06,6.394534092586359e-06,6.2378583267938035e-06,0.00036811103478462273,6.391631993708333e-06,6.004867802205053e-06,3.586349733659432e-05,6.065992429318887e-06,5.971652562865114e-06,-3.544721393657228e-05,-3.151898103125345e-05,5.062888724293044e-06,8.206813068042376e-05,2.528935125570691e-05,6.805751063484854e-05,-6.774699133087507e-05,0.00038527130095195814,6.697650978550637e-05,1.711085477370947e-05,-2.3199973312955815e-05,2.3866639212753395e-05,3.050271311643848e-06,8.146008812934397e-06,-4.395353164290762e-05,0.0001765034652666536,2.0888673603429257e-06,7.937348702274008e-06,5.363791500148034e-05,9.691982310694554e-06,7.188000909323219e-07,3.1296453364180618e-06,5.254560673709881e-07,7.316997378445925e-07,2.782516387045599e-07,1
3.144067962338755e-05,1.0174045172276762e-05,1.2402396510875346e-05,9.946796657381617e-06,1.0378846576513533e-05,-5.576856207678502e-05,9.204975701859307e-06,1.1442897425883474e-05,1.0085408813113674e-05,8.850173626386756e-06,8.762952646239555e-06,8.188562402369868e-06,4.423542318782338e-05,4.4988724541900134e-05,7.983642222587029e-06,2.3721800779904214e-05,8.42505565070282e-06,8.67275611949013e-06,2.1235164147276798e-05,8.394369068040085e-06,0.00018435040069937137,4.425335305913684e-05,0.00015505521575158172,4.886871678200408e-05,7.476749139451362e-06,4.303985839976216e-05,4.56876895023408e-05,0.0003979559918206082,1.9947841538998226e-05,7.500720093461805e-06,5.654658156156776e-05,7.0360329697358375e-06,1.725222110539723e-05,6.652879517069852e-05,0.00017673470848738736,-0.00014273824191354142,3.205351664068193e-05,1.0257009541105428e-05,-4.373326761681143e-05,7.516477617267741e-06,3.774750294514053e-05,6.374973515345674e-06,6.08199938230961e-06,3.704223874886531e-05,3.566385684700713e-05,7.194781005850235e-05,8.805141378734877e-06,5.915752244082803e-06,5.878498044190811e-06,5.1580718324499415e-06,3.086883862170766e-05,-2.955711396881876e-05,1.370939173245383e-05,2.94475717994675e-05,4.759878411287302e-06,4.739571533720284e-06,4.4455151840536384e-06,7.830935065281856e-05,7.587160206300155e-05,3.803339171083162e-06,6.325854330074888e-05,1.0504634533159384e-05,3.0771334542621797e-06,3.013416037766952e-06,1.8038581129637222e-05,1.804105789184381e-05,2.9998561732975724e-06,6.390924070954232e-06,3.749811543342231e-05,1.3126025222497015e-06,1.3354471852021863e-06,1.186350974930362e-06,3.1403959676296715e-06,1.1167130919220057e-06,1.3249862603556589e-05,-1.1181678074385776e-05,5.806613076332225e-07,8.533913741969837e-07,1
1.6148999323431065e-05,1.5189422287923542e-05,1.0832763707734953e-05,1.6420690488440312e-05,-0.00013709214239140862,1.4818407616329217e-05,1.026171286675062e-05,0.0012919975063781283,1.555822718863279e-05,-9.206406084207791e-05,1.0043785645845762e-05,5.616737446025376e-05,9.30131958711224e-06,1.0021833970232666e-05,5.196900658906512e-05,1.0628473727502012e-05,2.665235235927178e-05,8.670904264512805e-06,5.105273057358282e-05,7.212204830352715e-05,1.3241083585877387e-05,1.5221060170673452e-05,9.112063001453988e-05,9.030573322360485e-06,4.739245283018868e-05,8.572171135243634e-06,1.1255708343364361e-05,1.7626912355779884e-05,3.4850470257141455e-05,8.779752617948191e-06,1.8999275553460765e-05,7.49090516672177e-06,0.00013440296895301775,6.402690748248702e-05,7.939185210329934e-05,4.4416917905740236e-05,1.065245313372149e-05,6.7780944800360944e-06,-5.107580617475631e-05,8.10564724829014e-06,3.941838506129763e-05,9.873725791072587e-06,5.9334321336561585e-06,1.5493107017318156e-05,5.324835279820087e-05,5.891579095468918e-06,5.629899003792536e-06,9.262356258009821e-06,8.334968606471556e-06,1.1968219541956601e-05,6.216734397069935e-05,4.897365290330598e-06,1.0042512013622743e-05,9.487804977185448e-06,4.290512117155574e-05,0.00010556754678665492,-4.134455424833671e-05,6.820563136708695e-06,1.0597510674626896e-05,2.160223395906242e-05,5.1840433685772195e-06,-3.2211937387702135e-05,4.076233749943295e-06,3.0790447843202508e-06,-2.7634280662466632e-05,2.533381278115627e-06,3.759219653384975e-06,0.00018318723680729352,-1.9645136340159705e-05,3.7796938914617e-06,1.2513518504624538e-06,9.59538784067086e-07,5.631446540880503e-06,8.208931638120288e-07,6.041415558183063e-07,9.355229631978094e-07,9.512470183448619e-07,1.987265410024836e-07,1
1.3211589809537722e-05,1.0492477022856271e-05,3.33602232596119e-05,-0.002029540650042396,3.0176451882051692e-05,1.0573681996779971e-05,0.00038450070813289875,2.8446391747205172e-05,2.8422711168142313e-05,0.00019428693483025943,0.00036669433577530273,9.24618255815563e-06,9.723147688285072e-06,0.00019602206699622336,9.343283001272375e-06,9.438364728488361e-06,0.00022770034139832463,1.0396203194242392e-05,8.888448905561747e-06,-0.00013916070348869944,1.3998660505935537e-05,-0.0008782705729364389,-0.0003018341545540481,8.729901876890437e-06,-4.937423543245758e-05,-5.027095615199671e-05,4.5682119396660284e-05,8.452455195196035e-06,8.550091903967587e-06,-0.0003229195323387992,1.0785100562984392e-05,4.055136222706003e-05,1.073867715225727e-05,5.042926849425408e-05,7.028073135082409e-06,2.015143252213785e-05,-0.00011247823261337942,6.921879558087693e-06,1.2805165771444383e-05,3.630645199697213e-05,3.8320828713914426e-05,6.779445532278097e-06,0.0002621252959542858,5.828222996515682e-06,8.857500563391374e-06,-6.225687062474215e-05,8.800461686247898e-06,5.687461857698562e-06,2.9139884759631654e-05,8.9275648786032e-05,5.663584881142227e-06,-0.0001722958943814767,1.462420712130919e-05,2.7636556316499816e-05,7.762454487137363e-05,4.639764891630453e-06,1.1858352320962678e-05,1.2812680122551478e-05,1.0276171637428723e-05,3.817811750473265e-06,3.4564431076842818e-06,1.9972314578178466e-05,2.7719394065467533e-05,0.0006864630383590354,1.6653510018959782e-05,2.7915461077599003e-06,-9.44947450854729e-05,1.8912963032890732e-05,6.626765530996375e-06,0.00023084314154098352,-3.314016682237665e-05,2.6036679998710724e-06,1.2540135382182734e-05,4.230844976767481e-06,3.1853013409354217e-06,9.90150219845978e-07,2.2414116771849807e-06,1.0682938978285198e-06,1
1.4752663047369495e-05,9.760523015935269e-06,9.602576501106383e-06,9.160396407538077e-06,-0.00016930273741435316,1.2664644488580274e-05,2.49670725053971e-05,0.00021610072889983165,0.009964113249492618,0.0003557730156348572,8.63950552868053e-06,0.0003505222504278173,-0.0005198856332684545,-6.913823309286245e-05,9.15744126205581e-06,-8.858610648809869e-05,7.720143970173178e-06,7.668722215770886e-06,-0.00020538738284062985,-6.544030700310325e-05,7.61886113852654e-06,4.561105511088513e-05,-0.0003617048267073479,7.56543033698361e-06,1.0669153803899735e-05,1.4636763098903132e-05,1.0635031090254493e-05,4.450925801893416e-05,7.395417591832461e-06,-4.447268627485367e-05,-0.0002178809065836481,1.3671552692400374e-05,7.581343690410638e-06,7.270207001424246e-06,7.003817268691328e-06,4.202290361214797e-05,7.088883608671028e-06,6.961622897557708e-06,1.0566508531224956e-05,6.801996204499467e-06,3.993509949981836e-05,6.867989199107975e-06,7.047468426056576e-06,-0.00029137709134957905,6.52210463821897e-06,-0.00038679703306276073,7.953599823590266e-05,8.116452471671643e-06,7.712508440540828e-06,6.7620843888246346e-06,3.6770894402465544e-05,3.676163724907735e-05,6.177329917900767e-06,6.377739668130402e-06,5.9196494150154425e-06,6.303440810173873e-06,3.535083010177627e-05,3.534193045269322e-05,5.876033105557585e-06,8.325775777235428e-05,3.4306665174798854e-05,5.6968942305935965e-06,-3.492847908964066e-05,3.317896705366327e-05,7.785989239463381e-06,5.8245853532319284e-06,5.333238209557525e-06,4.5159283661401835e-05,6.353532184775826e-05,3.0376780857356272e-05,2.6323935562870263e-05,6.588475422052444e-06,4.353997304266827e-06,6.410667690444057e-06,4.461964389185269e-06,1.6099477124542887e-05,2.2105319709799947e-06,-1.0201638541841845e-05,-1
1.0081808416304555e-05,1.4033790763549806e-05,9.915571392991455e-06,9.870960631652968e-06,1.0621303207217735e-05,1.4715886609626144e-05,1.26988140968971e-05,9.315067362229206e-06,1.3447776013538403e-05,5.404278526583574e-05,8.98620644592057e-06,1.220399183529064e-05,1.0433194676120256e-05,1.99243680628034e-05,5.4064732063925074e-05,2.7554822425148146e-05,4.889537506303114e-05,7.98711438180523e-06,1.1662366102841869e-05,4.7442311832108696e-05,8.23395818949897e-06,8.559146388521306e-06,1.258286799728439e-05,7.79186110106823e-06,7.732792641546445e-06,8.846147854405453e-06,7.609946003672805e-06,-5.177068640849818e-05,-0.00015738467713424567,4.462679099241269e-05,4.451475508018464e-05,4.4208302358038334e-05,4.4031567339001136e-05,4.341317395272705e-05,4.3134621182849005e-05,4.3027407609496564e-05,7.663892321888928e-06,7.239030611731737e-06,7.123932022954683e-06,4.261804554741577e-05,7.682765379626524e-06,7.061158727798527e-06,-4.7721946888827234e-05,7.666352272638796e-06,6.774473101481624e-06,6.885267944949642e-06,7.380524707716336e-06,5.723522297603627e-05,3.984334241882559e-05,-6.527796821393236e-05,3.832099735933652e-05,6.769169073033902e-06,-0.000355046972421786,6.919424432343066e-06,7.034333266019658e-06,3.671346255705046e-05,6.026968982966263e-06,5.933687103849303e-06,7.421909840772709e-06,8.99661706334769e-06,3.3233325301525305e-05,-3.9733865301707254e-05,-3.9733865301707254e-05,2.1950149950297772e-05,-3.170398821452967e-05,5.295012554280379e-06,2.9426290126371352e-05,2.8305734251812763e-05,5.6135865893789256e-06,2.4824379475086345e-05,4.332869912302476e-06,5.915204682678058e-05,3.0439151405399382e-06,3.274344718315541e-06,1.1439815163733274e-05,3.2144872870516762e-06,1.309077362860788e-06,2.679430528205349e-07,-1
1.1027531251365916e-05,-6.364130506606208e-05,-7.469949006121216e-05,7.081785405727778e-05,1.275718469028257e-05,9.606094162504748e-06,4.84388793817439e-05,1.4339119492808809e-05,6.248727363913475e-05,8.726468595635574e-06,0.0003931520685788384,8.59559851637703e-06,0.0003898728444799737,0.0003429839250730898,0.00034065380677753807,0.0003396446122238849,0.00033908432285788243,0.0003360466623438653,0.0003354424419788662,0.00033511847618022326,0.00033302702563026837,0.00033212412399285835,0.00033091685535197886,0.00032934383685107504,0.00032902062192202377,-5.374311921496662e-05,1.4695450696449026e-05,7.618642711568008e-06,7.604082412916051e-06,7.279548392389641e-06,-4.384961736250812e-05,7.242666521136359e-06,7.4159574875945564e-06,-4.243800220371399e-05,7.47703830404256e-06,8.180954282217259e-06,6.7334968282078355e-06,6.790071439537474e-06,6.262368290949724e-06,-6.268110438124737e-05,3.656200180853279e-05,6.0863840302076744e-06,6.044939350939161e-06,1.7848998371647973e-05,1.0087467537740934e-05,7.4627800972589135e-06,0.0032828087834634407,5.89606033710811e-06,-3.747160427958372e-05,3.706324283693272e-05,3.8618189212049114e-05,5.654749156315028e-06,5.853532712108154e-06,3.301184684477346e-05,8.401861741188791e-06,6.027150638957631e-06,5.650639980542094e-06,4.9023603881617136e-06,5.170133280063614e-06,4.611256266701573e-06,5.1474924839604915e-06,5.797457753043333e-06,4.541514911479294e-06,3.8027239064831672e-06,7.510617351194683e-06,3.5073315553742082e-06,2.8573205781484705e-06,3.7268403291670918e-06,-1.658183548541338e-05,9.704222353567488e-06,1.3667310422462443e-06,8.080537212830636e-06,1.227866341289235e-06,6.990212616416281e-06,8.726228697349995e-07,7.947593175862075e-07,4.3074545779729374e-07,1.836551362334049e-07,-1
0.00012516501695910258,9.915822322200385e-06,5.945057564097185e-05,9.90842927349531e-06,5.919979458270584e-05,5.9157997739661496e-05,5.756971770397673e-05,0.0005803748172412331,1.0650789250313316e-05,-0.00011450868917319588,5.6711511025808996e-05,5.644363302260016e-05,-0.00046977555864491957,9.240054121643153e-06,2.0000429397623603e-05,2.669973464022501e-05,8.912654899536668e-06,0.0001469603792477833,-5.9898964000095605e-05,5.5732850911623675e-05,5.017167648512931e-05,5.1878140109425927e-05,4.981265649551235e-05,4.946325970656513e-05,8.169707157256466e-06,4.6883851745026375e-05,4.682792904158245e-05,7.98055769369568e-06,4.599199218069574e-05,1.4848589520283595e-05,8.757333968841903e-06,-4.458278439523126e-05,4.4532937082793076e-05,4.436573531408251e-05,1.4679640721538626e-05,7.284702586198206e-06,7.275854632843772e-06,7.178011231180656e-06,4.290087281663999e-05,4.248471541608868e-05,4.231751364737812e-05,7.226219159393372e-05,7.111970968111872e-06,0.00033860983116935483,0.0003378835547823485,0.00033682254359934405,6.429845595939517e-05,6.6050354685259446e-06,3.955868446365383e-05,3.971708735919113e-05,6.680504717032806e-06,6.523423228292035e-06,6.7593957605488484e-06,3.755064656243349e-05,7.324215923125888e-06,6.119112285035621e-06,-7.302183092762853e-05,6.079145178378688e-06,4.02015248174539e-05,5.879448772591199e-06,1.7927631364589658e-05,0.00010190994026350821,-5.3039893290232425e-05,2.4558232612470282e-05,1.975475563012288e-05,3.3228714782770802e-06,-0.00015408562968459753,4.002297257276824e-06,3.5688842291099175e-06,-2.1028580751503327e-05,1.5717402432359428e-06,2.3131209087439613e-06,1.0302416016072e-05,8.769456083696637e-07,1.69231178879277e-06,2.857286845571801e-06,2.2238652688348294e-05,-2.9622653389154383e-06,1
1.0202330473330003e-05,5.9200112684235446e-05,2.207739309583873e-05,9.593134447220693e-06,0.0010411796153776765,1.072510136964971e-05,5.598037530006916e-05,9.192056511122438e-06,-5.892962926347994e-05,8.920553240169328e-06,8.773205960510769e-06,5.231199715522516e-05,5.1803950878813465e-05,-5.1057019944910946e-05,1.819309952993313e-05,8.780118129072671e-06,9.244827901938672e-06,8.391904930238635e-06,4.783949164830882e-05,8.162537273406125e-06,2.7658866106216614e-05,4.376845907692994e-05,2.80841167053521e-05,4.865986900689917e-05,2.5121741189497776e-05,-8.311601765469953e-05,3.5341398840774364e-05,4.499006969519838e-05,4.4906475329410516e-05,4.478755785110391e-05,1.712250845042687e-05,-0.00019273769551003835,9.279421157325613e-06,4.374920168670405e-05,3.3513090793860144e-05,3.382321232941543e-05,7.138377923143794e-06,1.6257636415981506e-05,6.979922425452721e-06,5.09048761968591e-05,0.00017816374278952494,0.0003446165593095638,8.568038377532914e-05,2.5126046788321623e-05,0.0005680250590297181,6.638304610102467e-06,-4.1352643397916894e-05,1.5459115683794838e-05,7.129027720308103e-06,6.579598917827621e-06,7.51623538354649e-06,5.899209148024479e-06,3.720254768815054e-05,-3.546176703418291e-05,3.372003313477633e-05,3.372446552843543e-05,0.00012554784568897948,5.46027053999294e-06,5.922613165372361e-06,7.45254232200474e-06,5.063148932961962e-06,4.903697154529747e-06,2.8436517673416703e-05,-0.00016526539502828788,5.673740028688419e-05,2.3278972081637095e-05,1.5148240148537157e-05,2.761654277116392e-06,2.761654277116392e-06,1.8920015432796984e-06,1.0746700276006833e-05,0.00011058458769464474,2.6646791196837286e-06,2.5320890267135455e-05,8.651595158373054e-07,-6.075913707725386e-05,7.679939725397161e-07,6.009479752499464e-07,-1
1.6026986073720394e-05,1.654143751938304e-05,1.4461968701703382e-05,2.7149833951284565e-05,9.14487972257284e-06,1.0007158487552876e-05,9.751587895954281e-06,1.486997806462105e-05,9.419401477751127e-06,1.272749714838572e-05,8.222678545958483e-06,1.350626779195649e-05,2.4503805666354675e-05,1.362866872306016e-05,8.715826688859114e-06,1.512289915411487e-05,9.940094804177891e-06,1.4130304483296749e-05,-5.6436525510086015e-05,8.031386510464384e-06,7.869146020893494e-06,7.853248544526024e-06,1.3532235178493872e-05,4.50352854570256e-05,7.304668754846592e-06,7.477113700981379e-06,7.22035208662806e-06,-4.50308044499471e-05,7.080430599990428e-06,7.162422842189488e-06,7.547216005533167e-06,7.185443593782517e-06,7.3797111013150795e-06,6.943016259068043e-06,7.196545982181861e-06,4.11001654679725e-05,6.820304243524592e-06,-0.00011304539832483705,1.0029706800615546e-05,-4.1437041948624793e-05,-4.480592316857855e-05,2.2408637454578126e-05,7.1177788606507075e-06,8.242052843777783e-05,6.8415433179923905e-06,6.899471742523382e-06,6.0035358114901295e-06,1.2481550143778661e-05,-3.546598443782796e-05,6.585462861311409e-06,5.794280168970325e-06,3.415946801721046e-05,5.683727682072661e-06,0.00018074682367092877,5.246862439690093e-06,-7.953427218694438e-05,5.730848486988041e-06,5.069164803522697e-06,7.854331968531384e-06,-0.0051013770750885715,2.3504915045187e-05,2.988190866304738e-05,4.1241233627079636e-06,2.0274368539836147e-05,1.5262387570442862e-05,1.9577286342995594e-06,1.867443712181361e-06,1.8626151627337075e-06,-1.2622909193291987e-05,1.5203305058526194e-06,-9.758088758749537e-06,1.3734293913613727e-06,8.239867553027258e-06,9.460451787388151e-06,7.060124783380381e-07,2.960539452979621e-07,1.39010963261044e-07,1.2035284115249843e-07,-1
6.419522080694809e-05,-6.347361707718241e-05,5.8262670279177247e-05,5.67119773631331e-05,9.396330350807612e-06,0.000805464751625927,1.4622079854635604e-05,1.3436471926767663e-05,9.978309496487879e-05,-0.0011988538835762414,-0.0011672749878548563,6.924997531215148e-05,1.2874407198158165e-05,1.1292044908147357e-05,-5.3032621945271715e-05,-0.00012012566198601323,-0.00010094752798045484,8.710102377526832e-06,5.128455441596232e-05,0.0007107432850638055,8.463926921421862e-06,8.394589929663228e-06,-0.00013719476113957044,8.853759980885843e-06,6.015998800499659e-05,8.102098724943811e-06,9.446288591118365e-06,7.927604443244165e-06,9.218351362642322e-06,0.0005954046011102937,1.921257028868501e-05,1.3126079951836089e-05,0.0004805706758205585,3.311821985215095e-05,1.0785403581680993e-05,0.000475986743804231,1.0830948093324909e-05,4.4219413159833444e-05,-4.410555030547524e-05,0.0004704141844319567,8.89510745263221e-06,4.255892829320316e-05,4.207717952657218e-05,1.0671242950840237e-05,1.047053474903112e-05,6.935007088312865e-06,8.181388619950896e-05,6.88247019420185e-06,8.345490563322529e-06,6.7292772801978235e-06,0.00025528235721545347,0.00026610945847739255,3.984521681961778e-05,6.1199419686748526e-06,-3.464744767753827e-05,1.4482599607194828e-05,5.771265805390705e-06,6.190018481776552e-06,6.0287323761871774e-06,-6.969775094649836e-05,5.547475258235238e-06,2.0796009661316322e-05,9.751801904248476e-06,7.074351389601062e-05,5.316646712893308e-06,4.2090246272969396e-05,3.5550807292064297e-05,5.149423794946437e-06,-3.153822249072375e-05,7.332502273437587e-06,1.9447013719199285e-05,2.823766893223579e-05,5.347923358454268e-06,3.0556862329618693e-06,3.893738134353094e-06,1.6314392704455905e-05,2.8762485338865558e-06,1.2769662784911407e-06,-1
1.0045222407241918e-05,1.0017423066144382e-05,1.4619404232193356e-05,9.838610328487524e-06,-0.00017649900532706642,0.0004558365291116393,9.742851894798279e-06,1.728110673658764e-05,1.0908353617160183e-05,9.420935256593296e-06,3.760082584388513e-05,-5.55252173006918e-05,9.247785494679696e-06,9.235408277633675e-06,-0.00012174941886774592,1.2902555183434694e-05,-0.0001212289602972135,7.122209069789191e-05,0.0002789937392138608,-5.447517182461524e-05,5.459187771003345e-05,1.0620009068670995e-05,-5.4489996869403003e-05,0.004567660556141605,-5.4298774776097256e-05,0.00016867584323220001,1.0766667782673849e-05,-8.905262604585948e-05,0.00016924115886430345,4.586092876487966e-05,6.18090110168692e-05,1.0421460609753403e-05,2.5194805838544232e-05,1.0250938072302232e-05,-8.166966098480836e-05,-5.301253543296478e-05,1.1116816452728016e-05,5.2723813335470455e-05,9.508686310841657e-06,-5.9745307069457275e-05,-0.00017418495817223911,1.1579004115805573e-05,-7.384529087325393e-05,1.2592884305349137e-05,8.721452690878373e-06,9.442908987517508e-06,4.994526727686985e-05,9.480214339315479e-06,8.319322213141837e-06,1.1031380640467942e-05,8.226022626159307e-06,7.617537527915481e-06,1.4997949339368448e-05,7.459339211474357e-06,7.650311796134443e-06,-4.079778902283774e-05,1.4329286027451198e-05,7.808754931758492e-06,-4.017715120277935e-05,7.234269130405405e-06,0.0004881014739975839,6.402098253221571e-06,0.0001905201857324752,0.00018977829205673948,0.00018775548294137066,8.245629688780867e-05,-3.1624030516491285e-05,5.076090186057344e-06,6.295647267090551e-06,6.315308690653133e-06,5.065852028490402e-06,2.758576851605792e-05,2.490751463986489e-06,2.4565599383264677e-06,2.4565599383264677e-06,1.8722799467156977e-06,4.6273392562056886e-05,6.5606866509351e-07,-1
6.696589788811589e-05,-6.0607176122471266e-05,9.870368804681443e-06,1.0758134057083384e-05,1.0703055004046776e-05,0.00032341896714054404,1.0491779088092839e-05,-5.579251272782437e-05,1.0102741161808744e-05,-5.2231227213632846e-05,8.715908820654958e-06,1.0114405391396955e-05,8.615974973660015e-06,4.2340259931838014e-05,0.0002526307917955446,7.921273624707877e-06,0.0007037812315601991,1.4139822180190784e-05,0.00039277031528645923,1.306348250190771e-05,7.551348878838181e-06,0.00019393092840429033,-7.691585085670285e-05,7.962186272574636e-06,0.00037688471160307304,7.849406778554815e-06,0.0003729468932985578,7.031470921410893e-06,0.0003670789745796206,0.00036701005126581524,-0.000332556616137123,-6.948798610524915e-05,7.577619081155723e-06,6.9321941826254124e-06,-0.00032101083417446365,-4.0003330597191546e-05,6.542954922513812e-06,6.856508701570556e-06,6.3696029346493615e-06,6.258134372230918e-06,5.854970170623457e-05,4.53346766792676e-05,6.013797904213705e-06,1.2551846617799768e-05,5.806454148767166e-06,6.55798027292782e-06,3.7299835213480276e-05,-3.939570996679149e-05,6.684855916842642e-06,1.3879774515531099e-05,5.485813474774625e-06,0.0005057618135012158,-4.2099443284590165e-05,-3.987540372961641e-05,6.0456552839782494e-06,5.735214666287596e-06,-0.00022458170517736887,-0.00015049998892623545,-5.217294908893598e-05,4.7002243991233e-06,5.092499762377114e-06,1.0875085935611803e-05,4.1717807990163875e-06,1.1890760981130103e-05,4.023214224415412e-06,3.8110861936509885e-06,2.279216228422109e-05,0.00029159836916719503,0.0002471569218777081,0.00013167369186219767,1.8732905138588301e-06,5.974212206589883e-06,1.7444901514431888e-06,1.554664691002026e-06,1.2204739354922485e-06,4.576101595334158e-05,5.699632745292345e-07,2.364648450072808e-05,1
-0.0001914537679257465,1.2014168792817353e-05,1.0025058686408273e-05,1.0966754042647047e-05,1.287773239419898e-05,1.2518604810452677e-05,1.0382528422878665e-05,5.447095116616304e-05,1.1046023795697233e-05,9.601946803877038e-06,0.0003448124919637525,1.5173134147828706e-05,1.2550157259066131e-05,0.00021161513854893625,1.0131020592870117e-05,1.1702486891928326e-05,8.521383238329143e-06,8.617304217662967e-06,0.00020064245066847146,1.1204483627527692e-05,4.2652404901780186e-05,8.88821383315404e-06,1.013705376604541e-05,8.151372890814532e-06,4.2510563085911744e-05,9.255861493405075e-06,8.82660090889537e-06,9.515873400955876e-06,8.56242149842509e-06,1.0045591131669335e-05,4.816262998399371e-05,9.735388379200659e-06,1.3274052773290243e-05,-7.980441188476018e-05,4.712786652428417e-05,1.2526188390519586e-05,1.5058240905436877e-05,7.987064206964018e-06,1.2972123124643795e-05,-4.636695284758289e-05,7.5207864372162245e-06,7.50285146210343e-06,8.80358819021539e-06,8.794645215576992e-06,0.00032906329811283183,0.00032906329811283183,0.00032912214453321005,0.0003290515288287562,0.00032933399164657157,0.0003290515288287562,0.0003290868366809831,0.00032912214453321005,0.0003291542191261195,0.0003286368751606424,0.0003286368751606424,7.100860142668329e-06,6.64214942854338e-06,6.82679772076464e-06,6.196218599199105e-06,-3.936603602027058e-05,8.388125565665736e-06,6.373903788913719e-06,-4.16163647813849e-05,7.338201484434552e-06,1.1942722919249469e-05,4.972730679605719e-06,4.8233004480433935e-06,4.673332245669739e-06,4.256741851935615e-05,3.421417517882148e-06,3.118052881768065e-06,2.1145067202494165e-05,2.9754577584283386e-06,2.118032406701192e-06,-1.753275031150602e-05,-1.996060085511292e-05,6.962479782988739e-07,4.0563859301597896e-07,-1
1.0318363033948967e-05,1.1610226845587896e-05,7.444031090908332e-05,9.748792636566179e-06,1.0658963263013425e-05,-5.623381847007698e-05,1.4298449199690351e-05,5.4898449096519076e-05,9.01016035845199e-06,1.6109552113580055e-05,9.679683087499334e-06,-8.574634772582008e-05,8.894717332921995e-06,9.015830504070894e-06,9.730319904529723e-06,-7.808687743429133e-05,-8.269103057885326e-05,8.202249057011895e-06,7.395467962664849e-06,5.3057768111331325e-05,7.882028944979155e-06,7.288727566102609e-06,-4.3352132688461104e-05,7.184457324593224e-06,7.031353950719953e-06,-4.228454827071054e-05,-4.188495377861707e-05,7.55650665873738e-06,8.879455655653531e-06,7.0619271478612e-06,1.1137658312241368e-05,6.832171792353193e-06,6.830103925515959e-06,1.2340155234885509e-05,6.603042904587182e-06,7.628026144447849e-06,6.293209921423496e-06,-3.7421361651506776e-05,6.1584923285593404e-06,6.721806397360734e-06,6.141424720966644e-06,-0.0001237913435630884,6.315719662112782e-06,8.690374066929517e-06,5.19400378784011e-05,6.317260120516191e-06,5.8407132093029276e-06,-5.632172515413748e-05,8.184634687032355e-06,5.706285983915628e-06,3.945511687343754e-05,5.788355284578379e-06,5.334102577218818e-06,5.581731363038648e-06,5.9127026298476516e-06,4.984786533004127e-06,4.915744669647911e-06,-3.362004690025065e-05,1.721988126421749e-05,3.1561662248208134e-05,4.282614319636417e-06,9.72432290743784e-06,1.207635569611633e-05,2.091476845266085e-05,2.9446462406053462e-06,1.8421108151207393e-06,-1.27294130402284e-05,1.8208716627922262e-06,9.522841833884528e-07,1.078854154032066e-06,8.010167191146981e-07,6.428215725974741e-07,6.761402101591856e-07,5.683511530661914e-07,3.4687450898617704e-07,5.557822181390536e-07,1.6924897608216532e-07,1.000421855656023e-07,-1
9.994624282451717e-06,1.0100814155853081e-05,1.2591556087570206e-05,9.67239155692327e-06,9.609394121327012e-06,1.0459386726862598e-05,5.5891797761636696e-05,5.54572590688711e-05,1.2792443502176765e-05,9.834903880742315e-06,-6.043527202841879e-05,9.051737634283788e-06,8.970046613753732e-06,9.600171578345176e-06,8.542477433597154e-06,1.0168589698633474e-05,9.495362337568664e-06,7.669936590918347e-05,8.478328362183417e-06,8.736541216947634e-06,8.736541216947634e-06,1.8507019325003804e-05,1.5055858448533852e-05,4.94219362342116e-05,-4.826121398143036e-05,2.041467069025046e-05,8.815176764313923e-06,8.492135289356289e-06,7.814522550470874e-06,6.453270064999028e-05,8.040207666493486e-06,7.460797206729887e-06,8.5846585075436e-06,4.439301208942183e-05,9.727128378411133e-06,1.0989754223601762e-05,8.156159272198777e-06,8.720158372179746e-06,9.18322686613674e-06,-4.1224708094940935e-05,0.0007231130756115127,9.790841768619304e-06,6.852210604023304e-06,6.834409651423516e-06,6.834652102238339e-06,2.1547255871427323e-05,-4.438414893611853e-05,1.0570508675760356e-05,6.458965039543412e-06,7.183468905304786e-06,6.455345207588982e-06,7.1706783711433165e-06,8.37559559627438e-06,1.0542280423131344e-05,6.826547904306143e-06,3.9979185456996614e-05,7.291495181593308e-06,1.1367402662520909e-05,6.8210089889813745e-06,-0.00016981942714843477,5.9678346656127645e-06,8.506411782213186e-06,6.446099357059566e-06,5.6974493159451746e-06,-4.7798750134570656e-05,6.233995298911301e-06,4.570286107299919e-05,4.2888470199572e-06,-3.5727540155729565e-05,3.150660294852655e-06,6.930171582583972e-06,2.8801163974563017e-05,1.544336581674938e-06,1.0249184685009243e-06,8.65371407018161e-07,6.840639928819343e-07,5.704472801433897e-07,1.2783357022936674e-07,1
1.0014738747651117e-05,2.2193454826843664e-05,7.822554420010318e-05,1.0252776686781939e-05,1.2034430990924053e-05,9.639026888896256e-06,1.0047034238407804e-05,9.412894894028163e-06,1.0523912704635828e-05,1.1506426134480544e-05,-5.9463390934745164e-05,-6.0861855946167215e-05,-5.488865360983216e-05,8.261534892081236e-06,9.51184609300597e-06,8.398708910024607e-06,4.8357873340338244e-05,4.74812123365769e-05,-4.7868758685274926e-05,8.86787389974892e-06,7.996679818587599e-06,4.4432289242043705e-05,4.3973101179714605e-05,5.2842411191475814e-05,-4.53862522362713e-05,4.29260572650753e-05,7.066236019910555e-06,7.067533325984633e-06,6.976815277495278e-06,8.061460749926037e-06,4.214004629101077e-05,6.720178430340457e-06,0.00010412225095783744,7.13067204290589e-06,6.933844153451618e-06,6.744681412268233e-06,8.601796769791239e-06,6.313070543588041e-06,4.065230608870127e-05,6.222624410098973e-06,-4.2937429197121364e-05,-4.7264357309037684e-05,6.127063345585556e-06,9.871838237156213e-06,5.979514569919818e-06,5.9011470484248155e-06,1.237196914380526e-05,5.8507838006929336e-06,4.4626243035269416e-05,3.4041348265339325e-05,3.395445254707949e-05,5.7918614503807855e-06,8.588120500628874e-06,1.212245993334185e-05,3.274386583730275e-05,5.9768253644926956e-06,6.528931186193277e-06,5.053782069624877e-06,1.2667481356332963e-05,-4.937502885276886e-05,5.509805138656536e-06,8.12492126822084e-06,4.139153654620625e-06,3.909244520631229e-06,5.5144146740825795e-06,3.057315725053338e-06,5.974638945693039e-06,1.4710298298559536e-05,1.490301962874091e-06,8.615332924255689e-06,1.0791520102799913e-05,1.2410468539021389e-06,7.971268321849073e-06,9.593036464575926e-07,7.146256042556691e-07,1.1359062630908345e-06,-2.64991798648942e-06,-9.37400653393832e-07,1
2.6940044942856832e-05,1.3468782450008101e-05,1.0418129327170823e-05,1.2868731417651717e-05,-7.072516540193947e-05,1.7476661941918488e-05,9.463069223085376e-06,3.8953246220983656e-05,9.048756940862522e-06,1.1057920895294116e-05,8.635977460860237e-06,1.7859797595439398e-05,-5.469703220328602e-05,8.97464665089909e-06,1.0049377788651282e-05,-5.3416248758836146e-05,7.82693472747093e-06,-4.607331490051338e-05,8.751946313363563e-06,7.88949742755073e-06,-5.088106998436483e-05,-4.584297845052672e-05,-4.14053748073598e-05,7.604074499128005e-06,6.799802418983904e-06,0.0006301972739337104,0.000631136438062697,0.0006271979277080101,0.0006219151163244778,0.0006175841748560282,0.0006137747653583237,0.0006100356251867218,0.0006097960472805943,0.0006085360941800779,6.567826268901383e-06,0.0005987178189178276,0.0006279750931784866,0.0005890702443501063,0.0005888626956039592,0.0005839024411861482,0.0005822572267563054,0.000578466051590168,6.446681277724084e-06,0.0005639845085306513,5.85854385028311e-06,0.0005621574643850358,0.0005562469896244951,0.0005565383564708931,5.91873963456322e-06,-3.6563083793051696e-05,7.124824531420737e-06,6.158079198280574e-06,1.1914010095565099e-05,7.399528893106187e-06,6.471216858184262e-06,5.113489353053904e-06,8.909244157176221e-06,6.278128734107289e-06,4.725748440262141e-06,4.7426509558257025e-06,6.3941067360325525e-06,4.8231045598517264e-05,-3.213726506676589e-05,2.4200107781931274e-05,3.834084647527055e-06,4.362716629599337e-06,-2.8800665757900264e-05,0.00028907330387796835,-1.3002703178730105e-05,1.4895638447579533e-06,1.6188939431759135e-06,-7.970611480549766e-06,1.5697290830604838e-06,4.195974757156646e-06,8.333103643693557e-07,4.341666309669211e-07,1.1417476221037527e-07,6.042079707618133e-07,-1
1.6373222264766414e-05,1.564338290903593e-05,0.0009498736541610613,-6.0014027684414045e-05,9.383421126038797e-06,9.536808725815282e-06,9.926025542063649e-06,5.8717558318096623e-05,5.2208923339029617e-05,8.294038584068316e-06,8.582184047118812e-06,8.250249592943304e-06,-5.492214880840445e-05,8.075953945915253e-06,7.945657887979355e-06,7.95054657787447e-06,8.245912151898852e-06,7.735696536197296e-06,4.5836127087537454e-05,7.399686835446422e-06,0.0001505793907119799,-4.326065024348747e-05,-6.795720034146851e-05,7.67938175757661e-06,1.1114375122647457e-05,4.1988374367704295e-05,6.831082559234731e-06,8.255385898972936e-06,6.817037788239161e-06,4.035795271000796e-05,6.7349112632049155e-06,-4.126972746134775e-05,8.361950370123405e-06,6.552135103623513e-06,6.540935476477255e-06,3.912742064655033e-05,6.4620379534458325e-06,6.477077970792127e-06,6.197227498351675e-06,3.6575732374059694e-05,6.041084187010839e-06,-5.942812686818078e-05,3.563391047104165e-05,6.815836146468475e-06,3.505674637603743e-05,6.1409021825738805e-06,5.802932478751957e-06,3.458876838277478e-05,5.688150977322892e-06,5.463755305291386e-06,1.3100538874416716e-05,-4.880970583720193e-05,5.840267872436148e-06,1.1835295590431686e-05,3.438957187828158e-05,5.511135899128541e-06,6.021349533870329e-06,1.6061770799736e-05,5.760672551196507e-06,4.597235384392628e-06,1.952642007697389e-05,5.557237980407347e-06,4.2636424519092535e-06,8.084026661232883e-05,3.755357280071895e-06,5.737070051274583e-06,3.583564664946458e-05,3.1627226162821125e-06,3.4022527069501747e-06,7.571745907395306e-06,1.2446967749015151e-05,1.8267228003654044e-06,-1.1212306820491565e-05,1.0248029213507803e-06,8.492959396239888e-06,9.79054006596761e-07,8.111921991577487e-07,4.4853949501746364e-07,-1
6.311442928393199e-05,1.0369841709138102e-05,-6.782418437376336e-05,1.0506467813047427e-05,9.644465453833555e-06,5.3100548102063176e-05,5.204531455740271e-05,1.2252718987003012e-05,-8.560069224130878e-05,8.77999014594752e-06,4.936614458486543e-05,8.278755654103604e-06,9.941756465797409e-06,9.538505195440783e-06,8.14404556037785e-06,1.4260085569557305e-05,1.1584186071029327e-05,-5.0170083945674355e-05,8.92196795760438e-06,-4.5654742652057174e-05,8.064983795317191e-06,7.913484457110503e-06,7.860479246612844e-06,8.235318787734705e-06,6.187760300624805e-05,7.336541379292997e-06,4.6566225303276504e-05,-5.215452754560336e-05,7.041740146141386e-06,-6.92199390226267e-05,6.916605875183309e-06,7.033888301125906e-06,7.217181165795831e-06,7.610697718435218e-06,-4.859230892335711e-05,6.4456061667988735e-06,9.006770684786655e-06,6.217948795918691e-06,1.1870270015589518e-05,6.683978065012449e-06,9.368405214631571e-06,5.5083630038489746e-06,0.00025293614577178455,1.70678488528772e-05,4.453594783412514e-06,-2.1859896697832095e-05,2.9774692034862224e-06,0.0002051876868517787,0.0002051876868517787,0.0002051876868517787,0.00020520761800037538,0.00020451567303811163,0.00018852626060752515,0.00018876559147874389,0.00018891729328493424,0.00018898152075130662,0.00018891729328493424,0.00018626251167660357,0.00018914484599421967,0.00018917240520663868,0.00018915403239835936,0.000189163218802499,0.00018938159615944562,0.00018890353813872938,0.00018872022251897,0.00018896534515304398,0.00018913052745814118,0.00019002370348950145,0.00011478460342525873,0.00011495740758161258,0.00011477345477001011,0.00012261952424397375,0.00012264929833304478,0.00012268502723993005,0.00012281007841402844,0.00012351155612815324,0.00012494279686784906,4.418020520376816e-07,-1
1.0002427273998223e-05,1.013222321264143e-05,9.53511287537473e-06,9.761348090358533e-06,9.222070482945986e-06,5.5930656288501044e-05,1.0472191447499866e-05,8.625843454215074e-06,5.014404293230463e-05,-8.69421982472375e-05,1.0167467621968523e-05,7.857142804338194e-06,4.692226909954964e-05,2.489745017508398e-05,4.83354526862234e-05,-0.0009572043793771527,5.0882050967559036e-05,-4.688457133614846e-05,8.228756303283902e-06,4.399584593006294e-05,8.300886490345922e-06,5.115375087104006e-05,-4.476038968423168e-05,4.3285143160330456e-05,7.25750396258295e-06,4.279646127515873e-05,4.1626679635821326e-05,7.459164555301938e-06,7.4156280443955765e-06,1.6357741271317013e-05,7.466874541810828e-06,6.784353819422842e-06,8.993876654496397e-06,3.8952893031621554e-05,6.426843340645561e-06,-4.024124523695287e-05,6.583747791787822e-06,7.1638831623655665e-06,3.6639279445705785e-05,6.087864145718018e-06,6.88627918057969e-06,6.6872264868246e-06,7.779916833615967e-05,6.5185022699072155e-06,6.634786784408819e-06,3.564991082599905e-05,0.0005989167717866863,5.948731947547124e-06,6.482016842388336e-06,5.651279347716118e-06,-4.419331968730768e-05,6.735422742030467e-06,5.3972473278655915e-06,5.820413936953658e-06,5.425881501209773e-06,4.61252346766378e-06,4.301888987687349e-06,4.2685160595739874e-06,2.382759865116752e-05,4.092301618615845e-06,4.635213207692251e-06,1.8816604458412333e-05,0.000286316713329062,0.00026669090484916883,0.00025905960510790233,0.0002455564311717133,0.00023952325169408512,0.00023906041457014626,0.0002302674477198308,1.1295512545591336e-05,1.1296858153646012e-05,2.0851430857126958e-05,6.994646751918696e-07,5.977668118013149e-05,5.4057720643753345e-05,4.831090846709623e-07,4.457594341384721e-07,3.5299548894581095e-05,1
6.2305531056737e-05,1.0156680002418629e-05,1.0765430284431284e-05,1.7871092857042085e-05,9.364087176822416e-06,-5.596620641003595e-05,4.289304198994675e-05,5.3636305038141054e-05,0.00029556380937622033,1.4731635462126365e-05,8.983050219557276e-06,9.650913803744791e-06,-5.008766507622954e-05,8.251866308629004e-06,8.236001237451768e-06,1.3647682565150053e-05,8.138264533725053e-06,-0.00012478587815664132,8.075888311366181e-06,9.016415991786592e-06,4.668106965430826e-05,4.526013760311007e-05,8.019646355153728e-06,4.426737201630384e-05,4.431647505563331e-05,4.3974592859371434e-05,4.383767158510874e-05,1.3691465185377967e-05,4.389029187539155e-05,-0.00012196279102909171,-4.5254386615379994e-05,6.936658660135746e-06,-4.085712556344651e-05,1.0954429197601855e-05,-0.0001860517850922287,3.931912003490003e-05,3.915187224130638e-05,7.306250313501564e-06,6.39987619502249e-06,-3.899336277497258e-05,8.987468888876445e-06,-4.5884645814302714e-05,3.6652722216329215e-05,7.725246655592313e-06,7.35327706734758e-06,6.134591877919949e-06,-3.842848036727532e-05,5.970592450357285e-06,9.710011368472095e-06,5.8314896417632605e-06,3.619621666497299e-05,6.253435509801019e-06,6.07995032685381e-06,1.760710829955476e-05,-3.434579110216945e-05,5.619753272159584e-06,5.6068850860586985e-06,6.182834802309591e-06,3.255256786228418e-05,3.251069314482003e-05,0.0005528677491910722,6.022858941436495e-06,5.027193451083953e-06,4.908903754859703e-06,4.776369856352974e-06,4.658015689930334e-06,-2.842757731721585e-05,4.064499659462353e-06,-2.4022217059512052e-05,2.4132870070280284e-05,2.78884924486683e-05,4.626779184326482e-06,1.883249444714824e-05,3.4298330390289146e-06,3.22556763963946e-06,-1.102356509015117e-05,6.067979553178789e-07,4.800413827059252e-07,1
9.943584503733682e-06,1.1127099427679318e-05,6.106434081130563e-05,1.0145456095889503e-05,9.72794131677966e-06,9.398841557065402e-06,5.560184574400607e-05,0.000968156211727288,9.540162430605414e-06,9.119913074393472e-06,8.759626177055678e-06,9.659770038366896e-06,8.881358504918425e-06,-5.095164601196095e-05,8.95341179005619e-06,-8.840787281336425e-05,-4.757436649844105e-05,-4.73684979200077e-05,8.638127849052611e-06,4.6914879988860364e-05,4.6853488761536615e-05,7.819145294319843e-06,8.182548583033031e-06,7.835536743066255e-06,7.170699236112578e-06,6.962385598754458e-06,-4.1864151497388146e-05,7.0906712841023455e-06,6.752677306077206e-06,-4.3717255318674326e-05,8.720828733483723e-06,6.32906202780673e-06,6.514236096024471e-06,-5.236189672923728e-05,4.90387914625598e-05,4.7736338886863584e-05,4.5795621430589026e-05,4.725174164466498e-05,4.560428616854709e-05,4.583553036110915e-05,4.731736273272963e-05,3.441246834924883e-05,4.706187637822451e-05,4.684072484763176e-05,4.582833172752892e-05,4.5703388652345197e-05,-7.753053063182575e-05,4.514034421828806e-05,1.1988594617385354e-05,7.05440106079755e-06,-4.031410681460963e-05,5.607167102411402e-06,9.297825415538378e-06,-3.392204747541725e-05,3.1675303865420236e-05,3.085799811908387e-05,3.144371385675936e-05,-3.242288288769805e-05,-2.7168000773773327e-05,9.13747759517841e-06,4.237529732632131e-06,3.7002732709869257e-06,2.481617184469256e-05,4.715379287717343e-06,1.7821552756659053e-05,2.764357352796579e-06,2.454385087367398e-06,2.1973639407999697e-06,2.170106409341069e-06,1.2065278721569894e-05,1.890698872514277e-06,0.00017778397455740034,0.00015775541792646672,9.457339925727099e-06,1.5343562016575886e-06,-7.786543616929615e-06,6.880594274419061e-07,4.3104665905876687e-07,-1
9.835385595839651e-06,-5.9235581957267686e-05,1.7373619633032964e-05,9.519082928175579e-06,-9.18555487374996e-05,-5.640546158976735e-05,1.1462399122951531e-05,8.968343176609938e-06,-0.00011158009230305745,8.514118253077544e-06,8.626481086306065e-06,5.1794583646222476e-05,5.042248483671394e-05,1.0059649510968299e-05,1.4864141053461534e-05,9.106708321316145e-06,8.257270320266594e-06,8.78639086420681e-06,7.991300727834936e-06,4.956452897882637e-05,7.091032190509151e-05,7.90067902345955e-06,8.259223038291146e-06,4.7246001505088414e-05,7.981084530438403e-06,8.699191765832276e-06,4.670216504653048e-05,8.32471841731337e-06,1.5315119904301492e-05,0.0006528539418863141,8.076957479273947e-06,4.2596926879176346e-05,4.202386667603764e-05,4.406602957945846e-05,6.870775161498846e-06,6.910956959077046e-06,1.665289576273272e-05,7.234840073876698e-06,3.995915258130257e-05,-4.258107961452883e-05,4.0040952873055704e-05,1.361208292732443e-05,7.131695377063736e-06,-3.966096955850088e-05,-4.693243952214048e-05,7.5024909900142135e-06,1.2834158931322658e-05,9.32657376117911e-06,6.492962744967817e-06,6.4585883497485606e-06,6.494724675854047e-06,7.032473157058517e-06,9.141877322651824e-06,6.740711944360757e-06,1.1156320633246543e-05,3.3524629786875644e-05,6.7995139511888445e-06,-3.7370595808324406e-05,6.142880828147395e-06,1.7857903019385964e-05,1.092743485233815e-05,5.995239315080704e-06,5.916618955740688e-06,5.882255474301884e-06,5.91842071920168e-06,5.9106805062991e-06,5.4080252698999045e-05,5.949058769877879e-06,6.081284434305629e-06,-3.089294786961684e-05,4.7375581178557665e-06,2.966322378981485e-06,2.7009521919524982e-06,1.8870840941787991e-06,1.3431962679999048e-06,5.159179316268155e-06,1.2855070390678822e-07,1.00705055640641e-07,-1
-6.26736916342913e-05,-6.39139865470346e-05,-6.344006103928134e-05,9.669494615463343e-06,1.1814660773128148e-05,1.1422130241645438e-05,9.629365858399727e-06,0.00024292826065277587,8.884236503317056e-06,1.1689961754762858e-05,8.522342876076783e-06,9.44547765186252e-06,8.243340059445434e-06,-4.933475951684921e-05,9.44234202096856e-06,8.469708828070141e-06,8.308453947042136e-06,9.068725233410571e-06,7.702062991284006e-06,7.693358841443575e-06,7.840650575430361e-06,7.406862819080655e-06,7.525007760966888e-06,7.247063617750826e-06,7.848810821662478e-06,1.5887151295341773e-05,6.999107372857974e-06,8.240835115452134e-06,6.737738224550373e-06,6.8792464744475035e-06,3.974904973540856e-05,8.511809415876053e-06,8.5661861121322e-06,-3.9268361226233974e-05,9.802101962526142e-06,7.011940147788142e-06,-3.893751797221611e-05,6.6447586009016455e-06,6.640644186270645e-06,-3.795076717998457e-05,8.281530171369774e-06,6.128984419430682e-06,5.963812494943139e-06,3.849075966495297e-05,6.658964923744366e-06,6.51550773065915e-06,3.834584602822153e-05,5.793569466470685e-06,2.149142226817754e-05,9.991793326647388e-06,2.146928687493398e-05,6.2056900370862575e-06,5.538380935954221e-06,5.586402861669297e-06,5.660853841898164e-06,6.211648621589912e-06,5.4881632871249735e-06,5.751406608510117e-06,4.638331835760474e-06,4.60192763178753e-06,2.6443209276388032e-05,2.5245783202760733e-05,4.8940152332251115e-06,-2.4187003295413415e-05,3.7953815012088765e-06,4.100132264563768e-06,3.6358639627468723e-06,3.469094361657013e-06,2.102389940041629e-06,-1.636190316128543e-05,2.0637981852041406e-06,-1.3032690696424671e-05,1.5035994236556406e-06,1.9139651796848742e-06,1.4615933599870696e-06,1.3995682628043766e-06,1.4615281120621369e-06,7.107741916885011e-07,1
-0.00011634310399646321,1.4850409995467523e-05,1.0858940122153257e-05,9.321129973793888e-06,1.0848369842965239e-05,9.269863708608925e-06,9.153926625625714e-06,9.03003522892408e-06,2.1232555512193052e-05,-5.284384621463259e-05,8.71927977808451e-06,8.392940800344684e-06,8.202389315284287e-06,8.161893525730595e-06,8.13907114370245e-06,1.1539327007815616e-05,8.867463741162123e-06,8.517098137874348e-06,-4.853317557789933e-05,-5.875339278150047e-05,7.766385068915405e-06,-0.0014221655397079018,-0.0014134560820153318,8.281635298017007e-06,-0.001385275539509068,9.190579247079008e-06,4.6426038173865055e-05,5.4000251116877724e-05,-0.001346337525064126,-7.525988684003482e-05,7.431112853817181e-06,-0.0013174491553122711,-0.001315232385225645,1.1599900748513236e-05,4.856042759536942e-05,8.600517325929767e-06,1.1312189811460418e-05,-4.135723591355577e-05,-0.0005056848512726,9.343356717155531e-06,6.876099614115047e-06,8.705418931380758e-06,6.870103805312806e-06,-0.0005021607798788533,-0.00048410990225695506,0.00015733549628218653,0.00015733549628218653,0.00015733549628218653,0.00015733549628218653,0.00015733549628218653,0.0001569958218550399,0.00015682740653474687,0.00015683167221458778,0.00015682740653474687,0.00015683167221458778,0.00015683167221458778,6.326931067678055e-05,6.806441889449565e-06,5.0492037317136676e-06,9.442442429738816e-06,5.080892182190261e-06,5.1031240130475474e-06,9.3029618378813e-06,5.184384750115811e-06,5.022667677014907e-06,5.611581863913234e-06,5.132895407073973e-06,5.092125160678222e-06,5.026484852440796e-06,3.2160625400751747e-06,2.8071570139297663e-06,1.4390331261067347e-05,2.241192885523639e-06,-1.8896848943714948e-05,6.492065090028354e-06,1.0496476909457763e-06,-5.9956391830887294e-06,8.064946783187628e-07,1
5.968777024046508e-05,1.059272729337505e-05,1.2591080636551771e-05,1.1140768818811872e-05,1.2503461824727998e-05,1.8596774885350553e-05,9.666534188167742e-06,9.202439566290816e-06,5.300189086685253e-05,5.279386063213033e-05,8.687020069553873e-06,5.170824592746216e-05,1.0682066660364991e-05,1.0740092103793119e-05,8.586503481718469e-06,8.448163087019483e-06,1.0790005368353696e-05,8.559413165843742e-06,7.646625344671585e-06,0.00019587333773627113,0.00019588024092925574,0.00019596998243805622,0.00019583882177134785,0.00019585953135030183,0.00019583882177134785,0.00019583882177134785,0.00019583882177134785,0.00019583882177134785,0.00019583882177134785,0.00019583882177134785,0.00019583882177134785,0.0001954728239942846,0.00019549349414106775,0.0001954728239942846,7.461458476148785e-06,0.0008132597335517278,4.314555388785369e-05,7.534629200040153e-06,7.3609525196644835e-06,7.0935055461054034e-06,1.0171345908321707e-05,-0.0009012160059240678,6.9527557780902175e-06,-0.0008890107660376728,-0.0008873019133993545,8.921003326224912e-06,6.743599530879187e-06,-0.0006688084101303711,6.925947844265653e-06,6.692604804604413e-06,6.854501885573595e-06,3.901215813707469e-05,-0.000632175101746017,4.2628242206658395e-05,-0.0006307701586305512,6.325615485038523e-06,5.944293614327808e-06,-0.0003350189538128898,-0.0003325001737928177,-0.00033030913300764086,-0.0003292998345141058,-3.390177029932195e-05,5.702192605581022e-06,3.39578792299578e-05,5.377154960733144e-06,6.335092029645134e-06,5.21173126211652e-06,1.1546516119400079e-05,5.085648063424235e-06,5.806356645144635e-06,4.420303313339871e-06,4.1772015296477815e-06,1.7566564583027172e-06,1.7167983310241531e-06,1.2813681658816937e-06,1.280464582350312e-06,1.0732760353422756e-06,7.455335886677967e-07,-1
9.90289651990877e-06,9.159711004254487e-06,-5.218740612465512e-05,8.802376613190849e-06,-6.303707224850248e-05,1.6797711013714206e-05,8.214713225636304e-06,1.4989977630766489e-05,-8.100228362488108e-05,1.2393755575267732e-05,5.0625991508722955e-05,0.00020768738017730795,2.0613125822223196e-05,8.647027756416013e-06,7.524520277952357e-06,0.00020102750305305418,0.00020051555994315504,0.00020050769041211325,8.421771276399645e-06,7.723736084755915e-06,7.336989483506161e-06,1.2667559435743652e-05,0.00017112179752120426,0.00016866251872608775,1.1898149351593732e-05,7.670834823177415e-06,7.976506287616638e-06,0.00016458606027658273,7.247176862600832e-06,6.687009106034758e-06,4.856232427043876e-05,0.00011548894225134169,7.3986012138655404e-06,7.180063349080513e-06,0.00011435491238075847,7.125117230919347e-06,-4.185138241682333e-05,6.496556784479991e-06,0.00011418237527292543,3.0695981951982735e-05,0.00011182048473987507,9.684583855726364e-06,6.402876235436119e-06,7.70920446223903e-06,0.00011029010050706478,0.00011041212911347469,0.00011004510122789588,0.0001098215407350511,0.0001093969913114717,0.00010932433213218487,0.00010919287576648974,-3.901299761823802e-05,0.00010893551401914566,7.696993308532666e-06,7.262479590734936e-06,6.261998903543387e-06,6.008277037339327e-06,4.780203297693896e-06,5.249292844803318e-06,2.3394833213605275e-05,3.115575175394242e-06,1.860949779948617e-05,1.4788663347542277e-05,1.3949185395194063e-05,2.1429773428568986e-06,1.220450365130218e-05,2.0279919099262247e-06,2.4836845527956946e-06,1.0483105303919164e-05,1.5763297250218551e-06,8.744422090635152e-06,7.034907633917803e-06,1.69310864907542e-06,8.059565941883919e-07,1.0491398988144621e-06,1.6113697938217951e-06,1.7721132461935226e-07,7.274549361989834e-07,1
7.389510064040706e-05,9.949820665303042e-06,1.892905985997994e-05,1.7418153942379255e-05,9.31225050174681e-06,1.0203259637247483e-05,1.6064213064109525e-05,1.0615315500136678e-05,1.206430618525436e-05,9.344888738887448e-06,9.492663200471984e-06,0.0005979710125013965,8.724611315151255e-06,8.627513302930435e-06,8.513868329555547e-06,8.79012282496098e-06,8.79050412433192e-06,1.1429743834721914e-05,5.0283858364209795e-05,9.017491512535391e-06,7.554660007032147e-05,8.312041645428374e-06,8.50206139087353e-06,8.192994587713981e-06,4.908854264499183e-05,1.0594337898191978e-05,9.540679915357726e-06,5.968915734194587e-05,1.3083175771447456e-05,8.206091415447117e-06,9.448682124966248e-06,8.354960756902563e-06,7.882041183483871e-06,8.22914415883171e-05,7.446514025688451e-06,7.846397424480497e-06,8.178981734787758e-06,7.308650542247522e-06,1.2872823275530754e-05,7.242425058542036e-06,-9.81605227977707e-05,7.183038851107893e-06,8.110207900120568e-06,6.9950509950406385e-06,6.970183013802301e-06,1.2663877592137497e-05,7.104854262459098e-06,7.3872774245710584e-06,6.746539733523898e-06,5.814994501355334e-06,1.7521658097356236e-05,6.995990431046191e-06,6.350201605387285e-06,3.141909747184301e-05,5.592694658947847e-06,5.115193541509307e-06,-2.891202174183799e-05,5.287162289392463e-06,5.076571514147521e-06,4.956458019548344e-06,4.881954743584162e-06,5.9734398844996085e-06,4.531041014629241e-06,4.531041014629241e-06,4.567556723591922e-06,2.119656428843567e-05,3.6114845037308373e-06,3.415044435641458e-06,2.7285822728150148e-06,-9.853005985045207e-06,1.5960675927139336e-06,1.2040776168383087e-06,1.769400143538074e-06,6.406180949366325e-07,5.024122596016311e-07,4.16176643518331e-07,1.5356168752395921e-07,1.0935658255830706e-07,-1
9.910565630665385e-06,5.76514332626539e-05,5.584636275652722e-05,9.38291536946108e-06,5.5678449221073586e-05,1.0017958071688232e-05,1.3701038953551259e-05,5.2068308208820245e-05,8.54379788834488e-06,8.981513082624961e-06,1.268851370420105e-05,7.98650269966539e-06,1.0602104385886903e-05,4.707857383199246e-05,8.525717726989666e-06,7.783579364091778e-06,9.06395617201776e-06,5.985212479156514e-05,6.969118393672395e-05,3.344386725473041e-05,8.91582003933061e-06,4.4938142371979985e-05,9.235867195264478e-06,4.974168751303114e-05,4.464171312299648e-05,7.683851843442565e-06,4.2070048609214996e-05,3.880110272860405e-05,3.939313058503429e-05,6.828684054281711e-06,2.0905838371289374e-05,5.279654121527932e-05,8.24795859389275e-06,2.0700361950261357e-05,9.896906294096676e-06,-6.721772074823799e-05,6.391964131807982e-06,7.4596238693517285e-06,6.346732327861757e-06,9.767294416958506e-06,-3.8016324398664164e-05,3.6629402293424645e-05,9.363217877950204e-06,7.4654716960556e-06,8.389625698456143e-06,5.774852625306874e-06,8.223461308806678e-06,6.312268635824898e-06,3.432085888172519e-05,3.3858970059542825e-05,6.966340188330306e-06,1.0848858548317914e-05,3.160883375771849e-05,6.918077167654147e-06,7.473887824992285e-06,5.142846282248336e-06,5.123779679166935e-06,-3.434230525258914e-05,4.7919926343843e-06,4.86361395081877e-06,5.866709254748924e-06,2.7239491008499075e-05,-4.456424287196587e-05,2.6552728690476343e-05,1.9580605227517367e-05,5.817434869755393e-05,5.124458023296461e-06,4.711343853550609e-06,3.177529609041985e-06,3.774082129094944e-06,3.707071045021874e-06,4.037286236270495e-06,1.936601573085719e-06,3.1175547859670626e-05,-3.730699876984988e-06,5.103224329552904e-07,4.770619049374509e-07,2.5960368522510557e-07,1
1.0090815971191907e-05,9.871093744928626e-06,5.8638942976356054e-05,1.0219926894739149e-05,9.408524256681699e-06,9.359789134216685e-06,9.306585213786404e-06,9.235765667985857e-06,8.937604200332945e-06,1.0336528347281152e-05,9.538120318325257e-06,9.547820937393131e-06,5.270335277637275e-05,8.707230477018121e-06,1.1017409317562232e-05,-5.647808455120747e-05,1.1286704856866669e-05,1.0524370895495295e-05,8.597453518874389e-06,8.245366824647031e-06,9.116754838908871e-06,9.597313716154816e-06,8.051405083190005e-06,8.726849394123634e-06,-4.257686388262562e-05,-4.4184390364281064e-05,9.822307825432379e-06,9.771133626816404e-06,-6.551850627498086e-05,-4.42690249124335e-05,5.399030522856853e-05,-4.567136200741665e-05,7.067798100286111e-06,6.6864353857905155e-06,-8.293513287617074e-05,-9.258348394908476e-05,7.280109401023582e-06,5.0992003281887114e-05,7.579060624854802e-06,6.400635900447571e-06,-3.8157513993100646e-05,6.556912373458974e-06,4.432201176962352e-05,8.793401699037596e-06,6.355052232301634e-06,6.167538447898224e-06,6.037799586745477e-06,6.548691163756156e-06,5.9712460821942236e-06,7.4086608789463065e-06,1.0212548215000315e-05,6.865616106251454e-06,9.479603880768792e-06,7.072964186036233e-06,7.928807960560978e-06,-3.3602710184448136e-05,7.646202850657318e-06,5.699652495484006e-06,7.284978682061571e-06,5.461937368053183e-06,7.475195443831748e-06,5.835209915980625e-06,5.873904245862953e-06,1.0754644017869094e-05,5.115727024368711e-06,4.207119186286642e-06,2.6311579298218037e-06,2.1634807185976167e-06,2.556576525555768e-06,5.5860942017542975e-06,1.8324454068648564e-06,1.6129558377130548e-06,1.441916612100073e-06,1.7999740941081038e-06,6.350879654375691e-07,5.434964556421539e-07,3.9546627034452864e-07,3.229628324047532e-07,1
6.036677801742867e-05,9.909564787620974e-06,9.406196287046151e-06,1.2403076279399536e-05,9.168212470480579e-06,9.142432628710295e-06,9.593001202747453e-06,5.0908955002043904e-05,9.385089521164455e-06,9.64727128099545e-06,8.389489204418395e-06,8.050133299500884e-06,-5.615887784852234e-05,7.955434633570514e-06,1.0068781572746586e-05,5.052563240595734e-05,5.4932845913671326e-05,7.78901421674284e-06,7.554326310072089e-06,1.004458769426686e-05,8.752552823241613e-06,9.1732415443516e-06,7.297012383740317e-06,7.374726613477329e-06,7.124271915951977e-05,-4.176008680334338e-05,7.122656419407329e-06,7.436901756098646e-06,7.089897445106959e-06,7.2287984531667456e-06,7.211910624238258e-06,6.415184865127515e-06,6.433494543278362e-06,0.0006347374925249687,0.0006326987541099456,0.0006231668136751316,0.0006223781377301544,7.134601445609307e-06,0.0006233508216226343,0.00048758179378722557,6.149152953674833e-06,0.0004857322824028151,0.000485570020391481,6.5073948815180785e-06,0.0004835606425033463,0.0004802805872589492,0.0004768584655077947,0.00047452210271347017,0.0004746538846845128,0.00047413912343015254,0.00047192725373251386,0.00046799060935152377,0.00046420434645702585,8.610888042951235e-06,0.00045836751446216574,5.819554404996612e-06,0.00045595713073664145,0.0004559191523699035,6.844574992654525e-06,6.189805087378682e-06,5.7147007864905055e-06,7.501341771935705e-06,8.517214581329693e-06,5.042653706484261e-06,3.284929197844513e-05,4.732808484080541e-06,6.611888602841179e-06,4.377984851737138e-06,4.357032129155986e-06,4.422818252795181e-06,5.009578755856837e-06,3.8003587380910773e-06,3.314279404887751e-06,2.127282830838216e-06,2.155335478744644e-06,8.571184006870096e-06,4.430497376779849e-06,3.376299670249448e-07,1
1.2188598889841843e-05,-0.000869898471329322,9.935646385180643e-06,1.5142858188322174e-05,5.747814798825235e-05,-0.0007654221084455807,7.790702441489267e-05,-0.0005997244145511175,9.003314428019317e-06,0.00012573017867631854,5.281253695005386e-05,9.292698282916622e-06,-5.731845325691259e-05,9.533493095575195e-05,8.633447752699531e-06,1.1983592936658008e-05,-0.0003663005707928056,1.0067586536384444e-05,-8.186864728183181e-05,8.76617223881749e-06,4.7722666377433e-05,7.807377349719712e-06,4.6593847055588105e-05,7.755669740021533e-06,7.73043180351856e-06,6.311983978371249e-05,7.712499867916904e-06,8.470263099877812e-06,7.649065575025859e-06,-4.985254767829117e-05,7.69466588815395e-06,7.32883053384621e-06,7.244140100095201e-06,8.744278587488974e-06,7.2291359543852015e-06,8.372436354569996e-05,7.7180938799607e-06,4.1667821790269466e-05,4.1670135306853604e-05,6.885843450461023e-06,-4.0439535819206255e-05,-4.003145545641925e-05,-6.5589419338906e-05,7.821731677478838e-06,3.7494320273801014e-05,7.552405634211208e-06,7.459444309254826e-06,6.547453492691154e-06,6.649035901054778e-06,6.00971736866182e-06,1.078125615300477e-05,5.797817147973362e-06,3.365469887865002e-05,5.567381464610319e-06,7.765680050656114e-06,9.035230046603937e-06,5.590043815439838e-06,5.353755126369078e-06,5.21844730338527e-06,5.073848985005495e-06,4.865689772856618e-06,5.572473070217316e-06,5.514554679969534e-06,4.182337593479304e-06,4.790279143433794e-06,3.4840126613004986e-06,3.561004417605252e-06,1.9001263113766218e-05,2.975610197588229e-06,1.453261290330855e-05,2.4831865198350255e-06,4.7012637067199454e-06,1.647256024445665e-06,1.2590413677469083e-06,1.2068015172285176e-06,6.6523287401268266e-06,4.53808224357158e-07,1.3499347447697256e-07,1
0.0001364394112700949,1.4658122887423306e-05,1.027980724117131e-05,0.00010174184809757967,0.00010198501466360347,0.00010102738304669543,9.542485656288381e-06,1.1310036799156873e-05,1.2573936283120341e-05,-0.00010668012422570294,9.199282413670945e-06,1.0332783533946462e-05,1.1356108463792914e-05,1.043374314479942e-05,8.730084356804295e-06,8.650784782155394e-06,8.465728513431687e-06,9.196723094406873e-06,8.598264905084935e-06,8.485808384603307e-06,1.2251887069660457e-05,5.208047212801875e-05,-4.27528668460131e-05,1.0054778094421264e-05,7.173889842229321e-06,1.0237284433267363e-05,6.799099174608268e-06,6.76292678438364e-06,6.903976814978586e-06,9.995704295364137e-06,7.306892097512024e-06,6.468772543987976e-06,8.866578187275943e-06,-8.602319026112052e-05,6.313263953067036e-06,-6.222524660856241e-05,6.550392050572461e-06,3.686355314980385e-05,6.348415279410774e-06,6.190108441133613e-06,9.810490943300454e-06,6.029321036498856e-06,5.996248143900323e-06,6.343509660361836e-06,-7.900069033852679e-05,-3.969477989700453e-05,3.674302619009823e-05,2.6586956333205205e-05,3.6706633592895716e-05,-3.563563096564776e-05,7.090810585395457e-06,7.881695773003624e-06,5.882679534437569e-06,5.331994801651676e-06,6.525999619421311e-06,1.1890019805171659e-05,3.103403023420729e-05,6.784843752709314e-06,5.426637664811001e-06,5.290368959277132e-06,7.32715450426627e-06,2.9904782859551226e-05,4.413632983493791e-06,5.587316905042714e-06,4.877162891808492e-06,4.531226654789133e-06,4.174508557304016e-06,2.7671365942882055e-05,2.2559463536317784e-05,2.1330124996137353e-05,4.271187085916176e-06,3.408145447603741e-06,3.1300621170210352e-06,1.560157342300573e-06,1.063570236555338e-05,1.0021690216191636e-06,2.132922431187888e-07,1.1606838550923312e-07,-1
9.750939740529339e-06,5.375724243280071e-05,1.4659932937105119e-05,8.917839663049242e-06,-5.535711172025242e-05,9.077288373777102e-06,5.1329384725665235e-05,8.548114797880347e-06,9.550064439735965e-06,9.95206342153384e-06,1.0205808138871761e-05,4.780438441227737e-05,5.7792986070033825e-05,7.5906346748877515e-06,7.270102095031092e-06,7.772688363606556e-06,4.447174894359867e-05,7.101019004693065e-06,7.599695649574315e-06,4.143521011975262e-05,6.75294769469828e-06,6.901783756993981e-06,6.661538037159478e-06,7.666619857271421e-06,7.624478955566649e-06,7.510884908474945e-06,6.683853964388122e-06,6.346605941986693e-06,6.581685434585255e-06,8.046652734054157e-06,6.481135244263667e-06,6.27196394184118e-06,6.672311419888554e-06,6.04724666546918e-06,4.0484705500578795e-05,6.717115001393144e-06,8.028731802972638e-06,5.654460929393175e-06,5.640269618202515e-06,5.608820500295565e-06,-3.536394298495321e-05,-4.957002860292763e-05,5.676752568214449e-06,5.51466561598366e-06,3.484596353405787e-05,5.309448752307576e-06,5.462425918738141e-06,5.278417684112214e-06,3.0049481343491463e-05,3.0957219644089444e-05,5.799844637613847e-06,8.408984505656765e-06,3.232334011544655e-05,5.030752961202668e-06,5.279656073989728e-06,4.763063703822896e-06,3.498994975480655e-05,-3.58871867712335e-05,4.264697926405404e-06,3.83973497273785e-06,1.6993464024502743e-05,1.7106086999876106e-05,2.837260560471727e-06,1.5877066010555173e-05,1.943513286488408e-06,6.833387962655143e-06,6.314567497219605e-06,2.9265255592327883e-06,-7.133342437946778e-06,1.034518114860709e-06,4.3460830886975006e-06,6.085752488772399e-07,2.0216400752652954e-06,4.340719525866757e-07,1.6976725059570057e-06,1.9828368550083575e-06,1.1902719210118652e-06,-2.1074408226904733e-06,1
5.946075082538851e-05,5.8450357050414365e-05,1.039758379372067e-05,1.2989467017543182e-05,9.28998916837938e-06,0.00028929740341697126,-5.47251670607002e-05,1.746590838113501e-05,0.0006413172412927377,1.543391793062493e-05,1.1687521032081377e-05,0.00027105997276203746,0.00027302302797683,8.756739761333112e-06,-9.14035587417313e-05,1.2332157260191185e-05,-4.863151625445837e-05,1.368511464187848e-05,7.929248993481793e-06,8.92796689589237e-06,-0.00013020694805093534,4.571689472421175e-05,8.441403109340685e-06,0.0001829838822067902,1.5383131206008374e-05,3.2583712372652244e-05,-6.11734959651059e-05,6.035756472732777e-05,4.1492805549941295e-05,1.0918713735685047e-05,7.835904745535268e-06,7.057474517777029e-06,6.806597936701378e-06,0.00013673323321483692,7.001680423894266e-06,5.0506843398251154e-05,6.776022047227557e-06,9.138200601803947e-05,6.760318593469921e-06,8.962872120002638e-06,6.218504753014078e-06,7.127115995625242e-05,1.0786112057983177e-05,1.3312078574669914e-05,1.3890156883648002e-05,7.744743793988634e-06,1.3901783296275201e-05,6.458062215766199e-05,5.785527191598502e-06,4.357768771592473e-05,4.817031888284584e-05,1.573868759055295e-05,6.668803215508983e-06,1.455628662122487e-05,4.642461825252164e-05,7.278029334493746e-06,5.373594577747212e-06,8.477973180170102e-06,9.048243120995785e-06,6.395334324334502e-06,9.11318616914035e-06,-0.000460200625277299,6.54963521237936e-06,9.99288709965618e-06,1.3714875907428078e-05,5.040843572095915e-06,2.8412155958316355e-05,1.183982399775423e-05,1.5961363582018976e-05,-1.4106798268010831e-05,4.2873306758411e-06,4.147174116403843e-06,8.587872706479012e-06,3.0544694742363884e-06,-6.060550845993415e-06,3.633464283667878e-06,1.4113604076458362e-06,-3.3360434189774445e-05,-1
0.00046594783396994305,0.00045260341638316996,-6.00098620784619e-05,0.0004645822007121813,1.0155354906236908e-05,8.916090395332759e-06,9.234962731999601e-06,1.4040415431029063e-05,0.0002142409410605762,0.0001824861645186547,-5.020293920770351e-05,9.984242733941106e-06,1.0258708708496783e-05,-0.0002707784233246856,6.002131891221595e-05,2.1448017010877223e-05,8.041379762612536e-06,7.970699080575165e-06,8.767007122017271e-06,-4.597326314221537e-05,7.695784999018252e-06,1.1294825966374803e-05,-5.5082957768741174e-05,1.9108875759953926e-05,2.0991106846397685e-05,-7.247343431066978e-05,-7.205470259313386e-05,1.2817194788605082e-05,1.66694555036915e-05,6.971240835489689e-06,7.141488634361389e-06,1.6281851635939204e-05,-4.2834540476453445e-05,1.3416380521469958e-05,1.567645752964167e-05,-4.259593546718356e-05,1.6600160088650432e-05,5.427093639993048e-05,6.216310680409394e-06,2.105819799726168e-05,6.195931671232471e-06,-8.60380129163943e-05,6.514700974684318e-06,9.06055810266539e-06,1.4703538188958546e-05,-0.00021383027568202843,5.7173374128963075e-06,5.52362232512458e-06,8.906652397696229e-06,5.666425367078172e-06,1.9298775077520927e-05,3.087501777596206e-05,3.077578498295178e-05,6.6499093855605665e-06,-3.281995634909035e-05,4.894953939322161e-06,4.673824172036991e-06,4.257125317329776e-06,5.391626491935311e-06,0.00010883925244948514,4.657433906673588e-06,4.771778737330888e-06,4.317411676513753e-06,3.601411011700109e-06,3.298018350710809e-06,1.1040658744810224e-05,5.2910145960180425e-06,1.4316820881531138e-05,3.421718128441549e-06,9.71410479176668e-06,6.78871288735085e-06,1.4587807868583164e-06,9.477760641006149e-06,1.1034733694564626e-06,7.598139858747853e-07,2.2740028722809786e-06,3.941253896477847e-06,3.3245930086580103e-07,-1
2.981328650001078e-05,1.0120442893259246e-05,9.99503621491214e-06,0.0006605117087415038,9.74321578611929e-06,1.1127896423927266e-05,2.2747771552084664e-05,9.366287706196574e-06,1.0940025924305055e-05,1.0396861471665372e-05,1.9216684194853714e-05,1.0162050962115816e-05,5.4267585490007165e-05,1.1727479601933967e-05,1.081903235646568e-05,8.608937731358277e-06,2.9791055112639522e-05,4.9894014846131886e-05,8.227606444852998e-06,-4.908189411122441e-05,8.072601466343017e-06,5.7380321550198803e-05,7.819766806096327e-06,7.525601788652137e-06,7.359221059680468e-06,3.398743345050457e-05,6.698980972394061e-05,1.503004276381491e-05,8.315434078535629e-06,7.92925696937205e-06,2.3787006188146097e-05,4.16557584314889e-05,4.183009337110977e-05,6.937079141829921e-06,8.316764129641355e-06,6.495827889277934e-06,1.0074733168909615e-05,6.318040330298199e-06,7.736522757731729e-06,8.417092940949895e-06,9.472170453896849e-06,4.491224104322209e-05,5.988824021639874e-06,5.908964393681807e-06,6.231368973107293e-06,1.4967632062828447e-05,4.9586655184617534e-05,8.314223691902107e-06,3.425055235477155e-05,5.681571188282394e-06,5.649151411513959e-06,-7.34631533879781e-05,1.1565890411111002e-05,1.1528176667736315e-05,-5.217689861299175e-05,1.0523575276792524e-05,5.387256880677301e-06,5.098944961124337e-06,6.282944498080093e-06,5.3983440134255925e-06,2.863582540258921e-05,3.6657747481830194e-05,4.262030467310462e-06,4.265249423552509e-06,-2.661392028370721e-05,2.4195144985379654e-05,3.946508434245417e-06,2.3335321548025324e-05,4.9658308475704756e-06,4.014275128243546e-06,3.506113550719327e-06,-2.093878238961878e-05,9.65635955601089e-05,1.682535318694937e-06,5.345609786134622e-05,4.938809788536535e-07,9.57968457793583e-06,2.3992376969566256e-07,1
9.888424996260158e-06,9.67490753766276e-06,9.681148201596837e-06,1.0369279131233647e-05,5.820139997638672e-05,1.0641002661104363e-05,9.382231097076006e-06,1.022362488358243e-05,1.273991896441687e-05,9.129381620073248e-06,8.872282335346077e-06,8.81778367594441e-06,0.0004972807596525571,-5.23428944196809e-05,5.227521409163581e-05,7.305462954390692e-05,5.742675656303254e-05,8.349332924591225e-06,8.13122767587084e-06,8.824309533878178e-06,9.197568580101899e-06,-6.681690571146644e-05,1.0707521334477656e-05,-4.785063057706749e-05,2.6449070228359038e-05,7.539385440049277e-06,1.3379801216150319e-05,8.89976360092805e-06,4.2955703075716866e-05,7.59468725375874e-06,7.845915392230402e-06,-8.105182039881081e-05,-8.42119575850816e-05,6.6912747209782294e-06,7.604120324668178e-06,1.1829878167531064e-05,3.7654164220801944e-05,3.752270365828341e-05,9.636772610305227e-06,6.4974846600371414e-06,0.00013073752695201427,5.95450372500231e-06,8.41450690004389e-06,-9.400140174380447e-05,7.4412938160937545e-06,3.6451821736058587e-05,9.275867516289745e-05,7.241146260112881e-06,-3.29247492783216e-05,5.598919928172511e-06,2.7278367483776023e-05,4.602630537522934e-06,4.954401531808796e-06,4.176750592715581e-06,3.5986192610830775e-06,3.252732379622388e-06,6.21223499483326e-05,3.2018888134118073e-06,1.6876567920425814e-05,1.6741335989997002e-05,2.6067929666028273e-06,3.5906018116845575e-06,1.6681410763142628e-05,2.2312150317017814e-05,1.5175222394378803e-05,1.3313422053729904e-05,2.1131662231962566e-06,1.9829765090033773e-06,2.0255346667952823e-06,1.693161825329663e-06,9.153049247021005e-06,2.258361566548921e-06,3.826390697653246e-06,3.826390697653246e-06,2.7721515447161623e-07,2.5092756807369743e-07,1.1415853720304527e-07,6.833420822444704e-07,1
5.9514722775195976e-05,1.1782664832703879e-05,-9.54850998883566e-05,-6.669252001962303e-05,4.245368906906935e-05,8.908657713957274e-06,8.797274094979903e-06,8.77993107316093e-06,5.2595926881978864e-05,9.256047084972578e-06,1.1057842670296803e-05,9.428510088471165e-06,4.906289725296765e-05,7.903142788974228e-06,7.712986952353077e-06,4.183421665574506e-05,9.774738837183283e-06,7.329832085391175e-06,7.338064044315434e-06,7.727857553604068e-06,4.255678004357286e-05,3.8167365567102674e-05,6.904562670708698e-06,6.840449817031183e-06,6.766657138192622e-06,-5.6649345666333575e-05,6.8164875381706155e-06,8.791451500239801e-06,7.255647346111507e-06,-3.808355020794038e-05,3.7469158764077185e-05,6.9970225522471275e-06,5.862860359721079e-06,-0.0001348619229160821,5.59943655003183e-06,4.946666693986265e-06,4.884408016008383e-06,2.8640149402614514e-05,0.002441982919640917,0.002417351989571654,0.0024045740383655044,0.002350856642306908,0.002334201543117002,0.0023328659547310854,0.002326920241952232,0.0023128654833922636,0.0023149453609874445,0.0022930534300544636,0.002288650281405465,0.0022265922290366836,0.002194356657587526,0.0011908308288764771,0.0011835817051532034,9.66867875229143e-05,0.0011715445994353822,0.0011331009048325539,0.0011233768110214227,0.0005050056591268001,2.0457704795017565e-05,0.0004842893643885084,0.00047996185889660856,0.0004792011058243429,0.0004684289182173575,0.0004723590913863901,0.00046412615915563223,0.0004561007003435237,0.0004529171535936146,0.00014386918184035227,0.0001087793391057318,0.00010893695706342344,0.0001041390097136293,2.5923298223331682e-06,1.1686403515474443e-05,1.7520773877567947e-06,1.3470169401050774e-06,-7.994906672018636e-06,3.112468811080952e-07,-6.867309280366792e-07,1
2.7600500165569833e-05,9.997606680780924e-06,5.98809128943425e-05,6.0294660321706496e-05,1.0013959785844768e-05,5.9491899216324974e-05,5.8414732229539955e-05,9.785483045320386e-06,1.1098317512120355e-05,5.719079548068175e-05,1.3265685192999272e-05,1.3265685192999272e-05,1.1987039600404755e-05,8.906726350995842e-06,1.0305538370980724e-05,8.730975012130933e-06,8.660169043885135e-06,1.0809156252517228e-05,1.035924340121578e-05,1.035924340121578e-05,6.800719244671877e-05,4.8589621153303576e-05,4.825619476626523e-05,7.9163007520305e-06,7.922518853352353e-06,4.500429384045943e-05,1.9844626594681985e-05,0.00016082060761801834,7.128255444202866e-06,6.716154716699053e-06,6.706311168183466e-06,8.116254057796813e-06,7.372822272678757e-06,3.9354383587106966e-05,4.0013851053400256e-05,3.920449965791745e-05,3.883074763539177e-05,3.778347573196139e-05,3.772809828874521e-05,7.0408250578139344e-06,7.370000760547751e-06,7.37000076054775e-05,6.242555286194133e-06,3.780909360479843e-05,9.644180444578148e-06,9.048682910886883e-06,4.223691127570066e-06,4.254217691157553e-06,3.6441571333032603e-06,3.6388160655266494e-06,4.169460195641705e-06,4.069221848700571e-06,3.5357779998368148e-06,3.083183007854044e-06,1.7466400805411943e-05,2.9286986178049278e-06,2.771430547111273e-06,3.0692928336254234e-05,2.7252201198128005e-06,2.774042535096896e-06,2.1403879944837546e-06,1.6185288173727312e-06,1.0439249158125638e-05,3.173152478734379e-06,1.5279915879918456e-06,1.161140713581946e-06,1.816202767591673e-06,1.053582469620324e-06,1.1022193036691393e-06,6.584363304454524e-05,4.674323595644281e-07,4.6674726618834974e-07,4.674323595644281e-07,4.976455037134612e-07,3.608065988123815e-07,1.6640136763729557e-06,2.515524052906283e-07,1.8797634146409092e-07,-1
0.0009710979753911555,-6.781842763982734e-05,0.0007590566019476428,0.00018080320916255153,-0.00030410349467574325,1.082905359553863e-05,1.3702208832574218e-05,9.615629386903956e-06,9.73142761889623e-06,0.00019012072251354417,0.00019836054878517338,0.00017059659782648476,0.0007144905556653376,0.0001774518606079635,0.0001626841851069201,0.0001934522003795406,0.00015469504430409053,-0.00022960965198964975,0.0005458767902200457,8.84387820729427e-06,1.2681409263143534e-05,2.4866432492553837e-05,1.7907227036942604e-05,6.98284908792712e-05,7.805283469201368e-06,9.90401327500692e-06,3.502134785688079e-05,8.878602322878053e-05,-0.000221693073804606,8.64477668133897e-06,8.065935604295455e-06,6.940421394242035e-06,8.674729805991283e-06,7.290448964561749e-06,1.0107077526556536e-05,6.466912574440598e-06,5.818147045650267e-06,0.0010613483554015501,2.5835652251221145e-05,6.289498770158454e-05,1.979914224376132e-05,4.954745248073779e-06,4.76243645743868e-06,5.505297217085561e-06,-0.0020931086505091246,-0.002136690426294007,4.4532007431668585e-06,4.788443469318793e-06,3.870247837870868e-06,-7.942609864619848e-05,6.235429462061422e-05,4.582181043140668e-06,2.1548014589240153e-05,1.962505816693326e-05,8.554869274657205e-06,-1.8717188281507204e-05,1.8754741411130982e-05,3.6164646403897475e-06,1.2206024838297041e-05,2.4586102159087645e-05,6.221806383979403e-05,2.3094640922141876e-05,-1.778967027721935e-05,2.964945046203225e-06,3.5879728249725843e-06,2.7240547400950037e-06,1.10421387567209e-05,3.7580682280254584e-06,1.3504684619269897e-05,1.093785992095063e-05,8.298819988942665e-05,1.880632647118703e-06,1.9284911436813114e-06,1.3975956811905924e-06,1.1180073988257028e-06,3.773970778530862e-06,6.596754007271951e-07,1.3408427440949198e-06,1
