0.00011412093242775012,8.966833448972462e-06,1.0432252268973664e-05,9.128684648675325e-06,8.275064673946397e-06,3.617959339023572e-05,5.993297131934673e-06,5.820828176586835e-06,4.069456678830127e-05,6.861494735871232e-06,0.0007053435875787713,0.0002628686915607844,5.53439413145222e-06,-3.281171773393397e-05,0.00013086153136251605,3.733546909064141e-06,-0.001003075501872305,6.580294643277557e-07,-1.5218229858847533e-05,0.0001114414739327845,9.997872152727113e-06,9.47968305400792e-07,5.3386240677663736e-06,8.623842973465792e-07,8.553812036300231e-07,8.249318288799877e-07,1.1829168419863357e-06,4.507469536288572e-06,3.219937266455957e-05,4.347609009376229e-06,3.466593722528874e-07,-9.763609832767309e-07,1.0168625246308095e-06,-0.00011015630052432349,4.908211485306735e-07,3.6016057704758027e-07,-9.667154028610212e-06,2.3315876163204146e-07,3.925164483773405e-07,1.4007017336071123e-05,1.6943147392300642e-05,-1.3959829795819782e-06,3.7063500076702638e-06,4.39796671246214e-07,-1.3063422492639538e-06,1.6929891147570224e-06,4.1914020434606874e-07,4.8123273553417405e-08,1.2636054200715417e-06,3.5558015275668578e-06,9.249786966168857e-06,2.0042766196689546e-07,1.0554848902657239e-07,1.135117159433141e-07,2.400490080186544e-07,1.0394919687432965e-07,1.0366052966929684e-07,1.673252947103986e-07,8.643394701890581e-08,1.4983365025382274e-06,4.511543189973578e-08,4.594218713145008e-07,1.905643710553992e-08,-4.26039102306293e-07,7.646004618978175e-07,6.097733324131361e-07,-4.8396130767904814e-06,5.335341377175641e-08,3.0262469270942495e-07,3.796804853723937e-08,3.2327017904107323e-07,1.1018155908860017e-06,-5.8223815987162925e-08,6.73848399981785e-07,1.9356677330130958e-07,8.255196293842408e-09,6.671873169131443e-07,1.4825834555763309e-08,1
1.0977396949052486e-05,-0.0009822954942011067,-0.0065205376206350085,9.506449380683412e-05,1.018201340463427e-05,9.012924675225308e-06,-0.0001612608819130837,1.0796976255659398e-05,8.589023499643868e-06,7.544807986567618e-06,8.907515613979706e-06,0.00036036100748856534,0.00035431919119942204,6.889055802083074e-05,0.000652114448914491,0.000464750745920042,0.0003442762233696129,1.3550168999954523e-07,1.3730124036257725e-06,8.656078936817604e-06,3.338123096739141e-05,-0.0003564002929320222,1.259913962587015e-06,1.8311771878581418e-05,1.1253397428624658e-05,1.1147533583142034e-06,5.999439838383114e-06,9.069396794218592e-07,8.615213038195178e-07,8.134530432125524e-07,3.285858644509805e-05,1.153806085925086e-06,1.7730698975844633e-06,4.3028982743872323e-07,-5.63638142920279e-07,3.7475616415686215e-07,2.8017552357391053e-07,1.497872365208409e-06,3.990356759986854e-06,2.830632513367719e-07,1.6438582642692496e-06,-1.2740189442216707e-06,2.1105954163676587e-07,2.830132583356716e-07,1.038806363148477e-05,1.1353253293929727e-06,1.1503972105733662e-07,2.735449262845512e-07,-8.345209851768898e-07,2.690599476950546e-07,1.3025005174374054e-06,-1.571448517663335e-06,-8.802735702990159e-07,1.2199360708075112e-07,3.457880478674473e-07,6.328821900391653e-07,3.643105650500648e-09,5.195098090681049e-07,6.236592034501113e-07,4.010081503049093e-07,1.8249595521839325e-07,9.76006800548799e-08,1.3413989393892413e-07,9.480536983473363e-08,4.372261999350161e-05,6.99515885175744e-06,7.212810784594966e-08,1.0108843360572331e-08,1.2320604608812142e-07,8.490468637100288e-07,1.5843364420313333e-07,5.595019860399727e-08,5.540282142411038e-08,1.4642515255710543e-06,5.6984333178438865e-08,3.2274415640349175e-07,5.0458565563899994e-08,2.17871273801219e-06,-1
0.00010953198824661957,0.00029913640062172463,0.00025447227057590093,5.70296587094984e-05,6.147535640540129e-05,8.582396600903184e-06,-5.2043805375343675e-05,0.00017969958694194035,8.019717545363273e-06,0.0005239356280816444,3.9504715829227355e-05,9.073407533861193e-06,7.1531043575127656e-06,7.228734612266399e-06,6.255286443582914e-06,0.0002499782820553143,4.412766042300355e-06,1.1847968651781733e-07,-5.471869530078954e-05,2.2543068432932726e-05,1.1268902015803977e-06,1.0291706722027342e-05,-1.8191954499219005e-05,9.019691175561563e-06,4.7258722421317165e-05,1.5067691754775255e-05,-5.722679255953472e-06,2.1515859276667875e-06,7.995348661259527e-07,-0.00016899917809223866,4.916767796076065e-06,2.111791072442179e-07,5.927505111591568e-06,1.0997642115873463e-05,3.6976609341257495e-07,3.891036859973122e-07,5.294424810329416e-07,3.7907008501730357e-07,2.6754756218599725e-07,-1.345016125370337e-06,2.2197396784943234e-07,9.005468237240538e-06,1.4327350574891807e-06,2.1256140971257056e-07,1.1158431964381747e-05,1.328426055064828e-07,-3.7150944513789075e-05,1.5776053170576442e-07,1.470847456663511e-07,1.4351727587375508e-07,7.33496220538026e-07,7.453202058552849e-07,-8.169455435327033e-07,1.1177234347628856e-07,1.0046484253875412e-07,2.5685285379207025e-08,9.904041905679729e-07,1.7920408492723618e-07,6.416370649054138e-07,-4.353877938245189e-06,2.676117486112878e-06,1.4552586765534283e-06,8.83159024833694e-07,1.027786831901171e-07,4.6721499252896373e-07,-6.676167881415117e-09,1.7480655646247204e-07,5.00102011465945e-07,-7.042188562392127e-09,-4.296222295377188e-07,2.2637766517382685e-07,-6.961937788880924e-07,9.606195692266463e-08,6.137301452793661e-06,5.8828371409809e-08,1.1254953927755032e-07,8.57045057647138e-08,1.6195383921700946e-08,-1
8.978758880099588e-06,8.882377695780768e-06,5.519154707936704e-05,0.0002124267996282769,0.0036796319150192765,0.0006729074783903496,1.8823965261186525e-05,1.4453793212241572e-05,7.419680938139957e-06,1.1386287287503451e-05,-9.351811260156567e-05,6.758850135992071e-06,7.156354046300444e-06,1.6579269645393035e-05,0.00010734651172271577,4.8400635283694905e-06,2.6396760909093566e-06,6.652573177810607e-05,3.564308112682392e-05,3.790831199695468e-05,1.1136710764009136e-05,6.072567284622663e-06,1.359152651245875e-06,1.0338472819167438e-06,6.664872911072061e-05,1.4788182746364209e-06,9.032408565750956e-07,-4.754595425199291e-06,7.493238653500627e-07,7.482292206244214e-07,3.142421458494757e-05,8.548798503627792e-07,2.1448123009344314e-06,3.540492231750786e-06,6.222477111555319e-07,8.39145364463206e-05,7.106995884773664e-07,7.81118893821199e-07,2.3721141350762286e-07,4.796614985223505e-07,1.272940474334218e-05,1.7981395224314304e-05,2.6603607435461396e-07,2.0235727865561146e-07,-4.8506232079951996e-05,4.8402958627513535e-06,1.3517488256186918e-07,5.978141894237949e-06,8.197762843606732e-07,-4.32272747285011e-05,-1.8900302597783922e-05,1.4095975595239482e-07,1.3268619202103213e-07,1.7418021223659428e-08,7.412286132436426e-07,1.167364351325912e-06,5.620433361577337e-06,1.1735584371421896e-07,1.54115832274612e-06,5.126232435537575e-07,1.4776713915671857e-07,4.5082904495235524e-08,1.5871778276054562e-08,8.442525121965085e-08,7.795471690851551e-08,5.627607337534273e-06,-6.0431430378413e-07,3.6513550812098374e-07,6.794246661305889e-08,4.207186698556578e-06,-4.206389505737126e-07,3.192285407989483e-08,6.306492796656645e-08,1.4336326794178895e-09,4.5945279712270043e-08,1.2640913129754227e-07,2.5437835227798026e-07,8.21142342407947e-07,1
7.78036006477984e-05,2.1626401646770373e-05,9.599459525244043e-06,4.1677678280624484e-05,4.070591034805885e-05,2.005311622282367e-05,2.346102189267521e-05,4.212524654186208e-05,4.60155177673729e-05,1.0937962122808524e-05,6.251894868585498e-06,3.7127711813464e-05,6.176311239062917e-06,0.0001325846254194807,4.478748122776845e-05,9.317561015016763e-06,2.4286884275039115e-05,2.1778267155365405e-06,1.2417611842679599e-06,7.4301848664802384e-06,-6.902724861550939e-06,1.3916327806265205e-06,-6.4903732660870385e-06,1.019023143489805e-05,1.025164640475728e-06,8.238405755420257e-07,8.923835407623803e-07,7.678440117759907e-07,4.464919479737903e-06,7.615574709783845e-07,2.2217570914371077e-05,3.152753268931248e-05,7.463461084329591e-07,1.1079125948952765e-05,3.2261142274773284e-06,1.7991650350084839e-06,3.141753166405433e-05,-1.8942614825641896e-06,3.5662476927097644e-07,-1.9275483472349508e-06,3.9804249325117896e-07,-1.9004155289460732e-06,3.1385249767035514e-07,2.9549959958005874e-07,2.63533938063515e-07,1.0334310003310031e-05,2.1050206373821918e-05,2.9388067200876365e-07,3.5223544426457384e-07,2.3446136963599486e-07,0.0003564317987682652,1.3420349218193544e-07,3.814097120316017e-06,1.2417035831634048e-07,6.853718915658602e-07,1.1574650454041937e-07,8.023417622787568e-07,5.383238781893049e-06,6.049721120540377e-07,3.161832478993929e-09,3.6377014403372025e-07,-2.640612157691229e-06,7.261730405000656e-06,8.668210966046156e-08,1.492830911853037e-07,7.522133821085831e-08,2.2740379099129464e-07,2.4744254065440218e-06,9.010630925713858e-08,-3.5605370666475644e-05,3.537309160507717e-07,7.069630642774865e-08,5.750438533560111e-08,5.712427671410362e-08,-1.07601290029627e-08,3.014663305954184e-07,6.594359545573764e-08,5.3247443220628835e-08,-1
0.0003194045732820764,9.63354023874488e-06,1.2844271607024799e-05,0.00014923880391844697,-6.99455206526425e-05,-0.0001786444548056583,1.1387275565885841e-05,0.0004953213068493543,-6.707606319737083e-05,7.90156170323928e-05,0.00010459816124320865,0.00010456971302560306,0.004184680512036738,6.637137416001958e-05,3.86099013556211e-05,3.8699934496630404e-05,0.00022544831366232596,2.4826143523986686e-07,9.7254500809748e-06,5.138982380524816e-06,2.280167749173411e-06,1.1388128929003738e-06,3.0022817052041646e-06,0.00013442869512689668,5.785047530103831e-06,8.120167014621695e-07,4.94054184493296e-06,4.640963976683e-06,7.720389048828646e-07,9.036924651564542e-06,7.484598421093795e-07,6.167703310154455e-07,0.0067651012998254075,7.527020047093253e-06,1.1948410737698668e-05,3.1143926686115037e-07,-1.8020559172548465e-06,2.7322936972059783e-07,5.353256745274658e-07,2.503277828145211e-07,2.2494841339611395e-07,3.869221804442445e-06,-2.1456800146757e-05,4.1769684278519524e-06,1.1620786262184435e-05,3.607315984103321e-07,2.51194338927369e-07,1.7529265342854856e-08,8.746563131055109e-07,1.24180126386083e-06,2.8477051895512076e-07,1.4291820890317728e-06,1.4909578888475416e-07,1.388190400654062e-05,1.626105735827921e-07,8.186494188775694e-06,1.413272654679761e-07,-7.333266424348881e-07,6.158680239309937e-07,9.18946999954507e-06,9.290503786594222e-08,8.76345294607524e-08,4.49063270716005e-09,-3.7173471369601795e-06,4.902633599648901e-05,7.801947838740801e-08,1.0155051129199462e-07,7.174349443899416e-08,2.2324377018037132e-07,5.9580666769669956e-08,6.035846389254096e-08,2.549971509971511e-07,6.418734098230053e-09,2.6448494460740182e-08,2.47590599059841e-07,2.754209786956903e-06,3.8995704212461935e-08,8.356656913630297e-08,1
-0.025769497439929432,1.1226588826577287e-05,7.393450990143273e-06,0.0011225735456018304,3.7132930233304844e-05,9.150436301083346e-06,1.5992189780153932e-05,-0.00011938439375072364,9.12722502805664e-06,2.6701380274392437e-05,8.191308243845e-06,7.383009760770141e-06,0.00010721082355810268,-3.195820090821104e-05,-7.55217059942184e-05,-0.00010873257447647561,6.527239274257088e-07,3.2056023655923643e-06,1.4171901681178793e-06,-0.0001270043985846104,1.0764748884912907e-06,0.0001419610005526564,9.237951188415142e-07,4.836834019626515e-06,0.00015057774560301175,0.0001487494754741783,7.935819893267089e-07,3.388836954155075e-06,8.64715052400639e-06,1.2157438331697893e-05,3.023012716817806e-06,4.599704678246267e-06,4.386127633275697e-08,5.219858807149646e-07,1.1277772974117638e-06,-1.8970721398424387e-06,2.9133924955756947e-06,4.911236353316988e-06,5.439349492806458e-07,2.7043563326606715e-07,5.434846963786903e-07,5.066541570524223e-07,6.750732570720236e-07,1.3607715501899426e-06,1.4412929361006348e-06,1.6292861878889066e-06,-2.133552384175105e-06,1.2057353120433918e-07,1.9402518504186873e-08,-1.7907695229082794e-06,5.407191032772413e-06,8.60427894255269e-07,7.723462720904558e-07,1.3808255179361544e-07,1.800720480025373e-07,7.252698815513068e-07,1.460700845909504e-07,1.0822242541769654e-07,1.1181803197344443e-07,7.464925518367448e-08,3.5459236967241338e-06,3.439159539476393e-08,5.525804259823488e-08,8.039214833418799e-08,9.934410110886638e-09,2.0357781646072075e-06,8.304438781120926e-08,7.189627558371905e-08,6.798310132876826e-07,4.242435176193092e-06,6.432146096656314e-08,1.1306181237438088e-09,5.367509528603426e-06,2.3510453760701093e-09,-3.4282078445564246e-07,5.994590922800502e-09,5.035966562664217e-08,3.592506165728041e-11,1
1.1667508556591528e-05,0.0004660721243976015,0.01842336678429962,8.404815063140177e-05,0.0002298704440664985,9.083193205877838e-06,7.616063633625694e-06,9.137333973699675e-05,-0.0010499539166992596,0.00016683523133941496,0.00013721285358436451,0.00028582469810231804,0.0009090330860218311,6.764277014522614e-05,-0.00045632755352499377,3.9641113649226445e-05,6.58477207304495e-05,1.439121244697272e-05,1.3437834826135576e-06,9.069720056612886e-06,1.4818057028800826e-06,1.112802783171884e-06,-2.3347213758375816e-05,1.2366374296709948e-06,9.960972128849688e-06,2.5050702032524827e-06,2.1307313293332277e-05,3.8343010080190195e-07,1.2762640252309333e-07,1.0016478844583063e-07,3.7479297051068623e-07,5.576292379564753e-07,5.683917842443958e-07,3.567977866201808e-07,3.151539166544474e-07,1.2873035906419532e-06,9.604168162310587e-06,9.515162698003377e-07,1.91538522293657e-06,2.1726926366534487e-07,9.609494798788575e-07,1.8926937192285676e-05,9.23425732302358e-07,3.6681871037536416e-07,2.067258094282762e-07,1.1773865249832051e-06,1.2155577710166799e-06,3.130841750080174e-06,3.068202136118933e-07,1.2453582561666653e-07,7.998406864230986e-07,1.2687760960346398e-08,1.0147131812740762e-07,1.9912215791030468e-07,1.1811361607680445e-07,2.0593116597080594e-07,1.0548019641750369e-08,8.466015390433244e-08,5.293505389580428e-07,8.45488146346195e-08,7.109218412852038e-07,7.586468890298491e-06,9.577310260010478e-09,7.550332950762178e-08,8.123372608905488e-06,8.206900675147502e-08,5.774814708397981e-07,1.1273658542777683e-05,8.97463845609666e-08,5.835386772678092e-08,9.10902983000276e-08,5.192405650147447e-08,4.837770146855789e-06,1.777074944663364e-06,4.526686201809334e-08,3.875708312769303e-08,2.5110667129369998e-08,5.214693108551958e-08,1
0.00025902266130900514,0.0001224540359274749,8.470234065090698e-06,8.09386975890379e-06,1.1784877287056613e-05,9.071610213828223e-06,7.283776369800396e-06,4.273959746973247e-05,7.604893837297425e-06,-3.852940207176513e-05,6.2849855481823955e-06,1.319359991374942e-05,6.150830368469552e-06,3.0441643212497467e-05,3.144727131731112e-05,0.00029550088327959576,0.00028457807417024195,-0.00022700367939299098,5.613820465039345e-06,1.9045432282502672e-05,0.0003471351187562014,-9.966101579975485e-05,1.107545862246453e-06,2.909103932244379e-05,1.4009294456079517e-05,3.2632510622815666e-05,7.656193224521529e-07,1.181891546326573e-05,4.750249732690395e-05,0.000653499814682688,-5.704094419062422e-05,1.166560611171381e-06,9.605243254017312e-06,1.166842996553914e-06,1.0962024039275611e-06,5.4881692699262315e-08,-2.0314877068610615e-05,1.937805871383565e-06,7.657835764389732e-07,7.2390811314837915e-06,-8.647116206805855e-07,3.679278133887029e-07,7.36293401954937e-06,1.2243488875402305e-06,1.7930912858774837e-05,7.891597516048991e-07,3.050947439748839e-07,3.6620542459748236e-08,1.4472445766120955e-07,1.6819920132676417e-08,1.392490170346714e-07,1.445527736188944e-05,1.443429873189866e-08,1.2351490056850584e-07,1.6343462694251351e-06,-4.171598869881698e-05,1.5006512753610293e-07,3.3948322447710136e-09,1.1081677350039508e-07,4.687475668391907e-07,5.337346600328025e-07,4.42727149043011e-07,2.7852900941361106e-08,1.6973492033108112e-07,4.6499746485740847e-07,8.687843758843259e-08,6.5303678794289e-08,9.962866049333323e-10,3.3700197233489673e-07,5.96556177916728e-08,3.6812414213898316e-07,7.944265057132213e-08,-1.1121585352658216e-06,5.575098834405289e-08,1.4352095702886104e-07,2.6076006126722563e-07,1.0606770033558457e-06,6.069175112238793e-08,1
9.949068988566978e-06,8.064588716545947e-06,7.59260448567128e-06,-0.0002016536228966015,-0.00029896551240161647,1.745694245710082e-05,7.4103628176874286e-06,4.1238888300895806e-05,-4.744678402987133e-05,5.8585738191357134e-06,5.2594571478499026e-06,7.023672426130948e-05,6.368669079111427e-05,4.215251012872417e-06,5.5255774704372876e-05,2.1119259454553383e-06,8.962222245145135e-06,4.540166794378318e-07,3.237783266362564e-05,8.264598320484605e-05,5.088886887979688e-05,1.0448604973833696e-06,1.0117337198629737e-06,8.574899078129954e-07,2.740846461253041e-06,-1.0006972215164228e-05,-6.83350683843906e-05,3.712126142002207e-06,9.082777658507046e-06,6.66422341508125e-05,8.099224884485588e-07,1.9081883561828902e-07,6.271460426115676e-06,7.086841920470326e-06,-2.4428195249976445e-06,1.3421098721260386e-05,7.192353059346402e-06,-2.3148962544830942e-05,-0.00018135700462152223,6.067108947688637e-07,2.721790740791388e-06,3.75559400761742e-06,-0.00013535798589039237,-5.278153733315961e-06,-3.4769216910887607e-06,0.00015125328952785358,0.00017065889467673454,6.615048119200692e-07,1.7226621716846148e-05,3.0278216740368203e-08,1.7020484416651016e-07,4.5821478055755684e-07,1.4131614755246331e-05,8.623836941916085e-07,-8.630558927223126e-07,1.9880136417092035e-07,4.0976465317285024e-08,2.4415667377522775e-08,-1.7998288083589768e-06,-8.924540218147095e-07,3.195146325726619e-08,3.490711357399147e-07,2.892618505376549e-08,2.5552365862566117e-06,1.397647327737409e-07,3.628965593216e-07,2.021260149168325e-06,3.4681727653144774e-07,3.3284113892948567e-06,9.459145708133048e-08,5.35348949216514e-07,1.0298428725135625e-08,-1.4994943878964846e-05,3.242770209533044e-07,6.837459055067145e-06,7.085365893265379e-07,8.069927139701761e-08,8.134825856230805e-08,1
0.00028637284664885423,6.04690939713224e-05,1.6780954730660647e-05,8.498248796665384e-06,0.00032422181303116157,0.0010936547166090777,0.0004048413083122466,7.17320188535037e-05,9.458949449792472e-06,3.304542671726097e-05,9.370468429280872e-06,0.00017174210822918813,6.618820131497457e-06,0.0004606474538818013,2.424368265749434e-05,0.00029546715343381063,0.0004626633760534595,8.658251722177855e-06,3.5567462416373767e-06,2.0968468949781562e-06,0.00011074422874209419,0.00022113357343640197,2.988472011521303e-06,8.666194044979643e-07,5.154861037611976e-06,1.0180574048700404e-06,7.259733003190185e-07,-5.883153678864028e-06,1.3777244938196039e-06,5.115966211829891e-06,1.3046322345605946e-06,5.226863597525801e-07,1.1294581913699412e-07,4.1150791392195355e-07,-2.255344626509209e-06,-1.9275616254562628e-06,1.5026859393143008e-06,2.939587911235411e-07,3.216334209582172e-07,3.841382411016835e-06,1.386654429397366e-06,2.83941613994107e-07,2.6014052608171375e-07,9.288566577348441e-06,5.007945306280122e-05,-1.682572135349025e-05,9.850346100134325e-07,2.0543365860410008e-07,1.8624562766809363e-05,6.126973257880969e-05,1.663683215498229e-07,3.900249217426988e-07,1.0749575643016366e-07,-1.1696219118102522e-06,-2.1149685295373807e-06,3.7548954265549065e-07,1.270837469388826e-07,4.824875155393798e-06,1.8744402478346014e-07,-4.846643804075989e-06,9.285158733085753e-07,2.7755675525376334e-08,-6.423317679978492e-06,2.578946242418687e-07,4.390535415940986e-10,2.273392276366266e-07,2.6846141120376965e-07,9.458467795103949e-08,7.587782397464383e-08,7.320349040866677e-08,6.311254508636357e-08,3.4737479642938694e-07,4.750211985950361e-08,2.00966016014041e-07,-5.75220679565653e-08,1.3904125301648673e-07,1.486177357005784e-07,5.935681050256735e-08,1
6.249016661935454e-05,0.00032292091251164343,9.414385191268001e-06,0.0001730178684945491,0.00018144743746253224,9.014672444234771e-06,8.051218350804173e-06,0.0005965729493728935,7.278816966510756e-06,6.943665205172419e-06,7.210306676808921e-06,6.516133198644999e-06,4.015052231344686e-05,1.548579663581004e-05,4.844954024286284e-06,4.830410508821721e-05,-5.617082324786778e-06,5.452038003326202e-07,1.2609138179605073e-06,0.00013392765973573536,0.00015106367592239314,1.3199470122891452e-06,2.2287731745094655e-05,1.0422460841061424e-06,1.021905762748214e-06,5.31468584207202e-06,-4.662150679103812e-06,2.8668174007210942e-06,4.3420109425803116e-05,1.0981792295647393e-05,1.349701873327716e-06,1.082281465272232e-06,4.894218053514577e-07,4.2128871758468497e-07,9.875476692433827e-05,-1.6485953873252407e-05,3.1173466002619194e-06,2.8219144282930524e-07,-1.3909037978686196e-06,1.3485732969163694e-06,9.707117073964274e-07,5.923086030721044e-06,3.275238228796035e-06,2.606176343793653e-06,1.5053704151896244e-06,1.7133511287009726e-06,3.975619003975939e-07,3.550427250889246e-07,4.947596868404984e-07,-8.6234637039369e-07,1.5808339372858964e-08,1.1679510510183604e-07,1.2018956042898219e-06,4.436587718657922e-09,1.0691784050028826e-07,9.896192387179641e-08,-1.1963825404675987e-06,2.1296050392971418e-06,4.453930384465989e-07,6.111146041235368e-07,3.5953739101140224e-07,-2.0879673182229523e-07,1.0907816054146803e-08,1.4899650213447489e-07,-6.064435732119244e-07,7.210944099235027e-08,6.278080455490817e-08,2.6639750867732377e-07,3.145142999881485e-06,-5.424149441944768e-06,6.181640068257858e-07,9.02790974252735e-08,-5.192028327813062e-06,4.3495748524048035e-08,0.00013276552782142073,5.637125386105267e-07,1.2475486703528314e-06,2.2696315620759747e-08,1
9.238247546763895e-06,8.998174229558431e-06,2.76999460758672e-05,1.5461709060342457e-05,3.906920516172572e-05,1.1650155721774031e-05,0.0003322835345015196,8.227719050483958e-05,6.698139354266103e-06,-5.4585300790754446e-05,6.304135249993016e-06,4.247036726510328e-05,-4.625697133591104e-05,4.493752744604457e-06,3.9619042333664575e-06,-2.9611349420696077e-05,3.465094448648919e-06,1.7813166604077446e-06,1.2719233461771662e-05,1.2682211505351536e-06,1.2903563404509478e-06,7.5614746555895184e-06,7.700710422261893e-05,2.8893396160974416e-06,3.1150014525243625e-06,1.1802569213667984e-06,4.4806939201186525e-06,5.025168592070254e-05,-5.558365367635885e-06,8.747136948444145e-07,1.8548251122340471e-06,1.1625197455497373e-05,8.758006946302301e-07,4.670051177631508e-08,3.7379952873151434e-07,3.960996568556251e-05,3.784836158326719e-08,-1.273007938287674e-05,1.968402163730378e-07,8.714224080428495e-07,2.763787946744573e-07,2.285392679985834e-07,1.3069990946776355e-06,8.173727615209867e-06,1.4259901936455785e-07,6.835250142861485e-08,2.5762227343852085e-07,8.260860678873224e-07,2.567459367041157e-06,1.4249005025841403e-07,1.2226453612124496e-07,3.997956896678159e-07,2.7194006501313283e-07,2.275237739651163e-06,1.670861808171928e-06,9.516067595358021e-07,9.542887841028534e-07,9.951045436111604e-07,1.2140571373745165e-06,2.997753055624252e-08,2.447897902464789e-08,2.038487866500929e-08,2.9519179840335544e-07,3.3283279777234925e-06,4.07110951038375e-07,7.200257502644354e-08,9.427901829645291e-08,3.0731059288134676e-08,6.463471558792323e-08,6.020855645195711e-08,1.4866792923094607e-06,-8.005577772131383e-08,4.6452260286851396e-07,4.568143691713925e-08,7.266222126805637e-08,2.373318762086065e-06,1.0088560837999193e-06,1.8979715364407986e-09,1
0.00014724980070756648,9.57328207411736e-06,5.8708651860438235e-05,4.4911824057856746e-05,8.691611695433372e-06,-0.00016615027819675423,-8.614827241689879e-05,5.117005277717846e-05,8.85915260160458e-06,-0.000562573967110683,8.554531677126141e-06,2.1742822578483233e-05,8.208512770768507e-06,4.25753944291287e-05,2.069878460014584e-05,4.8725742850525354e-05,4.841222001565739e-06,1.58942037715144e-06,1.9735181261942535e-05,0.0023280861217725053,1.0741071276321986e-06,1.1211905858628053e-06,1.0675396281677518e-06,7.988381776553336e-05,7.902374182041122e-05,7.977193592893649e-07,7.911212773787797e-07,3.0930512427737714e-06,1.6458838105164317e-05,1.436307822554577e-06,1.6546933344218584e-06,3.345242579536721e-06,3.1140757974410173e-07,6.127628193027e-07,1.995760995807425e-06,2.936881371390168e-06,1.0845091234881765e-05,2.571727853767563e-07,8.025893068216219e-07,-2.0586538398651427e-07,6.332259608090638e-07,1.9539081154445758e-06,3.090389870864325e-06,3.228612302688486e-06,1.5074340207603772e-05,1.7941487320321812e-07,1.716496480212927e-07,-4.7267357130173314e-07,1.371868031695059e-07,-4.649328717039682e-06,1.4821119165617976e-07,1.5129049109478464e-07,5.064566099300894e-06,1.787042293259265e-05,-6.644475433426641e-07,-7.284610436099706e-08,6.473830608550944e-07,5.259614915558387e-06,1.357330631781432e-05,7.162228508327234e-08,1.0338097485078578e-07,2.9541496772465023e-07,5.7430211899375464e-08,7.094712489072764e-06,6.393545300340227e-08,8.404289894856294e-08,-2.912590578690588e-07,-8.196789594099276e-07,5.807786402552147e-09,4.6369334087262655e-08,4.856699133425448e-07,4.449281066946848e-07,3.520691642286225e-08,-2.2765077022875223e-06,6.364783791748039e-07,3.282790698422562e-07,1.4735438078023944e-07,8.415272696701348e-08,-1
-5.4963492487169585e-05,0.0003203737375420479,3.654452873534839e-05,1.7062176360227417e-05,-0.0001225695861081594,-4.911434336249244e-05,6.472430154778895e-06,7.380340236033063e-06,-0.00011185511881065689,-0.00011005198047087857,6.064167588408126e-06,0.0004867485499629072,6.981626695823885e-06,1.033794726483571e-05,5.2272318903541165e-06,-0.0002763101120117823,8.77032024142193e-06,1.0042734223935675e-05,2.357397547338832e-06,-6.973447459354769e-06,-1.5462876096363725e-05,-1.7514969403304586e-05,4.110202258102999e-06,-2.4662596972611734e-05,1.1606679337034719e-06,1.0537052125134428e-06,1.5902120743175294e-06,3.1198854333057047e-06,-1.5747411904508535e-05,8.397081452597634e-07,1.953648789478872e-06,6.143911517057097e-07,-8.974520587938457e-07,4.5040142412104073e-07,5.1475610922660255e-06,3.2065487680794927e-07,1.1749539596002255e-06,2.718561342030509e-07,3.0473033520310958e-06,-2.3642132491855835e-06,2.7566981734112887e-07,5.19696728244987e-06,2.211094804456451e-07,2.0378958926391725e-07,1.4673719382838733e-07,1.7774297653295554e-07,1.1156115188254419e-07,7.809195241625692e-06,1.5984577237028242e-07,1.583461038253807e-07,1.5497015264415113e-07,2.637664633337926e-06,2.8867781052187184e-06,1.2234585941782157e-07,4.036487676739965e-06,1.1686871481640134e-07,1.1890357281842741e-07,2.99231498504745e-07,1.0021602446165283e-07,9.58307863375843e-08,2.399623637437963e-07,2.3553656574380894e-07,2.1888381525054736e-08,9.421319843172452e-06,1.1856895332494378e-09,1.294651470908695e-05,8.487642346529468e-06,1.0956096323797395e-05,6.478633328756852e-08,8.33796867284914e-09,6.115561413257519e-06,5.701353925865335e-08,5.3074655600069814e-08,4.849962008018357e-08,7.34807151196692e-08,4.792709057551155e-09,1.9668012738282014e-07,2.7413779849627557e-08,-1
1.5138862571417514e-05,1.4469280617086207e-05,8.61997511696543e-05,2.5745241083550575e-05,0.0007906939163418725,4.677534080312493e-05,0.00048351812354063026,0.0006085101915324345,8.96237861789451e-05,-3.5287263740942154e-05,5.479961404466737e-06,2.31919871585272e-06,2.4079529549280854e-06,9.754049485256252e-06,3.086214315672178e-06,1.6306189212773908e-06,1.4295472462825335e-06,1.1862195508812996e-05,1.74542359993999e-06,1.1484335963059165e-06,2.0747748569765734e-06,-0.0003669454656236117,-2.3768422165584595e-05,8.585872844863818e-07,1.4577709054235602e-06,7.307429305103091e-07,1.32841116384017e-05,4.232243854710846e-06,7.594889802560357e-06,2.2053675246427711e-07,1.3462850405968712e-06,9.428559539964591e-08,4.703559596971485e-07,2.1920485735545735e-06,1.1298822118085776e-06,8.520167132518701e-07,2.3889196421395068e-06,2.4186307283045034e-06,1.9716525519239495e-06,4.981731936044842e-07,3.246608455381215e-07,3.239113019864667e-07,3.2994498174506574e-06,-1.961779162098292e-06,5.005537969634664e-07,3.1784923438920765e-07,-1.9804340207113305e-06,1.686071718290601e-06,4.11043908034303e-06,1.5543253179166521e-07,3.9123123090618163e-07,4.924074210528754e-06,1.604775954708105e-07,1.658716889570827e-07,5.797230460003681e-07,4.958190452952135e-07,3.2612979609792766e-06,3.3150584620834917e-06,9.942890737315655e-06,9.418923103525259e-08,9.08837819535091e-08,2.6512258684584095e-07,8.017275206198156e-08,7.043022664512741e-07,3.1070869585516533e-06,4.99578351734874e-06,3.0645202843343443e-07,6.425398698216025e-08,5.9090777341031685e-08,1.2864914402359407e-07,4.8834748670096545e-08,-1.6256008715598604e-06,6.555902482256416e-07,2.0363417649167567e-07,-4.493665859829423e-08,8.345715030102695e-09,2.9039827423884276e-08,1.984077607875283e-09,-1
-5.445253252216244e-05,-5.207270264783932e-05,1.543193626156832e-05,1.1331899594990746e-05,7.959649122807018e-06,7.860253483966741e-06,7.700883590557469e-06,6.793449948923453e-06,-0.00030022691391254,-3.76697641650162e-05,6.022151355967443e-06,6.312951428689807e-06,1.5552983825716515e-05,1.695363867814679e-05,-3.06786587086473e-05,1.4505725561626055e-06,8.422127215299687e-05,6.385582865892194e-07,1.6494745288007783e-05,1.6060069355391896e-06,2.114971442449374e-06,2.7107568978456936e-06,9.19131660288089e-05,2.7560525030053896e-06,5.765161856734056e-05,3.354535080255773e-05,5.594814399545705e-05,8.862133610782918e-07,7.394928011232334e-07,1.8507888061889853e-06,6.776784731213529e-07,4.4183982633199244e-07,8.889952083282159e-08,3.5623795969907204e-07,-3.469966034082801e-06,6.647689738958505e-07,3.287770713405551e-07,-1.872646855481077e-06,1.5182727326124634e-06,-2.2905095589218576e-05,-1.6314497795193932e-06,-1.342315580692124e-06,1.3318656421140583e-06,-2.566728658186413e-06,3.922730467316774e-06,-6.982751278962319e-07,5.862715084592968e-07,5.003535381356989e-07,-1.3234065445656055e-06,1.3312761144560471e-08,1.414834335413728e-07,1.393958149315819e-07,2.051660191836966e-07,4.823187261728934e-07,2.2756667326188547e-06,1.3275333707267718e-07,2.7258769943004646e-07,4.112658041673676e-07,-7.123855345965182e-07,1.5091218702708458e-07,1.1684664364195419e-07,6.585289327867229e-08,4.794512187703415e-08,3.727398747732376e-07,1.2434602543333215e-09,5.996795732072222e-07,5.129245065730092e-06,1.62115811382701e-07,5.969231111507887e-05,2.583066543109158e-07,5.973528376096382e-08,4.0193435226628425e-07,4.790621713752841e-07,3.9687885822953055e-08,2.5769412984436847e-07,3.653325775956793e-08,3.5844069739570346e-08,2.491260637952814e-09,-1
9.269954913493473e-06,-5.337890148431379e-05,0.0001578196857701827,0.00012676710127497207,7.876023696796353e-05,0.00012848555809501005,1.7805028411784762e-05,-0.00010546158190590062,5.652421223271429e-05,3.842289723333278e-05,1.29769113367782e-05,6.996277380357552e-06,6.168876920573054e-06,-7.785329497070533e-05,4.195558645600902e-06,-0.00012949872323223425,1.40353781802789e-06,1.3420582707836183e-05,2.547397165348078e-06,6.390413676338688e-06,-6.891523243061628e-06,-5.440222210311926e-05,-6.3481821916483935e-06,3.0319973189552712e-06,-6.674208094354425e-06,1.0238241397437225e-06,9.729346781735994e-07,-5.814423919337961e-06,-9.48523971728757e-06,9.655218325997092e-07,9.65568078787469e-07,7.11818516373031e-07,4.7381039754056996e-07,1.94346037273727e-06,1.0384418382346758e-06,1.3106806755931417e-06,2.3482861706402905e-05,2.3400769722681046e-05,8.553983148887178e-07,1.8048412204886707e-05,1.7586550929718547e-05,3.7364639511688855e-07,2.610610892205759e-07,2.509920270819826e-08,1.6364438012296017e-08,9.943820212257897e-08,3.013079499785695e-07,2.6490722986743894e-08,1.2111215578742226e-06,-1.3736583859924988e-06,2.045650907954795e-06,4.6535507462898047e-07,1.1259345601486409e-07,2.0009715715199817e-07,2.1810446035219144e-07,9.653109765032336e-08,1.062089126000008e-07,4.798271921577499e-06,1.787106126922471e-07,2.318627315017026e-06,8.049707629493672e-08,7.237205309777808e-08,3.238982253468636e-07,1.992085318647194e-07,-6.986349562129662e-07,-7.021388614174532e-07,8.332983735277792e-08,6.940674075651533e-08,6.930418052846514e-08,1.1623531900783249e-07,7.087322081283666e-08,2.102812410424948e-07,6.896988920209459e-08,7.281675866372467e-08,7.635610351558373e-07,9.008985788774256e-08,1.1057476790785565e-07,4.482063903765945e-08,-1
3.2789291657972825e-05,2.868509034579171e-05,6.1027487174627195e-05,9.980706547409112e-06,9.360092887216944e-06,8.428988502280306e-06,6.752922893337079e-05,-8.677692420180494e-05,8.015933439590983e-06,0.0006974909799937677,6.519156376365061e-06,0.00019659263319607645,1.8552279872942514e-05,-0.00012352522044676073,6.982198915441519e-05,2.4720363161033398e-05,2.017166708929386e-05,6.919819892545517e-06,1.3413028832977752e-06,2.7604201136910157e-06,1.1557719716730618e-06,1.3672201311176583e-06,1.0813433115297132e-06,8.966460580481335e-07,9.617968027483762e-07,3.096579298585607e-06,-2.6095802119902664e-05,5.457853534570966e-06,1.4780954978887353e-06,1.101393470443338e-06,8.918926431351312e-07,2.9497692333044584e-07,5.712134245421877e-07,-3.6241155933234246e-06,-1.9477218505490746e-06,3.9933467765672967e-07,0.00012138336964415394,1.8384710201413158e-06,5.529653908076746e-06,-1.5908501651636587e-06,7.633651630674654e-07,2.8024418746099267e-07,7.606421096667094e-06,6.280506822612086e-06,1.0534218698629438e-07,1.117279166128514e-08,5.801060555215527e-09,3.905794343352531e-09,1.0419922165825523e-06,1.3184740892443948e-05,5.794482348991586e-07,-2.9878892559230282e-06,6.745574895477664e-06,1.3965352455229496e-06,1.8486161991385858e-07,5.818064510317086e-07,1.0360459176694084e-07,2.2041934058329812e-07,1.0717157126644198e-07,9.94846004225332e-08,4.160930698629963e-08,3.820394918887211e-08,3.706009686812029e-08,3.954028054539241e-07,-4.5624207459322383e-07,6.423418364762083e-08,1.4861182742321023e-06,6.671158071850234e-08,-8.562186606305612e-06,5.705439533817002e-08,-1.5078362194603558e-06,-3.292397022182886e-07,2.4152293319624657e-06,4.645966741596059e-08,4.205905914026939e-08,-1.5706048018054685e-07,3.927183117648588e-08,1.7365516770820906e-08,-1
9.531462962836908e-05,2.2320801502374873e-05,2.186880063576312e-05,8.74450287497235e-06,3.252962608320432e-05,7.594693167201738e-06,0.00016048525263888408,1.3145234886824653e-05,7.0115591878433435e-06,0.00027111293125474113,0.00027130856291220773,3.626632059706063e-05,6.197192560748745e-06,6.159792615793263e-06,7.970932295805658e-06,4.095373333305543e-05,2.720787002817363e-05,3.1787989281529838e-06,-5.7325427294050516e-05,7.845854626476215e-06,3.247453260786373e-06,1.0569483485593817e-06,4.197425000345752e-06,-7.142149115973359e-06,2.0479264036613397e-06,2.1375520876084822e-06,1.1638054120891546e-06,1.3332258579545588e-06,-1.1746415586712752e-05,1.599652821905945e-06,-8.087280602492448e-06,8.649774865681896e-07,3.4744347452299615e-07,4.420077345502157e-07,3.755984301285208e-07,3.225182534397981e-07,6.923565294279181e-07,6.727116573802565e-07,3.935632346567601e-07,-1.2457969489928178e-05,2.4459714473249887e-07,2.3959690704372734e-07,-1.4700761562567442e-06,3.2209298016202864e-06,-2.3740157827381637e-07,4.026811593362765e-07,2.0463304681006087e-07,2.3741046899217696e-08,1.6146583083641877e-07,1.4676775400769137e-07,4.186832831035223e-07,-9.124306551662293e-07,1.8847858547952357e-07,1.3015838154295508e-07,1.8913571420631134e-07,8.287593897971511e-07,-8.43112591047482e-07,1.1628454448115035e-07,1.7375933730602077e-07,4.595731466770667e-07,7.126911167148487e-08,-4.760846817181642e-07,4.075241607569734e-08,5.6121085618899174e-06,4.65842236991245e-06,4.413462464053274e-06,1.0616300538192805e-05,2.1409867955260146e-06,7.14835023972875e-07,7.106401281411122e-07,1.7728071836546544e-07,5.102240205520062e-08,8.699942570023253e-08,1.206589973721825e-07,7.955056169806317e-10,1.3044951370219125e-08,2.6640822815578094e-09,2.1192578389395116e-10,-1
3.3886641054305295e-05,0.0014258464793019375,8.868398523354403e-06,2.754993385708036e-05,2.747861726732483e-05,9.300086947574155e-06,8.19133242114221e-06,-0.00013643014483408943,8.435574329269244e-06,9.665512499079491e-05,1.9478455585234325e-05,4.752504088096337e-05,7.699319700122488e-05,0.00012412365535761317,0.00012451431953244577,0.001105908818715532,1.9883079683429772e-05,1.233300303227589e-07,1.196302669782106e-05,1.600028542789205e-05,1.2782291491636e-06,2.07410647536881e-05,1.9559237139389455e-05,2.181261320677679e-06,8.876547350509367e-07,3.390653577360218e-05,8.619548584087551e-07,6.087952105691876e-06,6.9446106908265856e-06,7.156331078139938e-07,2.0099145286706018e-05,2.9803239218776734e-06,1.4192989436724162e-06,-2.6526305638883095e-05,4.437985423434979e-06,6.887404727245933e-07,6.776621315194364e-07,4.807131459467703e-07,1.6735095402311822e-06,-1.7463649194739613e-06,8.636262478942937e-07,1.7187017408589407e-06,-2.947123196172119e-06,-2.99528911203424e-07,2.196938240955169e-06,7.817088394332688e-06,3.4082182880933626e-05,1.0294621467348034e-07,1.3035335841376726e-07,1.4032934966170572e-07,2.635010340350482e-07,-1.4848266211301412e-06,5.080808054719567e-07,1.1908643900564885e-07,1.1385664274326777e-07,1.1731857581692094e-07,-6.849259552710123e-07,2.8978449792109576e-07,8.566449136330413e-08,5.742315642463849e-07,2.924684086002079e-07,7.385801245446591e-09,1.776524113473091e-07,-4.928513542458676e-07,9.786510516648484e-08,-1.0494100336492818e-06,6.881948217668394e-08,6.791397391189357e-08,6.514754689731486e-08,6.52889954457716e-08,9.423724876312284e-08,6.35438637102744e-08,1.053069545767733e-07,-3.587904720086071e-07,1.4864370882526713e-07,4.0185820427681515e-08,1.0835334227487252e-06,3.427154619003348e-08,-1
9.624314303443999e-06,7.334494152469467e-05,9.00637761613968e-06,1.0797951777705694e-05,2.0373004981947932e-05,8.166875916706626e-06,5.1244279239415566e-05,0.00010811262481313288,-9.241982159478747e-05,2.8794084703692217e-05,2.1570719262121683e-05,2.0991132661551913e-05,0.00012016558931895751,2.25090959157194e-05,2.0318703441880806e-05,0.00012585230375426623,-2.5810759209375795e-05,5.070357314613714e-05,3.4348271584156037e-06,1.9766316033396027e-05,4.263570529724273e-06,-1.8324880610975395e-05,8.974789915966387e-07,2.692919064844704e-06,5.385402100695144e-06,1.0098166914586864e-05,9.623003329637495e-06,9.610933538184508e-06,1.558820815634139e-05,1.0702701145086013e-05,1.2555965727553899e-05,3.3167492746892605e-07,-1.2338361369257613e-07,1.7601632509806257e-06,2.8612897236065494e-07,2.8128493211858285e-07,1.0081457503800239e-05,3.9657981163159e-06,2.4456654442855953e-07,1.343197059150394e-06,-1.3904738418281557e-06,3.0149365140649617e-06,1.917597919771526e-07,7.248354441226844e-07,1.1392615686065283e-06,2.153971318544228e-07,1.2145519023744636e-07,4.23848726619821e-08,1.6223459813411403e-07,-4.1447352560754836e-07,1.4332407768469578e-07,1.1661322897356411e-05,2.596941685027557e-07,2.16197849056808e-07,4.064030101802695e-07,1.5914099155977107e-06,3.655305622286204e-07,1.1317149924865729e-07,9.811355475338437e-08,5.519204910205e-07,1.481653506173824e-07,2.308002306892581e-07,1.072083265678052e-06,8.703816865712889e-07,1.3600136419741003e-07,-7.374314942688872e-07,-7.868741286239952e-07,6.184712318989802e-08,5.736276221879715e-08,5.5616096739050365e-08,5.431218785636384e-08,4.952703159987182e-08,1.1658417907742159e-07,3.239375208447101e-07,6.4003152604857e-07,9.335776167097595e-08,-2.8084043697067683e-06,2.9814467483372e-08,-1
1.1318212445763676e-05,9.489794283313669e-05,5.36282957112157e-05,8.866376254286695e-06,2.2164340500590973e-05,1.0030949642977436e-05,-0.0012566176846878266,-0.0014979082680169366,1.4466921675466979e-05,1.0699693979128138e-05,6.95359089151433e-06,1.0907021761877078e-05,-0.00018481315940625242,-0.00017017232722917533,6.108831664422851e-06,-5.736736496358988e-05,2.369940739863631e-06,1.721855947755496e-05,5.164899331950048e-06,1.507159734366627e-06,1.2180426704898034e-06,8.167818425538742e-06,-2.0324482818802358e-05,9.513834341416808e-05,1.4778040623325246e-06,6.958271020788087e-06,1.0565871453050522e-06,2.7193562097177957e-06,2.552910651513977e-06,8.014262368487857e-06,6.206676510979326e-07,1.445802471978747e-05,2.9737321771077195e-06,4.346607992401029e-07,2.264386842804858e-06,1.9119251423971168e-06,3.039254966190158e-07,3.23198732423509e-07,-6.574058412693639e-06,1.4778986771723598e-06,7.884323664767132e-07,5.2301826290033025e-06,2.2681404901575357e-07,2.0695019386261115e-07,9.69624983919716e-07,7.549307022452566e-07,1.2938246696503113e-06,-1.4165021811664664e-06,1.5076527841943173e-07,2.500044598108133e-07,1.4334884061517305e-07,-1.4353024099187199e-06,2.5434807363784286e-07,4.395077064352857e-09,1.0478468512839455e-07,1.066947671934655e-07,9.619017458393465e-08,2.9598944750953765e-06,2.2178327435928897e-06,-2.6146852578360257e-06,3.163471528976785e-08,4.586013028159339e-08,1.0757812363606634e-07,2.6231433326378254e-07,1.047098989724065e-06,1.2692239232447434e-07,3.174726982394925e-07,-5.417704925121363e-06,1.1106695025852769e-07,2.2189007794489874e-07,6.995422820886515e-08,1.089713123253135e-07,-4.137490429774831e-07,1.377045759940216e-07,9.95173847749709e-08,2.4409989291415856e-07,7.709329725549606e-08,2.2998915168023506e-08,-1
0.0003649004965725995,-9.656253651102464e-05,4.421483208895623e-05,-0.00026528899253373735,4.421483208895623e-05,7.867776902697051e-06,0.0002483191855527525,-6.874956146498784e-05,6.731122124083666e-06,5.996927563401631e-06,6.208902034212624e-06,5.056681428259184e-05,0.00010915924333619324,3.0785509696603168e-06,3.216746492221654e-06,3.6643052123426406e-05,3.9887752079061953e-07,5.607955223873276e-06,5.788415906972586e-06,4.126601455382874e-05,2.902162699192574e-05,2.6653977626755503e-05,1.280793601788284e-05,2.7263680658426495e-06,-5.671823217046098e-06,-2.4633935248116957e-05,9.329679216738861e-07,2.0966433663308874e-06,5.234482025214937e-07,5.253174976406142e-07,5.0330291025307015e-06,5.377584301211683e-06,1.6572986238526935e-07,-4.05701297414104e-06,3.7181513592330375e-07,5.772924638880272e-07,3.600372650384284e-07,2.7164793157294324e-06,4.718798078128479e-06,2.994820137458983e-07,6.222210528336422e-07,1.1541667242546475e-05,2.357757344556852e-05,2.2107569842075735e-07,9.917211042841282e-07,8.336702191007185e-07,1.8353266348457172e-07,-3.469352656255387e-07,4.697473703948436e-05,-4.1613876484855385e-06,1.3408671632455714e-07,6.661828952694176e-08,9.75470661023779e-07,1.1886408622844945e-05,1.1948805915496494e-07,9.315863276524705e-08,9.293950816449143e-08,6.507356821214446e-07,1.0711341303077974e-07,1.938061800573944e-06,-8.300247125704259e-07,1.0996196672539248e-07,6.949457076334305e-07,1.3510194701074143e-06,7.762366113204048e-07,4.7526687711609126e-07,1.5796349554089744e-07,6.33631864638624e-07,2.169857584632421e-06,1.0319292423418535e-07,5.23281204019982e-08,3.8784892960575895e-07,6.342430819547752e-07,4.501677740809166e-07,1.7872739436158877e-07,1.8845471353394055e-07,8.536415252175574e-08,3.183140500550872e-08,1
5.252185975400056e-05,6.348505591857307e-05,1.1949239929371276e-05,1.9341763306390686e-05,4.856559205836968e-05,3.373499735075582e-05,0.0004131037711574011,1.8272553880189174e-05,4.3204206612508225e-05,-4.060791926291706e-05,6.6303881396060135e-06,0.00026908580195898947,7.251159424371448e-05,4.6608414204753e-05,1.168527894255346e-06,7.856028961433499e-06,3.475342414001978e-06,1.588561778720575e-05,4.176063836148199e-06,-1.0723527688859531e-05,1.6516822813816519e-06,4.902114280672804e-06,8.479492290302912e-07,4.697853419168578e-05,8.235630352607803e-06,1.6688332034115658e-06,4.101173201044893e-06,3.48886463554873e-06,6.231187582708316e-06,1.377165251962339e-06,2.056318087389778e-06,3.884040968836125e-05,2.2470849777610206e-06,1.9847036119482613e-05,8.567183843953106e-07,0.00011015604307028167,2.963447137632552e-07,-1.7144019905281573e-06,-9.123679721524799e-07,-0.00021278990433030236,2.6676393711096643e-07,4.429703139929959e-07,2.6453867957754845e-07,2.2625302460825377e-07,1.0630703139146965e-07,1.9916978893376603e-07,0.00011888226663979537,2.000128611230969e-07,-6.339082772095374e-08,1.9176267561763115e-07,1.7562159612065623e-06,-1.3519761073970292e-05,5.904616223856232e-07,1.6040327709396953e-07,1.1583173965575904e-07,4.63850695319772e-07,1.1825437104890632e-07,5.221313280302442e-07,3.210262134022509e-07,2.4828459630972696e-06,9.697932048405197e-09,2.4393885864295693e-08,-1.9204804380094775e-08,-1.7213421347921205e-06,8.152127100209941e-08,7.803765288190231e-09,2.2389247730186347e-07,5.608468906693287e-08,5.523429458982566e-08,6.496465967404339e-07,5.087189098059961e-08,8.373379685089965e-08,5.0432701560702684e-08,6.953975480970016e-08,6.748459463415396e-08,8.349377837889438e-08,5.5595656610674445e-09,8.315639141952331e-09,1
8.640144607294696e-06,1.9132767962734047e-05,1.2363006196962858e-05,0.00031511147801011925,0.034541918152153094,2.7153937469226816e-05,7.024266531620236e-06,1.2740096008386832e-05,7.854272488252409e-06,3.385076373484557e-05,1.3572535460189758e-05,0.00010234229476382224,4.80290710663522e-05,0.0008294073601584689,0.00014268318322092354,2.4261206987339183e-06,6.2706429816303735e-06,0.0011229374532019298,4.490149712088133e-06,6.56523246925007e-06,1.608023154439251e-05,1.5193500641519123e-05,3.56701028570548e-05,-7.288048722706781e-06,1.3159565203633005e-06,2.4499113841237005e-06,2.438177075367192e-06,6.574114800082785e-05,9.085090117812007e-07,9.072621487652593e-05,1.0769766182732837e-06,9.820036201791874e-07,9.820036201791874e-07,1.9962120180666626e-06,1.2373522477476145e-06,-3.973289088992836e-06,-9.825518241990273e-06,2.913991445443352e-07,2.700267704035367e-07,1.5328344787206945e-06,1.4415506845549022e-06,3.8517025695259785e-07,7.35780841567441e-07,7.351042520679034e-07,6.260413521545467e-06,2.850066083345022e-07,1.6150174229874883e-06,3.675394394452046e-07,3.1010993936691583e-07,4.534629217488397e-07,6.869700826342025e-06,7.001339439115528e-06,6.929974205013912e-06,1.2975003327887246e-07,-2.0474432722132795e-05,1.329940527581829e-07,3.767626154269851e-07,1.0899088898714604e-07,2.9051103294157555e-07,9.061783979928993e-08,9.974941736472036e-08,8.325987090559134e-08,3.077080055800504e-06,5.867595321975574e-07,5.023091079739373e-07,1.4092517825007758e-06,-4.0485902293176884e-07,1.2122018334132515e-06,-1.0815808859176232e-07,8.142222040447919e-08,-2.9574097176543595e-06,6.260093320734494e-08,9.45794599892816e-08,5.7503777395424925e-08,5.6125752122528434e-08,4.9466757820212675e-08,5.372548318901081e-07,-1.0192410853806451e-07,1
1.008170278116677e-05,-0.0006717151418992425,3.254460662429584e-05,2.2764961051368543e-05,1.886142662755342e-05,4.561122084642302e-05,1.530479349514076e-05,6.942395082754469e-06,4.416233818932693e-05,6.484592525370238e-06,1.1444089688116894e-05,6.959945763330348e-06,5.732414818066919e-06,0.00025411344453245526,6.631130545449179e-06,7.954246355707215e-05,-5.1929268520305035e-05,4.847240518245531e-07,0.00011926715890699536,-7.172665433795062e-06,1.1570081967186945e-06,8.600710216681657e-05,2.2712830916837965e-06,1.0348591193863664e-05,5.736089699019085e-06,1.788721514764579e-05,1.7835715699061974e-05,2.061276019856872e-06,3.3709833850005376e-07,7.453423256616355e-06,3.913649314026062e-06,9.463261876381929e-07,1.3772500497465544e-07,1.9452540649629838e-06,8.37467447063287e-06,2.408148881791992e-06,3.228625728061339e-07,3.1245295958075677e-07,7.835596456800916e-07,2.25234338322873e-06,1.4816563351757647e-06,-1.5778160909302182e-06,3.1358662431128387e-06,2.6796466395300046e-06,1.528071856340403e-06,1.3618624123687732e-07,1.28716385703777e-07,1.28716385703777e-07,2.1361832488127093e-06,-2.3647601999329813e-06,-9.288653858084002e-07,-1.6755512013843018e-07,2.580753564658831e-08,2.0275134004201143e-07,2.8234070323989104e-07,3.8019859307358097e-07,1.0821517584423029e-07,2.900092316534914e-07,7.679159030056126e-08,8.726098544816194e-07,2.2272691486119145e-06,2.0673051537206383e-06,5.982303451898131e-09,5.527393669597795e-06,7.378284342090129e-08,2.5538230065346896e-07,8.119269524838657e-08,1.711428034509106e-07,-1.2235166306131766e-05,5.989629167077751e-08,8.142030390181647e-08,2.3313761576070971e-07,1.3931316136155363e-07,1.67731469306471e-08,7.701126424347719e-08,9.241703937465773e-07,4.320277800258893e-08,2.592166680155336e-07,1
-0.0003231072189136006,0.000153027694512363,8.140579396920163e-06,0.0004229670380254672,4.816015526471196e-05,1.3676315234119826e-05,-7.538947080766154e-05,0.000283474916988194,-4.31488319988717e-05,0.00015706144105755501,0.00015214904855158078,0.0001523928670329169,0.000150391845499294,6.47357940011055e-05,5.985348026131183e-06,1.6302064313412557e-05,-1.3556149833134317e-05,1.8934489943538982e-06,7.157861387366816e-06,1.8006650120089067e-06,1.11345894047301e-06,2.1729152442384858e-05,2.374525670634169e-05,4.703741141587243e-06,9.577831244605949e-07,1.7553796163875486e-06,1.3951892389030123e-05,2.031298194955591e-06,-4.765405562841728e-06,9.201340956902613e-07,1.7104919733677386e-05,1.0159202614426988e-06,1.3274223840512337e-06,3.244306830184518e-07,5.712623728613118e-06,4.3948354150396686e-07,3.6672000130419363e-06,3.0274335044286927e-07,9.481367439518077e-07,8.426471181468167e-07,3.078233412913225e-07,1.8470099309387142e-06,1.265283545894137e-06,2.56239200242697e-07,4.6356594334178924e-07,2.7004344347033267e-07,2.5466775928410116e-07,2.1734549303589734e-07,1.8329706621181771e-06,1.7825882244549166e-06,1.608321086901881e-07,5.573453571414812e-07,1.2243119463751431e-08,2.827959290808381e-07,2.8550865437795585e-07,1.2337246736024577e-06,6.797961960348233e-06,5.878964778304581e-07,1.912216167853173e-07,8.054097521063648e-08,2.549499850492726e-08,1.8409970537765873e-08,1.454310098207096e-07,2.794322086186794e-07,-1.891808159946385e-08,1.856829845688565e-06,1.3640095470498583e-06,5.621770459033035e-07,1.471378213468815e-07,2.9655389549828507e-06,2.2705995017865762e-07,5.421926187936146e-08,2.7910917084389834e-08,2.6229640549057596e-07,3.289962001382202e-08,4.5672262337074244e-08,1.7976679822088167e-08,1.3231419820027365e-08,1
0.0001987828056104625,8.237508542630598e-06,0.0010094604466341567,2.999417922796879e-05,1.0918835908481752e-05,1.4820290720222754e-05,7.104682190066188e-05,0.00029567899528193435,4.714286913176753e-05,7.235086858386968e-06,6.9308632648693655e-06,6.422815022165399e-06,0.001090974366359172,9.826160713081446e-06,-0.00010051557971307923,2.934320144907614e-05,4.454200251951284e-05,2.0978815848315043e-06,1.8664352940096233e-05,3.7149288390200914e-05,-7.032952914544529e-05,-1.5577328637522123e-05,6.0852014546130244e-05,2.4207884845687858e-05,2.781332398360156e-05,1.2799536909327315e-06,3.502676941604921e-05,7.181668520545627e-06,2.0076334877535924e-05,1.9211114996071272e-05,7.691960751460514e-07,1.3241898077844022e-06,2.483180301486286e-07,1.519690402776121e-06,2.2558201988317913e-06,2.1200422367341628e-06,1.8681764785937955e-06,1.084348877669692e-06,2.846638654285213e-07,2.983236735752808e-07,5.929876853656816e-06,2.5010281177047676e-07,8.17769189713455e-06,-1.5919369228107874e-06,3.339865521371625e-07,4.916481108769066e-06,-2.411783018742712e-06,5.5257302188605154e-08,3.13759207429732e-07,9.821516251270165e-06,1.1408217137771003e-05,2.580344872772749e-07,2.6400197560357747e-07,1.9352267219286756e-07,1.1078578371411024e-07,2.1207086656546497e-07,2.155956498721597e-07,2.360438605955969e-06,2.382582491157982e-06,3.670737851798821e-08,2.3920704395405027e-06,1.6461539590362667e-06,1.1863321058704023e-07,9.723840410572239e-07,1.529658799446963e-07,3.391371600608407e-07,5.201601584670702e-07,4.6250954658670756e-07,7.394613708901255e-07,6.752840109579075e-08,5.51655138015432e-07,5.259291840066228e-07,3.747053595375754e-07,6.392651393951324e-07,3.2254883070133923e-07,3.066653714373781e-07,3.480556523698294e-06,6.284823169146799e-08,1
9.74617897352789e-06,3.143106549568418e-05,-0.0001179586914924844,1.3199270291448744e-05,7.97966120421942e-06,0.00019227989620430563,1.2345491909319194e-05,1.4969317270884566e-05,7.729536557756862e-06,0.014587122510519563,1.0029430978210071e-05,1.1541839510425447e-05,1.020982340130784e-05,0.00010952868572808929,0.00012893649980390834,1.672190997507682e-05,1.8072608656229627e-05,2.0800201972651826e-06,4.2522513079510746e-05,4.036544665070925e-06,-1.1014475843190771e-05,4.171900863824261e-05,1.5914794970797498e-06,1.1675345886723885e-06,5.67899304144349e-06,1.4128997443663676e-06,5.664756530227152e-06,3.2123712280325484e-05,9.30708740725021e-07,3.0244440837483813e-06,4.390620082875464e-06,4.569107220681717e-06,2.6617044430891656e-08,3.447395206296367e-07,3.281052531353609e-07,4.0124796767069234e-07,5.919479630645933e-06,3.847916433237794e-07,6.015521653916931e-06,5.661188656560492e-06,1.8544436345223261e-06,5.23374709871355e-07,1.2143925178180645e-05,-2.351155461592372e-06,3.5465029731089517e-07,5.778691728559013e-06,5.406459601820087e-06,9.198714704962262e-08,3.98837192226172e-07,-9.667354514194995e-06,1.8427149671531759e-06,-1.2133715904683872e-06,9.985701339235844e-07,4.341671444944516e-07,1.0472624243168374e-07,5.686462395939109e-06,3.251924982241512e-07,9.511155549109933e-08,3.293808541590163e-06,-3.7684109667854873e-08,2.2005767296740366e-07,4.248983082748132e-07,1.9851657328343405e-07,2.914799668702565e-07,7.160608046852296e-08,2.3317224370009968e-07,6.09928007859317e-08,1.820117775197124e-07,2.520891824080955e-06,1.8431146712764878e-07,1.3516901150903165e-07,6.022100196074225e-08,-1.700910243132719e-06,2.708061098787646e-07,3.842325685308176e-07,6.651075580679953e-06,8.698006822238639e-08,1.0707025158601467e-08,-1
0.00010926265784884217,1.0195816773760708e-05,8.573258185213091e-06,9.679518704206678e-05,9.520630215661462e-06,3.650086725524114e-05,1.0496497295498962e-05,-6.754859992335665e-05,6.534049733173683e-06,6.406545317720627e-06,7.503976007935323e-06,1.5273271290758417e-05,-3.5625504987828814e-05,6.425553408543623e-06,3.964915546531644e-05,2.425438299103803e-05,3.904801712763465e-05,2.0404895724174757e-05,1.2813378836285774e-06,-7.260701983005886e-05,5.536284985568831e-05,2.1159151740855877e-06,1.9224805219809664e-06,2.4857960487987186e-05,3.948743642850959e-06,2.177120015272542e-06,8.219084862166717e-07,3.4112750821932293e-06,1.8293182085975298e-06,2.274199596366126e-05,8.358671459799511e-07,4.244545355388556e-06,4.49935401549972e-06,4.4317312043822817e-07,-5.061847209701258e-06,6.578702823889955e-07,6.913933846665483e-07,4.324202180268106e-08,1.110895526961807e-06,2.2777128260035677e-06,4.786382663371459e-07,1.0278153497367807e-05,3.9990535632764794e-07,2.4724253007245877e-06,2.4322655194106813e-07,2.3025404805423823e-07,-3.6150660165948245e-07,8.587447464532439e-07,1.3594040249819094e-07,1.668437765312834e-07,2.4070656481335467e-07,2.4234024890516067e-06,2.497589752171764e-06,2.1796545697009748e-07,1.4492942857972243e-07,2.0370724387993824e-07,4.366393972575665e-06,4.320991736694921e-06,2.2841356366816637e-06,9.766299579520111e-08,9.60721840161189e-08,1.5984484831317436e-07,-2.144264770439424e-07,7.79479671056949e-08,-1.649610136188465e-06,3.007888446029073e-07,6.865658689786756e-07,3.682815434195717e-07,3.312637693405823e-07,1.2243834796112608e-07,5.4584941636451146e-08,1.5307605379924652e-07,1.0027087771258301e-07,1.460407320068121e-06,1.0497092101923503e-07,3.7951008919290307e-08,2.0108088840716744e-08,-3.07526512537367e-08,-1
1.1238901731366859e-05,8.778946563596137e-06,1.0634994324180501e-05,7.801035727188149e-06,-0.00016967009634190304,1.5034804942305251e-05,2.148234665593718e-05,9.48476205767357e-06,-3.5282194185535583e-05,3.3520723226703756e-05,8.084730699473341e-06,1.465394638444762e-05,5.266562741147735e-06,4.208280037675835e-06,-0.00016331052558992735,-0.0003890131679310149,1.308186248618593e-06,5.316342608042383e-07,3.822090709562885e-06,2.2247118488967036e-06,5.912778185632182e-06,2.037465206280042e-05,1.74882476170898e-06,1.266235061531668e-06,1.362159780601699e-06,8.894640894771671e-07,8.762355128117365e-07,1.909158911344802e-05,9.89351525988553e-07,2.1762235060372105e-06,3.1982452951912713e-06,5.378184783885984e-07,4.135134002841158e-07,3.902903833998572e-07,1.9284609965628075e-06,-1.381866207875972e-05,7.515696645588188e-07,1.704264834831717e-06,7.144492237503264e-06,1.3669425488962436e-06,5.068543062359268e-07,2.40847617521358e-06,3.6340956377708866e-06,1.2193694040777518e-06,2.9667601930834884e-07,1.2645658649199654e-06,1.2613696030122168e-06,7.980658424134553e-06,1.8767896122684345e-06,2.188909636733752e-06,-5.360866573381048e-06,4.3464199023932344e-07,2.7997665142937474e-06,4.0413802589464176e-07,4.0407703036313793e-07,1.1759769193857014e-07,7.352155552734078e-07,2.1983576007312876e-07,3.80041487407919e-09,4.083308315528719e-07,6.570905253229551e-07,-5.648540650929413e-09,-1.4407420794322297e-07,5.771506776356372e-07,4.5057155760105274e-06,7.311946617321608e-08,6.629575903668191e-08,3.852812421176956e-07,1.6836710112188626e-06,5.786655580313097e-08,2.2058659111560544e-06,1.0524439781449235e-07,1.2191429362633351e-06,1.3188960925172923e-06,2.0222107937803884e-07,2.9384648142263738e-08,1.4933277839689418e-08,7.298301255583409e-09,-1
0.000279036328233394,3.264672408155626e-05,9.518815582876773e-06,-5.588217871894613e-05,-6.161894863744984e-05,0.00023077679709408591,8.239633627549023e-06,0.0038677948658878874,0.0019093484623121514,0.0038297603089098384,7.320450944373461e-06,3.165456336527787e-05,7.027959284447554e-06,7.24791684420436e-06,6.549441821499953e-06,4.118186148802042e-06,-0.0002087538064633191,3.508859282897431e-06,-1.1806059168388032e-05,1.7761082767737237e-06,9.521724173944549e-07,1.3723854056044144e-06,-6.632343348328363e-06,2.0637122741391697e-06,2.920342159057027e-06,8.736438680627703e-07,7.271874968082261e-07,6.238305613123651e-07,6.370217427372955e-07,2.5449220861350105e-06,-6.848505860974958e-06,-4.8626645991376865e-05,-1.108795246402803e-05,8.770317422190309e-07,3.4759888117663654e-06,7.68720891357379e-06,3.6526961216257337e-07,3.114330397763872e-07,4.0179375791689625e-07,2.083677075558129e-06,1.8854495725036657e-06,2.5178922534642737e-07,8.231218166414743e-07,3.0787167626079425e-07,9.727137675868057e-07,1.4684872394561643e-06,4.301404358063729e-08,2.6634537673308284e-08,2.2995287217729003e-06,-2.303589750136362e-06,5.565250903845958e-06,2.6974959570942223e-07,2.4094558483996575e-07,2.419913820680411e-07,2.1358477326503807e-08,1.7113857145013951e-06,4.145268207537408e-06,1.2656728959353913e-07,1.1987685420249758e-07,2.300006084571739e-07,9.439241759423238e-08,2.9250404217404347e-08,1.7211732216570386e-08,-8.811580674552619e-08,2.3617830919587928e-06,5.491129218305271e-07,2.4195552669987047e-08,5.544690611895492e-08,1.0890082328885889e-07,6.586321291082219e-07,7.972836122466424e-08,5.2402697155722245e-08,-4.0699797951357403e-07,-2.698521340268038e-06,4.4853907698574435e-08,2.805604191055952e-07,5.25672420258364e-09,5.220794413752265e-08,-1
9.9647350908997e-06,9.990525484564507e-06,9.361133411909745e-06,0.0006984965859337114,1.9243550470560117e-05,7.033246924167181e-06,0.00011942799863503527,7.149498933958463e-06,1.5216357330444464e-05,3.727850064811956e-05,9.855295576508426e-05,1.3206471859562865e-05,8.264355367842262e-06,2.6531097912245104e-06,3.643608836919296e-05,3.1861646967586086e-06,-5.977220797949631e-06,5.58232224839732e-07,-1.8265562851881966e-05,1.2304140544235947e-06,1.0845414461228811e-06,5.2938286653280365e-06,3.652464823382235e-05,1.3096028459914123e-05,2.7926282721976933e-05,0.0001595026536513967,-6.012761797192376e-06,1.3101859203363642e-05,7.867218471960662e-06,2.500474196130531e-06,1.2774749455125165e-05,1.326827432929534e-05,2.9904738606890223e-07,5.547322928690778e-06,6.226132754867612e-07,3.992639358060138e-06,1.2398866177877068e-06,3.9630413629063065e-07,2.85797951138306e-07,8.185997984401441e-07,8.203249531140553e-07,5.226088204533769e-07,-1.0674144812109271e-05,5.229095933954056e-07,1.781614717073249e-07,5.169176667017208e-07,7.650428170790902e-08,9.833773835338874e-08,1.6539523116398491e-07,1.6043817121041874e-06,3.455665659513231e-07,1.898658258168954e-07,1.5233471611934915e-06,1.236612266526784e-07,1.563634161429056e-07,1.085704268004393e-07,7.416573344290663e-07,1.1724962512398942e-07,-6.029776926408804e-07,1.3309393262054187e-07,8.258503607276991e-07,2.7961550971970636e-06,4.1063095177220725e-07,7.692554143255825e-08,-4.660611927133651e-07,-2.9299460845369316e-06,-4.273561894051646e-07,6.30980669077103e-08,6.287990766664017e-08,1.073325506720787e-07,5.09775529098622e-08,1.819359677092901e-07,3.395636284310845e-08,1.2348255337346817e-07,3.426890248480324e-07,-2.550240334254097e-07,1.0123526855626447e-08,1.1959816004265225e-07,-1
0.00011181288639424402,8.589962541586085e-05,8.589962541586085e-05,1.0152983572533702e-05,2.103401690087217e-05,1.0133740587861906e-05,7.740906343044795e-05,6.32697165254702e-05,6.26647041646218e-05,6.277983120637266e-05,6.351309361141737e-06,1.1779713403906984e-05,6.601187463170794e-05,3.9364329720311605e-06,3.579883264096424e-06,3.1266853932584275e-06,2.392285062976144e-06,7.136753332069061e-07,2.7951573344292597e-06,8.707685375521066e-07,4.948870357982311e-06,7.760400447955066e-07,1.349068662765458e-05,1.77144791814238e-06,4.427962140318573e-06,4.360116487129866e-06,2.0360016923669464e-06,9.904853894672149e-06,4.237732629081135e-06,5.601841462774348e-06,1.389533293228695e-06,9.880432314052734e-08,2.201946091596073e-06,0.00018251365924294735,3.216054451163977e-06,2.9011392592991914e-07,0.00014184297440406805,-1.7821523528658627e-06,3.3227961211795556e-07,2.912313229046732e-07,2.7112781275457265e-07,9.015411591189705e-07,-1.6645469838618962e-06,-0.0014676718956358407,2.316559924865038e-06,1.3262994060323703e-06,5.102547225623416e-06,3.68630301845183e-08,3.2203814008001123e-07,1.7339324788426525e-07,1.2434294159520633e-07,2.1443521962568975e-08,1.1592439361680028e-07,1.0627133614848e-07,1.3574641154834266e-06,2.3406069661404685e-07,9.154558213339399e-08,9.083620721298567e-08,1.0617921056135886e-07,1.4540558947229222e-07,1.2043398846400638e-07,6.922947391497887e-07,-1.4041314395191268e-06,3.492487067834895e-07,1.2109559306677353e-07,-3.937258110226777e-07,1.549916804769956e-06,1.913462684403124e-07,5.7013288013383824e-08,1.666941660446503e-08,3.9114937692057067e-07,6.472077632150203e-08,5.562188804339199e-08,5.56657369115247e-08,4.757363377840408e-08,5.5415734740000295e-08,-3.3024983927351947e-07,1.6323916579339804e-07,-1
-0.0007536051949198237,7.499195115486424e-05,-0.00023912400079520335,1.0672020507818919e-05,1.34636136806542e-05,4.8297589915341926e-05,2.368733649244015e-05,4.465565036979164e-05,5.6186208576788674e-05,1.3060652655386304e-05,1.738618116448852e-05,1.6195111672087213e-05,1.0459307421944991e-05,8.766142631346858e-05,7.2451831185750766e-06,-5.871125388607852e-06,2.4044963192914305e-05,2.3836384400470565e-06,-2.5652049524028048e-05,2.0693960914722344e-06,1.3527564212485207e-06,8.681700063787189e-07,8.609168099794501e-06,7.830340843596744e-06,7.807438202664224e-07,1.0627303291512039e-06,1.0565196888026423e-06,6.545830427889444e-07,5.956324809935086e-07,5.467975656919622e-07,3.909371345576858e-07,8.920941665086327e-08,6.327005009915988e-08,6.204326574453159e-07,8.891549524969649e-07,1.1627374114329257e-06,2.9800296939465575e-07,1.72811956138225e-06,3.2250686576003945e-08,7.652272246762259e-05,1.5509692031975717e-06,6.992601353633163e-07,2.3085385029565626e-07,2.0546700030275e-07,3.3566244632064317e-07,3.845394624127531e-07,5.1632792142091355e-08,6.232466147503085e-09,-9.627960724601537e-07,1.321680298158046e-07,6.303098929955559e-05,7.535513571519528e-07,1.2008012967988218e-07,-2.293237336931001e-05,1.2703417850689917e-07,3.51601054527234e-07,3.366293896568287e-07,-1.8841130864736063e-06,2.0723428219255786e-08,7.380802087720728e-08,3.731185953703434e-08,-1.4513265502818052e-07,1.0196987597182889e-08,1.1245246581294359e-07,6.237485388370144e-07,6.830834631619658e-08,8.751291103557457e-08,1.782968225955647e-07,4.858043713618929e-08,2.3362737272456215e-08,2.76562657526732e-07,5.0961739418983646e-09,-1.1493596929492713e-07,-9.796035023896991e-05,2.2383071349333575e-08,1.1203386826230627e-08,1.1467717772962602e-08,7.552623405115745e-09,-1
7.55752734184846e-05,-0.004438626548564625,-0.0037911173894430252,7.569500414390577e-05,1.674850093889695e-05,8.027753910139034e-06,-0.41057677238320517,0.00041563595326242454,0.0011606210625860474,7.074481039074689e-06,6.721293842393323e-06,8.871559570060152e-06,8.600735305921823e-05,-4.1470889708742465e-05,8.244395267471214e-06,2.5356199288193633e-05,4.635988814216911e-05,9.987372779851949e-06,1.6486146809672388e-05,2.718391097525697e-06,-2.989050009940042e-05,7.080683621584168e-06,6.9361431911283425e-06,6.04420820070619e-06,1.5319248985802052e-05,-1.3977014757344706e-05,-4.575969902363479e-06,3.3146431561649485e-06,-9.337399309816538e-06,1.3074134277431239e-06,9.85404846539364e-06,2.4163233105996245e-06,1.708562496647178e-08,5.143967971194442e-07,1.2071533454942131e-06,3.7589186111266805e-06,5.759662172157958e-06,3.4914317098600056e-06,2.874597136293409e-07,2.773265288205567e-07,2.707807907166696e-07,2.7491999656850545e-06,2.304325843775274e-06,2.680860854342792e-07,1.482018984296254e-06,2.444884245618812e-06,1.0062596717056665e-06,7.479921751771765e-09,4.6272230084716745e-07,4.656296396791496e-09,1.258728817591506e-07,1.473039727317944e-07,1.312455179395732e-07,3.0482378058302945e-07,1.195667538556603e-06,1.652804327334304e-05,2.5194060329809497e-05,1.715842047644282e-05,9.52189393881489e-08,6.190054671687323e-08,1.0624854556681354e-07,4.4026691293660736e-08,4.524004023969762e-09,8.375426921311759e-08,2.611737926524501e-07,1.0476822767931299e-07,6.389914011406156e-08,2.9783558405902792e-05,3.032961767307807e-05,2.9679638276869602e-05,5.8514699521825776e-08,-1.038566501021724e-05,-0.00020890941052571397,-4.8102094377539e-08,1.8430935032384509e-07,5.02002840784562e-08,1.0451463253999406e-07,7.731152694030658e-09,1
1.563979357073139e-05,0.00012379645679610397,1.6299224659349745e-05,9.779534795609847e-05,1.2196641265746338e-05,1.0368489528365523e-05,-9.760639621038129e-05,6.6729270904426856e-06,1.2221886999049909e-05,7.547032602344944e-06,1.0480674780883711e-05,4.961106157544595e-06,3.94999764726404e-06,6.010783914610801e-06,2.911610151187875e-06,8.608576907325564e-06,2.8340084767670075e-06,7.031776129600007e-05,1.3022709728286263e-05,1.4193444953857685e-06,1.269669875244028e-06,-0.00039074013068990507,6.271724574407188e-06,1.0110419968928433e-06,1.9343335521680827e-05,5.413849854004045e-06,9.073783330506813e-07,0.0010326852130294881,7.626190046349939e-07,4.892835633055264e-06,5.513845871657317e-06,8.743652061424388e-06,3.8897744080332414e-05,1.2557471425550277e-06,1.3943398881263388e-06,1.5204170670667765e-06,2.921039409593424e-07,3.309978139027337e-07,2.719923532362988e-07,2.6609522059370075e-07,1.4237153066504701e-06,-2.109860835131479e-06,4.519361857923143e-07,2.3594591094295409e-07,2.761103192154791e-06,3.246719493091429e-06,2.721711419285614e-07,2.2491171397930502e-07,1.3501956950256834e-07,1.285923572954287e-07,1.1820995948220583e-07,1.0782387218309229e-06,7.629789190182164e-07,2.3348291443681628e-06,1.0066594250443824e-07,1.4842477500490055e-07,4.0987657991301993e-07,1.57323953625872e-07,1.2688773389331726e-07,1.0227860043577257e-08,-7.620220971741794e-07,5.035386238793184e-08,2.2165062206743205e-09,1.7358452490738653e-07,7.488906729527794e-08,2.26165689921112e-07,1.1721498089060682e-06,9.301899291463409e-09,7.004858399691734e-08,4.783083579683391e-08,4.175442539088463e-08,2.8307093649065912e-08,-7.696966967938266e-07,2.914887069535436e-07,1.857620541175435e-08,-5.5521817145329735e-08,4.085846204786958e-09,2.1960148042389693e-06,1
0.00026260932869148453,1.741107403950037e-05,0.0010485528253700912,9.072689205785777e-06,9.430092295704167e-06,6.30362236693567e-05,5.3313842439152843e-05,8.83659786643165e-06,8.49250156433289e-06,0.00043096661087207734,7.372727272727273e-06,6.872072721390789e-05,7.675826801507113e-06,4.22889541723924e-05,6.38803965343359e-06,6.243864928899024e-06,0.0001821123023518415,1.67447874475987e-05,1.286446606180872e-06,1.1720091815872864e-06,6.3280347160563755e-06,1.9207621396583075e-06,1.3079089643252688e-06,3.2868627080547713e-06,3.1579029998999825e-06,8.63407026713648e-07,1.1892252341141902e-06,2.0652361251941393e-06,7.036072997182084e-07,6.334582813912717e-07,7.934442155711767e-07,3.9711538461538467e-07,5.45451792405981e-08,3.6578030694686307e-07,2.1756286181034945e-06,-2.9265298210621023e-06,-1.1189626809670198e-05,3.024442338496781e-07,7.64520101484778e-05,1.5944973307827584e-06,2.8245148319814587e-08,1.6338367334294555e-06,1.414220828073871e-06,1.0892161018217297e-05,1.1118261433719322e-05,2.3318840967171718e-07,4.955144727966734e-07,-2.2860132920761852e-07,1.2626102793072698e-06,3.529422841819795e-06,1.4353736656690163e-07,8.920073044992476e-07,1.563271486993133e-07,-2.669856802561856e-06,1.0267540660394722e-07,3.7312228461057356e-07,3.3191523716451683e-07,1.0430595333405427e-06,1.2129332236256863e-06,2.8204705391608674e-07,2.1526756185310063e-07,3.2738809259854173e-07,1.4414920038939334e-07,1.8080895619810797e-07,1.0287388583634294e-09,9.49494247955529e-08,1.8434606750202188e-08,2.1446886834742337e-09,5.0106972512382185e-08,9.423770723125587e-08,4.367177194154216e-07,8.50184263320963e-09,1.0151018711465383e-09,4.3865660308325473e-08,4.765059847948069e-09,7.939803858944337e-09,1.18257477031715e-08,7.386960840459954e-09,1
1.0701811880203398e-05,0.00011875024019346458,1.082958364999412e-05,1.096982491881757e-05,8.603853597968263e-06,2.3979377080380913e-05,9.591441451082046e-06,0.00017005622590054886,1.310364998557767e-05,7.945724660924084e-06,-0.0001258671361238031,5.730151904706384e-05,2.2830969747321886e-05,-7.292858796961202e-05,-0.0002724415523855206,0.002472806968742755,0.001770166053935917,4.358728821845628e-06,1.207083598196794e-06,-0.0003096661343241357,1.9446332418897628e-05,1.5831135234204968e-06,1.0929992401520424e-06,1.0961270553682736e-06,2.882358756725586e-05,6.665513535600628e-06,5.507610394307317e-06,1.0154457631331012e-06,6.656811113872552e-06,9.513999881010544e-07,3.8632915547992066e-07,1.4166213817366166e-06,1.354319653640528e-08,3.34842802421062e-07,2.008123881984326e-06,3.1355477644065143e-07,3.0822903439885124e-07,5.792516137307922e-07,2.991068984888233e-07,6.036749873833241e-07,4.108910429353557e-07,-6.76215140824132e-06,5.185175553764925e-07,3.0223348829423995e-07,2.060899141200867e-07,1.8119657198308282e-06,1.4852467673175007e-06,-1.3377010896467539e-06,-3.163953106634563e-05,1.256061058503967e-05,1.5505747192501402e-06,1.1214459758104526e-07,8.827544834378392e-06,4.083733592795522e-06,1.0657596965131654e-07,2.052043718128084e-07,-6.47982651699101e-07,8.983139345383274e-08,8.673571243967407e-08,1.0287811528349181e-07,1.0723933478253573e-08,6.474122510278205e-07,1.4416676729113056e-08,1.0916220394981973e-06,1.3188917447737913e-07,-5.627111514785373e-06,1.9605640475454948e-06,1.0100882234458157e-08,5.072839872638329e-07,7.08158262170158e-08,2.316954916971641e-07,9.514500070749348e-07,4.1425877080420325e-07,8.214032528315778e-10,5.853625879318899e-08,4.4021040344997486e-08,4.665876235231473e-06,1.6767104552093238e-07,1
8.061390629472761e-05,3.719545722041698e-05,1.9160297887906307e-05,7.359769173090471e-05,-0.00010271189780160393,0.0002673065573003635,9.167484371945525e-05,6.77154637198224e-05,3.438400973379791e-05,0.00011423654428104056,-0.0001803162366709768,5.126007323150188e-05,4.58298196155237e-05,3.557596597248464e-05,0.0001331271634362623,7.961421261084434e-05,5.8910627037257725e-05,5.3647930321404796e-05,2.585750920716071e-05,1.2282709770954647e-06,-1.186807380691909e-05,6.128965239983062e-06,1.722201358978049e-06,9.430450876231226e-07,1.7021556300403778e-06,1.0964449321941424e-06,1.0564799880126898e-06,7.744009230245134e-07,4.431130672866074e-06,4.087365665194461e-06,1.8950601485422071e-06,5.84658241356577e-07,7.163724664747562e-08,0.0012948116843826433,4.252545911948311e-05,3.3529498451454605e-07,3.240035720452781e-07,-4.11943941023705e-06,2.8215838520943906e-07,1.3890368227893785e-06,1.3847485213282462e-06,0.0001517740356527967,1.1744313038037096e-06,1.803203351358033e-07,1.664043671387047e-07,6.815865312095229e-08,4.6854567217034745e-08,1.2612745524912935e-08,1.9264679642813814e-07,3.65925573444594e-06,3.6346218539137472e-06,2.1246970857485458e-07,1.9343196374391246e-06,1.1857685234442076e-07,1.1486601820404972e-06,1.6157825504414669e-07,2.0418346494050815e-07,3.108463575629213e-07,-1.0268662220606475e-06,3.449457786451995e-07,2.0096631709589312e-07,8.573607008600627e-08,3.052480218899949e-07,8.55510503514683e-08,1.0418167782629011e-07,5.209047214082389e-07,-4.0810199833075933e-07,2.613145345474343e-05,8.797097170927583e-07,1.3912588847233259e-07,-3.961325724576679e-06,5.3565278208825835e-08,5.2208039960674834e-08,2.9070969199183183e-07,5.108308380314096e-07,1.865507277373738e-09,-2.0671193814619237e-07,1.9110354684549962e-07,1
0.0001134704120024088,0.0001970023995095753,9.12875010146223e-06,0.0007841217849785757,1.2803928835519336e-05,0.00022861892139934743,8.326758122913716e-06,0.00010586863539669232,0.00010652389355896243,-5.9834095270155206e-05,9.612256633947189e-06,6.705886806136237e-05,0.000182975761591385,9.418898079220573e-05,5.723478570176417e-06,1.0279146142726553e-06,8.504993146145871e-07,3.227589241259974e-05,1.3260645998413484e-06,0.00011620036397224898,-7.752739219606612e-06,-6.515206156536215e-06,1.1620933753506465e-06,2.5704483270042213e-06,-9.046322438164294e-05,1.9036077743950986e-06,8.4644329649778e-06,4.298001216724739e-06,4.298001216724739e-06,3.831640286484345e-06,-7.71375229927388e-06,-1.4475282092093506e-05,-1.1306610646981964e-06,5.143752190783896e-07,3.2963927587728986e-07,5.72385385425189e-07,3.2236591844842185e-07,4.119299567715578e-07,4.0547056463077736e-07,5.421936212023907e-07,5.089635607952765e-07,3.031299307940231e-07,1.4361840681446289e-06,2.3938725011563133e-07,3.449533114769359e-07,2.498905799275498e-07,2.1654008939132477e-08,2.653231357313912e-09,5.314669691691329e-06,8.288837161050483e-07,1.8795398126553628e-05,4.624130577541534e-06,1.255791083916084e-07,4.5441550677963387e-07,1.1677408777819521e-07,7.928033100937972e-07,2.170370035608404e-08,3.564717331187423e-07,3.948769451615853e-06,-3.0275645529583485e-06,4.3152752422151556e-08,2.616373038687297e-07,7.321026127661679e-10,1.9650718778352113e-06,6.041962912180519e-08,1.1467627807809202e-07,9.231838478789607e-08,-4.6831512876725934e-07,2.5263223999199856e-08,7.140139397025977e-08,4.7648801471071674e-08,6.683582754133878e-08,1.3179322107227381e-06,4.419391984911102e-08,3.968884926035676e-08,3.101784500411618e-08,1.9591936955431423e-08,1.4107352435934e-07,1
2.8729414385453654e-05,0.00011227585651438918,8.767425189408246e-06,0.00010438435090348105,9.984027062150197e-05,-4.6371754084803187e-05,7.483363246349704e-06,2.0131509525087142e-05,6.588285214570165e-06,3.9037082204804805e-05,2.0176225975829545e-05,6.776119013677321e-06,5.942528453351728e-06,1.9556892507998785e-05,0.0001367982989699496,3.677313935491252e-05,3.05235560328301e-05,1.1789025848384543e-06,6.999826851895303e-05,-6.480174015196869e-06,8.044567882684431e-05,1.7285864978902955e-06,1.0660774585302399e-06,1.4960335636622074e-06,7.956497447308993e-07,7.990387354172911e-07,2.2871970198923125e-05,6.624262750298282e-07,1.0600371403493924e-05,7.154348212720521e-07,6.335470658318653e-06,1.0509182553437106e-07,8.775507207825777e-08,-2.3079873797625844e-06,4.071420719888154e-07,3.1222685626008577e-07,7.096406625150484e-07,-1.6524229173283806e-06,-5.680638838014489e-06,4.230983121520021e-06,3.9457089909158623e-07,2.1799401446072426e-07,1.2275406055012257e-06,1.4890116014160038e-05,1.4019206159905283e-07,6.979245447122493e-07,1.7844362573407234e-07,9.014110317745674e-08,-1.6932420875452836e-06,2.0515211652551492e-07,1.7944699783101851e-07,1.4783059713761036e-07,3.5775920352159893e-07,1.1147907780581041e-07,6.363505150889454e-07,-2.144939393177454e-06,4.644131475630169e-07,1.2108567090249574e-07,-5.814316030365584e-07,5.3898954918271234e-09,1.8748639218632447e-07,1.1207811376343812e-07,6.617749298769187e-08,8.38842260296073e-06,7.545300358158516e-08,2.744614892449104e-07,4.856999966668456e-07,3.386042345558909e-06,3.234580183403014e-06,3.383116333791392e-07,8.245351343819271e-07,5.120144198196219e-08,1.2141922852223737e-06,2.8517738649499387e-09,1.2066619563118666e-06,1.9313456983859154e-06,-9.058651314028161e-08,3.6643300780241057e-09,1
1.1486634633499422e-05,9.607147299667816e-06,0.0003332148501932962,4.50885782565549e-05,4.031578800527503e-05,3.597813310110897e-05,0.00013995380777207862,4.722795564339269e-05,5.926230295082047e-06,5.872896292722863e-06,5.775190008928366e-06,7.643201331751815e-05,0.00012041650776952686,6.569958558950655e-05,7.742868675424422e-06,5.262669850267711e-05,7.943826845985174e-06,7.120912329826115e-06,1.413189169755197e-06,1.3851101989818473e-05,1.1146747357186086e-06,1.1126517517596642e-06,9.609530107268991e-07,6.287479075347516e-06,2.5735101770359243e-06,8.24211079943899e-07,6.1379033017344175e-06,1.70997873712437e-05,4.524838186972034e-06,3.5358372599527184e-06,2.988508778260752e-07,8.995779305710805e-08,3.036361663812009e-07,3.835223939884132e-06,1.0673088477394996e-05,7.54242711755793e-06,2.9167004845209615e-05,2.3511233124320706e-05,4.7421958650071617e-07,5.929415267078757e-06,2.1076105018755367e-06,5.990299676000998e-06,4.6213412789719213e-07,1.0182368759127073e-06,1.35345512281179e-06,-1.1936562339538752e-06,9.351345214659562e-08,3.250187854750288e-09,1.2028509268332073e-06,-1.211365503063533e-07,3.6206576331654335e-07,-5.398891608851163e-06,1.4335155688910005e-07,5.199633766225304e-07,1.1499639332953862e-06,5.622595277289187e-06,-3.449167930556937e-06,6.165170298306035e-09,9.54444293695296e-08,2.5037622010331795e-07,1.9180321960956652e-08,1.7925968135536785e-06,8.382489112719499e-07,1.0922117373614579e-07,1.3322582332575803e-06,8.580659563673261e-08,1.2159589141885483e-07,9.277655835923624e-08,1.0160179129331051e-07,6.468326348261539e-08,1.559929124408755e-07,3.48709046147853e-07,4.976187569682275e-08,9.599303279939813e-08,9.999719808186445e-08,1.0732991614961574e-07,5.4525977692066626e-08,2.9422880709088687e-07,1
1.0591497081061673e-05,3.801387509537995e-05,9.441510440755134e-06,4.916773655967024e-05,7.81306058258164e-06,3.0959282468881144e-05,9.34370138409204e-05,3.8609272511401136e-05,8.131452795439837e-05,0.000626492242512581,0.00014592194972322652,8.292697180919053e-06,2.98395957126128e-05,6.12156527906234e-06,5.853918863886508e-05,5.285177749174597e-06,4.301090083484865e-06,6.728531891158366e-06,0.00023466906653593004,1.2263121004630901e-06,4.165185627416203e-05,1.204094398019958e-06,0.0004459288824421297,1.0570419780398957e-06,1.7473933471204556e-05,8.784127460460369e-07,7.897640729111124e-07,4.753071647874138e-06,5.265135997067099e-06,-8.319579682489209e-05,3.4883179623207484e-07,3.0527440388227937e-06,6.165032361981242e-06,1.1018063229318866e-06,4.5407909977432995e-07,3.142596291011445e-07,2.570195311670907e-06,8.562929508286072e-07,3.6372067967871454e-06,3.137194550301728e-07,2.8951155672375877e-07,2.4378530800903066e-07,1.4047156074422518e-06,3.9486553178291025e-07,4.721217840045805e-07,-1.4597196893486357e-05,2.3623134895936663e-07,1.6259820782730806e-07,1.3616361679407018e-07,5.586548048082578e-06,-8.07418779872374e-06,-7.189793327678377e-06,4.099024097055343e-06,1.6737887992828079e-06,1.6960087537472924e-07,1.1424103044241354e-07,2.0765909185795823e-06,1.0689943006660271e-07,9.002556615949362e-08,1.6563080317959257e-07,1.3202458392268606e-06,1.3172705688674209e-08,1.171280227080945e-08,1.1330091143783267e-06,1.5979636412336864e-07,1.4373801280059212e-07,1.0797409129908267e-07,1.5228862195160788e-08,1.6269879279671551e-06,1.4930763347940127e-07,1.3973221098331466e-07,6.966012662763296e-08,2.838622989353495e-07,1.473055591307076e-06,3.8184464789495845e-07,9.93008029864807e-08,1.2067037481152842e-06,2.069133862410512e-08,-1
1.9845332186784543e-05,-0.00017084597307226966,8.114163433181927e-06,7.1355534997065355e-06,7.376951629900051e-06,6.897015930038652e-06,1.0559839132895927e-05,0.0006866360844082096,5.140215191074163e-06,3.4837881495131966e-05,3.592900451991809e-05,1.90660198762729e-05,3.967098764781489e-06,1.1340790333725105e-05,1.4241459008899384e-05,1.3409731686541737e-05,0.0003114524093116594,1.435263372988379e-06,5.6537929380382424e-05,1.259484379677651e-06,3.2646625497198164e-05,5.688363692683863e-06,1.5544959291450565e-05,2.4027832306715483e-05,3.470522160731932e-06,8.73802610714402e-05,3.7299494640766e-06,-7.54781970083962e-06,4.278997192158069e-06,6.409840196128176e-07,5.376362604356082e-07,1.6288398981052626e-06,1.1078364873813117e-06,3.3539942572856104e-06,2.967952938204095e-05,-2.2596144183612997e-06,2.7966820336983985e-07,-1.1239887710065506e-05,-9.11022323820141e-06,-8.530704786204969e-06,5.890988831495763e-06,2.1389592625660616e-07,1.1493888990731304e-07,1.1567646281577642e-06,2.6454697197307467e-07,1.0684145684160036e-08,1.6524219279026665e-07,5.690456783955004e-09,6.982760385936825e-06,1.9412880820607887e-06,1.148116190693628e-07,6.59263454706697e-07,2.92521205397864e-07,1.0527818447495413e-07,1.1029034923677792e-07,2.7534550966705666e-07,1.1091263510465577e-07,1.7071294117641912e-06,-3.5909334344692203e-07,1.3647367166145254e-06,4.6918863835884357e-07,4.700829727922753e-09,4.744315099706264e-09,6.91393589284647e-08,1.0908720385114327e-05,6.561464415005088e-08,5.25593575041673e-08,5.1783041741180674e-08,5.62031414548544e-07,1.82975761591385e-07,2.025350946284203e-06,-2.8658532685134932e-06,7.088145773712657e-07,6.668508090031957e-09,6.23003878239995e-09,1.1428276286161413e-07,5.246530551461445e-09,1.538717577202895e-08,-1
9.351096508219834e-05,8.006609825569493e-06,-5.0547001651896565e-05,7.847129869138406e-06,7.676124061678408e-06,1.756662938597126e-05,6.037831583746517e-06,1.7144453198399748e-05,2.7736983932253727e-05,-9.724468375658754e-05,4.643374750335833e-06,3.7234971119403296e-06,3.881906584416636e-06,7.543287505705299e-05,-1.2806300808552169e-05,-8.704991119643911e-06,7.302478046800301e-07,3.727180422469874e-06,0.0004614083358874053,3.536468797516139e-06,1.014270429147741e-06,1.532664211072649e-06,1.319979891611991e-06,1.2050018056892083e-05,3.6928856782378046e-05,3.6928856782378046e-05,1.4876491133295889e-05,7.14449561781193e-05,2.591603375048014e-06,1.7333977142298057e-06,-3.705140763272781e-07,1.5604906124138078e-08,7.082209145462158e-08,3.922776696689508e-07,1.70566510704444e-05,1.442178516876474e-06,1.2853785780488638e-07,-8.547278566414588e-05,-2.6197670361967257e-06,2.610478639784577e-07,3.221823854392796e-07,2.705470618052917e-06,1.4578716740013235e-06,-2.7954887780887484e-07,1.5848137748733587e-07,1.957473240435036e-07,1.9807757213981218e-07,1.3456697361523363e-06,-9.301475062382509e-07,2.2711046986849443e-06,2.1704397723831264e-06,1.3865250675984115e-07,2.437296450152189e-07,1.8349984038585473e-05,7.328849348011707e-06,7.744844316636753e-06,9.91122693580831e-08,6.030211080146547e-07,8.445135177448613e-08,4.153024882805328e-07,1.1159727641488896e-08,5.627853975901355e-08,1.6387515844170282e-09,-1.6493787637789798e-06,4.4067456582932745e-07,3.8509899046990684e-07,2.9097654374297165e-08,3.187624040448086e-07,5.7637283575933226e-08,5.865652157209119e-08,-8.535646525440131e-07,4.9103226413875345e-08,8.740502588232657e-07,3.3738803679508024e-08,2.551894517449166e-07,2.443660560164523e-07,5.5448159765769376e-08,1.61285740565648e-08,-1
6.63114597346575e-05,9.50828351940065e-06,-5.653662522756894e-05,3.171733752936389e-05,3.7385727580456355e-05,-5.011157704705186e-05,1.536390931746092e-05,0.00018126655520413128,1.8849260693728827e-05,6.2383928165432374e-06,5.995960987498466e-06,5.628396695049003e-06,4.261117078150617e-05,3.7399391478972766e-05,2.2370398052007703e-06,4.197250370367103e-06,5.24977471585882e-06,-5.5897192096995964e-06,7.0068027797032995e-06,1.0283780299257118e-05,9.816406314713674e-07,-0.00011014315759658488,-3.8711387651375785e-05,8.459399233051418e-07,5.0697894660080585e-06,1.8917793935652593e-06,8.06617038098151e-07,-3.6723581390107566e-05,1.7509515972745152e-05,7.528414273187976e-07,1.772252014786623e-05,-0.00010789634698487342,2.261407960230996e-06,3.371284619144885e-07,-4.957138167174906e-06,-6.327628632306285e-06,1.3098032583393105e-07,3.0235346076904816e-06,2.642797592483902e-07,5.676534115083885e-08,-1.4871460241259716e-06,4.8888144133777446e-08,1.367735436384372e-06,1.4692958388079592e-07,4.407849224680263e-06,1.5722915724560297e-06,4.962376175153007e-06,1.1535274418950348e-05,7.0451897811027205e-06,1.4596530630345778e-07,4.609475302469084e-06,5.490547824235689e-07,8.888068269818535e-08,1.2444387621605555e-07,1.5734522011121565e-07,1.2847149366969914e-07,-1.0301212482886937e-06,9.478904576434717e-08,7.743480006034149e-07,3.7258228906703436e-07,4.419462358274498e-07,2.1131222755159377e-07,6.125254775351701e-08,3.0970005741625227e-06,7.685717839734254e-08,3.618968922208252e-07,4.1139646321393715e-07,6.649484290696721e-08,5.4910553043804025e-08,5.353388969734817e-08,1.165699980924539e-06,3.896254635162186e-06,3.770061105356181e-06,4.230391202904237e-06,4.5585096095315326e-08,2.448518596072741e-07,2.790654369856599e-09,6.355061476788137e-08,-1
9.929283345540438e-06,-5.05902760851931e-05,8.357835453743175e-06,8.269180082485533e-06,2.0273891846665594e-05,2.2368879693524995e-05,7.414011178415809e-06,6.77605369898774e-06,9.623216853119157e-06,6.580739534176725e-06,-0.0027045674083428783,0.0003563386677984024,-0.001453895721889221,-2.1592238846991223e-05,4.106533029172131e-06,1.3283214996628749e-05,4.990797071050884e-07,-4.606937633716773e-06,0.00012755903557380707,3.532708883219252e-06,2.2885372094161786e-05,-0.00015625425409843312,8.1825073563564e-06,1.1675389443100146e-06,1.012297894807784e-06,9.470468450221317e-07,9.27487196843287e-07,9.714838752409559e-07,8.102929675269717e-07,7.83386330031041e-07,8.029926646609352e-07,7.035495868811254e-07,2.0056335104980425e-08,7.046076792718458e-07,3.6930665290145004e-07,6.274821028079369e-07,2.9381524188673064e-07,-3.534346492304168e-06,1.9195679133395363e-07,1.7197684260503086e-07,8.992154268896291e-07,1.4367742861439166e-07,1.2575109855425796e-06,-1.8406636825676622e-06,3.9808595527889023e-07,1.0014577766206287e-07,1.9795564583471195e-06,1.5850972735173745e-08,7.0248334536840665e-06,5.597629493107558e-05,1.0776587390685394e-07,2.130425009893562e-06,1.0237613419118189e-07,4.536328785749504e-06,8.03158623605338e-08,1.5062522571115104e-06,5.77013387224657e-07,4.616107097797256e-06,1.1118704066453274e-06,2.2252279701405288e-07,2.7084339284840714e-08,6.661305890551446e-06,2.242599020294342e-08,5.6361518248821756e-08,8.518373564347488e-07,6.446252183536426e-08,3.8609974771273606e-07,7.110454615854827e-10,-6.556524234146432e-07,-1.2478098306868393e-06,5.720560528861609e-08,5.375362844211799e-08,-3.139306216211928e-07,4.324739431976212e-08,4.112615373468965e-08,4.537068191363013e-08,4.115891685568055e-08,5.4643708365280526e-08,-1
