7.851124942826784e-06,2.829995764296622e-05,0.00013359546604732467,0.00013124881399269778,0.06699198872829792,7.510777043403531e-06,7.235101843356742e-06,-4.8035797398363204e-05,-3.6910814317447326e-05,6.314419346821967e-06,5.900705880274257e-06,4.015023721700312e-06,2.6095057182578313e-06,2.4093158288001838e-06,2.8157875503061056e-06,2.036752088420027e-06,5.142327070276094e-07,5.641734073352386e-06,0.0006264852036310754,2.0458888798853617e-05,4.912858990107887e-05,2.180728800606644e-06,1.3871967142962461e-06,-7.700045621772428e-06,1.010037913600898e-06,-1.560480025876714e-05,1.224670989899208e-05,9.358892549543261e-06,-1.7685878310631765e-05,9.872016804425483e-07,7.261064840727248e-07,6.852810429655164e-07,3.2191872259277243e-07,3.873072712434185e-06,3.320531436125805e-07,1.0135378967241195e-06,3.016980981192837e-07,8.044248674204131e-07,3.1299684530206767e-07,1.7679909806707035e-06,2.5440282058921874e-07,5.87729175772055e-07,4.960765131461967e-07,3.08434054853657e-06,1.4074267886179025e-07,7.46009088137239e-08,2.6687856980114338e-08,1.7495332157813642e-08,2.9213264651993897e-07,8.355398559181792e-07,3.132265264610107e-05,3.9405881433243213e-05,7.354725423038117e-07,2.512671768214973e-07,1.1494362443517277e-07,1.0476116934461345e-07,9.707931520300363e-08,8.52775859739773e-08,7.347552887611112e-08,1.32356168214789e-07,3.231412784754787e-08,2.0544058669836362e-08,4.200627651064029e-08,3.031372451676916e-05,4.1352448663385914e-07,1.699315567988735e-05,2.656092521044956e-07,8.39838771692912e-06,-1.113301394468183e-06,7.064255589765751e-06,8.298279855312675e-06,5.9327407483219465e-08,-6.612141840584285e-07,7.692611761673404e-07,3.478667103344165e-06,1.235862683717342e-06,2.108436620639266e-07,1.9093849461876482e-08,-1
9.688154058208772e-06,0.0001854896834043935,1.001377379887643e-05,9.919248475609142e-05,0.0007784526873425234,8.411851137393678e-06,0.00014059637289600568,1.552094662213636e-05,8.57961710378631e-06,6.746964793000854e-06,-4.0604793649415975e-05,2.5045356908724883e-05,8.359306661098605e-06,7.612700827978984e-05,0.00010721903065538726,1.220624093345057e-05,3.4443724050341034e-06,-2.0146971524418003e-06,1.442736404564235e-06,-1.1776757700603749e-05,1.1051422615569999e-06,1.0767342600262915e-06,2.0320808289008925e-05,1.5672670423476796e-05,8.615939817912365e-07,1.577624789347973e-05,1.759637541552472e-05,2.58131888862662e-05,6.520477410946399e-07,5.899427565250868e-07,3.380374444055239e-06,2.853295387902634e-06,1.8408102623792956e-06,1.8195774037436619e-06,4.200951290064902e-07,3.772408967055095e-07,3.0469847444541444e-07,-1.6980975710441555e-06,6.980936536577609e-06,3.509940449002241e-05,3.108796900098051e-07,4.2052855092254917e-07,2.194091306466519e-07,8.2086643362836e-07,5.010950976753745e-07,1.8999105553282437e-07,2.596453167300541e-07,2.2786670130146473e-07,2.2092176235810786e-06,6.051676113178414e-08,1.466101271927192e-07,-1.7617048268782668e-06,1.3096943861624835e-07,1.3139435855024228e-07,1.1360265303933576e-07,1.10888347451406e-07,8.899898020550252e-08,4.480084946588623e-06,2.5661027340955674e-07,2.8992850535613535e-07,2.403980446927374e-08,-1.302901297888611e-07,2.8900955156533367e-08,8.42136426860622e-08,7.036894935385693e-08,1.0601208493714936e-07,1.6818204862380038e-05,2.087093134393467e-05,9.461970086029316e-08,6.910990644667641e-08,6.289810976026641e-08,-4.1399707793887907e-07,1.4244399589727472e-07,1.0698343445737319e-07,7.394886243760999e-08,2.1572987965285096e-07,3.85567248226027e-07,1.9664264047225155e-08,-1
6.675011004984788e-05,9.13393465717015e-06,5.7216008062401166e-05,5.576480308605087e-05,8.190271583784746e-06,0.00010012202636147789,0.0006268444911287933,6.376965569310523e-06,0.00030057988935121017,0.0006301149781314359,0.00048680911909582385,5.906281958849179e-06,8.921277701048117e-05,-4.750458064969938e-05,6.214232571700514e-06,5.348449584333291e-06,3.720987497728182e-05,3.84985192086945e-05,1.4470301236664658e-06,2.483668088511937e-06,8.1753496086222e-06,0.00015082537796127788,-0.00022762938005977426,-7.432052799218554e-06,1.2043919050202788e-06,-1.1102623324055965e-05,1.0013210236500916e-06,2.7139892245540727e-06,8.104455865711054e-05,1.003885014940995e-06,8.352110898135023e-07,8.247363092665668e-07,1.269139195071566e-05,1.2447541158378215e-06,3.324085193322233e-07,3.34956389306242e-07,2.1138114687026465e-06,3.4049180950703895e-07,3.1910888214490247e-08,3.523112080589381e-07,-1.7791036073467856e-06,2.1653146266881666e-07,4.949394486611259e-06,1.9040532539962896e-07,1.2519905348352737e-07,5.4123435612530967e-08,1.719351395627983e-07,-1.281348818566691e-07,-3.2262409065396105e-06,7.464345931027361e-06,5.502484858595132e-07,-1.0548989594417137e-06,1.1390303147505969e-07,4.758319791527636e-07,1.3111986510796656e-07,-1.9526332628666006e-06,9.947998933435764e-06,1.1537441178407955e-06,1.3998434857715714e-06,1.692349160810607e-07,-7.702412959697286e-07,1.993933543826126e-07,3.730191465158845e-08,7.860809241428498e-08,6.440354872671282e-08,1.0511548684019382e-09,2.614982252437053e-07,1.4932026018019271e-07,6.760731858524661e-08,2.894991863015192e-07,2.753292089051652e-07,5.260292763998733e-08,6.037102694892691e-08,3.1954645067354796e-08,6.239669720407569e-08,-3.003984117735453e-07,2.2391083518609418e-09,1.8187659292992616e-09,-1
1.5642784646079766e-05,-0.011462354398546619,9.737058056574414e-06,6.412664406257541e-05,0.0001225612480884968,0.0002912796308358667,2.0371972082075193e-05,7.202699278726598e-06,-3.893690311048476e-05,7.744355302112856e-05,7.620416634698362e-05,5.1147633356761314e-05,7.458342992694795e-05,5.859049776485003e-05,3.6315170198981326e-05,4.739081570733629e-05,0.00011422648700943053,6.8316136903038e-07,7.98191836106549e-06,1.1106059639628612e-06,7.56659271748486e-06,1.0676583525341395e-06,4.1293067532157105e-05,1.0767160736906431e-05,5.54512153741109e-05,-5.105630825651816e-06,4.935949007785895e-05,1.0487027483831086e-06,7.941411229751165e-07,-6.008901363029668e-06,8.59699463566271e-07,6.011001350243543e-07,4.06706706656105e-05,4.2193307100221514e-07,1.7148055061799415e-06,-3.2896661700906566e-06,3.0416478918051776e-07,3.288451516740725e-07,2.67945467951588e-07,6.731213326997853e-07,1.0994840846656658e-05,2.212236302167635e-06,6.357033839977329e-07,3.920042180531294e-06,6.67800454834568e-07,3.93382654180216e-07,6.496140407571392e-08,1.3492993866437846e-07,1.5939417753107373e-07,6.791092999277437e-07,1.556563781385806e-05,1.1103800388073849e-05,-7.186674393013825e-07,-2.66707533648715e-06,9.246125894593366e-08,9.790354214367992e-08,3.112387230935802e-07,5.087293950042567e-08,2.1104924839021235e-07,2.8762660349676494e-08,2.3006273960134156e-06,1.3452074765508558e-08,2.4266282773498243e-09,1.1549076858634913e-07,9.600960276950497e-08,4.864758709871487e-07,2.5606815571587422e-06,9.01090806139014e-05,3.635568253886649e-07,1.3404016801228643e-07,-3.48037410548403e-07,0.00024193618383808887,8.696132779594409e-08,4.686067496339647e-08,4.0738442371666636e-07,4.966332904611509e-08,9.18520876340854e-08,2.8096749146146886e-08,-1
6.313708553986217e-05,8.167085347828273e-06,0.00010253213634522739,6.865985866427531e-05,7.774272902323078e-05,3.619978841456021e-05,6.198433472289722e-05,7.0441172923575365e-06,8.975228968407019e-06,7.190916760545906e-05,-3.6123844445140454e-05,9.110784756852001e-06,1.1985145781143013e-05,-3.10774123815357e-05,4.702617194669802e-06,4.894554566477163e-06,-6.080443556438322e-06,2.204365744386519e-06,-0.0014327942998183273,-6.191352201257862e-06,1.9536857432728992e-05,5.225297686882274e-05,9.047161486975801e-07,7.099847422082017e-06,2.546496510259399e-06,1.2548945517189968e-06,9.525520793372953e-06,6.882195810210937e-06,7.427271747971679e-06,1.1460855209621258e-06,8.715152583355112e-06,1.9639590600710516e-07,9.093663117953357e-08,3.3829387619148707e-07,3.2296451731580867e-07,-2.3311302852667014e-05,3.196528214008728e-07,2.1678153558414477e-06,3.0002928044136224e-07,-1.8328809829845283e-06,-1.3707152120776881e-06,2.417086279954733e-07,-1.419052854321655e-06,2.7712242413322597e-06,1.4610568125892824e-05,1.0504696369965903e-07,-1.807588919716085e-05,2.0318714131055014e-07,2.9288117632246884e-06,2.2035879931270523e-06,1.42237821699378e-07,1.386016863870594e-07,3.3793539011341176e-07,3.3793539011341176e-07,1.31719001688742e-07,1.299009340325827e-07,-6.718057833318961e-07,1.271608920713982e-07,3.50354623539443e-07,8.679600242151882e-07,7.907328646166869e-08,6.336256081722291e-07,2.3352517081230862e-08,8.160981889590974e-08,1.6256646631207137e-07,8.375067102214712e-08,2.2917785058425376e-07,6.45698173187669e-08,4.4241778061497555e-06,6.373597493416545e-08,6.527396668380719e-08,-1.0520035562708903e-06,2.1104350589899754e-07,5.5569946952475265e-08,1.4077100332419775e-07,1.9274526630401472e-08,5.785660242717426e-09,9.342729848038398e-09,-1
7.263401671600386e-05,9.842076757293399e-05,6.13249444588724e-05,1.9110278188901983e-05,0.016014175072490033,8.855599474487673e-05,7.618516932103608e-06,1.1636706685621202e-05,8.747134087398492e-06,3.798957430673717e-05,0.00018079553035274027,2.126773997237593e-05,0.0002050001235571157,0.0003384460120415348,3.6808755893800764e-06,-1.2832975282213128e-05,3.882442651424185e-06,6.644644640828795e-05,1.25836869278799e-06,5.997656974057281e-06,1.330646505148676e-06,1.0672159561143867e-06,1.0208856684785342e-06,2.0513492120511243e-06,1.6054531945933353e-06,8.164949486763926e-07,1.1219036210508774e-06,8.045907206873938e-07,6.904150364445886e-07,1.1978028095060572e-06,6.313432724404958e-07,6.172817602088018e-07,9.557681585523453e-08,7.370329315348817e-06,4.973801871117262e-07,3.829024956685436e-06,4.835555225359989e-07,1.3775057943944552e-06,0.0007863722795938265,4.1383287739987324e-07,-1.8501399335727848e-06,1.2333479064943973e-05,2.1934322753251907e-06,2.790597385878868e-06,2.852740485301594e-07,4.560270153375528e-08,2.7832368863496587e-08,5.0808392540869626e-08,5.2858418154919855e-09,1.4703934504176932e-07,1.4234885813742492e-07,1.8775988963518926e-05,1.3859269321857487e-07,2.404044925435465e-06,-5.172758826151667e-06,1.2669136442040276e-07,7.592938369508654e-06,-2.1417425188713877e-08,1.00709247693116e-07,6.098436634931731e-06,8.758318132109423e-08,3.620789673229914e-07,4.0684835706952755e-09,1.0160539756403894e-06,7.211863424155866e-08,2.8707756178019463e-07,7.854384721265345e-08,6.061741417984211e-08,1.6397092421036905e-07,6.178853569348925e-08,4.5025984941508023e-07,5.0312165798436136e-08,3.3800209114867074e-07,4.665763337630557e-08,6.090160662383187e-07,3.2002637482959154e-08,1.2780511245079965e-08,9.912504357537957e-09,1
1.7030663157564728e-05,1.3705520529077112e-05,6.0656418356941304e-05,1.0460565762826822e-05,1.1178966348416328e-05,9.847811539223952e-06,2.501966576675972e-05,0.00011317387669238589,-0.0008966046713819337,7.496998377259855e-05,-0.0003593885530384065,1.679674593524593e-05,8.103418504663946e-06,1.4463272332448634e-05,7.346013755511702e-06,3.227155801581183e-05,-8.855444576290064e-05,1.4790076391323137e-05,5.095224123908787e-06,1.2993258458072848e-05,1.3691086733111126e-06,-0.0007431219827312898,5.262397640111292e-06,3.924345177034215e-05,8.588048837414817e-07,4.773816128270023e-06,1.0673463758010993e-06,3.9090226412920714e-07,1.6823028591154194e-07,7.725924000995552e-07,8.746507161078805e-05,5.653041252637401e-06,4.917491144496329e-07,5.366266490594331e-07,3.401586363948089e-07,3.2207365804596175e-06,3.6437909242304894e-07,3.8720106549632396e-07,1.1575176055875998e-06,-1.5589422156863946e-06,2.608932330502791e-07,3.024611687549353e-07,1.0089424535909886e-06,2.86784193519014e-07,-1.21736896865544e-06,7.384698944891727e-08,6.952477652246555e-06,1.0361724521295071e-07,1.3716210292572505e-07,1.0019788134777408e-06,2.531659631021938e-07,7.212495013699753e-07,-8.543976883835257e-07,1.4278159033783542e-07,1.0158403602371228e-06,4.360308415435731e-08,9.306202438589542e-08,6.272903682500916e-07,3.0847986685055454e-08,2.0348499473430848e-07,-4.961795219724646e-06,4.3488076349213416e-10,5.441196059503295e-09,9.671245106407986e-07,7.203336381932545e-08,5.707939839357265e-07,6.76033226167463e-08,-4.138207060921334e-08,8.448518224099724e-07,2.4002342435308986e-09,5.9198847831608425e-08,3.8203576646249515e-06,8.056739815449281e-10,7.184832169582775e-07,4.873290424542344e-08,4.643124795957183e-08,2.3817529898103026e-08,7.164333658023611e-08,1
3.54260531445971e-05,0.00034286405074767496,9.219627071655399e-06,-0.0006328765748793983,1.1409422578135297e-05,7.804015566151504e-06,-4.2740767774248855e-05,0.0003104893588922093,2.3377512164215254e-05,5.472988120605061e-06,-3.145492396506328e-05,0.0010528306731918903,0.0007718519742034541,2.8853805303831398e-05,3.4397495219190157e-06,2.2806857637906453e-06,7.872569817932185e-06,8.311953080180269e-07,1.5618718407228329e-06,2.325035939247685e-05,-7.287363671811552e-06,1.397370793552041e-06,1.4033788246059024e-06,-0.00011792173953656256,1.0070964457494175e-06,2.339185041035144e-05,2.322320056961397e-06,-5.241396746367106e-06,1.1478848495858277e-06,1.353138792829713e-05,7.721486807884794e-06,7.275238316367375e-07,1.848759548915392e-06,3.5092215959786537e-06,1.8871200458921432e-07,4.845659744239038e-07,4.419232430073938e-07,5.170959889503686e-07,4.575215899851121e-07,1.4070212706198955e-06,-5.6808200902799e-06,-1.220452876875407e-06,2.872524887877417e-07,-2.8204087495689304e-06,1.1596082180607374e-07,9.225923224095292e-06,3.1792266690870945e-08,1.8212930164801218e-08,1.5753768897465013e-07,-7.948868097578457e-06,-7.666650506483764e-07,1.1823351600556717e-07,-1.089583007271274e-05,1.2331141128259594e-07,1.6364498150115193e-07,1.4246202443124271e-07,1.9825464208756123e-07,9.858066251798557e-08,1.4667848707662377e-07,1.4455558217302594e-07,8.608153781001719e-08,6.499002969016672e-08,2.008514624064426e-09,-1.0739319411335348e-05,2.8925726975662322e-06,1.5629485946183193e-07,-4.312436791383529e-07,8.187243218198707e-08,7.90305134006901e-08,-6.835181507068206e-09,6.346920616831393e-08,5.966674394155837e-07,1.5670809294880509e-07,9.30700742433903e-07,4.02879585921155e-08,7.444961950871634e-10,-3.969436175779716e-08,2.623484941025879e-09,1
9.769057158685679e-05,0.00018641057557275067,-0.0006428668663697203,2.3759700090481525e-05,7.397584933379275e-06,7.130821785226326e-06,1.907416744292126e-05,6.872950389862387e-06,1.575466353235038e-05,1.780889533371439e-05,0.0003444137721068026,6.224008466265568e-06,9.276791399654984e-06,1.535296181530155e-06,1.5510838868837542e-05,8.793848462148839e-05,9.414289243491346e-07,2.8709623834971713e-05,4.446937815527583e-06,4.750490589541056e-05,1.4261778222669122e-06,1.0621741526486015e-06,3.870050014343139e-06,3.851444813559355e-05,3.5271925337693996e-06,3.1028466767387937e-06,8.628907301832737e-07,6.698396860387878e-06,7.684910544796363e-07,1.7174638036688013e-05,5.284301949874987e-05,8.63086412231368e-07,5.813850042442965e-07,3.6066007278332315e-06,4.111132255420784e-07,-2.2624420873566537e-05,3.1656873569905835e-07,2.6470938377802876e-05,-1.4946532584674221e-06,3.232173054861695e-07,2.390517637489743e-06,6.804951334333777e-06,1.437889193436544e-06,2.637240939807991e-06,1.4958789086703295e-05,4.922218939252981e-07,1.1094624608065176e-06,2.7309974678732227e-07,1.6471232566347486e-07,1.8625858298250513e-06,2.3014180072477956e-07,-1.4250994235554483e-06,7.571343350373497e-09,2.482811695059222e-07,5.522388919177974e-07,1.902525839775484e-07,4.346994736491611e-07,1.7529856163649942e-07,3.0132676151006842e-06,5.60100596944338e-07,3.0508554396353377e-07,1.1375792462377971e-07,1.3969354308807988e-08,1.006694954230392e-08,5.945689154843234e-07,7.036531960963979e-08,6.890175995038998e-08,1.4181315635274236e-07,8.129112982475085e-08,7.041431556105791e-07,1.1262924176053567e-07,6.70120173821285e-08,-3.7069317612716545e-07,-3.4573813106122335e-07,1.1988099463940267e-08,9.343659236890348e-09,1.0660128708835984e-08,7.528569393564405e-09,1
1.0954304650502264e-05,0.0004358530256186372,7.765780572264639e-05,7.432495774624618e-06,1.931788875294707e-05,8.890960544040416e-06,8.187200936523391e-06,1.591504713718131e-05,1.7673984041613008e-05,-0.00039352068840200214,0.00026198370120831264,-4.2645046581465325e-05,0.00023424467856747864,0.0004034720870288325,4.245000023172007e-06,0.00014860005234880352,0.00015858572031496242,-4.847699356045765e-06,1.208752723200826e-05,1.069005831698167e-06,1.0546438874861619e-06,9.331126899033638e-07,5.303335513199633e-06,8.656584587948186e-07,2.5458064507220237e-06,2.3842709303651576e-06,2.2927027637641673e-06,8.024088679384316e-07,2.474464823551994e-07,5.551071845809207e-07,2.0309732021491287e-06,1.9191202269126936e-07,1.8163863640931084e-07,1.6470140057509565e-07,9.10666805757339e-07,3.596479079842251e-07,1.401527402889991e-05,-6.368985137682664e-06,4.9463515229432575e-06,1.6762679091859552e-06,9.178917019910054e-06,8.946905466616219e-07,2.578115352221747e-07,2.5540574017397394e-07,2.0054184744403465e-07,8.362404411327327e-07,9.334281376149247e-08,4.77274379981457e-07,-1.3834770785935141e-06,-9.75957625642034e-07,1.2903007175759611e-06,1.640979661998448e-07,4.6057182486618023e-07,1.2367504029096742e-07,6.801103686631657e-06,1.2661591413537416e-07,1.5244898671273542e-07,1.5910759983319866e-06,1.4253992452996532e-07,1.9184507472376716e-06,1.1478146492987034e-07,4.120688968449986e-08,7.559871790065772e-08,7.084479579590138e-07,6.674649296180147e-08,4.417911135342379e-09,7.52662697997615e-07,1.7385468957070715e-06,3.5854609787774273e-07,-2.2563269996551446e-08,2.1132876445838774e-08,8.124641746036719e-07,1.5724392466722898e-08,6.997205728863044e-07,9.946648290772109e-09,-2.8149890663845454e-06,3.105954121139348e-08,-3.543337420769698e-08,1
1.033945233265316e-05,1.0260271352926914e-05,4.20278080242642e-05,0.0004778338434929881,5.440849083429343e-05,-0.0001551719406720882,1.064147584525069e-05,2.87036049117585e-05,7.710529455406577e-06,7.533100868157632e-06,2.681498185921726e-05,-3.977007568329858e-05,6.164921630455197e-06,3.472027697935408e-05,6.088753185096339e-06,8.432337194482595e-06,7.877586883831183e-06,4.981364566847428e-06,2.8654310053443505e-06,1.86505435002611e-06,9.290619718280772e-07,-1.1768333841327224e-05,9.104026540091752e-05,7.035266275875333e-07,6.715718724073201e-07,1.1262982530266587e-06,5.692573796489546e-07,2.9599199238341942e-05,0.00013138957306272868,7.790032573822365e-07,3.371047178084994e-07,3.0124816779879787e-06,2.7206145876467667e-06,2.3124833803600523e-06,1.5751445636464686e-06,8.799888922400564e-07,2.951711929067168e-07,2.8423000157376e-07,1.5038334593944145e-05,3.3077929351283724e-07,1.9572185865227702e-07,1.956644544816006e-07,1.7908568551874486e-07,4.893040245015557e-07,5.2604157533190094e-08,1.6889149809022533e-06,1.7853487533002647e-06,3.499390469325493e-06,5.535320803843296e-07,1.611301063990904e-07,4.553584965728932e-07,-7.81833481374024e-07,-7.393666620213999e-07,1.5722061392483832e-07,1.239639711375452e-07,3.1334663663130415e-09,7.741799683189497e-08,1.3326307639837886e-05,1.4213912746003278e-05,8.65761717395736e-07,2.040037027846957e-06,3.602796620454674e-08,2.5901019156592014e-08,9.591080218364438e-07,1.1639314590746179e-07,1.2494974725782661e-08,7.51764877074566e-07,7.132390803226374e-07,5.521764121876015e-07,6.667275836847363e-08,-4.111912469876503e-07,1.2195918937018833e-09,5.370378824774031e-06,1.543797481475909e-07,9.182517194389627e-10,2.274574112933206e-06,2.2828634002702658e-06,4.301542845973827e-09,1
0.00021478374469881031,8.406764344501309e-06,7.809365301759513e-05,7.93775058184929e-06,8.080009883286844e-06,2.2098612784700265e-05,6.861407632670218e-06,0.0003475871083393387,6.3081326608493565e-06,6.476276131791772e-06,-0.00017696473293694385,6.8669838063950625e-06,5.892471207562029e-06,3.0703368727618257e-06,-3.4096875792212386e-05,1.4581628606105132e-06,1.302253369445404e-05,5.37022881660449e-06,1.345048965343736e-06,1.7038837968339414e-05,5.982162666212109e-06,4.301388125767112e-06,9.315809280662841e-07,5.567995399158013e-06,1.0013193969701088e-06,-5.023951380318371e-06,4.227289716470567e-06,1.1896020723940271e-06,9.846983604788979e-07,5.062784682404851e-07,1.028386770172424e-06,1.8675098442543255e-06,-4.0810319591558015e-06,4.036035669596178e-07,3.6332238984406673e-07,1.6695153242476497e-06,3.7825310698089796e-07,7.082041560815288e-07,-4.255109581840798e-06,1.3825437531069774e-06,3.402113204706633e-07,2.8559025652183946e-07,4.4945448705335796e-07,4.5826758514351826e-07,1.9260768075920725e-07,6.346626934843887e-07,2.1906412352567234e-06,1.3813095011997779e-06,1.8570849757953277e-06,-9.145446254519222e-07,5.985076804050941e-07,1.1223557663181967e-07,9.346941848833695e-07,6.565838084345768e-07,1.0494227432514969e-07,9.496024329537435e-06,1.1466494405603673e-07,9.937271459542474e-08,1.1436960658937477e-07,4.189430414981041e-07,2.3080265458329843e-07,1.9903439064523658e-07,5.302731925594843e-08,7.217244842737608e-08,-4.0840147034184065e-07,-5.09518811014613e-08,6.297349702965468e-08,2.482277341391035e-08,2.016006248597123e-06,5.585558683196564e-08,1.9877946547147572e-07,2.8946152683234103e-07,3.1152488534315323e-07,2.8811442246657503e-07,4.5729117717750374e-08,2.1639331493642933e-07,1.824548611032516e-08,3.133593892032006e-08,1
0.00022846312931516628,2.1164294493807147e-05,0.0010546301721594362,9.30642035270381e-06,0.0021654006911023976,5.94018464034215e-05,8.703317626122377e-06,8.65286257563492e-06,-0.0007145888608368412,8.967206286491472e-06,2.029542770153615e-05,1.8498862093038552e-05,0.0002703401509229272,1.0293671937439198e-05,1.72152074640027e-05,1.592558985429331e-05,2.768575678991882e-06,7.184280578796576e-06,1.104985427806245e-06,1.8595775676220091e-06,3.3067593344284235e-05,9.846720189727066e-07,4.233863841157304e-05,4.2017266579956536e-05,0.00031313262315673784,7.74766513565296e-07,6.534646454587419e-07,-2.499037773122936e-06,7.731916488195626e-07,5.4054214856573415e-06,3.467418459984495e-07,2.9923197440964644e-07,-5.483807523219626e-06,2.0994489812291604e-06,1.92892942825643e-06,3.0339690900145477e-07,2.8956236326400265e-07,2.790037358576901e-07,1.777907644276539e-06,-2.8998306379074592e-05,1.7976483435336832e-05,3.234585167805617e-06,3.2918527228393963e-07,5.504473426543145e-07,1.5212353863369916e-07,2.510766605358989e-07,7.87228727897667e-08,3.809937920093471e-07,1.4659741069491788e-07,-9.76671579966207e-07,9.434310583573144e-07,9.607924235611129e-07,1.2282279454143316e-07,4.4623477581537415e-09,2.0573628067361237e-07,6.3042513598255075e-06,7.091394303754881e-07,8.754452215180778e-08,-2.507334779663861e-07,1.1306381000436499e-06,1.27713514311488e-06,3.4228769300886303e-08,8.562540537833703e-07,1.362540324711051e-07,2.2647773168533097e-07,4.5084701819746135e-07,7.297279633342081e-08,2.1229579404156153e-07,-1.1538414504266955e-06,5.555290899026934e-06,4.8044240558678004e-08,1.4527744964043274e-07,1.2935592947272884e-07,4.1709322768073896e-08,3.706240800421508e-08,-9.208007821072521e-08,1.290340998241779e-07,3.06209456015933e-09,-1
-5.202909402771388e-05,7.895622622505754e-06,7.470179699161378e-05,6.896764467095732e-06,8.994300459314937e-06,-0.00015557201149101637,7.2646955411121555e-06,3.9474857801588985e-05,-3.724332162613567e-05,6.213817866056494e-06,4.7527941828848595e-05,6.165414402159499e-06,6.2142558098072335e-06,7.92686195200469e-06,6.083931833684967e-06,-1.7690434185730516e-05,1.7634318795777064e-06,9.004055242763678e-07,2.2610324408449186e-05,7.229038550448371e-06,2.5895024891402923e-05,1.141242375190153e-06,2.205159717787512e-05,1.2758201369137375e-06,6.0531990587530873e-05,2.1287148676585e-05,4.603976989918108e-05,1.6319678710342608e-05,-1.3772895338299353e-05,-5.848967219396191e-06,-5.440089407571561e-06,6.963036839901764e-07,6.509963638254383e-07,2.4748392021262974e-06,1.378109096238313e-06,9.711516427802703e-07,2.9078335055369717e-07,-1.6386657261637656e-06,1.2510191153097971e-05,1.2439119255306823e-05,7.879454143398182e-06,3.3207518093402104e-07,8.393623383698316e-07,2.1823967435414928e-07,1.473525557332881e-07,8.46559732126479e-07,6.791305631704908e-08,5.006057862971441e-09,4.326447377578051e-07,1.8010855120905798e-07,1.0780360020134833e-06,9.804238164610745e-07,3.614872513328681e-07,2.851847761113451e-06,1.2000063983218227e-07,2.4399217766123644e-07,3.4422612661226817e-07,2.809639630529752e-07,9.51367685171303e-08,8.406446122328565e-06,6.295019253092393e-08,4.3908601293886904e-08,1.2054776760519784e-07,6.670993052612644e-07,2.525825975368339e-07,8.422118558321094e-08,7.941852711778485e-08,4.3374047409218153e-07,5.87634173194847e-08,6.307425627034101e-08,5.913103362714496e-06,3.0372367737752518e-05,1.8395035966362959e-06,1.9428854244067377e-06,1.652747929916134e-08,1.0646942783237306e-06,2.738301544070904e-10,3.296836641484813e-07,-1
9.776654693342961e-06,9.637887770929543e-06,7.419698543387966e-06,7.303203187998238e-06,0.00013489795487215466,3.575039808450203e-05,-0.00013478097426505598,-3.658347566529781e-05,6.5689441003409725e-06,6.034855257203945e-06,0.00022279045747258935,5.633137693079541e-06,0.00010465846359610295,5.420098091846722e-06,2.089697478863073e-05,4.452456431678653e-06,9.354711300901515e-05,1.1185201814473723e-06,1.1646312899264714e-06,1.0028696974958165e-06,-4.337193109731369e-05,-9.790722427675986e-06,-9.137519652891079e-06,-5.844821094971172e-06,-5.677262627640881e-06,8.60588164674473e-07,8.115288397749773e-07,8.058437258097443e-07,8.094648352965858e-07,-4.576189408615604e-06,6.393472978752144e-07,1.9013893802231235e-07,1.4753096593794987e-07,1.2695638202487396e-06,4.024582356281128e-07,9.519502924155212e-06,0.00037683347535096093,7.983459273997014e-07,4.030927613117238e-07,-6.826614360011346e-06,-1.095925750192134e-05,3.2044364201977425e-07,3.27187839814157e-06,9.313050966123702e-07,2.6597253546067563e-07,2.4690907624009023e-07,3.8219880030417644e-06,5.231897955648063e-07,4.0768625006947933e-07,1.673301223501527e-07,1.1762910161309961e-07,3.536998908726699e-07,6.930378161867995e-07,1.238504211179742e-07,1.231164709905966e-07,1.0802853008445494e-07,9.274236455743002e-08,2.2599658809450783e-07,2.3671879466830983e-06,8.811358550144048e-08,6.039525123198386e-08,4.503044889861116e-08,4.14288014891832e-08,4.997488819917696e-07,2.282297373298852e-07,5.440605540057478e-07,-1.089920566951234e-06,-5.747367774397253e-07,6.967132571563838e-08,1.9430556350158946e-07,2.5876681342444934e-08,8.280793288757498e-08,1.5952592467575223e-07,1.961720695210174e-07,1.3809600139301314e-06,1.2169883090695931e-09,2.983197109402117e-08,8.635922720555472e-08,-1
1.047346501791787e-05,2.288231146661049e-05,-0.00012128857723251558,9.757110833742732e-06,-0.00012074960008310605,-0.00019142156307129437,5.3346661115366066e-05,5.1291643425832715e-05,2.808624776294776e-05,-4.7609552534024906e-05,-0.00014331085977754572,6.9977272433803176e-06,0.0004001258036668016,6.53542334118068e-06,3.2110563523169266e-05,1.730166699976384e-05,6.5089626566248e-06,1.7659414777600002e-06,7.253114053275801e-06,2.8121997652896703e-06,-1.6101417568376226e-05,2.536707753300707e-06,6.6272167886147725e-06,2.9833791704731837e-06,2.35600474245295e-06,1.0006570401672352e-06,3.063581943131744e-06,6.613344097054038e-05,7.018174412202894e-07,7.478202840667057e-07,6.195627575011663e-07,7.786854170776076e-06,2.510465748976454e-07,-4.4727146524751505e-06,-4.343397103236095e-06,-2.209098593339292e-06,3.3460651506149725e-07,2.371497863412173e-06,2.5381378535531496e-07,2.5141011187257817e-07,-2.6667213442899556e-06,2.4312464310858875e-07,3.5458123521088206e-07,2.2065132809319264e-07,-1.2612557382778245e-06,-1.4571393853375522e-06,1.8685188523072705e-07,1.1553547866488102e-07,1.6353114465142078e-07,2.6013295306539668e-06,3.331174365976659e-07,1.1087989493055963e-06,1.451972057165497e-07,1.3619692978034844e-07,1.3531055818142585e-07,1.8637335730858328e-06,4.035819581795125e-06,2.4884817673530095e-07,2.515357849715762e-07,1.002515697600842e-06,1.0707820601916503e-07,9.059620830863726e-07,5.0553226552836716e-06,1.4639309782946717e-07,1.4187684023437224e-07,6.944095631502531e-08,6.186460551427595e-08,2.6985264135671136e-06,2.695030657027019e-06,2.838329788983254e-06,1.745917394833194e-09,1.012153242157151e-06,-2.4245618050683034e-07,8.168589560473375e-07,3.957501416019177e-08,1.5921977623048185e-07,1.2667138282542868e-07,6.044111958291396e-09,-1
0.0004030481989698485,9.037375666710472e-06,1.9804432607322143e-05,0.0002108006591444432,0.00020054804707268924,7.338397906061466e-06,4.255172278612306e-05,6.132656805607766e-06,1.2118632840158942e-05,3.842648847162287e-06,2.919532769438225e-06,2.2501430291203536e-06,2.4220509759255912e-06,4.9930101061987515e-06,1.0022936202764043e-06,-1.2136554743766716e-05,6.220586928294202e-07,8.517678290837564e-07,7.560023340041718e-06,2.6004117501065747e-06,-2.3377372465307708e-05,5.101514651223381e-06,-6.427352000177563e-06,1.068571492126404e-06,2.292688318401454e-06,7.819999911868833e-07,8.046281084455509e-07,7.39951892706295e-07,8.655729555974755e-07,6.597226220682486e-07,-3.693435160082417e-06,-7.115101421433321e-06,2.6148808263729764e-06,3.592727772928379e-07,8.44513183491882e-07,5.635783956131402e-06,2.774178645950067e-07,1.8556165769888528e-06,6.033052302128332e-07,2.191208736653084e-07,-0.0018590995314219298,-1.3299102177245387e-06,3.684552823853285e-06,1.7120349414584258e-07,5.853803430141198e-07,8.32666657795589e-08,9.298021292505388e-09,1.3930756321240343e-07,1.501753998457148e-07,1.31363918015928e-07,2.294956483029655e-07,1.0605000237248965e-07,1.630463366324827e-07,9.802878176433304e-08,9.778005442320318e-08,9.835642039382672e-08,1.2027327942412852e-07,-7.751688959647895e-07,5.251021279726279e-07,8.926219962896117e-08,1.1729416571464028e-07,1.1591683459927644e-07,-2.4814874634712994e-07,7.4084576986093e-08,1.6798853942873777e-07,9.943151371220447e-07,3.390879643908641e-07,-9.137484050369883e-07,-4.3380529766329957e-07,1.7744101494527295e-07,-4.1349479127795767e-07,0.0001246959260850546,7.7621169073063e-08,7.963906782441101e-08,2.171367178049057e-06,7.483769685268896e-08,5.965343437302006e-08,5.0668976050911055e-08,-1
5.887981576004749e-05,3.907037365322657e-05,5.7325194338321305e-05,9.230863250077071e-06,9.006802974273812e-06,4.090768457397503e-05,6.753270632713001e-05,8.047018763216944e-06,-4.815608691436533e-05,8.009402840727589e-06,0.0001938109965875488,6.396114139996104e-06,6.275267122203402e-06,6.3842605804893425e-06,4.9688868703443435e-06,-5.9718557639572654e-05,1.367109028231943e-06,2.6341026609224344e-06,3.877911841638145e-05,0.00014513585078099862,1.011319638259989e-06,1.043315385248923e-06,3.211778013490687e-05,8.892304990052149e-07,3.783399696041391e-05,8.236343095353763e-07,8.390968547762867e-06,1.5211383005632872e-06,5.960290855670934e-07,3.938069765239553e-05,2.3498569249565744e-06,3.6494159617977814e-07,7.500000000000001e-08,1.7856458356437076e-06,7.715926101786199e-07,-2.618202262682197e-05,6.736260632789848e-06,6.806667644726938e-07,2.7952536422629466e-05,4.692913556118407e-05,1.6402150944294952e-05,1.4848691085000096e-05,1.7422581529210594e-06,5.868408792343537e-07,1.032896871307168e-06,1.8482120172427717e-07,6.759023333658554e-06,3.494024614256478e-08,2.0586696858773897e-06,1.4279186632994076e-07,8.502518787210727e-07,7.676969630958821e-07,7.339502964999884e-07,1.778926675564191e-06,2.8994009015450825e-08,6.431374216693671e-07,9.365937868140813e-08,-2.9048430178467653e-05,8.139706242901369e-06,8.162663921547248e-08,7.55908631067452e-08,4.960442167998369e-06,4.0837191401046425e-08,6.800918355928819e-08,5.9335242305069814e-08,3.860579489075978e-07,7.21779891311411e-08,5.1547528944247965e-08,5.108115016136504e-08,5.543110890056163e-08,7.540530804099089e-08,4.5947412287333236e-08,5.0297155331940304e-08,4.851481877161178e-08,4.345607011956111e-08,-1.6924638999648382e-07,3.8951835884496666e-08,-2.6832649061925576e-08,-1
9.64427205681095e-06,5.661167285674202e-05,5.08398267186363e-05,7.48360568219559e-06,7.268827245983866e-06,4.2895585603823925e-05,1.2937604163540914e-05,6.41987882499415e-06,-0.00011524751900247216,5.4500848174233945e-06,5.353792187354354e-06,9.929114958467898e-06,-8.221977911882601e-05,7.790646844172616e-06,8.018524378640712e-06,1.3191387137782324e-06,7.941752677898535e-07,1.0112560771452056e-06,7.459766858562683e-06,-5.806802037048815e-05,8.441588290891251e-06,1.0050021671733936e-06,1.0077260967504213e-06,5.967000170572203e-06,-5.7467187030909274e-06,4.811324534549191e-06,-5.833526742342861e-06,9.416252104341846e-07,7.99514267499513e-07,9.427758140153219e-07,8.213606296467307e-07,2.727728997301883e-07,2.099811244416233e-07,7.417347704437506e-07,8.274917624940294e-06,3.74562828985181e-08,3.1942581828519067e-07,1.1656697568083876e-05,1.1395057921047697e-05,6.107786704181176e-07,-3.975491888418213e-06,1.683454072115828e-06,3.773148348654355e-07,2.637220094812021e-07,6.046196368121088e-07,-3.429293721255714e-06,2.419407322837875e-07,1.477680265605684e-07,1.5561626488559715e-07,1.445575072920267e-07,1.4695695362713258e-07,5.79500011617972e-06,-9.643602130012208e-06,1.3654772767779685e-05,8.014319285286362e-07,-7.706704038406844e-07,9.092789042075693e-06,1.0211598970594812e-07,2.3775764315081544e-07,2.741738596648015e-06,3.296638265047782e-07,1.8934109107289813e-08,2.5658816510522485e-09,9.37411009563926e-08,1.059879941559752e-07,2.8901040966417534e-07,6.550016375472103e-08,5.8679983860602486e-08,3.342017923009044e-07,5.7470544021355453e-08,1.0811218968913065e-07,8.372677087688236e-07,5.631628115784959e-07,2.365568411930387e-07,3.840110996364074e-08,-7.004523628909013e-07,1.5654947492945174e-06,7.06687129183606e-09,-1
1.0269435701510408e-05,6.003434250717063e-05,0.0003355640160174387,2.16930232896263e-05,9.540123440054131e-06,4.939102916555918e-05,8.72972132059291e-05,-0.0011877302725039605,7.061168877695615e-06,4.1354625879067666e-05,0.00033787853218044897,5.545706032356826e-06,0.0008433520885158311,3.318421150615011e-05,1.1064803783834817e-05,2.0731112052074905e-06,1.0599891324911582e-06,1.3530256472349228e-07,1.1785403388062364e-05,7.84547714686254e-06,7.207079886688969e-06,1.1585105264467314e-06,1.1280323445409477e-06,1.1236647364674825e-06,1.0582923136556288e-06,1.1765049572219522e-06,9.564153846882121e-07,4.902228755002038e-06,4.186129826243845e-06,7.727385345470947e-07,1.8524233871630823e-05,1.4190966171310858e-06,4.354010965751558e-06,3.577423603000827e-07,3.4292114016861033e-07,-4.646167721443898e-06,2.0295193065362546e-06,3.044345910606135e-07,4.186768402858114e-07,5.524986186433215e-06,2.4885816981896656e-07,5.045755775431979e-07,8.872490045848079e-07,8.987188236115265e-06,-2.1241246265569423e-06,6.559482054632411e-06,1.3526079854274691e-07,7.38388559530009e-08,-1.4705728640678996e-06,1.292955878896921e-07,4.9475855448644996e-06,4.894244361475616e-06,0.00010167621067307936,3.2971074175933532e-06,3.0728830668431205e-06,1.0490987986154319e-07,-1.0120409774219057e-06,1.2408181032524967e-06,7.664778575410296e-07,4.14263068694614e-07,8.77341582583807e-08,6.285606213745278e-08,1.117498114103946e-08,2.6205124149455692e-06,7.161155927236329e-08,1.9798124146517758e-06,7.588915358299533e-08,3.572567699463506e-07,2.2362029138103574e-07,3.9747389556473785e-07,2.385970310427172e-06,1.007953109826166e-07,4.794362115101633e-08,2.9252575066703223e-08,1.6133162043419205e-08,-5.6920811371466564e-08,4.388589765794644e-08,4.004675878191163e-07,-1
9.482220373699502e-06,0.00013653661945952755,2.0356120343957096e-05,1.0790311482183122e-05,1.5916157948373346e-05,3.9510529408920605e-05,9.41541125845571e-06,5.3591463414634155e-06,1.1894968879274677e-05,4.034080410005758e-06,4.669774734832728e-05,2.6406832257185436e-06,7.416389347751725e-05,2.848738255043391e-06,3.1029260553277837e-06,4.61669110676854e-05,8.64514810403105e-07,1.7062299366911498e-07,5.728752959340236e-06,1.3408545734315375e-05,1.0498344260135312e-05,9.418279585887413e-07,2.904490418860404e-06,1.6243360608519335e-06,3.2135850249355293e-05,8.718098867058253e-07,0.00010595385277220533,4.148026438268764e-06,6.848077156174827e-07,4.344611629646264e-06,1.68332971584338e-07,6.220545119573907e-07,5.739558355069903e-07,2.669288846921841e-07,2.3426890634800077e-05,3.502288197849037e-07,9.234190405044645e-07,6.713652335629887e-07,9.600315317978083e-07,3.4352039456119686e-07,3.474309062377277e-07,2.6659342186329686e-07,2.377732898145982e-07,1.3983964119465956e-05,2.1672334435130888e-07,3.7231560335152616e-07,1.919878544834407e-06,1.4573450563116601e-08,6.104745883316651e-07,2.0402993017657433e-06,1.8023388296975274e-07,2.7694910068369876e-05,1.316507286548299e-07,1.3159229173871123e-07,4.4057882950077565e-07,7.1502778400261895e-06,1.1635945573253072e-07,1.1972417868866508e-07,2.4400340178851463e-07,9.86396523513282e-08,2.1803586452227283e-07,4.573886614178665e-07,5.6946768391515125e-09,3.6900078072472267e-07,1.6864052731555458e-06,2.892913431333359e-07,5.179647363292297e-07,6.63195947166918e-08,2.218404965991389e-06,4.385810622957845e-08,5.448989883048373e-08,2.723849587893666e-08,1.8896641828088098e-08,1.5894797091443754e-08,7.312762840837955e-08,6.585530363361714e-08,-7.320900470054488e-08,6e-10,-1
5.283734044872114e-05,8.935572083370639e-06,7.485655893008103e-06,4.400968789767066e-05,7.31361292766617e-06,0.0001751487363516624,6.794268003005632e-06,3.694791246971398e-05,6.158399979219116e-06,6.09499701891142e-06,7.493104692132584e-05,4.4102651439579355e-05,2.4384739866718044e-05,3.2941867360771472e-06,-4.0294059050628215e-05,3.14755030856316e-05,1.560528325906767e-05,1.373534713366018e-06,1.544698610824187e-05,-6.696453643042693e-06,1.0689448389038088e-06,9.968931632008699e-07,-1.1801508978765675e-05,2.325778554364882e-06,1.2569700905605202e-06,6.321011201754657e-07,3.3008540321481794e-07,2.5187061690470514e-06,5.207234415645615e-06,3.2538844617136033e-07,2.3007640631799186e-07,7.5827520729302745e-06,-4.916404729172966e-07,3.741218049662267e-07,3.0644067295204765e-07,3.0147172264921715e-07,2.8047772514623154e-07,1.6376908216952688e-06,2.752167327936206e-05,1.5925152925131489e-06,1.5409988053139896e-06,2.570514721217037e-07,1.3852322223448204e-06,2.1139677985754554e-07,-1.4972345119530499e-06,-5.116003101073546e-07,1.7411403714605201e-06,9.361466341565335e-08,1.3372284070697097e-06,1.319185945021373e-06,8.762674723056147e-07,9.968302950748045e-07,5.091675372605442e-07,3.984682097927975e-07,7.81916314112206e-08,3.333182194835561e-07,3.8081297094253015e-07,-3.7193840294679443e-07,3.07328447073363e-08,1.243222416621642e-07,4.326912517033906e-08,2.2431262166959844e-08,1.2515076785042378e-06,7.873051058769953e-08,2.7433691213488826e-09,-9.934084907967463e-07,3.660945226241336e-06,-7.988213491103662e-06,1.0491087259324656e-05,7.382048593209653e-08,6.407522272582069e-08,1.6623094643645246e-07,5.397955363918953e-08,1.1230323552966615e-07,5.160657820900287e-08,1.0020652319496596e-07,5.907108476240074e-10,1.7226011997971027e-08,-1
8.050036085181745e-05,0.0012311112799495314,0.00013108480021171623,9.826835133140879e-05,5.267266873229112e-05,8.185895589255973e-05,5.1728246639620135e-05,5.1098631911172813e-05,5.0334099740915345e-05,0.00021194862861185397,4.843688766053892e-05,7.893312863335261e-05,3.9123901437049833e-05,7.385288775117472e-06,6.014205344585093e-06,2.7269256423645446e-05,3.17214885319373e-06,4.586235230852318e-05,1.259156732619122e-06,7.507667851784927e-06,1.1856989574091924e-06,6.5933071602236165e-06,4.467076333300283e-06,6.59694050925071e-05,6.970932624300318e-07,2.3308105676423925e-05,3.907171189623215e-07,3.802127940434285e-07,2.18590126770187e-05,6.396027776467746e-07,1.5407486968294041e-07,1.448823923248353e-07,4.770466811010672e-07,1.4120159794296151e-06,2.1023483075883205e-06,7.706759152749074e-07,4.934884775704389e-07,2.1608049259643997e-07,4.149967639321174e-07,2.1082292470969407e-06,2.2183243752735836e-06,1.4416607735339084e-07,2.3411152599091325e-08,1.2475724403576713e-07,1.1183699746730955e-07,1.5231710699032963e-06,1.1492318723436236e-07,4.017173598179185e-08,1.578729248690437e-07,8.51911658904698e-07,8.512544717883632e-07,-7.466468010583413e-07,6.514231515356417e-07,6.003417333410673e-07,1.0671831516966866e-07,1.2419856897300944e-07,6.562821203848777e-07,8.874679372025463e-08,5.105697729020847e-06,8.026828197145582e-08,6.075424905744753e-08,8.087361459128973e-08,7.210645425804412e-08,1.94740587549096e-06,6.333022963052386e-08,2.2068949976009406e-05,3.431646848305914e-07,9.809168324304508e-08,3.067182940146008e-07,2.5750536073846734e-07,4.181739691096605e-08,7.953934247574939e-08,3.4343588579768106e-08,2.2366883420556692e-08,1.2236999593761032e-08,3.554761977965294e-08,4.201850815674181e-09,1.0828931522706019e-08,1
2.2541173525485166e-05,0.0004975950916623209,0.00020671047840293123,0.00021466931738946032,0.0002120162722660743,0.0002062603046020104,0.00022544686348222346,0.0001895178927355028,0.0001895178927355028,0.0001895178927355028,0.0001908462581433356,0.00020324433528310824,0.0001898986587216147,0.000190357571099183,0.0001914727349341338,0.0001903828982021854,0.00012160565349418856,0.0001259720845429281,0.00011998696105640778,1.638560002646453e-05,6.679650112818573e-06,1.0589332714073443e-06,1.0373839577848914e-06,6.007618619793127e-06,1.8310225978831028e-06,8.824787319758772e-07,5.3344203374779406e-06,8.717938124888648e-07,8.252973223703377e-07,5.073483864067733e-06,5.694381819405864e-07,3.382979876992224e-06,3.927798050212947e-07,9.342417680099794e-06,3.0071563130325086e-07,5.191724061933372e-06,1.615488901613186e-05,4.052884850795804e-06,5.423145065949645e-07,2.421377778221185e-07,1.2828504069465753e-06,2.257406303300526e-07,2.3942561443353914e-07,1.953934117937774e-07,1.0992192454014845e-06,1.1842772036392827e-07,1.971379366905274e-06,2.5252006097071246e-07,1.481596933390547e-07,7.07585323035917e-07,1.6649395389074353e-06,1.3845880249975458e-07,2.3337802278563706e-06,1.2041811176170428e-08,-6.253552915763771e-07,1.0374930909326667e-07,5.871461987492803e-07,7.453783765147754e-08,2.8966678241300336e-07,6.459154805495091e-07,1.0901721295296308e-06,6.276833747154976e-10,-2.156355533963362e-06,-4.5842851957469236e-07,2.527294766408116e-07,4.163264609489662e-07,2.0518280382342415e-07,3.5071289925410764e-07,5.777919026855788e-08,6.577208266633939e-08,3.385721956646068e-07,4.0611003280013616e-07,3.262687460728374e-07,7.09974349762037e-10,1.96895179218926e-05,4.860339924595802e-10,5.365336770261146e-07,6.270947823161208e-09,1
0.00013707150227785145,1.1827575923489184e-05,-7.09272897244264e-05,1.1449262415317927e-05,1.1414070461069433e-05,6.605617792327084e-05,6.36807210114978e-05,1.041989775354961e-05,0.00013182062489639648,-0.00018044424770283248,0.00021980226426307614,7.572413381864202e-06,0.00010245707899208503,0.0002177071886201455,3.822643721333627e-06,2.6125972688077142e-05,5.276814811826194e-06,2.2642702962391584e-06,1.4421143517096751e-06,1.1006621830024774e-06,2.762165169921399e-06,2.2341187096869966e-06,2.7340457311313794e-06,2.581087975977343e-05,2.5722580078750634e-05,2.566262208224997e-05,2.3966479385236345e-05,2.3684025954675853e-05,2.4071372469202925e-05,2.4901400714618074e-05,3.0330549259951773e-05,2.9419858695173165e-05,7.559108747973473e-08,5.863012133786268e-07,4.181253133230839e-07,3.425412839102739e-06,-0.0001413384978635281,0.0001112176201250804,2.802229318456795e-07,2.766168875048489e-07,1.5931281987368374e-06,2.409803615148201e-07,1.4499959772084864e-06,3.867853352760248e-05,4.956045649231349e-07,1.5306512075904286e-07,9.059864104779414e-07,5.94598403429236e-08,1.2894352347149013e-07,1.3553735723453462e-06,1.1605394103749391e-07,1.1375233877049556e-07,1.0837121268722386e-07,2.259667378251577e-07,2.2517404153719337e-07,7.157721420058879e-07,9.677193107481842e-08,7.471988138948675e-06,4.952460939104298e-07,1.799267236989016e-07,3.005032250623967e-07,4.016572756797499e-07,4.95704577895348e-07,-3.9932516691647367e-07,5.891986778545027e-08,5.2828486052566426e-08,5.221033717347446e-08,2.324069528471143e-07,3.160842352713649e-07,5.597485989565248e-08,3.666143716529552e-07,2.0149649352376412e-08,1.6356884759310105e-07,1.4492140598962736e-06,9.845333591198588e-08,2.440386656541664e-08,3.693352885414832e-07,6.916118483224839e-09,-1
0.00010022715527609573,0.00014918236126347463,7.616819911471153e-05,0.0007534008659723118,-0.00017591845928538517,8.657828087770405e-06,3.0117346945702822e-05,1.4313165765068315e-05,3.906812106977963e-05,6.71416186719739e-06,6.4370010970491495e-06,6.251739635305209e-06,8.98123323765836e-06,6.758417542800425e-06,0.00012318299384516716,2.8809943557322964e-06,1.7877175566066651e-06,1.3471900835472983e-07,2.1034480306274563e-05,3.233832014717805e-06,1.4575517676011074e-06,8.606742285753219e-06,8.534158880115708e-06,2.274818977568331e-05,7.122081715895071e-06,1.1551209107781516e-06,1.152921413637621e-06,1.0651955441272923e-05,4.891424113239175e-06,5.204938256005686e-06,6.916278031533439e-06,1.4644315660296445e-06,2.6779112154739725e-06,6.079585675132639e-07,2.258825163128057e-07,7.683320710134492e-06,7.683320710134492e-06,7.040645684969562e-06,7.019181212426029e-06,7.090473199927715e-06,2.0778315247462703e-05,7.107554287198281e-06,7.410984043656322e-06,1.3677341690630769e-05,4.753682875242992e-06,4.614187429591294e-06,4.710761199657854e-06,1.1398077255703231e-08,1.0866684279025416e-05,5.090066002810141e-06,2.2734069587912848e-07,8.103619387723481e-07,1.255092338983078e-07,1.146294831223629e-07,1.195505188038079e-07,3.765318148669064e-09,9.463683935667618e-08,2.5602846197803043e-07,4.923592749930675e-08,1.962853495300874e-07,4.872043043738877e-08,2.7405531902063196e-08,2.0087479253368845e-09,7.218672877306494e-08,9.968588623942746e-07,4.0737194904776006e-07,7.223861651812832e-08,6.17610533937999e-08,5.895971745721897e-08,5.7503022770196904e-08,3.840974020609213e-07,5.272315635559121e-08,3.2938155565386835e-06,1.0262803255572602e-08,2.7675954950305573e-07,4.512550300946051e-08,3.856347764223971e-08,-2.2838475909848718e-07,1
6.087691493199579e-05,-5.867364110222328e-05,0.0007475508553781722,5.697528419177363e-05,0.00043919964157706094,0.0001925473451400362,0.0002758535718332382,0.00016875970265562015,9.681691968496255e-06,4.5684083945701835e-05,9.703263195628796e-06,1.248948317489794e-05,1.394514476061647e-05,-0.00020467888247727522,1.3659659852238766e-05,0.00013924200703534245,7.478658569471355e-06,0.0002095859122309122,1.3935071945995698e-05,1.1367495305978496e-06,1.1335919950698837e-06,7.144740053271787e-06,-1.3338650999625109e-05,-2.2588010209277117e-05,9.767145546945083e-07,9.652301652696431e-07,9.160737059294729e-07,1.5348829321171258e-06,1.4593433524682962e-05,6.785803547271732e-07,6.451686181684891e-07,-8.23435327448825e-06,9.577803013229548e-08,3.816860704534081e-07,3.761465961735534e-07,3.75169041888873e-07,2.7478392681559264e-06,2.1258873028941646e-06,1.5694555237882337e-06,8.140824602336153e-06,4.454302892842867e-05,2.501846279334658e-07,-7.946905051527171e-06,2.10773315367958e-06,4.833477846569844e-06,4.156469992524714e-06,1.954375856231924e-07,8.386186282367254e-08,3.6383645778034294e-07,4.1438687892683764e-07,3.218839492663523e-06,1.2831311041124985e-05,2.9735725370196135e-06,2.9702723983465345e-06,2.995809923154543e-06,1.1854387445621725e-05,3.1127484153623826e-06,1.1856242517412593e-05,3.195863065337819e-06,3.084705027370372e-06,2.0177452312953803e-06,2.78168520884647e-06,1.0755153439201017e-07,1.0042441825279659e-07,2.485213850680904e-06,4.271378273755616e-07,1.244001994704722e-06,5.935292612023497e-08,8.897409610006431e-07,6.376434864705874e-07,2.9851199220436636e-07,2.9794493513265996e-07,1.7798815402313223e-07,1.4000604420658692e-05,1.5321105711645454e-07,1.2309241854559593e-07,-7.921226038409071e-08,1.6257373220770636e-09,1
6.199439390110756e-05,1.8070661749574722e-05,8.038563370743397e-06,8.06780779481526e-06,6.053975243170705e-05,7.140017646358195e-06,3.697569336237054e-05,3.6221663659437665e-05,5.288703364412103e-06,2.402770867513299e-06,5.07156197762561e-06,1.3833397852744377e-05,1.0694426516919481e-05,0.00014813661889880847,7.630206496567505e-06,1.6533422278491108e-06,1.5693949200121411e-06,1.0630055334069058e-06,9.421998112725352e-06,2.8358941284157635e-05,0.0002737216438033345,2.593316547963299e-05,7.104697447176606e-06,5.4649398889549624e-05,1.2183940284709185e-05,2.503168255818891e-05,2.167933634413373e-05,7.502933615786099e-06,1.0268391899259972e-06,7.064327880620506e-06,1.27652146531234e-05,1.8917902962258213e-05,-4.336095113839651e-07,1.873303906055447e-05,2.041133653094141e-06,1.0052842030517712e-05,7.190497149796222e-07,3.2735120068498304e-07,4.316479555098102e-06,2.198296385171977e-06,1.1768036995314935e-05,5.591727341100754e-07,2.459442521027531e-07,2.170636119591286e-05,2.2882757906738557e-07,2.3557030809680612e-07,2.389513400624033e-08,-6.078201893158111e-08,2.5801502505998205e-06,9.73056247191095e-07,9.196967208346024e-07,6.341067957676519e-05,9.455225801427149e-07,9.059316316131643e-07,3.934664281689135e-06,9.035381106131733e-07,-1.366757140442932e-05,1.6823590153217817e-06,1.3388598487250895e-06,1.920857948781437e-06,2.992462698242338e-07,1.0806684424270999e-07,1.3103416066198834e-09,2.1887209502950415e-07,-8.010166669444388e-07,1.6614111411984668e-06,1.6557467890072746e-06,8.24022910121862e-06,1.6424078132639977e-06,7.595946348864587e-06,1.5211447515398767e-06,1.5211447515398767e-06,1.5211447515398767e-06,7.615315928087418e-06,9.864511377638186e-07,9.358493732597732e-07,1.0337488124972788e-06,1.0328421465581745e-07,1
0.0006883899372851051,0.00018062075277554387,-9.309346634867597e-05,6.645330668995966e-05,5.586271381839163e-05,1.0768870265957215e-05,4.5773517298460154e-05,-5.292208689913073e-05,3.6591683326647296e-05,0.00013876361278384415,7.278010609906962e-06,8.922686752898663e-06,2.4887590298197117e-05,0.0001578751965741265,2.5239005252472843e-06,1.2734313587805684e-06,4.174812895131148e-06,2.7060146326183435e-06,6.9586977421429966e-06,2.46152148543965e-06,6.785954049372149e-06,1.1143651202977947e-06,6.392151440482486e-06,1.0248514615125684e-06,4.1072924880054705e-06,2.0808139809852488e-06,8.753249952384234e-07,7.2064433576087e-07,6.942591587976267e-07,1.799365483782572e-05,1.9649755015026016e-06,1.4906621632625479e-06,3.794243424006353e-08,3.471657998879597e-07,6.24345080522484e-06,1.7530831912535927e-06,2.9104941924312616e-07,1.7208464812281213e-06,6.047077294411129e-06,5.609415024068276e-06,1.4820441339833503e-06,4.935775602147449e-07,2.3007454636388207e-07,2.686146513248336e-06,1.1806401284431776e-06,1.2281057708101479e-07,6.839301876753447e-07,-1.605961153273945e-08,2.899416744334303e-07,1.355968331393515e-07,5.25622260375916e-07,-2.0841642186914233e-07,1.3629018256372458e-07,1.1361451348655678e-07,-1.215358714457971e-06,2.398254581433009e-08,-1.1873792071608536e-06,3.5754309229278996e-09,1.924734278830737e-06,4.501553680831713e-08,3.202368863920761e-08,1.5622504785923783e-08,1.496531720817117e-09,1.166041414080886e-08,2.780021331598425e-07,5.284494233861667e-07,8.751183262971863e-08,8.13180486819845e-08,3.632281768565379e-07,7.793962107412953e-08,1.483600846237367e-07,4.472763274059281e-07,1.9467256507698333e-07,1.681955169964554e-07,1.741657508961164e-06,3.153832762725698e-07,7.343937006655189e-08,3.2784250977861063e-07,1
1.3621234952566406e-05,5.57431988868942e-05,0.0009657246664592008,-0.0038275694964434244,8.936261763875648e-06,0.0001222132274551005,5.228419819234436e-05,5.2195306699617056e-05,8.94804792649287e-05,8.349145430182622e-06,4.7782172046438095e-05,-5.0075430511743406e-05,6.820055710306407e-06,7.2595076782766204e-06,4.262307085374028e-05,3.9129732859816924e-05,2.8274315726852266e-05,1.0473748667540646e-05,5.669169514200841e-06,0.00020392373142178626,4.704572971051921e-06,3.3557757347106555e-06,5.106437384546955e-06,1.338384052202707e-06,4.350332996796826e-06,2.7495710858596986e-06,2.6941365081394327e-06,3.433392726225515e-06,1.642093772520757e-06,6.657740097046683e-06,1.1147540253179225e-06,1.921348963538758e-07,1.1534129546385126e-05,4.1272782233251657e-08,2.0077509294607053e-06,3.052624372550162e-07,1.7695097257284483e-06,5.941435486940186e-07,-1.615981610807167e-06,2.6444509801326646e-07,3.2458609824802387e-06,1.8677108637664833e-07,2.3741804378025548e-07,-3.335896186951965e-07,6.66431660660212e-07,5.122153952602234e-06,4.466186968873034e-07,2.9838813037973515e-07,1.024071642909164e-06,8.78763430966398e-07,5.76016657361714e-06,2.8519855429782843e-06,1.1246958853347756e-06,2.1814070364537688e-07,2.1169746786601895e-07,2.0996275054080722e-07,1.0051540489359283e-07,5.755940559281634e-07,2.417649375058245e-07,3.969612666322868e-07,5.407604686045964e-08,1.9137476055310124e-06,-1.48761832450204e-06,1.0373627754262688e-07,5.435533359873542e-07,7.045827677651232e-08,-6.790014739838096e-07,1.8733432764442457e-06,6.168148958896176e-08,6.023487344164525e-08,1.0322833514870612e-07,-1.164524150782339e-06,1.5570174304074866e-06,9.057472122081006e-08,5.002596642489083e-07,1.4264705029529847e-07,9.032931754418885e-08,5.453098934059319e-08,1
1.0794126597323655e-05,1.0373212669667018e-05,6.187699587325132e-05,9.261836918139695e-06,3.407931990529252e-05,0.000270407320099641,1.913479923009737e-05,8.012707521186761e-06,3.6938414884646154e-05,3.235913920577552e-05,0.0006207717179660657,0.0002448826861150435,7.117718648547424e-06,7.623043806858238e-06,7.042643147956388e-05,5.410470967126166e-06,4.853923264812626e-06,-3.189858070690405e-05,1.3216683443670987e-06,7.891120038134397e-06,1.3050011894807295e-06,-7.536645501635354e-06,1.995107256015838e-06,7.2013936648416315e-06,1.1253662979276407e-06,1.0584681822001205e-06,1.0251119244887122e-06,1.9719244653496783e-06,9.91755666777304e-07,1.5190497262972784e-05,7.341911679861903e-06,3.960277290549798e-06,4.360137702553878e-05,1.2833923028209076e-06,3.524095632734136e-07,3.788786887508018e-07,7.150695861859188e-07,1.6991181115321563e-05,1.7360700414367218e-05,1.6638855771658412e-06,1.0633483139527758e-06,6.88019370695338e-06,1.2716269356390796e-07,1.4641627924677325e-06,1.0201039121428292e-07,2.520803967983012e-07,3.821808245567619e-08,2.6329230716280645e-06,1.6503134947470502e-07,9.686624047048057e-07,2.438189916856484e-07,8.390555286307599e-07,1.2269612917504115e-07,2.558132868280637e-07,1.0164119645325448e-07,7.504966273542961e-08,2.244605289968582e-07,2.4489695592703843e-06,2.3146346702938823e-06,2.1443542324985396e-06,5.928505350009927e-10,4.159612938670097e-09,2.4473700813408113e-09,7.292195271379038e-07,4.761233885737694e-06,7.223372048858364e-08,1.4677029339431212e-07,3.599754641717975e-07,8.33632283789824e-07,1.1139360562827398e-06,1.863063991350208e-07,2.1940691938735658e-07,1.8405963709110567e-09,6.884979048763487e-07,4.518520161707593e-08,9.68795973484576e-07,1.982949052351051e-07,6.380180160148927e-07,-1
1.0116175356678255e-05,9.332984495838806e-06,0.0004596341427844429,1.2808623814269707e-05,8.454165503180968e-06,7.708534176873063e-06,7.89886291264877e-05,0.00011482078670350448,0.00017102710048836657,4.5030094708258835e-05,7.3726961299642585e-06,-0.00021626403412552012,5.243883748445066e-06,0.0002661860070930788,-3.193715661015842e-05,3.3754858769929332e-06,1.302974091353085e-05,1.2861821061561899e-05,7.270453048694486e-06,3.8033172649180285e-05,4.259914988161565e-06,-8.981844521776876e-06,5.747021137963806e-06,3.866531750121323e-06,1.0015884401483452e-06,5.958764465341201e-06,1.4136328702520439e-06,9.696245518397974e-07,3.084519680634671e-05,6.603269267364966e-07,3.3978929432093137e-06,2.1249742749973174e-06,1.9820304235820453e-07,2.7157074837608717e-06,3.674968558211967e-06,3.092276085252823e-07,1.5308627983542903e-06,1.1404539379398729e-06,1.3463738668146496e-06,2.509841217063149e-05,3.073866063975622e-07,1.9637640919883398e-07,2.6848897811291094e-06,8.910744678732024e-08,7.269917867605307e-08,1.7055626982331389e-07,2.5515991076396493e-06,-1.310256342415654e-06,1.1142948117152572e-05,3.863136289521468e-06,2.005300473157668e-08,8.162877989027462e-06,2.4539077750547317e-07,-2.500406351530367e-05,1.2272550231061784e-07,3.8886859840932995e-07,0.00011324757337732207,1.8463656776400544e-06,-1.549377031870157e-06,1.0830243305778895e-07,2.475727209860232e-08,2.3224042194123388e-08,9.776167828496298e-07,1.035729639426263e-06,7.299728179264518e-08,7.092248140282713e-08,3.285833990404376e-08,5.6244795535662374e-08,-5.462419923239244e-07,-3.32732723139008e-07,3.7165686737584683e-07,2.8694635818829265e-07,4.633754379601893e-08,1.385077507981678e-07,2.5554132474623504e-08,8.764191371342395e-09,3.572949575098427e-09,1.957896065072649e-11,-1
5.0092256330917674e-05,9.289009409771479e-06,8.41367306793978e-06,1.4372757084170062e-05,1.5681974285386402e-05,1.6402201201178853e-05,-4.2728633104624615e-05,-0.0001483168529456014,6.43131881082888e-06,4.827345536345246e-05,6.032897972477811e-06,1.1301938740886217e-05,0.00044900366958657066,2.3626549412872653e-05,9.354566725935905e-06,2.310526281504592e-05,-6.651070646930905e-05,1.0943705938570068e-06,7.614576690157661e-06,1.2846709350436926e-06,8.88004607207785e-06,6.674255113399615e-06,9.873578640810963e-06,8.835050540546572e-07,8.270390631014582e-07,7.606717601789897e-07,7.408160394367386e-07,7.697282538579486e-07,4.324506902774406e-06,3.009198285817521e-06,1.822337215899203e-07,8.52033161870753e-07,2.276068895211623e-07,2.0904738408144337e-06,1.4736906549930707e-05,3.3048506042479196e-07,3.983753198847124e-07,3.591202043851101e-08,1.7053925224135467e-06,-3.0340466635378142e-05,1.6385399455590676e-06,1.636868631137706e-06,9.069729115371983e-06,8.170422814959098e-07,2.8746780951444293e-07,-1.1104593865673113e-05,7.078440330008282e-08,-4.4720267083402557e-07,1.007223948374761e-06,9.926401878491882e-07,1.0120307975158094e-06,5.045783450667988e-07,1.6842862191248835e-07,1.4088384364208543e-06,-4.10739268934967e-06,2.601037131434574e-06,3.3551512410322924e-05,4.520373561173249e-07,1.3628179058304387e-06,9.082098875444243e-06,2.783043266418995e-06,3.7784128795888673e-07,8.26799966299322e-08,3.473669100681178e-05,1.63138985137429e-06,-7.021775478985596e-07,3.7636583768415377e-08,-3.309301651817793e-07,5.8651276318780885e-08,1.2216503421633066e-06,9.660618066650839e-08,1.741116321319534e-07,2.6868094434091762e-08,3.3334462779782186e-07,1.5370791708310064e-09,8.848903899752732e-09,5.271107220056171e-07,9.39118547688427e-10,-1
-0.0017655689590822532,8.871870293080325e-06,7.716885666376057e-06,7.663488477408817e-06,7.626916611026001e-06,7.417995720622606e-06,0.0005074358439696874,-0.00030669679974905227,7.235246796414446e-06,6.0300770528509245e-05,0.00011245049897653953,-0.0004205344324200596,-0.00011106766846075391,2.082669753166182e-05,6.825135318350987e-06,0.00014797416284879108,2.0766565110818587e-05,3.852674199151584e-06,1.2331410844308067e-06,4.47249838124232e-06,2.7224008952639725e-05,9.808090553515129e-07,8.585352391441923e-07,2.0502751501473566e-06,-5.341079138078077e-06,1.5375637215539805e-05,8.691646238591349e-07,7.781842619536384e-07,4.053605719575382e-06,5.921912074992466e-07,5.670935455853217e-07,1.9827067414077092e-07,1.3861229441570707e-07,3.746731613584539e-07,1.8197974761356754e-05,1.6138162806067605e-05,9.027816411682894e-07,1.8239077504723434e-06,-1.2824426816498031e-05,2.900810024771476e-07,2.8077859738786734e-07,2.685129604602673e-07,6.33433705512469e-06,4.166416176877564e-06,1.197409933308319e-06,1.2501799544418272e-07,3.1556783772990855e-08,1.1239846396106783e-08,1.5842562619034597e-07,8.690029200061596e-07,1.3341153373921362e-07,1.7745760766846973e-06,7.215614275263506e-07,8.273405934345639e-07,1.373025274295006e-07,-3.158967115439062e-06,7.511913301112589e-07,2.7807876173501977e-06,1.1473978274111391e-07,6.835030960460988e-07,4.3605752108440854e-07,8.965400998255023e-07,4.056993020703378e-07,2.4714424570533774e-06,1.5963504804378745e-07,1.0790263817929579e-07,-3.4856771140831428e-06,7.06604401788837e-08,1.0652893289063658e-07,6.714896352371602e-08,6.679316344146099e-08,9.114778118338254e-08,1.159499887803426e-07,3.63437335484216e-06,3.2793976324436657e-07,3.0227303036710938e-09,-1.976651312116406e-06,6.871233913794488e-07,-1
9.642220107399406e-06,5.346313113391046e-05,5.226968155824436e-05,2.4868090822018166e-05,2.2479553630125982e-05,4.1423282574001436e-05,6.875478748775621e-06,6.783568838910255e-06,6.949307316463366e-06,4.040082208591517e-05,1.9010981732587584e-05,1.532457788037907e-05,-0.009665319969329239,6.555645770200018e-05,3.199190756994495e-06,5.689749445561997e-06,1.869571311322011e-06,4.304088953958978e-07,7.231666452799215e-06,7.199242544207293e-06,1.1221575057642945e-06,-6.5789552674820325e-06,1.0589089950211018e-06,6.131824881619011e-06,1.0296247567002676e-06,7.262008649381606e-07,6.766328764093428e-06,7.597704281483577e-07,4.705662570733191e-07,-1.9363574172137215e-06,1.690675092292866e-07,-9.204290794703705e-07,2.2726341170288113e-08,3.891335094031314e-07,7.900142362921525e-07,1.0082966278755452e-06,3.394271586533447e-06,3.21181733205527e-06,3.0519185439665218e-06,2.589013409674337e-07,1.7452522347217887e-06,9.923748886120757e-06,2.1597442157357132e-07,1.2104854278935766e-06,8.288252061878126e-07,1.574654425059201e-07,8.274860308948056e-08,7.64649650599825e-07,1.7232658715782534e-06,3.087785696298375e-05,1.329913928050644e-07,1.2109057153677956e-07,1.2983208204487094e-06,1.1004515638336412e-07,5.334545501138287e-07,8.026546529859979e-08,3.81397960211507e-07,1.6656303819702464e-06,3.328523462315772e-07,5.25062863425474e-08,2.5868840320123197e-07,-1.35391960754969e-06,1.327399243282755e-07,4.892194846699982e-07,9.25030314703696e-08,4.573388319319301e-07,6.927604961803078e-08,4.966173743728526e-06,3.4056748338523383e-07,2.3364925672445704e-07,4.529806751166602e-07,1.0728608707185063e-07,7.9165696970022e-07,3.288333078253563e-08,3.287482152076693e-08,1.0238793737904894e-07,2.9244444054485358e-08,3.2771790762349104e-08,-1
0.000895751137820196,0.0005278790007193263,8.212867526723253e-06,0.0006050422079979374,0.00022452798210840046,0.00019472745432789888,0.00041499918789849975,0.00041036677807599524,0.00010531854079271279,1.9345244626894715e-05,7.0875953663914834e-06,-0.00018494100046513983,3.692737252196834e-05,6.013838666878537e-06,2.4565079719111666e-05,2.414607164688585e-05,1.851341299255544e-05,2.4012038604161215e-06,2.011657702172042e-06,7.428797376530114e-06,1.1919577636965094e-06,1.28501803630836e-06,6.7148587910870055e-06,1.0933916157062296e-06,1.334302465195315e-06,5.220512842087107e-06,2.376372716573448e-06,2.0733169985028192e-06,1.039182124195385e-06,-0.0002650684111539955,4.140928502793696e-05,4.1866838128439266e-05,4.611474952640735e-07,2.253197452327797e-06,3.723305473788874e-07,1.4622871584589607e-06,3.986008404408762e-07,9.235683147175746e-07,-0.001781740996959551,3.799632311749054e-07,3.2828048321051646e-07,2.8247839300096304e-07,1.0643819247393228e-06,2.019542499023755e-05,4.1648332954273905e-06,2.689632833104298e-08,1.4707302614586947e-07,7.367409489464381e-08,1.4397723242792678e-07,1.6857237886722747e-06,1.8293892014408223e-07,1.332971507299108e-07,4.76862272494769e-08,1.1694280504973453e-07,6.603166128465451e-07,2.4503084820916253e-07,1.2145600897953757e-06,-1.0329334704409058e-06,2.331955519755046e-07,1.5632287546231022e-07,3.106207822452885e-08,1.0349690168238773e-08,5.26939987229696e-07,1.7037287885143242e-06,7.674411728628719e-07,2.53017291049004e-06,6.429110936927474e-08,7.898862912648769e-08,-1.925005838806073e-06,5.34150651850302e-08,1.831723293686304e-06,5.588992912883824e-08,4.924730946767926e-08,4.697981494673877e-08,2.127416803120976e-07,3.3833511411534296e-08,1.042379273082468e-07,2.524542701839269e-10,1
0.00011916800982862748,0.0007000756518495883,8.386899441440478e-06,6.98647505510309e-06,0.008049747422404085,6.6666092833649574e-06,2.4879658509905713e-05,6.406158302985375e-06,6.0035214638326984e-06,8.572823125053672e-06,9.321744513691149e-05,5.4989964904919575e-06,3.2806791030807545e-05,3.0128629543501514e-05,5.0158275417407525e-06,4.4704454534856235e-06,3.810600488952659e-06,-7.3009242682467096e-06,1.0929248931497515e-06,1.0295325896895011e-06,-7.15043649343247e-06,1.0098415795823326e-06,2.4246410987570377e-06,9.039456137418659e-07,5.2852570123036225e-05,5.1295847259499405e-05,-1.4613024951519299e-05,2.343494729708081e-06,4.263119162166027e-06,7.643958293429682e-07,3.610025225593285e-07,-1.4248953608821728e-05,4.803507755032234e-08,3.0239801864435005e-07,1.8007335825149455e-06,2.8105152169929876e-07,1.6414908872930562e-06,3.8942370186274305e-06,1.3266004993415734e-06,2.2676570060062318e-07,1.2382378852678164e-05,-7.833994384367188e-05,1.2422672286706728e-05,1.2422672286706728e-05,1.930566896087011e-07,1.569821811628582e-07,7.424645561207359e-07,7.02671385054265e-08,-5.456323954728755e-05,2.4206448639449813e-06,1.5251637099963645e-07,1.4503381212964295e-07,1.3407905192959906e-07,3.4697738638468996e-07,1.2898724689698828e-07,7.374451042046292e-07,3.110718662879244e-05,8.997396084962129e-08,1.6008182506317123e-07,1.4555703306479317e-07,5.6981219211822644e-08,1.2451166022746065e-07,2.516338748176437e-09,2.0947403843149787e-07,5.905491255212374e-08,5.282532902772361e-09,5.5041296654224126e-08,1.640220120117885e-08,-5.130388207480375e-06,3.184192708462795e-07,5.574614445077762e-08,3.926739360861138e-07,3.2222463001537634e-07,5.019470624284839e-08,4.048679508778847e-06,1.9959692864601862e-08,1.3627463561599221e-08,-3.5474924980393336e-08,1
1.5377603168573995e-05,8.411575898533024e-06,2.9182300763991646e-05,2.797453515635331e-05,2.9660046698750922e-05,7.631788581501096e-06,-4.211679178956815e-05,6.416299789603607e-06,6.057404155022049e-06,-2.814791352493499e-05,-0.0007646667097204837,-0.0007680096537284586,1.1416355165374414e-05,2.9208569630880085e-06,1.4170321574494043e-05,2.347677867062844e-06,1.1726944783101663e-05,6.05112060629039e-07,1.2644491883150965e-06,1.1846743204679602e-06,1.1469785037929396e-06,1.033595105664626e-06,2.307623464175095e-06,1.0168722696105486e-06,5.286049459328892e-06,8.401720749698757e-07,4.73060798906694e-06,2.99994479804376e-06,6.876239747150907e-07,5.109342379958247e-07,3.264845891963289e-05,3.6769238394253813e-07,1.1286570047309209e-07,-5.7926095407151e-06,2.9814028612426644e-06,-2.648309812382397e-07,-4.998198686251861e-06,3.2231259714114007e-07,2.682812521898969e-07,1.9223636165636634e-05,1.0862797697338758e-06,2.8782747329487636e-07,1.984628744627723e-07,1.499247420511065e-06,5.077156626126702e-07,8.942989498846613e-07,1.53624428217888e-07,9.788601151005974e-08,1.4384915045172735e-07,7.816691755108183e-07,1.8371506683365544e-07,1.173033770902091e-07,7.018232694004609e-07,2.12205967221398e-06,3.3969769074519385e-07,2.6574936572895796e-07,5.978828751717523e-07,2.1127207809164815e-07,5.236400332373735e-06,-3.258303911637213e-05,5.2399859704100134e-06,1.0407349190773079e-07,9.983878724596597e-09,7.742598801734205e-08,2.804340464141253e-07,4.279941579461699e-07,4.905459905295207e-08,3.526818297922833e-07,-3.5513733603160197e-07,-3.447925364923128e-07,9.984307067821408e-08,3.989616899345746e-06,2.908300531361829e-06,1.1471803469984944e-07,2.1517062664834386e-10,-2.6860501435535567e-07,5.107705991928746e-08,-1.0169539383226355e-07,1
5.624124501247659e-05,1.5535588408457364e-05,5.083285517261882e-05,8.100136878409213e-06,7.87619220021221e-06,3.241137750259324e-05,4.984303163749254e-05,4.60609219449596e-05,0.0002091350513020333,8.804899774104434e-06,4.486645685722015e-05,3.851374498183166e-05,5.976230369989083e-06,3.0856657151822424e-05,2.0978326303394564e-05,2.8851271254606103e-05,0.0001199219483460567,0.00014945182675758534,1.1728453506675708e-05,1.0557378697218029e-06,2.4393108759507888e-05,9.232793880126442e-07,9.830767659725946e-07,8.496170791306185e-07,5.618869030363731e-06,8.020374737004509e-07,7.051413510086082e-07,7.394019723360976e-07,3.1827748899951643e-06,3.557978989574102e-07,2.8731618541599253e-07,2.436533696017888e-07,8.496384046436294e-07,2.205830616943611e-06,3.4815739394795563e-07,3.3076649934887757e-07,3.1836101630170025e-07,2.9688800302725394e-07,2.9390755334173505e-07,1.5250197144304388e-06,7.268317258287032e-07,4.407189403082222e-07,4.4955061777670736e-07,2.2553452940441869e-07,4.353999043583535e-07,2.032859699822514e-07,-6.886818802393012e-06,-3.6018669394443516e-06,8.712505608676798e-07,-4.965907997157056e-06,1.2969121918170095e-07,7.712800302033106e-07,1.2627997567274282e-07,1.4124150214716654e-08,1.2850497296540435e-07,9.726372207632145e-08,8.642481956817042e-08,9.968880305127141e-08,4.924355498766699e-07,1.4326268575213225e-07,5.008607945094706e-08,2.509088353953725e-07,4.8603722397724824e-08,9.105199196754766e-08,1.1230396612701862e-06,2.7175815259615504e-09,7.386149587804086e-07,4.783063001374018e-09,6.70516350607537e-08,1.0043437114111421e-07,4.6382942233770585e-08,2.6501942417879653e-06,-1.6907036989158006e-05,-1.6708118502507554e-05,-1.669220502357552e-05,-1.6811556115565794e-05,-1.6774424664724368e-05,2.483064650503245e-07,1
2.5656375015929256e-05,1.7429453015389374e-05,-8.298377008008923e-05,9.697873464779821e-06,2.4881247722134195e-05,0.0007950989615856556,8.934486088386501e-06,0.0008326945859065294,0.0007736717917228294,8.575019939376266e-06,7.165725971939358e-05,1.93160115598417e-05,3.592679363467668e-05,1.4974781424326948e-05,4.3548313677930714e-05,0.002095954846017913,5.30564504629417e-06,0.000723466879497314,1.3376073389674883e-06,6.606283803792943e-06,1.0938933458175305e-06,5.337193000343466e-06,5.5874329343300516e-05,1.201859665599252e-05,-0.0003695081375524616,9.223238337736392e-07,-1.0245592246692315e-05,1.2501928657601223e-05,1.5814243580430872e-06,3.0755499028171225e-06,4.0423915256532034e-07,9.323670174918184e-07,-1.1119003148660157e-05,1.5271442650266018e-06,3.597977554773149e-07,3.766023782345804e-06,3.533245201903497e-07,3.723669087022186e-07,3.3695247226905343e-07,3.1153984809381575e-07,-2.0746830406930005e-06,3.544423137922361e-07,1.6698650278228012e-06,4.594984352439007e-06,-1.2522587885584277e-06,9.267200799792488e-08,5.529115156869203e-07,5.815007805786901e-07,1.4918009868276885e-07,8.812734034307626e-07,8.733835813359909e-07,2.3928174433233362e-06,1.319751519998938e-06,1.2834459959029025e-07,1.1659064812874932e-07,9.550767382525829e-08,-2.5874192897919406e-06,7.67820069910511e-08,7.45076921448686e-07,4.973067412467448e-07,2.2853199583434372e-08,8.425274925167304e-09,-2.9129378701300003e-08,2.0438479748379676e-07,4.496787663848528e-06,3.254378374620198e-06,3.2480605112382465e-06,6.680820891930216e-07,5.037475454360363e-07,3.171954382389118e-07,2.926001449501375e-07,4.1513078546119365e-08,4.061725300901362e-09,3.764749957062442e-08,7.15439159907729e-09,1.4810730394044353e-07,1.8991853739302567e-08,1.938436956561724e-09,1
1.293613667871469e-05,5.027388000210453e-05,7.105918235751509e-05,1.1928108326478137e-05,2.0989894413698973e-05,1.0790617020765332e-05,6.6316167386528215e-06,3.1104204043910836e-05,6.695201462605515e-06,1.0275309042980201e-05,0.001348523527445168,2.9177924194301013e-05,4.083469404932766e-06,0.0003794578904713631,0.0009232968328969152,0.000376203170975356,2.365643098807052e-06,1.2619180149198541e-06,2.552435978972264e-06,0.00010712258804400899,6.877442487464966e-06,0.0002377046752680851,1.719243411723902e-06,6.115665992278686e-06,-5.904215306660284e-06,9.764788134972568e-07,5.599460917020117e-06,1.184129213592095e-06,5.4649220604130115e-06,5.240402128360437e-06,1.9793051990986164e-06,2.1892082176289184e-06,6.665714543102755e-07,3.7711711874799685e-07,1.938340210507053e-06,0.0001891785505879477,4.79571678015382e-07,2.837968412079076e-07,4.2644126194325295e-07,2.2555094724070802e-07,1.295865874371257e-06,3.1626542270769256e-07,1.1437428161132947e-06,1.3666513202908596e-07,1.4366357643009591e-07,1.2162514317517746e-06,7.691634351383462e-07,9.353975742424344e-07,1.4818760190103112e-07,1.2396347966687672e-07,2.511649144428803e-06,1.199200900249495e-07,1.2097548726382056e-07,1.536057446832179e-08,1.546687748218042e-07,6.841109981707269e-07,-6.1794281823000365e-06,-4.3455152826578374e-05,-1.575690143201265e-05,6.663695200981887e-08,4.903225353690153e-08,3.3830105116813384e-08,2.8302820881724446e-08,7.748234101644505e-08,4.532317770128121e-07,4.30004140765804e-07,7.922835197124068e-08,6.378535740169623e-06,1.2813208296641077e-06,5.99085074574649e-08,1.4535636780025082e-06,6.638240927869668e-08,5.67893341703716e-07,3.388344550579162e-07,5.1249266423883e-08,3.465733707704018e-07,1.1773737937701352e-07,3.27643511450545e-06,1
1.1376730519595112e-05,1.1296117668002264e-05,1.4039238038871799e-05,2.8199794263022982e-05,3.7222588464009784e-05,0.0007952526142648874,0.00030474131816016193,-4.9142036004875945e-05,3.4145366658224655e-05,6.89754832989641e-05,-0.0002740318916286688,2.2865001094359377e-05,-0.0021596916120359623,6.629843302992496e-06,2.0279926398029563e-06,2.671804589837965e-05,9.015164267211477e-05,1.4859272417140577e-05,1.2993695705896647e-05,1.0456006409300612e-06,4.039434760898437e-06,5.582578791204993e-06,8.170308152520529e-07,8.254129388524577e-07,1.8683891759310442e-06,-3.7941484241462497e-06,-3.946491025931535e-06,7.216103789930231e-07,5.706691544044557e-07,4.747469570120496e-05,3.720866055640488e-07,1.954339034151642e-07,1.0799381975948587e-06,7.620204325356561e-07,2.139228633369694e-06,3.894023055459935e-05,8.473496677551413e-07,3.519018288817249e-07,3.033289712121448e-07,1.784248831977751e-06,2.98034303411686e-07,2.9341438441162434e-07,2.9235827216682413e-07,2.4127816615141505e-07,2.1549637810396166e-07,3.657401330563556e-07,9.70859198648049e-07,2.088629054437228e-07,2.955914852936683e-06,1.6154333512966426e-07,7.290899629673375e-07,1.1916797943355368e-07,1.1728936458948659e-07,1.4930609292152893e-07,5.863515502720809e-07,9.738991674674452e-08,5.702551519391708e-07,1.516936390335375e-07,2.9523226342790757e-05,2.1742336995530262e-08,-1.5045735094561979e-06,-1.336021759883631e-06,2.4605171138633008e-08,2.8871515894759886e-06,7.961118134779242e-08,8.098173257866746e-06,2.8265961615227986e-09,2.7407525444029595e-07,2.492318784750526e-09,1.4583100221383283e-06,4.058088407706811e-06,3.3271166642643485e-07,-5.082128439230763e-07,-2.0290465142069586e-05,-5.180799497347635e-06,1.1841836088324282e-07,9.68058808508297e-09,4.432453991412341e-09,1
1.0012528145145246e-05,0.00014137561041776918,4.2069445887838635e-05,8.017510960596535e-06,8.594217639987317e-06,-0.00037384102885321124,4.923711699299194e-05,-0.0002050706620442542,7.016859148744881e-06,0.0004655519897515668,0.0004630926923491423,6.180762225173231e-06,1.149885485685754e-05,5.327279490951847e-06,3.236176477622264e-06,8.827058329137678e-06,1.1787731837989709e-06,1.4539029342450105e-07,8.562777709043653e-06,0.0001331877126971156,8.387444756829211e-06,7.855399936316432e-06,2.5802327572465273e-06,1.0722481192597037e-06,1.1423136218072404e-06,3.530281610728938e-06,8.911545090644372e-07,-5.748619159391269e-05,1.6757379863839203e-06,-8.878325369193228e-05,-0.0002699614515044953,1.0131687599117738e-06,1.8574090521425722e-06,3.3597264093797745e-07,3.31681422028534e-07,7.850276264450057e-06,-3.062917468520468e-06,-1.7928418183954787e-06,2.8323165482950926e-07,2.415927912431002e-07,1.177268174968912e-06,1.9748904082027678e-07,1.8352267465287706e-07,1.4040516771229991e-05,1.390499669177218e-05,1.2880049281771965e-07,5.742002035030786e-07,3.9997711022031806e-08,4.0088085962389463e-07,9.244813644631877e-07,8.683754358394701e-07,1.50321503762301e-07,1.6252085619229944e-07,-8.509851860267718e-07,1.2271181975495445e-05,1.319879743795385e-07,-7.246568116384082e-07,6.737602603827693e-07,6.603959787129732e-07,-5.915699281135234e-07,9.458559229370199e-08,1.4201876135999168e-07,-6.183465881361715e-08,3.6573751849468327e-07,7.325081060574232e-08,4.0494589222544016e-07,5.066663804537798e-07,3.5378080739123e-07,8.51999832828263e-08,5.324268504449017e-08,7.285515556887768e-08,8.342064540709328e-08,4.7967287739636665e-08,7.287243641353052e-07,-1.442651767084544e-05,3.233913220522562e-09,2.3939214874618695e-08,1.8375562389885353e-07,1
5.783005861424572e-06,0.0024150383345092315,0.0023739815165695487,0.0023860371426717565,0.002228282997573813,0.0022095038401866948,0.0010641378306373132,0.001050333713518485,0.0018876045603291767,0.0010457388072688315,0.0004931676148009719,0.0004894521095745647,0.0004793677563873663,0.0017752262155546765,2.855764466379103e-06,0.00045211509238585537,0.0004497403933861026,-1.9983736435465696e-06,-6.591912736230186e-06,-2.8663306638995005e-05,1.1334292646714863e-05,-1.0538131772360862e-05,9.466728280096483e-07,7.292052988612441e-05,9.723163966268624e-07,8.492160437108998e-07,5.7886586543642785e-05,8.095162229797767e-07,6.380461030505639e-07,1.9230958927578185e-06,8.82508826728401e-07,3.2032768006721225e-08,1.8173786678062632e-08,3.915037779135799e-07,2.9094073838209006e-07,5.926904646294485e-07,1.369914779960999e-06,6.5725435960517405e-06,3.9712893305914964e-08,2.708801458598068e-07,4.4868516255870484e-07,2.537777491062373e-07,2.2009144219969934e-07,6.119468778983518e-07,3.5869597984063205e-07,1.1071237879622855e-06,3.887128870409412e-07,2.118989377706574e-06,1.4409005078864838e-07,1.333578687869322e-07,1.2661077944822642e-07,6.752311451998908e-07,1.675654492386905e-07,2.0191125482721935e-07,9.456046378021774e-08,-1.1536218335893365e-06,6.325057453674489e-08,5.914623673375646e-06,2.193830745504686e-07,5.881881752631771e-06,7.306173354719052e-06,1.7949595232990868e-07,1.343280407048715e-07,7.717882474060559e-08,-4.3501950694539157e-07,1.2387560307064282e-07,1.9738776660846727e-07,-3.8300248513598726e-07,3.6178730236244023e-07,6.001273342097731e-08,2.238028206477346e-07,2.693512161697263e-06,-3.1622670201324836e-07,5.1324633360284223e-08,1.6767638768143303e-05,4.799972161760576e-08,8.316059760025333e-08,6.421412695567392e-08,-1
9.699618565396536e-05,1.0797564638051218e-05,1.2026735525936684e-05,0.005925081299084975,1.4040943637753407e-05,1.1032621073418291e-05,9.128953922259224e-06,0.005978765093323124,9.987426295836527e-05,-0.00010322517999166175,-0.0007425169815280741,0.0006718601463037606,4.042296036974034e-05,5.869565221907143e-06,3.156701090762246e-05,2.2441168723532393e-05,9.475642862974097e-06,4.255347776150801e-06,2.0759057282571795e-06,1.0841334538717666e-06,0.00031450854553233563,0.00028840882620877,0.0002880763173514632,0.00027720055935623057,0.00014771466632205327,0.00014670176761359934,0.00014577063525941312,0.00014046152440503126,0.00013790182269512826,6.13924667839426e-05,1.3739147924902967e-05,1.3373199987682336e-05,7.559858535827207e-08,3.568263357862592e-07,2.8204437615033196e-06,3.0036320815590834e-07,5.46090330812763e-06,2.041773190713503e-05,2.3655521635308908e-07,2.3340436660310791e-07,2.680037049940502e-07,0.0004282243482897359,1.1869460734658599e-07,2.8487032165049233e-06,8.440922321864808e-08,1.1659409567753289e-07,1.5418765959878586e-08,4.258455849385229e-09,1.7650183856253538e-07,1.3731716344635425e-07,1.3815492124296996e-07,3.872977632923295e-07,1.327359677659775e-07,1.610552416840646e-06,5.790969568032134e-05,4.566176470588236e-07,1.7348279016861276e-06,3.250202792613792e-07,1.0777419265463141e-06,1.4849742130664054e-07,1.9149173529198447e-06,2.979978879445811e-08,3.3453811853697953e-07,6.901374825150012e-08,6.697514051116498e-08,3.6340858773435364e-07,3.5728504263711955e-07,8.437018408523919e-08,6.269454503509259e-08,9.193715511480711e-07,8.157348991941384e-08,5.091801072757855e-08,3.9584205509691695e-08,3.778917596485721e-08,3.0393510252721925e-06,8.373982026867124e-08,1.1972791181247498e-08,4.355194392885978e-08,-1
1.3638031074367364e-05,1.1300435480174196e-05,6.457117984497567e-05,3.0065260583287334e-05,3.5747770730027924e-05,8.705642549259506e-05,0.0001592312661396647,4.812550093132713e-05,0.0001666043300524363,5.733621022174176e-05,2.436403632185314e-05,0.00017681718129714595,1.9941929412828103e-05,5.763378775210665e-06,5.8274825835464715e-05,3.766833508002666e-05,0.004494055372159613,2.4308987548947144e-06,0.0004498239293085656,0.001912991162325796,1.3790776341772864e-06,0.0010668084940183504,0.0007473456366653905,1.405743514290709e-05,7.336858552635396e-06,1.1161352613476414e-05,1.153774712176408e-06,3.903166900811449e-06,2.6440103982504804e-05,0.00023083711301409332,1.184455357871762e-06,2.7147724499077997e-06,2.1698718864854452e-06,4.1319041336799407e-07,4.0704289279851626e-07,9.303540266471359e-05,8.758949901989102e-05,8.551080064585171e-05,8.431385652636785e-05,8.314314006544178e-05,8.248943968922821e-05,8.011007046682173e-05,4.9735383803652485e-05,4.285087468463782e-05,4.2340173351436095e-05,1.5592477344244236e-05,4.014034821908496e-06,4.0033898632713706e-06,1.6428432921678997e-05,1.5053611040982812e-07,1.9560863308358077e-07,1.3347088628653393e-06,2.0226132202781412e-07,7.147691420538485e-06,7.823829849340638e-06,0.000941494787289916,9.351455109852728e-08,1.11337027910435e-06,2.364995633959333e-06,2.995341235102342e-07,4.6072998286917976e-08,5.216710008086472e-08,3.386485162342316e-07,8.649952446756155e-08,8.57901313735445e-08,2.327525907056721e-09,2.2444386378541818e-07,7.726733573458921e-07,7.071606616597809e-07,2.0318079336594567e-07,1.1016631744127016e-07,-4.598895327513016e-07,1.0844140280194786e-07,2.770547125648616e-07,3.541676801610938e-08,1.3526570851721866e-08,1.4762084399735806e-07,8.007632099777652e-09,-1
9.027055184819481e-06,9.147213954215548e-06,7.725659511165568e-06,6.24908638807899e-05,2.706275426120411e-05,2.6595351800957505e-05,6.790860220331617e-06,6.113464139087516e-06,5.896254536271982e-06,5.887452707538235e-06,7.229763242154011e-06,4.388264664956321e-06,4.04410531216101e-06,3.3162752715173835e-06,5.689522660625292e-06,3.803779463046904e-07,4.496618367081348e-07,-6.038594839098115e-07,6.665360617005888e-06,-9.591713044713388e-06,2.5866988219330504e-06,3.7581575729109167e-06,1.158270451265927e-06,0.00036015689026604116,1.9903908267458086e-05,1.8260761535344382e-05,0.001567029225352113,1.3568992993794383e-06,1.652530514279811e-05,6.7952062193169525e-06,5.208280741058776e-07,1.2227885087011538e-06,3.7738277975592876e-07,3.5924513205172355e-06,-2.6727391052855697e-06,5.1076949413973564e-08,0.00025335125928440213,-1.7108819879746514e-06,-1.8415255433390354e-06,2.2848126919142388e-06,1.2213544410135117e-06,1.6595174813294858e-06,-3.823154814505991e-06,-1.1733264532978592e-05,1.0166260196882166e-07,6.721334301594933e-08,9.4043055163596e-09,5.64258330981576e-08,1.3397438965993736e-07,3.787685002842453e-05,1.1609816281117131e-07,3.730048271075693e-05,3.710013056705977e-05,1.1649606317768033e-07,2.1009387107158586e-05,1.8707926042189294e-05,1.7968936933016077e-05,1.7220991371269823e-05,7.750850282855516e-06,6.8933437798513285e-06,2.1801366324889934e-06,1.6365732492100432e-06,1.621697688297948e-06,8.243371997298277e-08,1.1310048833421535e-06,7.491357796823561e-08,6.184706705470099e-08,-5.389059242149178e-06,1.3067985312187496e-06,5.809688140658459e-08,5.795736295778734e-08,5.833642390889952e-07,3.425794786317887e-06,2.6735685327514078e-08,9.669305081139588e-08,3.3999516391239725e-08,2.562621440537698e-10,1.925046134673819e-09,-1
5.7756691253711797e-05,8.918281376681346e-06,3.6645528585853445e-05,6.373154150966238e-05,4.453727126151871e-05,-0.0002912095662850141,7.500181969119732e-06,4.441238770618208e-05,8.216067728386693e-06,3.235118186530502e-05,3.085069637883009e-05,5.211259981389985e-06,5.850787261610815e-06,3.2938142353567074e-06,4.097562928542546e-06,-6.719183492277946e-05,2.888087743179673e-05,1.0236585240564566e-06,-9.602608633243248e-06,1.1852452557686263e-06,1.154006786873319e-06,-6.329003555620154e-06,1.1684542916490189e-06,3.7165730480385677e-06,3.4853838478583375e-06,8.673279109018819e-07,2.7612310303598666e-06,3.7812493980482624e-06,7.080304198312529e-07,7.679476848001671e-07,6.504733689363863e-08,1.654059967289327e-07,5.017174613747469e-08,1.7217339076606995e-06,5.051122620136059e-07,4.353884085397262e-06,9.719698729611365e-07,5.611131901512504e-06,1.3947033553074676e-06,2.49012046375815e-07,1.4524147730159875e-06,2.1274333379842904e-07,6.4962323321061135e-06,2.15802682752998e-07,1.0238475790109394e-06,1.3179078602878182e-07,1.3977139990960325e-08,-4.455979182225974e-06,9.072919519307667e-07,4.452847422622646e-07,1.9515713067200426e-07,0.00011921825562988722,8.900707062308056e-07,-6.671007184450348e-07,3.570343374367202e-06,1.6710662670158308e-07,1.364777223122149e-07,9.504329148969056e-08,-5.52046643048268e-07,4.6135915031571516e-07,8.026816318091108e-08,6.648980900235626e-08,2.2452037464841471e-07,7.444749967711594e-08,3.3055233069439523e-09,3.594072087907905e-07,5.558276918344894e-08,5.9381819525210773e-08,1.0987918200059773e-07,6.696126914345874e-08,2.0071161408448037e-05,1.889157836205715e-05,1.8854062981659767e-05,1.8587414449312956e-05,1.856325268677544e-05,6.651451205235341e-07,8.87033188817639e-06,8.463107946549684e-06,-1
0.0010043881362949887,6.131321550695167e-05,0.00017342449876644138,0.00015574404649746173,-4.600741855171244e-05,-4.37973425785233e-05,6.791368510083596e-06,-5.915549621345545e-05,3.740856527183862e-05,1.9615188651802877e-05,0.0006445259751564652,0.0006269679166229316,2.3961284595823165e-05,0.0005641618676073789,5.528483042808718e-06,8.404667492253108e-06,5.390422028803398e-06,4.713230689738025e-06,1.2646740322630278e-06,1.0924409025438443e-06,1.0072684476778016e-06,9.906846676438266e-07,1.794457181637559e-06,8.978111244475043e-07,1.0402962560126026e-06,1.0300208216162598e-06,1.4696523560630135e-05,4.783322204483384e-07,4.391641741754724e-07,3.0633182099516765e-06,2.2255605246391126e-07,1.2795731550705707e-07,8.885356691741123e-07,4.3897972435875046e-08,6.626928507881316e-07,4.274099210641923e-08,2.7216694072256426e-07,1.0473791710355913e-06,1.0336483310550855e-06,-1.843513784246626e-06,2.5037532069016606e-07,2.1181571401330418e-07,1.8737577708121628e-07,3.6577728884495485e-07,3.303903889269929e-07,2.8442506844450635e-08,2.1050280727158462e-08,2.0459788038298937e-08,6.932481417904022e-06,2.362819558596133e-07,5.764533687357593e-06,4.041716909270391e-08,6.526873311975505e-06,1.3143486823415856e-07,1.415800481320193e-06,1.5287309593139456e-06,1.5187029265017758e-08,2.8532439898975597e-07,1.4775423589746904e-07,-6.333702757072653e-07,1.0685413222295989e-06,7.021961518999396e-05,2.991560385884718e-08,4.740065039267981e-05,1.5465964698523874e-06,1.1778037392399168e-07,4.29965273295133e-07,-7.035256343941225e-06,-9.386611626382875e-08,5.3748811704300844e-06,4.790912603789012e-08,5.8605089863750115e-08,4.6941569080951094e-08,6.421453054472887e-10,1.5312889824976534e-07,2.184050421554088e-08,1.7095791826557123e-08,4.412756058738373e-08,-1
-5.7606078931882207e-05,1.4873715086973005e-05,8.38367421934745e-06,2.456773776872095e-05,-3.7885635959457026e-05,1.5450037415061127e-05,4.720029266603496e-06,-5.4581590049284645e-05,4.302002065168844e-06,2.7176894241569387e-06,0.0002344357691665531,1.8065335373965677e-05,8.472233986450881e-07,-5.124399471463894e-06,4.413848873307101e-06,2.831313170957931e-07,-1.5445953684543744e-06,2.5989025334563335e-06,1.1296365214963556e-06,1.0660754450889412e-06,1.5798475910399438e-06,2.7804466801299645e-06,2.7568533350412806e-06,7.713797554816275e-05,1.4071188580627269e-06,7.437309028703673e-07,9.777385808659168e-06,4.114873902903642e-06,6.859218229999589e-07,3.7909558965986616e-06,2.782197084268418e-06,6.788509137390356e-07,8.815024203677981e-07,2.1307495003542514e-06,4.0460774168290526e-08,3.730623880288154e-08,2.6175275139270115e-07,6.051620749797001e-07,3.6792336797716916e-06,1.983042996043533e-06,2.9800828210749554e-07,8.363535313827582e-07,4.408225960004419e-07,2.166654903304744e-07,8.399897517502232e-07,1.175407603816747e-06,1.7797781336314439e-06,3.665033783421957e-07,1.4957891639549647e-07,1.4837075021737504e-07,1.6365299547431115e-08,1.1194060931297412e-07,4.780634197447774e-07,9.837729562304671e-08,9.226153552505672e-08,4.7409176703297175e-07,1.1062975309863326e-08,6.856663538994252e-08,1.227802552796146e-07,2.185245762962297e-08,4.395457273972827e-08,1.4442043891772328e-08,2.310175282671724e-06,2.82874796705975e-07,4.66520679336159e-07,8.878350620185318e-08,2.784069325400389e-07,-7.673370435770708e-08,1.6145165997897388e-07,5.165694387598052e-07,3.4831072683178095e-08,6.773781575540799e-08,3.7637562979545485e-07,5.100748741820623e-08,5.547081972928564e-07,4.80795369512514e-08,4.4633478062968694e-08,2.59987745865521e-08,-1
