5.578065570248386e-05,5.5070547683895854e-05,-5.424674039910508e-05,8.672345271604763e-06,4.921855859850412e-05,6.651014904152055e-05,2.5517721444166136e-05,1.6053067140380454e-05,7.982666811958649e-06,2.4024444218343007e-05,6.735370471913271e-06,3.685100284977228e-05,1.4278294421440313e-05,3.916590375543657e-05,1.654242705137949e-05,5.280678956805683e-06,7.265310090834957e-06,3.4940926521641426e-07,-7.621530923687836e-05,-6.292983062470849e-06,9.905933026348422e-07,6.169078251855634e-05,5.74356882805667e-06,5.783718925307147e-06,9.377883797512524e-07,8.616481850819804e-07,-1.3021291051856508e-05,8.149658347276901e-07,8.711441162658046e-07,8.291884190654237e-07,1.4096627312649602e-06,6.31953843212616e-07,2.275476633945284e-06,7.513877533919715e-07,3.3692386629046615e-07,3.131399446956102e-07,2.711152262791106e-07,3.5073965966092213e-06,4.6559434219713485e-07,2.4931958888275227e-07,2.4812034630343543e-07,2.427897795312055e-07,2.2308426049802433e-07,1.3196826881240216e-06,2.6379049675228168e-06,3.800002186210637e-07,2.0657162878207826e-08,1.294431180995166e-08,2.527446482977005e-07,2.2647358136347974e-07,1.2688055524684947e-07,1.0583512658463245e-07,3.011034708095455e-07,8.959535611445081e-08,4.4126014311229207e-07,5.395777943977109e-07,5.324606342101997e-07,9.371590968863138e-08,-5.080108081168855e-07,2.240342037551025e-07,8.785906157083636e-08,4.29613388153177e-08,4.249290384717351e-09,8.470398738107583e-08,7.075383938584682e-06,6.993625660510073e-06,6.818832100488487e-06,7.0509416040808e-06,6.985589066628891e-06,6.88361657284617e-06,6.8131935799023035e-06,5.7456201803166537e-08,5.8871016829004086e-08,5.286037715399555e-08,3.5449789385762063e-07,3.2283102689000203e-07,-3.1849085671984933e-07,7.560395210269739e-08,-1
9.956574926413354e-06,0.0009551562890562648,5.565285829529937e-05,5.3452059652092635e-05,8.849131341209174e-06,5.06480673455501e-05,7.760136900542479e-06,4.31484452689516e-05,-4.192036136205698e-05,1.6405334786139376e-05,1.6202053438256836e-05,9.668244991497124e-05,5.0826268241834616e-06,6.805751063484854e-05,9.691982310694554e-06,1.5408191924232294e-05,4.138078138557294e-05,3.930932403753893e-05,7.701340654541493e-05,6.0426797936509444e-06,5.679077352209129e-06,1.968646227380717e-06,9.143064371242066e-07,1.7071993999848356e-05,9.789079539829879e-07,8.484835797375999e-07,4.606375356221535e-06,6.976336549061809e-07,2.113291068768865e-06,6.600848696007104e-07,2.130649845512294e-07,1.6945571164231526e-07,5.018055069505736e-07,3.606172350462928e-07,-2.0472859469946305e-06,-2.3307344675817963e-07,1.7394321085388987e-06,1.4839605240820951e-06,2.7448768801087913e-07,3.679655441099662e-07,2.368581486753368e-05,1.3276904690826396e-06,1.9235407174343803e-07,1.1676105812166666e-06,1.673989061751705e-07,8.762926398016903e-08,5.417539433806985e-08,1.2742389470506087e-08,2.9404342198799334e-07,8.135418643391487e-07,5.228936691659058e-07,7.497142592260213e-07,7.323278847337972e-07,6.566287096880254e-07,2.3387762358804818e-07,2.842918406815527e-07,-6.232102110617953e-07,1.1201088609638505e-07,8.771699915902452e-08,3.1059030505138464e-07,5.763090633655924e-08,6.963704607826328e-07,-1.722765639241421e-07,4.376706706355864e-07,7.361828790557916e-08,9.28873504575994e-08,-1.2628498747911003e-05,5.4408832510700655e-08,1.2386506797075448e-07,1.198820281677339e-06,5.435827118202618e-06,4.673056714296272e-08,4.26401675614224e-08,-5.012373492010077e-06,3.794065504415178e-08,1.0424379605672636e-08,2.8461431549687286e-08,3.4797872059106984e-09,-1
0.00015856597624821977,5.626803366900277e-05,9.047899708603099e-06,4.886871678200408e-05,6.446104873994004e-06,-3.639042067077484e-05,3.53140504098726e-05,1.2203014026310995e-05,5.138670231151849e-06,1.6860347716332433e-05,2.2948947690865837e-05,1.8001608046898123e-05,1.791529533566867e-05,2.1558803157169306e-06,3.1340028749456433e-06,-2.572350418750415e-05,1.186350974930362e-06,3.732095093165897e-06,3.0051389038843846e-06,6.497763574794054e-06,6.53802989050072e-06,1.0030238385933922e-06,9.351283836681225e-07,8.768974203162915e-07,8.24128970343211e-07,-4.797239520751652e-06,8.677770889458989e-07,4.506147514784317e-06,8.081336158731826e-07,6.472516539470493e-07,3.849539536069737e-06,5.26873032526327e-07,-8.468373916359383e-06,1.4259529870858119e-06,1.9191354927879257e-06,1.919450551669371e-06,1.6236196637966456e-06,2.672948773160887e-07,2.6518806577342274e-07,2.6523160092541656e-07,-4.7897444468966e-05,2.590426023329294e-07,3.820888873434776e-07,2.2355250749391005e-06,-1.677339551311786e-06,5.468841849483554e-07,5.2258978529083e-08,7.919659632757939e-08,2.9385322186283375e-07,2.033409624063709e-07,1.3017602575923586e-07,7.59318274480115e-06,1.4652943433613319e-08,9.682580330869414e-07,-6.40162154026547e-07,1.0649770212879383e-07,-2.1924293824623444e-05,5.403524683603325e-07,9.369555876583725e-08,8.191405586596938e-08,1.692838814116724e-07,5.225346609822598e-08,-2.6528623112304917e-07,1.2088997074723266e-07,2.3523473759039463e-09,1.6872585462067588e-07,7.513583036363902e-08,6.751251235752794e-08,6.721360984651475e-08,9.784985224901096e-08,-7.476070481498321e-07,5.112002911188062e-08,6.167926189391476e-08,6.897102867393607e-08,3.5970444276789783e-07,-1.7704214426590998e-07,1.283806090572518e-07,6.404161783656146e-09,1
5.491299113206634e-05,1.26833882111989e-05,1.4390127298518755e-05,1.4414728956957396e-05,-5.311044604968031e-05,6.842807428178407e-06,3.985002549211475e-05,3.9922158470539576e-05,1.0185296189112904e-05,-2.7216819212353446e-05,4.524950516797132e-06,8.944298814916537e-06,2.2371168432792138e-06,3.7995030193657897e-06,1.7441641232099335e-06,6.899788783689879e-07,5.376947174928324e-06,1.419873675479513e-07,2.67887979590491e-05,5.7109611877926e-06,8.926716849154238e-07,7.424623589408774e-06,5.374113175617186e-06,9.820536775055716e-06,8.36970561480427e-07,1.1733813879484736e-06,4.050684791140372e-06,5.44647469843759e-07,5.542989730660209e-06,-1.178012633578271e-06,4.316741426627338e-07,1.3264361581660486e-07,3.6925625468859647e-07,2.2642730411145604e-06,2.0463997560357443e-06,1.8783876006618893e-06,2.896977014583662e-07,7.844280404268415e-07,2.416667806034474e-07,1.5592044138962132e-06,1.3956722279184795e-06,8.512078703441871e-07,6.823175830400028e-06,4.6749785903295195e-07,9.922707384564378e-07,7.337048186079297e-07,7.991544389920817e-08,2.156588917339016e-06,9.172598421354644e-07,8.592570959235015e-07,1.5382661578182475e-07,1.3535214124778775e-07,1.6884752668100344e-06,8.706430668256904e-07,1.284579150017736e-07,9.918152860833844e-07,6.276276422948913e-07,-5.381221728361079e-07,4.1495992909714866e-07,4.2512934576894985e-07,1.0891914878744025e-06,1.1352047016929621e-07,8.165465395169219e-10,-1.4640580412007432e-05,-8.84689665983778e-06,1.28727244038228e-07,6.138899252996409e-08,5.621838352115949e-08,5.430592914718867e-08,5.593031307218171e-08,5.250545470203206e-08,-2.8671043403850187e-07,4.415313092873712e-08,2.497741607533733e-07,-2.48021630732363e-07,1.892792101971651e-08,1.0378412981151629e-08,1.3009908205899668e-08,1
0.00012663077372076047,1.110936585964808e-05,0.00017188919771679906,5.89865607943301e-05,0.0001963094645969489,0.00015894902428886107,9.600349034849483e-06,2.4911508948363135e-05,-0.0001751783624804474,2.8660987594529837e-05,1.0385648227967836e-05,3.176764006656302e-05,0.00021676658522872121,7.240509485615308e-05,7.327014252877246e-06,2.384256417550382e-06,9.036047952203138e-06,2.4311631511089796e-06,1.2891311555027877e-06,3.1946569914549097e-06,1.4811138079461779e-05,8.964471248104073e-07,8.945290765256958e-07,4.925929522986872e-06,8.316703194488011e-07,1.0314433233308878e-06,1.1536721193756077e-06,-4.418684321601688e-06,7.364473869336148e-07,-6.654533205797301e-06,1.7662946804145044e-06,5.670170669240302e-07,2.785592304056048e-07,4.593480189213091e-07,3.297808148435187e-06,1.4425352869958669e-06,7.858342376802982e-07,2.2468527234210333e-07,-1.612956203548348e-06,2.8050673021646537e-07,2.28812245907729e-07,2.1072131999451895e-07,1.8689993483498664e-07,1.5663164120097222e-06,2.3429090111388476e-06,7.008886446017791e-07,2.7951579708029116e-07,3.0531389337248714e-08,3.923036186636526e-07,8.291726505926392e-07,1.345026706653645e-07,5.863184762023008e-07,7.281485403138977e-07,6.818887774922726e-07,1.1218659298693104e-07,4.5108107233427325e-07,9.4156981339135e-08,5.450226055210113e-07,2.1684393939184485e-07,-2.2509600911717396e-07,8.85925383747368e-08,1.1337520637681693e-08,8.277608801422354e-08,7.744582642996251e-08,1.230612926254598e-09,7.991661941752138e-08,1.5401260574409096e-07,2.2155120815271992e-07,1.1817995760888576e-07,-3.4540160146702225e-07,6.720946818280966e-08,5.442607806834508e-08,5.375098589206244e-08,5.22254306459657e-08,4.929226776568736e-08,5.784530553795435e-08,1.382269356047837e-07,5.427944792757211e-08,1
1.6003715570725015e-05,1.2466337460170843e-05,2.4322548582515316e-05,0.0002166688959456528,1.5488112920275904e-05,-5.3562006848594317e-05,-0.00021960068143836597,1.0925988268646939e-05,8.137195703879878e-06,7.373309459885142e-06,1.0421553761221635e-05,2.6620461982755042e-05,6.9994080927397854e-06,6.293963870499261e-06,6.015589988855313e-06,3.678091280343995e-05,5.917786559096051e-06,6.400302668745099e-05,3.134556198229982e-05,7.704618415056773e-06,7.373320099291263e-06,6.720890378369596e-06,-9.013280959911176e-05,1.0372703699024551e-06,1.620369427851033e-05,1.6234705265635556e-06,5.313056110094861e-06,2.5189290652672313e-06,7.656106304364342e-07,2.2188914537698287e-06,3.428841034734649e-06,2.4143759384936925e-07,4.909217212760995e-07,4.785175949548624e-05,1.981939082345686e-06,2.9948175422350017e-07,2.9719928372150454e-06,1.8139920141772573e-06,8.91272590194768e-07,8.028061368117947e-07,2.257568492900446e-07,7.161248611858781e-07,2.4231330554693577e-07,4.6303209040377303e-07,2.3214372428330316e-07,2.40540964774303e-07,2.6202813737207557e-07,5.71794735315642e-08,-9.002412691825384e-07,1.379210315544815e-07,1.31037383685428e-07,6.163720776115632e-07,1.5726242138172462e-07,2.3367360882484684e-07,1.776430758053543e-07,-2.2302850298990847e-06,9.158819712847903e-08,9.005336394503586e-08,4.632690827993111e-08,2.086636226878416e-08,9.196870042454216e-09,2.3625221503277433e-08,2.2888288562744886e-08,4.6781890536645156e-07,4.385498117627293e-07,7.211190538838878e-08,1.8527633444388583e-07,7.419246752415808e-06,3.738170855190307e-07,3.4912322802487794e-07,-3.4533238918859725e-07,1.4264573319842644e-07,1.2226190390549888e-06,4.702632319178313e-08,4.148020643069672e-08,-2.5260287609348367e-07,-1.8007680729373914e-09,4.291033200118427e-07,-1
9.774641679519807e-06,5.3715647729088806e-05,8.802994162027698e-06,1.2106583074901941e-05,2.4259490632914968e-05,8.175394331087339e-06,8.353543031956688e-06,1.0688221886862294e-05,5.8997297511641494e-05,8.418675964079065e-06,4.165455964337495e-05,6.501105231886538e-06,1.1456426452906462e-05,7.574666642890339e-06,8.65976839147762e-06,-3.333248986963906e-05,2.9435653564623535e-05,1.2239357978125618e-05,1.2518333103134443e-06,3.2708947236577223e-06,4.027569526875862e-06,2.864168463913451e-06,1.337148489669032e-06,1.1863586426840641e-06,4.664232520561723e-06,7.499589759209618e-07,7.347353522420433e-07,7.665691796092324e-07,6.954469911069877e-07,7.955238835504514e-06,4.911371553279747e-07,1.5111087148440675e-07,4.0995728946888223e-08,-2.9845330039970217e-05,-7.516817222379245e-05,1.1316804058218992e-06,5.8851396534968004e-06,2.9890662793957957e-07,0.00012393673849423264,3.3824319183351933e-06,2.6509892750644497e-06,3.978331766549558e-07,2.820811470728766e-06,1.1852470298430488e-06,2.2168972541472004e-07,5.518855799316795e-07,1.4102160512923684e-06,6.167966673688809e-07,3.3202594170768346e-07,2.3824763487870846e-07,3.3208836664097133e-07,8.155182109322538e-07,2.826382944425525e-07,-8.031291650006519e-07,2.916302341265858e-07,7.610830967710855e-07,1.2665073825453344e-07,9.693600305575667e-08,1.0552041792813523e-07,1.471867444340421e-07,1.0948401943754368e-07,3.021399025248387e-07,1.0670422781271839e-07,4.864701176575615e-07,7.488395293857146e-08,3.443899721448468e-07,1.0839804852746583e-07,6.203820162109717e-08,4.775927531537037e-07,5.5462996952789044e-08,3.019800235611242e-07,1.3330636049173095e-07,3.9207526923086974e-08,3.547181882111146e-08,7.472274012131477e-08,-1.4245500235619302e-07,3.0002610682399977e-07,7.531238185775405e-09,-1
1.0417546192231904e-05,0.00033904781319753447,0.00033205899667784766,0.0003317571795176278,1.0125366287011703e-05,7.712666177637273e-06,7.710916864950437e-06,2.6659415122687066e-05,7.5659902041871245e-06,4.2149789094177864e-05,7.543669193941031e-06,1.5880189781316747e-05,5.938895553149336e-06,9.16073650969547e-06,4.697229876753827e-05,3.114521955890124e-06,7.490540709869762e-06,1.8370311665413518e-07,1.3004762662380238e-06,-1.7978380611574738e-05,4.641074948140309e-06,6.8817449233889034e-06,-6.6588019285202145e-06,1.1321563193565833e-06,1.0636156860707861e-06,9.765898456749796e-07,4.148765700192693e-06,4.556832844678102e-06,7.747862649326134e-07,8.922583978706331e-07,6.003632182836689e-07,1.2128602158300098e-06,3.7260697575586127e-07,2.261485528748257e-06,4.6906090698445456e-07,1.7889448545864037e-05,1.9771086684465366e-05,5.032638279507608e-06,2.7431421157864696e-07,-1.6576966480017234e-06,5.144550822309074e-07,4.950925035163037e-07,6.267256220284571e-07,2.7870961158836717e-06,2.4980991268460227e-06,2.120273566165306e-07,2.657962575334652e-07,1.8912388025532552e-07,1.59035955010864e-07,1.2038466273526207e-07,1.6521378119968705e-07,-2.7493224671886583e-06,1.0725096356770343e-06,1.5832599576341597e-07,1.3272127276556603e-07,5.930871675182217e-07,6.840130481290771e-07,1.0154279003070163e-07,1.2866189775434765e-07,9.43417081304128e-08,2.2422715426115176e-07,1.7617624401991446e-06,3.5022057456015324e-08,1.2919199458744854e-07,6.688217074260266e-08,1.217684813653876e-07,1.6111939135180652e-07,7.081392806624042e-08,-4.0772680391691127e-07,5.33829487339647e-08,1.0804403515537131e-07,4.649848675982743e-08,-2.874841320805137e-07,1.7566441705124583e-08,9.744793850454228e-09,9.711128656512266e-09,4.540436277219315e-09,5.5494626329328494e-09,-1
-0.00018274252981967875,5.919979458270584e-05,9.619577473915072e-06,5.704845621718309e-05,0.0005505122581414034,9.031084386934466e-06,9.068515127365133e-06,5.0481636328753226e-05,8.413606054792205e-06,8.176675697186059e-06,4.591037508463114e-05,4.048875006971747e-05,5.952430213178628e-06,1.638825568964284e-05,6.172858541352991e-05,-0.00012167140984174651,-0.00011900404966583527,5.106296876708993e-06,1.895113741249353e-06,4.116797960638438e-05,1.126536390115576e-06,5.78080344429023e-06,2.438858812879767e-06,9.240586417498113e-07,6.294410786530298e-06,4.721653893638689e-06,-4.459448388447754e-06,6.067052895235768e-07,1.8502050258921646e-06,1.617406203445504e-07,1.395611163326863e-07,7.982314827361421e-08,1.5343978586012788e-07,3.7582747973146627e-07,2.0151068349585846e-06,5.132339931645068e-07,3.311507935664207e-06,3.168375414140064e-07,2.576290801224048e-06,2.550099238870238e-07,4.357008928062386e-07,2.0386215502067124e-07,1.7971713099470522e-07,1.9073243681179254e-06,1.0618424650631382e-07,2.1573177810701783e-07,1.132435700618749e-08,2.035001398961603e-08,-4.752510927308573e-06,9.85117477961317e-06,7.605122069933032e-06,1.3286210005036096e-07,1.4109605529296262e-07,1.2088743447771944e-07,1.7022831690872817e-07,-1.01953762616911e-06,1.156863185135511e-07,-1.1494408608432536e-06,1.0731233123606211e-07,9.605360239933777e-08,1.2165608186661533e-07,5.053056847110931e-07,1.5901835852956662e-07,9.630773018820968e-10,6.793207654167333e-08,-3.9217694433374553e-07,-4.183916243308054e-07,9.73976341204273e-07,-1.023687101773977e-06,3.244886839893588e-07,-2.5325358293396494e-06,5.365814652790714e-08,-2.9013541871809307e-07,1.022023980842012e-06,1.5033706156366034e-07,-2.1786168690956168e-06,2.217551525237403e-07,1.3322808015167825e-07,-1
3.113818454440476e-05,-9.075698154202258e-05,5.418356018481497e-05,2.9053173791244817e-05,7.618729864060833e-06,4.2854800932280046e-05,4.103147242457338e-05,6.079236243045239e-06,0.00010007667359410462,2.088624226338183e-05,3.0388374465971782e-05,0.00020464606887433476,2.092026269890325e-06,2.5903436969176968e-06,4.765132322900318e-06,3.7776208969054245e-05,3.325779293414806e-07,1.1686307456631196e-06,7.540163700810764e-06,1.4365166466429789e-06,1.1806558064969673e-06,2.5000536747029504e-06,1.0723279158180069e-06,1.0921947803709011e-06,9.547767181722378e-07,-3.525011231331845e-05,8.295399076477752e-07,1.966615105901686e-06,1.1465237860805434e-06,7.357049732654677e-06,-1.926070371057469e-05,5.012121068198509e-07,1.0144986603518963e-07,4.2188781460863106e-07,1.4560236003573503e-05,1.2710158696273623e-05,1.2611381659061722e-05,3.7034113755792205e-05,2.6793360637253244e-07,6.844951120353447e-05,1.3819925677877801e-06,2.260082017114245e-07,2.745010807484217e-07,1.358445452598112e-06,2.272501170552271e-07,2.0976142036086167e-07,2.0928296224229979e-07,1.844886493710973e-07,1.5771188402701678e-07,1.1368491520947118e-07,1.1265647890830368e-07,6.730997350816807e-07,1.0817960445362492e-07,6.481832364149636e-07,1.0269916807162665e-07,5.924829227431398e-07,1.031782941473507e-07,5.441105664654281e-07,8.629059874062629e-08,4.047860845467761e-08,2.2111185712298372e-08,3.039412320114897e-08,6.9195684953413815e-09,4.5791565985062923e-07,8.14737515619762e-08,7.236405313769445e-08,7.033956163582677e-08,7.49971967354901e-08,6.441823234032698e-08,-7.745547465006572e-07,-3.762591515256745e-07,8.681737323361853e-08,-3.5086852619037724e-07,5.9440634918252654e-08,5.7976290449774226e-08,3.0277836309991e-07,4.57079916493093e-08,4.3904489961584916e-08,-1
9.253874941648352e-06,9.363884526896345e-06,8.031840364718351e-06,-6.18212076507617e-05,7.783435173609961e-06,7.099694858227753e-06,-4.4661777511700346e-05,4.7996192003908655e-05,6.425237192343016e-06,6.451656834900028e-06,3.759682208639749e-06,3.392984501339385e-06,1.957897038528683e-06,1.1705634542088716e-05,1.7235426198240017e-06,6.194939583082651e-06,-2.6962675184157865e-06,7.26366981000331e-07,7.6111192370164545e-06,7.6111192370164545e-06,7.52009417919961e-06,5.355891870190205e-06,7.008909151821987e-06,6.626889245122203e-06,-1.5199525278517219e-05,1.0977318800799158e-06,1.6652682645922628e-06,4.3077069913695473e-05,8.597289722183557e-07,3.6955410197306136e-06,7.608466166976014e-07,8.983080030531302e-07,7.817690217818665e-07,2.2152107721056857e-06,1.996965096446259e-06,2.1377449216986616e-05,3.473029972107181e-05,3.389896513013017e-07,1.801010624235014e-06,-3.613131431930678e-06,2.910395473361404e-07,5.394437659826688e-06,1.2538981703727181e-05,2.295354851424657e-07,3.0723700283250936e-08,1.9644404922308307e-07,1.2155795852622747e-06,3.4898213803813466e-07,1.0338310548155546e-06,-9.9439539165722e-07,5.240602878678743e-06,1.4447656717930975e-07,1.2128474975380673e-07,1.1587433574366494e-07,1.0927368644228069e-07,1.555668494820092e-07,5.823755125200728e-07,9.296810140188407e-08,9.554745007458594e-08,4.389176777265373e-07,4.346861070809103e-07,4.0870330048968987e-07,6.225714459884216e-08,1.1029999719911015e-07,1.008342489184275e-07,9.294899127346405e-08,6.580761674779058e-08,6.075523362082967e-07,6.8584812558813e-08,3.7827053955456206e-07,1.8316590913097684e-07,5.298684947650227e-08,2.9370770045640366e-07,3.0723944283778036e-07,2.91302617648396e-07,-4.0072312991091223e-07,5.098104073157321e-08,4.633937288026359e-09,-1
6.0469424018866696e-05,1.1664479087342948e-05,5.8446703729125004e-05,9.03450215432956e-06,5.399826588954771e-05,8.444729704414246e-06,1.3726362329224684e-05,8.090619155433399e-06,4.4397808706386195e-05,4.355093498963405e-05,7.239277641034613e-06,7.220298669940484e-06,5.3824181909548214e-05,6.419173114219255e-06,1.04260979899475e-05,5.45805825241819e-05,3.958599457332875e-06,3.957775001046566e-07,1.3123009168268933e-06,1.169090153499761e-06,9.821140683650582e-07,3.7106522591252216e-06,9.176369873830271e-07,2.9553059029509545e-06,8.423362888590243e-07,8.033663762600174e-07,6.840449970943878e-07,-5.076926821592104e-06,2.9419767456325106e-06,4.2513926926991716e-07,2.7532016618590036e-07,1.6841492931005958e-07,9.07490391449957e-08,3.758577400995781e-07,3.4581567619926984e-07,7.808273058388282e-07,3.633292071428411e-07,3.249335540929914e-07,3.364555358447386e-07,1.8322835275450268e-06,3.03040992356832e-07,1.7796846032578148e-06,-2.48537836981778e-06,1.4421296648186553e-07,8.622974826014425e-07,4.1894768643230333e-07,-4.3250811586730577e-07,1.0669881503302735e-06,9.498085849483827e-07,1.4579127071322735e-07,2.9533849189808286e-07,9.047575883543387e-06,7.8812226701837e-07,6.925614823735137e-07,1.1216125418379077e-07,2.1953942731911684e-07,1.0320367919571788e-07,-6.623877484702842e-07,9.118293030888679e-08,1.1643879271802999e-07,5.947043616802837e-08,1.2175119359686055e-07,1.3426290429082412e-06,7.1991923375599e-08,2.7084276556624935e-06,6.939321666411321e-08,2.665261758349674e-06,2.6569929919428665e-06,5.499421236893103e-08,-3.575954944603455e-07,5.0043243077253e-08,1.0944122070451427e-07,4.923516886732712e-08,-2.9672563260411387e-07,-4.3326513723230313e-07,2.5725418242456012e-08,5.404404435294965e-08,1.3495600845763732e-08,-1
9.447561347333498e-06,9.259891021236523e-06,5.52883221610552e-05,9.069669564146998e-06,1.8924244035427524e-05,9.962415540830112e-06,9.486620125219315e-06,8.211459200732326e-06,8.001949853501697e-06,4.634593047244474e-05,7.5669510256904075e-06,4.3229584239063184e-05,7.201035547099761e-06,1.8904267924671714e-05,-0.00013427404499413194,1.0904030884763616e-05,2.644611124796647e-05,8.311561437665575e-07,9.977294484615056e-05,1.2971988732319196e-06,1.5456614807704994e-06,8.978745190937074e-07,-4.749894544029685e-06,7.915681840946254e-07,-4.118608043945859e-06,7.17897759025e-07,1.1346019747532224e-05,-4.626611291057387e-06,3.4994495724231067e-06,4.434014077587018e-06,4.728595830115938e-07,-2.5678968139840187e-06,2.949732524247964e-07,3.578539185399778e-07,3.338507949434211e-07,4.4210466246643097e-07,2.988529642575819e-07,4.982889389833027e-07,4.5044878171712354e-07,6.147315875194276e-07,2.767822415057569e-07,1.5518467020553444e-06,1.3958599976025338e-06,2.014039633415085e-07,-7.879874929854781e-07,4.445948217785555e-07,5.01205025723079e-08,4.703999583174253e-08,1.175014715499939e-07,5.602060531034053e-07,3.3356982696609835e-07,1.436258829862881e-07,-1.4613324424918085e-06,7.513965096504208e-07,-1.6757607112386801e-06,1.1164593039806134e-07,6.450324118623344e-07,1.0853388356739318e-07,5.430415767958381e-07,8.551764578117576e-08,9.492129258389753e-07,5.290692846918473e-07,2.266471575899671e-08,1.7721686176845488e-08,2.7674522768135314e-06,8.1213055061615e-08,7.227044886820757e-08,2.738846019191917e-07,1.3559505476747236e-07,3.9649431246437607e-07,3.943685210889694e-07,3.683813035584665e-07,-1.7128725000736274e-06,3.111190191104926e-07,3.1043684672610503e-07,-3.054681768306092e-07,3.4764866729725213e-07,2.997573374690776e-08,-1
4.69838988985596e-05,-5.458157244239705e-05,0.00039219755496187946,7.030986527420546e-06,0.00016369193476017434,3.881349253760948e-05,8.692919773276486e-06,6.565432319024107e-06,5.9351185407262215e-06,-3.841590233246402e-05,0.0004208188371832716,4.006647667135497e-06,2.701538945406844e-06,-3.0370011872064047e-05,3.5807464924199486e-05,2.3143297252305244e-06,2.180754501147476e-05,1.0702453157316885e-06,2.8300695050508775e-06,1.61510860420379e-06,3.498916779825684e-05,2.02848254878273e-06,2.1169342996924788e-05,1.2908657333972948e-06,7.1962208900762685e-06,1.0923431293713185e-06,1.0393364525954386e-06,1.0371413551465485e-06,9.144674458032656e-07,5.981399966141879e-05,2.3583304532968132e-05,7.455208603647664e-07,7.657104179945362e-07,1.971226551838204e-06,2.0540553757242678e-06,2.5837912870497923e-05,3.709306051490516e-07,1.7118383873857324e-05,2.6167858434604604e-07,1.296948149454373e-05,2.306537556380163e-07,2.2294962806751744e-07,2.177592825536786e-07,2.1363305116669052e-07,-1.2708760451037823e-06,1.0153426733159924e-06,1.8040885481080899e-07,-5.628869574746993e-07,1.3355511237966366e-06,1.6412954620243224e-07,1.30483201402941e-07,1.3882820037794548e-07,1.936085064498418e-07,9.739932810834935e-08,9.870733065214839e-08,-1.8777891832577495e-06,-1.1284786479748576e-06,3.7488846320189615e-07,-3.8311569684949475e-07,5.7358595907978706e-08,4.951710748470919e-08,4.685152320646057e-08,5.895701625890795e-08,7.68053434830757e-08,1.026403352441581e-06,7.513983046093798e-08,3.8338420501211325e-07,6.691287161170425e-08,3.8270848465265585e-07,1.274702439938645e-05,7.00510752373909e-08,3.82881954592822e-07,1.3048764365825932e-07,3.1317524031106946e-07,2.9884781906830636e-07,4.7294627021936325e-08,3.8784033406981595e-08,1.1385455952769575e-07,-1
3.598265945663713e-05,-6.387726958191323e-05,-0.0004218570182699805,8.687814959631736e-06,1.87314681290701e-05,8.627193866840367e-06,5.1547065595052827e-05,0.0003290750673969074,0.0003290515288287562,4.749624831767577e-05,7.819167448395074e-06,1.1586985123551177e-05,2.919890276865862e-05,3.978930902736129e-06,2.2811007253431145e-06,8.7769354293484e-07,9.678270641749182e-07,2.6232080586430856e-06,4.9372086473819425e-05,9.407007477876058e-07,1.037977195434584e-06,-4.489731126136087e-06,5.183613800429344e-06,4.039310018445848e-06,1.1607420485676048e-06,-1.0567054930503984e-05,6.365624702971393e-07,1.4035404110113288e-06,1.102069874391417e-06,1.7936190167281275e-07,8.570380181238707e-07,7.841581429906446e-08,-3.802592361207156e-07,4.3441593055923555e-06,4.570353374898616e-07,1.3282215421538646e-05,7.180460453801274e-07,3.376101847252226e-07,-1.9797258976643492e-06,-1.977164177080239e-06,3.5380267882694416e-07,3.2649722880687254e-07,2.3480078298775686e-06,4.288520042890953e-07,3.4996394845378214e-07,4.257509262027015e-07,4.926468429344045e-07,-5.578073426689909e-08,-7.785060753057256e-07,1.308134883754242e-06,1.3195970216385384e-07,3.870851938016638e-07,1.1210827177600134e-07,7.182894585476775e-06,4.1637532661218215e-06,4.156551417536841e-07,1.0029957990967586e-07,-5.977302566192623e-07,5.387701253715203e-07,5.424926097611518e-07,9.695268587663724e-08,-1.9379781340980095e-07,2.3128809103079847e-07,7.762104087766991e-08,7.580218785006397e-08,5.621764292660727e-08,-9.043631865986963e-07,7.087095677821565e-08,5.2327879407112544e-08,5.218091578916522e-07,5.6942230885205653e-08,5.567127688373615e-08,5.3079035822140697e-08,4.162889600523118e-08,3.364106756317795e-08,1.521042068540764e-08,8.600786532014959e-08,1.088172086775194e-08,-1
1.0484745328996004e-05,7.97933613639945e-06,6.667749803481002e-05,-3.8503014926069834e-05,6.342840761139161e-06,6.6458013950725975e-06,6.006807183234802e-06,-3.5405907035692354e-05,5.250756997378596e-06,4.925202971561905e-06,5.20457202065446e-06,4.921017539524909e-06,3.2665881091015823e-06,2.1837478589893435e-06,1.7349087544075816e-06,3.8569294355848445e-06,5.844651193402281e-07,8.280899750046716e-07,1.4448187692113514e-06,-6.31684647250471e-06,1.049328510640504e-06,-6.132731855428575e-06,2.2365353499423825e-06,2.3559263484656136e-06,4.112996994308507e-05,4.108989748530286e-05,8.21592187901606e-05,8.633990454546128e-07,1.4485047207018324e-06,8.485433320401789e-07,7.671912230259544e-07,6.408611431153749e-07,8.96225189031698e-07,2.7533398610310776e-07,1.4039815183069041e-05,3.236819093965508e-07,2.2043019011029668e-07,1.3300123606561792e-06,1.9966597408940288e-05,1.919856963121979e-07,2.960844597101146e-07,1.1220721202470159e-06,6.694679665109025e-07,6.821995075694803e-08,5.751265182201961e-08,7.161476899945764e-08,2.8355160124429225e-08,1.408165918984627e-07,1.9412547837095294e-06,5.598501643258743e-06,1.4140989062471948e-07,1.5090359225219664e-07,9.370833041890891e-07,1.3762412273088698e-07,1.4810291625175365e-07,-1.105649576867682e-06,1.2446209757797299e-07,1.1664765893507494e-07,6.042366407102723e-07,9.462501686606574e-08,9.156830395285495e-08,4.4007600696848795e-08,-1.8683876543311364e-07,-5.65566968783894e-07,7.475845946085714e-08,4.771752273547198e-07,7.403724398943311e-08,6.798075555194602e-08,6.264313042209146e-08,7.237462686983428e-08,5.6442510099250544e-08,5.3054327043016636e-08,1.5764014943287075e-07,5.089813489248724e-08,2.608256466794212e-07,4.2533173703146474e-08,3.3915771872243504e-07,2.1516274239854943e-07,-1
2.574907618041609e-05,-0.0001634431419670413,9.062638685161423e-06,2.0288670666868144e-05,7.645995855097752e-06,3.0410194247601845e-05,9.063479597458531e-06,4.3681820993974855e-05,6.4944817233025535e-06,7.364483644604145e-06,-4.6422808544054175e-05,6.726852511425686e-06,6.667518949472017e-06,8.713004903807774e-06,2.4406310795125184e-05,3.944904592097385e-06,2.2250684060338322e-06,1.0207711703533598e-06,1.0157181452204597e-06,1.3477444706514894e-06,1.2601456100290372e-06,1.1482231405537774e-06,9.925779863584934e-07,-5.449472360467141e-06,8.271753728377268e-07,-5.957398936702696e-06,8.929110500073992e-07,6.609231050098385e-07,3.2676917974556925e-07,1.5084295475939427e-07,2.0911809776208315e-07,1.1010382845976692e-07,1.3433690939442167e-08,3.7697449127458405e-07,3.753197419936452e-07,7.34707627599089e-07,3.1735392915199464e-07,3.1747343864571775e-07,3.8468856966159206e-07,2.950685433434713e-07,3.026035727016017e-07,1.2189709056785557e-05,3.651520835118249e-05,2.2402096402972622e-07,3.1259046688966683e-07,1.8888175944170487e-07,1.040609586418152e-07,2.8481998527149455e-08,1.427399238397463e-07,1.3649893130003527e-07,1.5427123947591278e-07,1.0840703295445305e-05,1.0490750498766386e-07,1.0522572265920164e-06,2.5769835809439274e-06,2.13400741246933e-07,7.213928573045947e-07,2.675295035567197e-07,2.0879190539776366e-07,-1.478511369203113e-07,4.875048542510148e-08,8.001603104505082e-07,9.178062498142542e-09,4.7118437545891716e-07,1.0306071984627161e-07,8.762815808220178e-08,2.149161626146897e-07,1.5376318918249073e-07,4.3108728905614435e-07,8.155641650898799e-07,4.2132098960963503e-07,7.0308167459682e-08,3.981340941197384e-07,-5.806253149770441e-07,3.550711569661853e-07,-1.0620683079102922e-06,8.306695123327543e-08,2.09020668411324e-07,-1
9.653264198048681e-06,1.5064697101765354e-05,8.485007426907238e-06,2.471644907015711e-05,8.873423251429665e-06,-4.71919707432004e-05,-6.033582358005104e-05,4.259553699272727e-05,7.3113211044884425e-06,8.515643565073739e-06,9.55130802532463e-06,5.928749883176122e-06,3.457123043473596e-05,-3.070480584721965e-05,-1.9826235494445853e-05,2.706699485923636e-06,2.8047678104161284e-06,1.1020383571803981e-05,1.8201402296974458e-05,1.3334513803272625e-06,3.415727061788761e-06,-7.038077227131301e-06,9.819167028369131e-07,3.893451089134325e-06,1.317077537339892e-06,1.078452221547031e-06,-7.077570289106209e-06,6.311457883318453e-07,7.473745101911985e-07,6.185043055719723e-07,-4.958677206407941e-06,1.7142884521580677e-06,2.4771367533802287e-07,-2.286828406775363e-06,-2.261516138580582e-06,5.027760987480996e-07,3.868864620896553e-07,3.6206495330664787e-07,-1.684350061269894e-06,3.025494922720321e-07,3.8029272567213585e-07,2.4614079241009616e-07,2.3814220341226063e-07,2.1816601616700853e-07,4.1106124689149836e-07,7.606719962589625e-07,-4.167825729327279e-07,3.1239787322409084e-08,-1.1053434675004972e-06,1.506906251313454e-07,1.451966082425322e-07,8.789612059526236e-07,1.2737885329757926e-07,1.4620236133717707e-07,7.883748373073146e-07,5.142533508331407e-06,3.405422238339759e-07,1.0903656534265835e-07,-5.633667160367854e-07,-1.807220878258454e-05,1.0083035230061251e-07,4.912065851611934e-07,2.3105463409870637e-06,7.31982249703832e-08,7.010906451900754e-08,6.056255829793203e-06,1.9867963930898047e-06,6.192214250329536e-08,5.6850918772887135e-08,5.561583361393159e-08,6.263185934407192e-08,-3.145519436652275e-07,5.054625950882416e-08,9.627015055722203e-08,5.29097606135986e-08,-3.94505173391137e-07,2.1384012000189132e-08,1.5920151627911405e-08,-1
1.2316773826188835e-05,8.584186481955775e-06,-4.3624368399411394e-05,4.234719043365822e-05,0.0006229709913159201,0.0006133678907276315,1.0814250320919956e-05,0.0005923031881790784,1.833932435326517e-05,0.0005695696403420651,-0.0001513092952294239,0.0005568803872500941,6.97086730626751e-06,-3.237586639667382e-05,5.2836672257076765e-06,2.6515434069056726e-05,1.552414943451144e-06,-1.4494449622441576e-05,1.1805266665631057e-06,-7.4329238668431455e-06,1.5920789647466755e-06,9.874525169251906e-07,1.058063528923733e-06,-5.321220584551882e-06,9.945142346995583e-07,-4.739208474924973e-06,-4.949777534719982e-06,6.624114378004315e-07,-3.231355730629291e-06,2.981837829954414e-06,4.5543703961130517e-07,5.796676921170761e-07,1.7031119861822738e-07,4.0535921670698885e-07,3.524979251074372e-07,2.117228558161785e-06,3.596688945564445e-07,-1.9765067483618067e-06,3.9945020744731376e-07,3.2701083907902223e-07,4.316059273198456e-07,2.402430962920275e-07,2.505111355034482e-07,2.7055395557033693e-07,2.2176374187411514e-07,2.994828587238106e-07,1.2235590044109355e-06,-4.718198055292733e-07,1.4949500396984083e-07,4.610739143232494e-06,-7.908385615486675e-07,-1.148203245435019e-06,2.5575935006399406e-07,1.0453847850782833e-07,6.651830918617515e-07,3.719648058144472e-07,9.093536249423961e-08,8.562564552206844e-08,1.2795777712253438e-07,-1.8811473114865676e-07,1.4725770950863872e-08,1.3309533989687687e-08,8.3673064748711e-09,5.416266627136236e-07,7.396885278388322e-08,6.652709256594408e-08,1.1539466311222918e-07,6.930228103867634e-08,9.833307883088093e-08,7.564138460354419e-08,9.866238312177601e-08,2.6327888477204705e-06,2.6327888477204705e-06,2.6297534390593833e-06,-3.917430782149533e-07,4.9303735762688484e-08,1.096024659481036e-06,1.8815139269692797e-08,-1
8.30674491578829e-06,8.040510838257263e-06,7.630063219683728e-06,7.102576603444071e-06,7.255459253713562e-06,7.366869627536346e-06,8.681214671390433e-06,6.343332241348189e-06,7.204816113896221e-06,6.36374212530254e-06,6.0820117439143715e-06,6.537386598460955e-06,0.00011585506839506063,0.0009519248082949151,5.628371897003622e-06,2.9093872272407954e-05,1.3956653818183443e-06,9.145653213026573e-07,1.9341317873362234e-06,1.069492868958905e-05,7.878494867405099e-05,1.0566436378442572e-06,7.36704419165105e-05,1.5216991283068754e-06,7.111713998940892e-05,7.086978982774104e-05,-4.0853077795204594e-06,8.077661294666097e-07,-1.1885220679323731e-05,9.896462067636147e-07,3.3494958604262207e-06,-1.2405093106555918e-06,1.8026348965274734e-08,1.823440433772149e-06,2.8436975357728996e-07,2.690913435525997e-07,1.6937784931225966e-06,2.750917651792656e-07,4.764751820088472e-07,3.063356850276276e-07,1.3168819361389307e-06,2.3267415305538133e-07,2.1950936710629087e-07,1.9551734551477297e-07,7.641492913863108e-08,7.482557377811665e-08,8.439235808635295e-08,3.857408366612772e-07,1.4830835275503155e-07,1.4332673814831552e-07,1.8481121940118921e-07,1.334984853574794e-07,1.418310631079383e-07,-1.3014822049555639e-06,1.0478295962122281e-07,1.0120299724459707e-07,1.0394031488270576e-07,8.217161625355166e-08,8.030809845580556e-08,3.4474420815334115e-07,5.659547131577143e-08,-4.850847157072973e-07,1.1424210810430576e-07,8.249819339861269e-08,7.372668767162824e-08,1.352474131560521e-07,6.035924713627455e-07,6.623980751784248e-08,5.6790530821707626e-08,2.405294552037947e-07,2.02375914869545e-07,4.7442352450501556e-08,-2.406576324547925e-07,2.9713576402638625e-07,3.087917561875872e-08,1.5204384684871317e-08,4.974948228530035e-09,4.553372640681229e-09,-1
1.0294736786809543e-05,1.1352093546073042e-05,1.0920375460248655e-05,1.0793546927812213e-05,5.366336962263714e-05,5.377427923086335e-05,8.36615464030659e-06,8.891979137903655e-06,-6.92199390226267e-05,7.7692119067241e-06,4.142446178869027e-05,2.3691492510018883e-05,5.830992303341577e-06,0.00020589949479166202,0.0001896641380412312,0.00019002370348950145,0.0001227743495071432,0.00012358953949502278,1.0306581608269826e-06,1.641269943928309e-06,1.0076368500017038e-06,-5.522706345194528e-06,9.15194131826814e-07,9.112740978114464e-07,4.917071927872998e-06,-4.601588174093795e-06,7.441006433033529e-07,7.493935859068846e-07,7.218807707845907e-07,7.944111838752141e-07,1.1108952206224863e-06,6.290402355836868e-07,3.8005673954706836e-07,2.5220423444639365e-06,-4.067521430817842e-06,3.437580737225462e-07,2.3451786273356268e-05,2.2649820391035344e-05,2.2583559912206403e-05,2.195151015130516e-05,2.1223372796750985e-05,2.0630601707890894e-05,2.3713583282537208e-07,1.246902694485303e-06,1.8062373749440184e-07,2.1227470331444179e-07,1.6016892269817632e-07,1.732503394727966e-07,8.847132043502567e-07,1.3861786923192668e-07,1.4862259520321827e-07,1.2751740495480426e-07,1.191246990712343e-07,1.0199328845951134e-07,5.918898570788084e-07,2.3244025187478244e-06,1.733478706117316e-07,5.231530185059562e-07,6.59088554860337e-08,3.8964223934811116e-08,-2.044903140507933e-07,8.167191918964344e-08,-2.0771558936116935e-08,4.849083843174716e-07,7.637756161651001e-08,-5.581237685957506e-07,-4.664895129891733e-07,1.46796562367247e-07,8.975344637146748e-08,4.972656796212466e-07,7.255833158073594e-08,6.5704147384162e-08,3.5731912596386243e-07,3.226440100470873e-07,5.1264622675668105e-08,-3.2720298829036666e-07,1.8159402474702274e-08,4.2121219901372476e-09,-1
1.0412586262544482e-05,9.482833582501438e-06,8.485244268432403e-06,1.3151261037360569e-05,0.0004284927720219701,4.437930349591112e-05,7.398473392960722e-06,1.3142265879121688e-05,7.201352469098993e-06,7.016110581318018e-06,0.0007112868877761193,6.784594248437943e-06,8.365308273068771e-06,6.092610732356631e-06,0.0005908061604382748,6.252655299531229e-06,0.0002564450907583078,6.294154710771725e-07,1.3133084766309284e-06,1.203294175312726e-06,1.0515071899887963e-06,9.540302720797823e-07,1.1973492393138286e-06,1.0035908063773702e-06,1.0182988788480306e-06,-7.099148771826342e-06,1.2363393386798497e-06,8.60661789254971e-07,8.065552292134142e-07,3.1362108679773806e-07,5.1121469642920596e-05,2.3595698934842986e-05,2.359002781487125e-05,3.605931611956885e-07,3.5252257900770977e-07,3.2458748516100334e-07,3.0718661422475245e-07,3.05306583965266e-07,1.812152512362829e-06,-4.326167221900479e-06,1.7718951874814382e-06,-1.5601283019702031e-06,2.5816443677468895e-07,1.3684345658261098e-06,5.106005584643335e-06,4.974141771052994e-07,1.9793804976848176e-07,2.944438539273571e-07,8.903057807391313e-07,1.318105917851617e-07,9.885845911173781e-06,1.0305824613438629e-07,9.762147207650145e-06,1.6285434688087117e-07,9.452325427891335e-06,9.435127232587927e-06,9.328700648926392e-06,8.940215497486972e-06,1.0311195214913799e-07,-9.113567894074083e-07,5.990757261761024e-08,4.357787136868086e-08,4.305952568992473e-08,4.579259305605171e-07,7.59408000437835e-08,6.788244084831142e-08,-1.1008792131450296e-06,6.116783636802045e-08,5.6540266607877053e-08,6.406609995891778e-08,5.282945390135613e-08,5.737668176351373e-08,6.005180829168188e-08,4.870637615025291e-08,4.796695940471351e-08,6.768132853604612e-08,1.0740293933341157e-08,8.66144290822682e-09,-1
0.0002816657021495611,8.98145636142181e-06,9.799306992034721e-06,4.956951740948069e-05,4.431647505563331e-05,4.087949891465735e-05,8.51555628950496e-06,-3.793999048944949e-05,6.113139279327944e-06,2.9972920344318402e-05,4.597908093396009e-06,3.9409685461155e-06,1.883495270208984e-05,5.212683916202666e-06,1.5081734926351826e-06,1.091665809095677e-06,4.868836410238366e-07,1.3474694436458221e-07,1.491311943825924e-06,1.1653157830786248e-06,-6.90194614608524e-06,-6.400850753596344e-06,9.636119244811569e-07,-7.022303508751953e-06,1.4319467179102089e-06,8.903953901887938e-07,8.43659287353772e-07,8.023951183784131e-07,4.0646658008375506e-05,1.976060991544379e-06,3.528716158813019e-07,3.328838655347526e-05,3.153268343480368e-07,3.269472618057314e-07,-1.805600077798624e-06,2.631536390563688e-07,2.311495333582669e-07,2.318930028185835e-07,5.914477822851908e-07,1.918074376559321e-07,1.1615595807323632e-08,7.5995439574732855e-06,7.0210155772090455e-06,1.3023598198058886e-05,4.542787153735519e-06,4.5443309953910545e-06,4.6809168281381816e-06,4.775262490994626e-06,1.3487200459609616e-07,7.67578421251238e-07,1.2746714922672642e-07,1.3323794571256126e-07,1.4517296123723965e-07,1.0959723528522701e-07,1.1654518292924709e-07,-5.757435236727634e-07,9.668113118860025e-08,9.481356393987699e-08,5.580862787203595e-07,1.322520078852642e-07,8.786662864797622e-08,1.0222298791323481e-07,5.034916735442225e-07,8.812472310372856e-08,1.3505063100964508e-07,7.780992542802001e-08,8.296626873022702e-08,4.5341933002101626e-07,4.890122687849787e-06,4.437815572862333e-07,4.824151042906957e-06,4.756367245584028e-06,4.712134401085521e-06,4.58694977360828e-06,2.697532219790703e-07,3.028257427089484e-08,2.5490264862259582e-08,1.2004766336677002e-08,-1
1.962778960919755e-05,3.239194624488938e-05,5.8268466887062735e-05,9.30944963334416e-06,9.34276166661813e-06,4.942282535484867e-05,4.937137609922194e-05,-8.592575215312294e-05,7.296658046895829e-06,4.238176062653168e-05,7.644764703791214e-06,6.9728269371522425e-06,4.870968840254927e-05,4.855414156496506e-05,4.852472093780022e-05,3.4255668757215624e-05,5.485535006242186e-06,7.28259318159833e-07,1.279692584698003e-06,2.7055700163629956e-06,1.1183420915192702e-06,1.0542472680601058e-06,1.1132987631066313e-06,1.1628343382939526e-06,9.585279724282898e-07,9.366490572419276e-07,5.406533262534192e-06,8.020578696290435e-07,7.385789505706492e-07,4.058009913538831e-06,1.067116939240698e-06,1.1974450337347466e-07,-4.2830026200170724e-07,-2.3587298991781235e-06,3.487906420865884e-07,3.0340524068048984e-07,2.6879644305862785e-07,2.4818660803913703e-07,2.873331429963695e-07,2.2339080486118565e-07,2.2189135033145321e-07,5.734177818761e-07,1.6237999418191293e-07,-8.577164114157758e-07,6.628688052635945e-07,7.686859771423723e-08,4.1840215383874115e-07,1.0259507747969108e-06,1.4228760834288086e-07,8.001378431536536e-07,7.975238037925006e-07,1.293555570953688e-07,-7.479300794048536e-07,-8.465714717199089e-07,1.248354937072839e-07,1.0731503449326894e-07,1.2824230428236169e-05,1.2824230428236169e-05,2.9448647049234487e-06,2.9136028002166307e-06,2.9599497014857505e-06,1.9176048588223365e-06,1.956213479070915e-06,8.208379807014999e-08,4.042697427633474e-07,6.640332675850693e-08,7.081367471080939e-08,6.409109195729537e-08,5.849245369921124e-08,4.897236884856685e-08,5.365594679653682e-08,5.771742809034616e-08,7.077976548940037e-08,3.179294362052165e-08,1.4664057108308904e-06,2.9092351715351253e-08,-6.468902318562108e-08,8.030476548545119e-10,-1
9.40639349615826e-06,-6.002664272934926e-05,5.097250831922891e-05,-4.912150099100304e-05,9.918688257545637e-06,8.20252387594485e-06,1.1629502935894945e-05,7.4532011315690884e-06,3.8035184088409776e-05,1.1515026418666844e-05,6.487815317617262e-06,6.218876795554547e-06,7.039856015481051e-06,-3.7370595808324406e-05,6.1503656749307116e-06,7.789300552571608e-06,-3.6181319329075326e-05,7.215398081604e-06,1.2367348684146627e-06,1.254946956690669e-06,1.1924350152217603e-06,1.1199331256194458e-06,1.0717392990121333e-06,1.096894566058487e-06,1.0261589374399193e-06,5.70495712069653e-06,9.429781363778131e-07,1.1105920465958044e-06,9.138238845883594e-07,6.008890797530406e-06,-5.829396752935942e-06,7.371286422469423e-07,3.7145223608426872e-06,5.812372880834763e-07,3.0564848923754257e-07,-3.205125469297037e-06,4.898348127505059e-07,2.755037798484901e-07,1.6242919697598367e-06,2.9794898900492473e-07,2.1594248627607414e-07,1.2041577261229488e-06,5.8601654777133985e-06,2.1820796770695252e-07,-4.148282872059355e-07,5.2541293024612094e-06,-1.9642978214389165e-07,2.2064846798500825e-08,1.7211502177589007e-07,1.384059664946235e-07,1.4086768333784531e-07,1.4004317072971254e-07,-1.5399957765503452e-05,-6.843822856557614e-07,1.9742054068834511e-07,9.781635632281551e-08,5.538250647518436e-07,1.254898673642548e-07,9.769773905517545e-08,3.76197847036649e-06,1.7939860869212928e-06,5.530823582563552e-07,2.4244021991779444e-07,8.908009881069398e-08,4.5193302643538384e-07,9.113608572627042e-08,5.8216741171960637e-08,5.173852929171579e-08,2.534084899095338e-07,6.765418745122439e-08,7.332527398550523e-08,2.8646895240237673e-08,1.512105016475849e-06,1.490606692633985e-06,1.5126948300679103e-06,1.50976178015176e-06,1.5118695899399933e-06,9.996394666733407e-07,-1
1.3569018457882397e-05,6.356657546584079e-05,9.389708411420875e-06,8.680655241905147e-06,8.456833129435147e-06,8.569688472973073e-06,8.402666524729456e-06,8.498930338974487e-06,-4.6349172024332096e-05,7.203043629838246e-06,7.337359510442317e-06,3.829352971589346e-05,-3.1255414077352564e-05,2.55444819234321e-05,1.0286829369552491e-05,1.5190263937564486e-06,1.6380229276987718e-06,1.2065941982265584e-06,1.2118406565290503e-06,1.451162034191659e-06,1.8765328151101743e-06,1.1910411998984463e-06,9.971698658952251e-07,2.147205663549108e-06,1.0558517218104604e-06,1.0019031041548217e-06,-5.484907797386403e-06,9.659456788201227e-07,-5.8231905256900555e-06,8.540312440387903e-07,7.505088711983471e-07,7.418606410684183e-07,4.216152231869104e-06,3.3160784407615525e-07,2.957326781853593e-07,1.94731583042865e-06,1.8306986370096862e-06,6.042846030924174e-07,1.3627668905376811e-06,2.2163372132683725e-07,1.308915396494202e-06,1.7782267893445237e-06,2.0575519142373364e-07,1.0521440147126928e-07,3.0443029253958046e-07,4.727395018243205e-08,2.315741198762051e-07,6.056949942408154e-08,1.7726529605762797e-07,1.4847612895295428e-07,8.250962724639433e-07,-7.978688423158112e-07,1.3364295611193474e-07,1.7577674750520317e-07,7.359252567061023e-07,2.4463857589458137e-07,6.387421705415211e-07,6.342166889112049e-07,6.86268512359965e-07,-5.590850825461793e-07,5.34796813443503e-07,8.820774269338185e-08,7.66759556365089e-08,7.857910256182424e-08,6.91980045502125e-08,4.1081513021435395e-07,7.28646169596749e-08,3.974517447033824e-07,3.8983140242581563e-07,6.360444326840531e-08,5.906585132250493e-08,6.225335609549947e-08,3.479533870937788e-07,5.076802288169987e-06,3.7887137668162615e-06,6.187975700952788e-08,9.037050514615262e-08,3.3531117410616857e-07,-1
1.0688189578490828e-05,8.934541013397057e-06,9.753943513670374e-06,9.134464436789038e-06,-5.692960938525494e-05,-0.0014059007760214399,-0.001343405813800874,-0.0013318301946381606,-0.0013102315226796682,-0.0004965257081662788,-0.0004955224266940283,7.886234616527088e-06,-4.016397634598398e-05,0.00015733549628218653,0.00015700293902075205,6.3330079184888705e-06,5.110884662425124e-06,1.7674501000200334e-05,1.5437133432632245e-06,1.0404030963482153e-06,1.0658575182397108e-06,-6.062231919097184e-06,-5.901425330907467e-06,8.32140172992175e-07,1.0845382807008665e-06,8.52190477244475e-07,4.8113449581191214e-06,9.34569170722171e-07,6.239200863937145e-07,3.0452362485865e-06,4.869180963898459e-07,2.718539561483618e-07,-3.092083788563963e-06,3.2214736023911096e-07,2.8399762592325894e-07,2.753195815151662e-07,1.5617368586254992e-06,-2.682055207883248e-06,2.4932623187850383e-07,-1.939852148966096e-06,-2.4771815893200376e-06,2.623716541763837e-07,-1.3927581440895153e-06,-1.3549698783926838e-06,2.1975121079238825e-07,2.5921870836408175e-07,9.812258665990472e-07,2.9069811971699267e-07,1.57431892431372e-07,1.6437920958108637e-07,2.402431388638865e-07,1.3063186998709882e-07,1.2474010084264998e-07,1.7642525181461586e-07,6.487937101872733e-07,-6.306349197142778e-07,1.0536128106988497e-07,9.816390466557031e-08,9.781348198800783e-08,7.503846414570735e-07,7.298939789638607e-07,1.9054835399586942e-07,8.730777620202761e-08,4.705254485649371e-07,6.847688387314203e-08,1.0472746028000799e-07,4.115515145056637e-07,3.7344855723446603e-07,6.660484351420136e-08,-9.757023282327335e-07,-3.3048419303007205e-07,5.0224778641432815e-08,4.971596145985186e-08,5.079833378980854e-08,1.0886898462939082e-07,-1.1015396597754357e-07,1.1861744593636889e-08,5.169068115134017e-09,1
5.947247301841531e-05,9.793333024056742e-06,-7.852886896863685e-05,8.278119884319815e-06,0.00019586643454328644,0.0001959078537011943,0.00019585953135030183,0.00019583882177134785,0.00019583882177134785,0.0001954728239942846,8.465551414671439e-06,3.979307979562385e-05,-0.000351504887504551,6.09597330965451e-06,-0.00034157978135794113,-0.0003305522443337805,6.498526389188894e-06,8.570529433003667e-07,1.008394232600208e-06,-0.00017730619418301603,-5.90127951395992e-06,9.65066410086704e-07,-0.00017363717198122253,-5.132027459092454e-06,-6.157015507328196e-05,3.933387407054663e-05,3.933387407054663e-05,3.933387407054663e-05,3.920649616036664e-05,7.191226800561028e-07,-6.201813097243615e-06,4.253480421513198e-07,1.1201431498348665e-07,-2.382903194777688e-06,6.45378312428686e-07,5.443524764109008e-07,1.8611793047415665e-06,-4.0136657253732445e-06,2.7696710189431686e-07,3.022676694203975e-07,1.3892015885231562e-06,2.694565980230132e-07,4.025912521343681e-07,1.8484470775546848e-07,1.762040152232246e-07,-1.2814531099195815e-06,5.382352243939098e-08,5.1018846194699535e-08,1.4784033642557691e-07,-1.0386889667926855e-06,2.4859072480091413e-07,1.453882955862746e-07,1.1558536374948525e-07,1.1624767067079542e-07,4.666569954856989e-07,6.606893062289655e-07,9.974505577677724e-08,1.0181976585982374e-07,6.018592482074021e-07,9.344277260555234e-08,1.1686814627582597e-07,5.595620768607238e-07,2.712296820875407e-07,8.901679542143454e-08,4.88514726490445e-07,-4.1289252992682663e-07,-6.874060172249836e-07,6.987988466641525e-08,7.042778800798962e-08,5.746657287884766e-08,3.5222297042549905e-07,5.679270371702475e-06,6.336094682080371e-08,3.797263832391431e-07,2.9776774470455647e-07,2.3016181012896936e-07,3.836305835665745e-08,1.3057926631228197e-08,1
8.586177294481065e-06,8.92656168896287e-06,8.531467239511982e-06,7.975389448924345e-06,7.747570504985888e-06,0.0001738863614258639,1.5600255466197387e-05,7.1770579106883475e-06,7.701315922571194e-06,7.871665009515653e-06,7.835754446534985e-06,0.00011228483008846176,0.00011199780568869312,0.00010845966447457805,5.087192536535249e-06,5.6578374720001294e-06,3.1938230541582772e-06,3.141622443399667e-06,1.2546672077905877e-06,3.206325609606338e-05,9.703209060103421e-07,-0.00011345224369700311,-0.0001120355106971545,9.206455747042295e-07,-4.2083468061943286e-05,6.937240634880851e-07,3.896501984413141e-06,1.222124609902734e-06,-1.8271899720225585e-06,-5.794181114646965e-07,6.033784975514418e-08,-4.0758600295174296e-07,8.64930345506574e-08,3.5525255390174207e-07,2.0947074469921104e-06,-1.8729344489481908e-06,3.1110893660588107e-07,-5.243984815585875e-05,-1.7405289423024016e-06,2.77330532882693e-07,1.7399336724895637e-06,1.7481721809131834e-05,5.814818227943229e-06,2.3640816667557066e-07,1.8722626148415303e-07,1.9419921328478763e-07,9.363585179042186e-06,9.117533849192818e-08,1.4606796195376274e-06,1.8138465634192552e-07,1.5313030886060006e-07,1.2622319983873899e-06,2.1856358042129787e-07,1.1868798826951389e-07,-6.226592796082117e-07,1.1136929707763131e-07,-5.528090200990756e-07,5.992282019249896e-07,3.372946729471823e-07,8.696977655001122e-08,6.039220066406327e-08,5.89774983153104e-08,-2.0016367985946084e-07,8.224821259765074e-08,9.591093862967241e-08,3.722059255867977e-07,6.058678580636086e-08,1.3816689670867537e-07,5.486982886972516e-08,5.614446654070347e-08,5.593197711218909e-08,3.5403265099116024e-07,7.053331207017045e-08,-2.88880200248005e-07,5.355999892373056e-08,-6.057697896093438e-07,-2.1199600662906255e-07,1.9989375706026034e-08,1
5.312135799553797e-05,8.72774226609783e-06,1.1811729792910122e-05,8.262511360385915e-05,8.554794536238697e-06,7.846397424480497e-06,7.342619015780154e-06,-3.755982138680291e-05,6.350201605387285e-06,-2.9107038900950004e-05,-5.6922207306998094e-05,4.683708104365436e-06,-2.693144172929842e-05,2.8093204636434716e-06,2.4363085761827597e-06,2.1871969188639046e-06,2.216641658652432e-06,3.595171094190338e-07,1.200722863786622e-06,1.156332630643234e-06,1.1295310778855502e-05,2.5969170623979197e-05,2.1954348067154553e-06,5.093494038171981e-06,7.132962912403998e-07,6.860400996745162e-07,4.2267839285566296e-07,2.3051989117159503e-06,4.778274628826123e-07,2.5387617337155813e-07,9.042290042929228e-07,7.468166551442679e-07,3.789265049228451e-08,2.2329152001836007e-06,-3.941712901668566e-06,1.8254255573265845e-06,3.9762883891287294e-07,7.2548237381205835e-06,7.253545369049352e-06,2.175986908570532e-05,7.2402445960051865e-06,-3.4231784413229925e-05,2.5647777433427573e-07,-1.5199527977355952e-06,-1.2753317629183856e-05,2.2768213555558739e-07,-2.3651710162388617e-06,3.2546765313514655e-08,1.732000250018061e-07,-2.198332206416309e-05,1.244924913456783e-07,-2.0695285409285325e-05,1.1594323280977951e-07,-1.2354212044609078e-06,1.3418218815545333e-07,8.74115738016858e-07,2.4531264399135493e-06,2.4530597164849986e-06,9.908020089751938e-08,7.814969700005561e-08,2.5472199169845867e-07,3.9884342429969036e-08,-7.393252591911086e-08,6.11805732044382e-08,6.547366557851758e-08,5.53588509918327e-08,3.2208817295776195e-07,4.97814031391318e-08,-3.016058451697926e-07,5.582674074601975e-08,3.0741669130513546e-07,3.3831596640344294e-08,3.025150106360514e-08,2.6994630370800107e-08,1.9594201619848488e-08,-8.644055110361827e-08,1.2987149745996843e-08,5.903594735177142e-09,1
1.05762312323724e-05,9.890101796513271e-06,4.661510251374954e-05,4.627803246411832e-05,4.509828729040905e-05,1.099505543160175e-05,3.759847868611441e-05,7.835099730678716e-06,3.961467698459071e-05,6.546072431991763e-06,5.895826603792813e-06,1.1559559693423968e-05,-3.1615485305160256e-05,7.032301232855354e-06,5.9129273439498165e-06,-9.749210066304628e-06,4.7065734117123925e-07,2.8156915291414294e-07,7.522760345501135e-06,3.1586663885123943e-06,1.1940023666513275e-06,1.1042899156504246e-06,9.257479400799001e-07,8.978798563884866e-07,7.229188425345792e-07,-3.7891429125866263e-06,7.466799855624511e-07,3.446435943316844e-06,2.0904887270977802e-06,3.160527603895062e-07,-1.6142939815331973e-06,1.0772076811513174e-07,5.893170748564815e-08,2.249310824886332e-06,2.989875273449252e-07,3.088434335750297e-07,2.7226466647058833e-07,6.1011849986232605e-06,4.752557185224125e-07,3.5500703808333137e-07,3.342995657033809e-06,4.196163606011332e-06,4.1395322225565524e-06,3.0599722710248586e-07,3.994857918784357e-06,2.1424220820942393e-07,1.42674127975166e-07,4.7313876756948263e-07,7.66780261482112e-07,3.061060214081161e-06,1.223992636070924e-05,3.055770073113633e-06,3.0545858459541836e-06,-6.79781512876131e-07,1.1338300469994572e-07,9.873656726751925e-08,1.0294441390525565e-07,9.507049427934696e-08,-5.268307748822155e-06,9.65242501021152e-08,4.3212752250815904e-08,2.856428042245303e-08,1.4200971822878059e-08,9.386037461781225e-08,8.093383254117061e-08,-4.137461648442787e-07,6.277688622714052e-08,-1.14432642803264e-05,-1.1368392491767366e-05,-1.1266060962672295e-05,7.301368811313414e-08,5.868222264066242e-08,5.867912985169684e-08,-3.968048732554302e-06,6.29341985128746e-06,1.25612599935227e-06,-2.4064134560070303e-07,1.6202307686729362e-08,1
6.174851345329718e-05,1.4871310514163793e-05,1.1813731195974127e-05,1.1942536003099166e-05,1.3825142791712049e-05,8.513285385144386e-06,9.781016030829833e-06,7.111012632306448e-06,6.376270181436885e-06,6.797155559064712e-06,7.200764936049868e-06,7.864292322031749e-05,-4.095896155974935e-05,1.0754644017869094e-05,5.620348882864124e-06,1.304934337520677e-05,2.7117787115009217e-06,2.191290160910369e-06,6.795036029809945e-06,1.0842343363849385e-06,1.0639107327054203e-06,1.0016228101956604e-06,6.2315022367026744e-06,5.58021414037456e-06,1.2379761544044247e-06,7.836439188056221e-07,4.3991853609515835e-06,8.860357416763037e-07,1.0590441640928952e-06,5.209432523587939e-07,8.399317595473314e-07,1.2882641294186994e-07,2.3261112323176087e-06,3.339811671309404e-07,4.3594254419755735e-07,2.9928612720824046e-07,4.08996265055713e-08,6.7300080280255624e-06,2.7351378405983423e-07,2.5843057696466554e-07,2.1957931781737623e-07,2.3640511060252022e-07,1.7347067053205318e-07,1.97435652538237e-07,6.736729069994563e-07,1.0078667663212081e-07,5.911361454496052e-08,9.813874421868335e-09,-8.624565144823937e-07,-8.609336610341031e-07,1.7723007116545637e-07,1.4141329075824244e-07,2.652557431944086e-06,2.557581978935517e-06,1.13237138478138e-07,6.980616017125688e-07,8.883970772560677e-06,1.691856367314092e-06,1.6840735093120914e-06,9.791492136936525e-08,2.9841431215643185e-07,2.7962336171894164e-07,1.8012440431814118e-08,6.381741323564777e-08,1.5667105741707828e-06,7.833552870853914e-06,1.564388916259915e-06,-7.392503763710988e-06,3.134333122079603e-07,4.732111818544577e-08,5.658134060049084e-08,4.418114206541936e-08,4.563668823780561e-08,4.693462917999489e-08,4.1957985555586416e-08,4.007077698594988e-08,2.159211430749229e-08,-1.4617519776180469e-08,1
1.0694953611556975e-05,1.0631492504922367e-05,1.0336151824622584e-05,9.831481235888407e-06,6.563830544244403e-05,1.0769135107594778e-05,4.90999379416068e-05,8.095366098981601e-06,6.904384748392364e-06,4.715159933659244e-05,6.761698971769628e-05,0.00046668641054916716,5.810782988040918e-06,0.0004571666346747912,6.051614611926591e-06,4.377984851737138e-06,5.7436048904486015e-06,7.254936980216877e-07,1.2645095832169123e-06,-7.679533749457117e-06,1.4582307629080158e-06,1.400276835098453e-06,-1.0748218589506697e-05,1.0437844853944575e-06,1.315546361936912e-06,9.960244143753975e-07,9.09354271169609e-07,9.182190104970858e-07,4.583726154646392e-06,7.31357539591951e-07,9.128792451516789e-07,6.699871062943615e-07,-4.724698049698578e-07,5.409520624692259e-07,5.686513119259922e-07,1.655045834874546e-06,-1.5449599834253137e-06,2.722680446282138e-07,2.4283462587007934e-07,2.3699031126729477e-07,3.139703110286224e-07,3.005138434218089e-06,2.6252910864483073e-07,1.8995561840174204e-07,1.890478290386807e-07,1.862987332222972e-07,9.797362987161438e-08,1.8900830850195937e-08,1.5574742013138403e-07,-8.627863351132216e-07,2.3349720481942496e-07,9.189598520167266e-07,1.3854576561186978e-07,1.863282856125592e-07,-1.1078650077287264e-06,1.1637021934393002e-07,8.713386772457373e-08,8.735380228896338e-08,-3.9188649297432456e-07,6.362203749999745e-08,2.6337602944127813e-07,2.6381716537415214e-08,1.8982105866009302e-08,8.097518969590796e-08,8.222930668909818e-07,-4.975546903076186e-07,5.474308810288597e-08,5.3116279663559156e-08,2.6743965256270473e-08,1.1585204365931691e-07,8.760306117358205e-07,8.74594657057479e-07,7.544251117454682e-08,4.484880772175558e-08,4.614803495002783e-08,1.5101311843806795e-07,2.425129631506209e-09,1.465326318677397e-09,1
9.838264683129712e-06,1.000605368087327e-05,8.3993714188487e-06,-5.266866112429505e-05,1.0077044116755427e-05,0.00014677578198188528,7.404597755906602e-06,7.880871167749488e-06,6.83537142794776e-06,6.4020817679040125e-06,3.7663351395298054e-05,8.511012033873183e-05,5.885225177970778e-06,3.527487101351579e-05,7.176101840302234e-06,5.4778678871165625e-06,1.6342429091851051e-06,6.571446135060052e-07,1.783799801379777e-06,1.001915765843738e-06,5.833978014032435e-06,5.57814529431274e-06,-1.2084710697407615e-05,8.456109894278133e-07,3.917260685908952e-06,5.9487074667222175e-05,5.938816551655647e-05,7.599184544568946e-07,8.119657582771274e-07,5.762555359687176e-05,5.700219032951114e-05,3.845688385516837e-07,2.996865708504772e-07,4.3704475647842067e-07,-4.860979826231693e-06,2.1129492260181428e-06,5.055456917683591e-07,6.479307390119546e-07,4.6180915148181756e-07,-1.6395935152753147e-06,-1.6915319262006168e-06,2.6256068872262604e-07,-1.5726764380224867e-06,2.278423349139779e-07,2.2546939414043832e-07,7.383368407728642e-07,4.0294103860850576e-08,7.84163990435304e-08,2.6786554777752137e-07,9.044550098211433e-07,7.46766621606386e-07,2.1104141943801567e-07,7.270865567339455e-07,1.174928147773413e-07,6.888541928066243e-07,6.568943253555736e-07,9.659602503038433e-08,6.26804041767442e-07,8.964521679382723e-08,8.861179591470182e-08,8.015723978304513e-08,3.7944080821376913e-07,5.374490196478664e-07,5.97115544631881e-07,8.596730314699066e-08,7.492143194216019e-08,7.276839564763971e-08,7.048721601847835e-08,8.518728312826956e-08,-4.220580940798773e-07,5.8039281650468756e-08,4.6827774257698606e-08,-5.768869138477562e-07,4.394982969192415e-08,4.229729831513971e-08,1.5794852203058965e-09,3.624832811703393e-08,2.2474563709147773e-08,1
9.124623013823624e-06,-4.027216251304411e-05,7.568114937452684e-06,0.0001311008938654089,-3.563563096564776e-05,6.1626682204863195e-06,5.514603880453758e-06,4.730477817373281e-06,4.386014849924544e-06,5.92649805341411e-06,3.5662585404325954e-06,1.9673434021652043e-06,1.5597934759906497e-06,2.1735781429672396e-06,1.3102744130647457e-06,6.745251640485229e-06,1.0948161609509495e-06,4.1463811219127507e-07,7.404782896825211e-06,7.5342402751423815e-06,1.0211363569856882e-06,1.4547349888948243e-06,9.537457378966001e-07,1.3577389016654614e-06,9.779626137531923e-07,6.698642506111904e-06,4.958342918884479e-06,4.919384409221496e-06,8.816989155985292e-07,-5.635566382544032e-06,6.882447835266919e-07,2.927521558761778e-07,8.926949721494672e-07,3.380891469651479e-07,-1.8669681019452128e-06,3.086389094866453e-07,3.0389241957702335e-07,3.016100823488405e-07,3.012402019920125e-07,3.4965447237587445e-07,2.55980712887539e-07,2.565305092623351e-07,2.306852215890378e-05,2.2982710304859965e-05,1.7946565394460895e-05,1.7483153703913e-05,2.0717801507983707e-07,5.0197157464039294e-08,9.28681870364502e-07,1.447384901054381e-07,1.370000860044431e-07,1.2435669717721035e-07,1.364639125854888e-06,1.0108336295921663e-06,7.967500512794862e-07,9.73031633683851e-08,-8.025961316382377e-07,8.619684018378237e-08,1.2369676157974498e-07,1.2858335953198287e-07,1.9507069664708092e-08,7.79127735298836e-08,7.4461985647193404e-09,-5.954149334358044e-07,1.9806065013710598e-07,-4.4712052857670763e-07,3.7529117501218695e-07,3.111585292934029e-07,3.3565814836774114e-07,5.5658305873094406e-08,1.4737279629961864e-07,3.0078782948891525e-07,5.283211193364076e-07,4.1730115454769327e-08,4.176073201564393e-08,2.8699023899856796e-07,7.373155227679249e-07,6.575121009465069e-08,1
1.4080107707355846e-05,5.3650865707807716e-05,9.926714209887228e-06,4.927615655016366e-05,7.15794838310344e-06,7.002556679360472e-06,6.551640610183749e-06,6.608268746992812e-06,6.2300192895319685e-06,-3.201834591508906e-05,6.361689160492464e-06,5.521528433431771e-06,5.2871830219762284e-05,4.752571078289138e-06,1.8255376290519744e-05,3.1061343794904576e-06,1.882694486266933e-06,1.9872931794758215e-06,9.880431024672605e-05,1.1218639377170345e-06,2.120576784799643e-06,1.2518484198766397e-06,1.0143323687123967e-05,8.994446746172915e-07,4.442988449158825e-06,7.495310179875404e-07,7.211951213082962e-07,3.3091627883113275e-06,3.785323852821471e-06,1.1004891350275807e-05,5.252481783055009e-07,4.0698012514333225e-07,1.9979235373193195e-07,3.75938817731315e-07,-2.221201535374509e-05,3.2441820767735144e-07,3.0700012990088156e-07,3.0926651996763015e-07,2.8886056099773406e-07,1.5308867284797035e-06,2.5490431676015603e-07,3.2163994503702124e-07,2.405487600732115e-07,2.2200675997181565e-07,3.194628832102319e-07,1.809622525487078e-07,2.4638254593062317e-07,-1.5527174390597936e-07,1.5462088740112535e-07,9.220811930893614e-07,9.179349925019958e-07,1.278644217229344e-07,3.105324296396489e-07,7.264209715177161e-07,7.257308838086512e-06,7.098017189960343e-06,5.729934894985431e-07,8.401239526427795e-08,5.178561570137111e-08,2.2772065666833674e-08,1.3311035268643769e-08,4.682602669538706e-09,2.8544468238004182e-08,5.879629468160994e-07,7.1926357084424e-08,-4.4273829962703284e-07,4.202548422845479e-07,-4.6473359967817967e-07,6.598525557693176e-08,6.524954737474214e-08,6.438869870704532e-08,9.624474676761559e-08,5.7694445538737214e-08,5.4694330553874843e-08,-2.902191838776263e-07,4.777600801981837e-08,-3.276716924779948e-07,5.944906700941323e-08,1
0.00010495925237810563,9.134582411755673e-06,8.741700788592036e-06,1.1567707859419554e-05,4.9381627354978696e-05,1.0486016368157205e-05,9.938600616635508e-06,7.774696696827003e-06,8.876546098212137e-06,8.018873318917932e-06,1.277853649710626e-05,5.5864598621956994e-06,-8.325187674289553e-05,8.744217426220474e-06,5.5808729794854665e-06,7.443831333358614e-06,-2.1278037524234474e-05,6.443755473747107e-06,6.500022028046398e-06,1.0651721291736695e-06,5.856537195894993e-06,9.94588041068385e-07,1.0659603828797463e-06,8.94614298145933e-07,9.442805378360903e-07,5.325934940028144e-06,8.087630875499981e-07,7.573752462430371e-07,-6.198200396326416e-06,-4.4204928731191514e-06,7.559357557295241e-07,3.80990193494545e-06,2.8728651014358264e-07,3.645637429413201e-07,3.48028630646864e-07,3.3059554935489787e-07,3.1220217092389974e-07,3.1157920538734167e-07,3.713484077459528e-07,2.574751379782634e-07,2.6700158504071897e-07,2.852542019781427e-07,2.454637404934358e-07,2.463228944718749e-07,-2.0396022586573965e-06,4.699716665740693e-07,1.320393814608601e-07,2.7887418654724725e-08,9.524115755644859e-07,3.2651335004414096e-07,7.332648846626434e-07,1.5700619975698708e-07,1.2432865722899258e-07,1.1275492518469545e-07,1.8654123808967684e-06,6.139235524901171e-07,9.995093731405058e-08,1.6602893001074387e-07,1.5726350035210962e-07,-5.095943673499362e-07,9.589700368932956e-08,8.307856230995484e-08,1.9916434027181945e-07,7.679911040368415e-08,-4.78330614178785e-07,6.80727932761906e-08,1.7427210585947814e-07,5.868435727048485e-08,3.2972476576003413e-07,5.544607083970219e-08,5.061590032879564e-06,5.010031474178271e-06,-3.563995725552076e-07,3.6570284022158572e-06,3.6288207857898635e-06,4.4967017749329136e-08,3.040286990472862e-08,2.509331957013608e-08,1
0.0004570265097479358,0.0002336744188648534,9.16750814510017e-06,0.0004291202594890076,0.001466483660301178,8.847650976960119e-06,-0.0002707784233246856,8.364183963169166e-06,2.1054259287159938e-05,4.6414224276556954e-05,1.2454430064553778e-05,7.180279549069439e-06,7.1666225317298584e-06,8.154163584632268e-06,3.627234362454381e-05,5.085990293942802e-06,1.0605493637910427e-05,6.848584576812271e-07,9.118367215835867e-06,3.412787849710375e-05,1.1759875980848127e-06,1.783853893442157e-06,1.1159958619865462e-06,1.7844336829310684e-06,1.184169293214937e-06,5.564194651919617e-06,-5.377915227937399e-06,2.6296402007570094e-06,8.77703408270819e-07,1.0921519429623688e-06,-9.43371268509319e-06,5.01669909724498e-07,5.862498750374888e-06,2.4673508817652806e-06,6.941888525804882e-06,3.332542377871408e-07,3.6538591157032503e-07,2.9869074009685406e-07,4.586832401027789e-07,1.6402249625649213e-06,1.5050296987568844e-06,5.049121600511435e-07,2.1057724085443087e-07,2.3058880176968794e-05,1.1663037359735945e-06,1.9386582675647602e-07,9.031907526620987e-08,3.85931390875598e-07,1.67272589861586e-07,1.410113660685025e-07,1.3585087401405096e-07,1.2320884227492062e-07,-6.744163441278865e-07,1.1737450638339073e-07,1.6075347052486933e-07,1.0614291374943401e-07,-1.2220221403816692e-06,-5.398499182053229e-07,3.9619319744839654e-07,7.625174897671286e-08,8.172069991728116e-08,1.5519782480864235e-07,9.304783036119614e-09,4.722367047902261e-07,6.265350289631203e-08,1.1824254583347518e-07,6.227009380649835e-08,3.541118601848336e-07,6.087226437827267e-08,5.864370046111368e-08,6.094161094047245e-08,5.467014522776194e-08,8.902504863496632e-08,1.1254361012463653e-06,3.248855559388057e-08,-1.2167270998802818e-07,-1.2104300174512992e-07,1.7292575987484147e-08,-1
2.2019774842203685e-05,1.4139919029521097e-05,5.4141706745626366e-05,-5.357245637429079e-05,8.592827909182384e-06,1.478610325341784e-05,4.6408821251718764e-05,6.9516190067894425e-06,6.704272222522757e-06,9.980638449159652e-06,-7.46459306857746e-05,9.239733506266815e-06,3.480283210206372e-05,5.726860804328604e-06,5.0403840266754e-06,5.066926333951894e-06,3.498972522745938e-06,3.796497091632928e-07,2.284770205717372e-06,1.187394920828809e-06,4.3870216181833006e-05,2.4113105733123326e-06,4.109445735855994e-06,1.2311472538954038e-06,8.777484788945186e-07,1.8892305721058029e-06,9.621922543104934e-07,5.5075471506362974e-06,1.4900961017419912e-06,-2.6975042015192696e-06,2.705433974257075e-07,2.029894249936713e-07,3.4602648668610396e-08,2.0411942274305506e-06,3.8679701305425756e-07,4.7335321575693014e-07,2.888621928128583e-07,2.827943756382725e-07,2.4721343778904473e-07,-1.4329380363745923e-06,-2.7862403060317413e-06,2.1985121112139732e-07,2.4562462141269704e-07,3.0568154565167027e-07,2.391469800439179e-06,1.5879002503115185e-07,1.9835749275217432e-06,1.0102999986814125e-07,8.844985443280467e-07,1.393412447351444e-07,1.3488290047864115e-07,1.55053288562188e-07,2.810931529752907e-07,1.3934494030575693e-07,1.1034473189578927e-07,1.1979093526986596e-07,6.179037804247676e-07,-6.525751316352219e-07,-6.269387743529484e-07,9.319105424602551e-08,9.598707123252046e-08,5.444681802196542e-07,4.85333496795384e-08,7.731096456124279e-08,5.9513547386781625e-08,-5.805850113024184e-07,7.848392754640363e-08,-3.5506033301846685e-07,4.6600462708657485e-08,-3.01506429730303e-07,1.4442554947484903e-07,-1.0252327836581393e-06,9.512015844137326e-08,2.4825490618195985e-07,4.187232460640991e-08,3.952447218525383e-08,-1.099705993310658e-07,1.612728656985588e-08,-1
4.70786207941941e-05,1.6849932693935723e-05,4.5695656448907184e-05,1.1812709462624709e-05,4.391735423764477e-05,4.340458771532743e-05,6.624391990400055e-06,7.459735131295893e-06,-3.523048915034832e-05,-5.8864477021381215e-05,8.839602131288581e-05,2.2720044369692086e-06,5.939709671042338e-06,5.2007776872866456e-06,2.6921342949201663e-06,6.807922715059027e-07,1.1874358473857148e-06,7.285018410839612e-07,7.061430413425164e-06,6.889469917291817e-06,-6.6719009858440235e-06,9.494922046626113e-05,1.015641191131754e-06,1.0893369538826636e-06,8.995469283879377e-07,7.6956641799003e-07,8.599030704988415e-07,7.214858428797673e-07,5.455719209033644e-06,3.9257117566865704e-06,7.027011184666098e-07,3.6607013297899205e-06,2.8099403818017318e-05,2.0495303544203437e-05,3.377055999697255e-06,4.190555310088425e-07,-1.907480433674721e-06,3.982519224808328e-07,3.012195917562515e-07,3.4935693816296047e-07,2.1294420072061205e-07,4.2870353261471544e-07,2.507908150316732e-07,1.763866738681759e-07,3.150992219236188e-07,1.3338559302592996e-07,6.28288582358387e-08,1.0920601443999445e-08,1.551760333830352e-07,4.487633791671746e-06,-1.8225854078473813e-06,-7.59867441475912e-07,-7.318427606328732e-07,7.425211960951749e-07,-1.105654117572342e-06,6.902416508873453e-07,1.104075155257781e-07,2.8308749110829813e-06,8.058469185604035e-07,-6.146411414978012e-07,1.144554233284156e-07,6.943273862057658e-08,-1.7796544938742449e-07,-3.9300141372414263e-07,6.515384518722915e-08,-3.445533080855332e-07,6.027389271735831e-08,3.412533690653231e-07,-3.20716477030038e-07,5.567714454408716e-08,5.602045343488377e-08,5.1164958317872766e-08,4.6482429842201154e-08,4.683764708478165e-08,4.176972802121848e-08,6.296534491837215e-08,3.712063993678867e-09,-1.3349366617940307e-08,-1
1.2076649753437028e-05,4.2415621658955656e-05,1.032957975447915e-05,5.587838651558618e-05,8.326775139482882e-06,-5.4994047615401147e-05,8.233752325236304e-06,4.253894859912945e-05,3.8134089609252226e-05,0.0025515696761496914,0.0010942283827062604,0.001074202011250918,0.0010700505685418864,0.0005013508694482466,0.0005003374623865432,0.00047406634515939085,0.0004580656388840833,2.337583238111288e-06,1.42801244464774e-06,1.172310336717176e-06,1.09692471220427e-06,6.445022303341255e-06,1.0282283131114105e-06,1.3350878969783087e-06,1.0181616353404212e-06,3.2966102815598217e-06,1.1113959939258966e-06,8.014147995817373e-07,8.637786430755153e-07,7.964941990332228e-07,1.4466185344536128e-06,6.973882744685047e-07,1.0143944990761172e-07,2.1326812009395653e-06,2.087613502334093e-06,2.0376440037803438e-06,3.051560758621947e-07,2.5803989901751665e-07,1.5399249150119312e-06,4.938173985085396e-07,4.6804686092852784e-07,2.43920090524325e-07,2.1015192020893464e-07,2.5729130433742634e-07,2.3409353736913195e-07,9.238524932335523e-07,4.990225610729151e-08,1.6928282938343457e-07,2.85134632060398e-06,-8.836130085523407e-07,4.857064560846496e-07,7.508828664260652e-07,2.0115288098373136e-06,1.7738415896113576e-07,1.087336847449982e-07,1.0618951538413237e-07,1.5900157286262033e-07,9.22215405592673e-08,1.0700177545695196e-07,4.381688244855491e-08,2.2435367574754743e-07,2.137319186203854e-08,-9.951894469356037e-08,1.484550190967286e-07,2.17300812889322e-06,-3.7452126327617665e-07,4.451355721535694e-08,7.170297696002109e-08,3.041393561746213e-07,8.197933490916576e-08,2.3421527274541278e-07,6.370519264893837e-08,3.765252842260343e-08,9.334027471199403e-08,4.2684295527903734e-08,4.0658539188403165e-08,7.232042387283816e-07,7.163662901129662e-07,-1
6.0294660321706496e-05,5.98809128943425e-05,5.977618570399946e-05,1.1098317512120355e-05,5.736746032610957e-05,5.719079548068175e-05,8.866785543879705e-06,4.825684567888001e-05,7.0793407088698164e-06,3.908755634560448e-05,3.909904885459851e-05,4.780441336805451e-06,4.97987073842149e-06,3.1086162131977848e-06,2.596625597936248e-06,3.6805944384436605e-06,9.166208155517322e-07,2.7831599867284995e-07,7.442458763984542e-06,1.0350360634728908e-06,1.3819758980801531e-06,9.16358885237115e-07,7.540683771184521e-07,0.00029467308775090394,0.00028100989880367025,5.057434822735547e-07,0.0002756404150770395,0.00014355885451591892,0.00013874950664601344,5.613553881221626e-05,5.445240720605505e-05,1.7847475089038643e-05,2.4447400351032357e-05,4.814507747118319e-07,1.7763748117864917e-06,-1.8542350642020765e-06,2.154009371805297e-06,2.837535880600837e-07,2.6408243358337743e-07,2.548765450571798e-07,1.4448639305007343e-06,2.331143746235525e-07,1.521165883245243e-06,2.588821722833201e-06,8.885331257457918e-07,1.1819845242807708e-07,1.946334311226936e-07,7.329850909788363e-09,1.6394839503135865e-07,2.8189841749591395e-07,1.4024375211789504e-07,1.2730816370145136e-07,1.43767646151498e-06,7.266416081227775e-07,-7.04214184683367e-07,1.3067754391818875e-07,1.1438454454985242e-07,-2.078841367646827e-06,1.824752975961751e-07,8.907781337155869e-08,3.8460727805128327e-07,3.068697981839846e-06,-4.798066993104449e-08,2.78428433228797e-06,1.4503337384743794e-06,6.576398776610406e-08,1.412729134469221e-07,8.826192808909142e-08,5.155386878617922e-07,3.637497457167234e-07,5.3802083152861036e-08,4.590537269013774e-08,1.8206233186072975e-07,2.0030446765810777e-08,1.3060235081054721e-08,5.565705478183521e-09,-4.2406333509222364e-08,1.095244486965827e-08,-1
1.3907516166305403e-05,1.3964648754972944e-05,9.127237387410018e-06,0.0001677269130617763,0.00016444830521821337,0.0001603835516770382,9.41150459755467e-06,0.0001934522003795406,0.008523243182874798,6.98284908792712e-05,-0.00021357683651758902,4.954745248073779e-06,4.775821335990875e-06,4.76243645743868e-06,2.638778577749366e-05,8.3614155699532e-06,2.025176202272645e-05,1.984492315842456e-06,7.170932540763696e-06,8.990279700303566e-06,1.7844570209554258e-06,8.500899055839847e-06,2.1935549797612504e-06,5.606330833794973e-06,-3.990635832472544e-06,8.535074901207854e-06,1.1819899378793702e-06,4.6086394833850686e-07,-2.3854374385161947e-06,2.6049451486014903e-07,4.50590818983842e-07,8.076656994683865e-06,3.144405066132854e-08,6.233575962213261e-07,-3.567941702782521e-06,3.3508151286829055e-07,1.7768348635408873e-06,2.9360699856623566e-07,3.1520790583190764e-07,2.9144679378964164e-07,4.2543863287001225e-07,2.590208881211125e-07,9.186976241107032e-05,9.090262247725462e-05,8.920962424293896e-05,4.360368901725819e-05,4.349534621740647e-05,5.366146955642281e-06,1.669558533355268e-07,1.3837593311883683e-07,8.207290961627382e-07,8.017054857645013e-07,8.9020614978359e-07,1.2160514315769006e-07,1.490104351876731e-07,6.71182860558076e-07,1.1398614805539267e-07,9.623524188110268e-08,9.344478283588745e-08,1.0753374639623548e-07,8.236724890266273e-08,2.6392667963191965e-08,1.986120344629691e-08,1.1881852647031657e-06,7.984749161341803e-08,9.869162504434592e-08,7.595937637300893e-07,3.87759071124636e-07,6.41523091365807e-08,5.521338250002913e-08,5.33434971252151e-08,8.378784482770696e-07,2.874309358470142e-07,7.393241688134399e-08,4.575047538610568e-08,3.2528963643427334e-07,4.614929104363082e-08,-1.256399810903102e-07,1
