0.0003569549438142477,4.743067922091236e-05,1.061061820871215e-05,1.5975917708325434e-05,1.5695752255623466e-05,1.3309097748869955e-05,0.0008837188237343038,0.000856972512621279,0.00011682051698840172,8.863018773349123e-06,1.0693036590353466e-05,0.002357320174373029,7.924548476520936e-06,-7.881843957638235e-05,-7.822361752110099e-05,9.683354008083976e-06,8.416111565683231e-06,7.724539386168125e-06,2.9310539155695366e-05,8.808446611354438e-06,7.933767290629008e-06,6.607659728819619e-05,1.2563085028434077e-05,0.00015214190428641642,-7.516151746720608e-05,1.037883739279747e-05,7.83049026474751e-06,0.00010613085796375359,7.283161271466547e-06,2.9276223222847466e-05,2.8854660290366547e-05,6.6954143392181905e-06,6.457339682481158e-06,0.0005919863658348069,3.2502015002056693e-05,0.0001574053997243695,2.1010754581437577e-05,0.00017038759089602924,6.0750415608794974e-06,0.00018303144069638182,6.129330051130867e-06,7.241288200510673e-06,7.264749820372102e-06,-3.638655920241813e-05,6.652748599957098e-06,7.666685468431994e-06,1.2268578108652241e-05,3.5834004836159227e-05,-0.001192902375447226,0.000358515758881196,0.00039139870034277715,1.825695973231935e-05,1.9675254000343606e-05,5.052701645664389e-06,0.0005989573362631277,5.961244709769867e-06,5.366654271622488e-06,1.9786669598632485e-05,5.41897754374505e-06,4.207666839299473e-06,3.936091159840545e-06,0.00012064078650970025,1.0996563543478041e-05,1.8430270467360283e-06,1.1155191847226603e-05,-9.278184414983989e-06,0.0003375071062389574,2.6514692605519354e-06,9.766231558776177e-07,1.386834152086146e-06,1.372129092685381e-06,1.5047111603477502e-06,-8.182985016901978e-06,6.506312941580819e-06,1.123054337368419e-06,3.7040048197258156e-06,0.00011754779815722704,6.327474337620792e-06,1
1.2847335398764637e-05,0.0004043047746263029,-0.0004954496888309924,2.872320044768104e-05,9.828127981534868e-06,4.675335758265591e-05,8.600725498983522e-06,4.777448184497063e-05,9.183536338361544e-06,8.63486575892978e-06,1.7264132052232646e-05,1.7219836652483495e-05,8.336003311599394e-05,6.253765351005384e-05,5.449178070787744e-05,1.3223179629282088e-05,-9.906666153898222e-05,1.3252171010328185e-05,2.1737122794711105e-05,7.860014521602424e-06,8.6565658461346e-06,7.91709877663704e-06,-9.720625474951775e-05,1.3527063576792378e-05,5.6474009100614395e-05,0.000317893422495924,1.6214394538400716e-05,7.4713421919210266e-06,7.555327920549606e-06,0.0003290929220339197,0.0007723880084875848,-9.162503438112439e-05,2.4635262573338706e-05,7.53270252558971e-06,1.4635938333782864e-05,7.807590853168072e-06,7.099650497026456e-05,5.036122178363428e-05,8.169500635320107e-06,-6.620985089719094e-05,-6.606811185325797e-05,7.334522990315172e-06,6.666480468378385e-05,2.1841174998641168e-05,8.585393585676944e-06,8.606338333388733e-05,1.0875222208206554e-05,7.241436237072681e-06,9.762772791758159e-05,6.2952865640651195e-06,3.567665700269067e-05,0.00024526000010577104,8.17702848633831e-06,2.01015112311673e-05,6.551791527492763e-06,8.497531327588276e-06,1.2007744615333079e-05,4.0969296656031846e-05,0.00010701626338031562,6.115301967629271e-06,0.0007671626815992077,-3.5481866969405156e-05,7.383520955308128e-06,5.623322110541255e-06,0.0007148859111741475,0.00010007145020709712,0.0003779344016351161,8.584953212091144e-06,5.340416097116656e-05,0.0002394224701709021,4.942963444496103e-06,4.91340910402079e-06,-3.542066526819628e-05,4.57107060984396e-05,5.922084834462965e-07,5.529402655525234e-07,1.1316785517343855e-05,1.29932838594227e-06,-1
6.336374377732995e-05,1.0553156402456357e-05,0.00046514531112145654,0.00026324744531463395,1.003969515983847e-05,1.1617825340845527e-05,0.00026243819839248867,1.0341889432071493e-05,1.5574720865031808e-05,1.5574720865031808e-05,9.656322929386335e-06,5.966952548624163e-05,8.881492214319298e-06,-0.00012174583887078026,9.165948848794902e-06,9.868246700691323e-06,-0.00010030235424960699,9.272670321744445e-06,7.473670050493151e-05,9.027922424391315e-06,5.346175864454116e-05,8.913645447766604e-06,-7.553928797301625e-05,8.071830985915495e-06,-4.696760779209982e-05,8.723196987271487e-06,4.6943758114433664e-05,8.088827407775142e-05,9.176927391371774e-06,-5.2923687067882556e-05,7.355786091354652e-06,7.644130735966728e-06,4.770049317473823e-05,7.31642988640494e-06,3.997477296629043e-05,9.004813749117295e-06,8.560200584965112e-06,4.0442553860627036e-05,0.00010773963251964505,7.642707786092841e-06,6.843049629040185e-06,1.7363131219174252e-05,4.438417313526975e-05,0.00010137289478618192,-3.7630134288371754e-05,3.791450843344871e-05,6.777276232903146e-06,7.906406011425774e-06,0.0003853509893576126,9.463334735890686e-06,6.338586819635027e-05,0.0004154114533043922,7.132740629547503e-06,3.605975629030858e-05,7.569743294509758e-06,5.734124609223131e-06,0.00010861858816636278,5.510255516180279e-06,5.4474184962830275e-06,0.0002575804248737021,0.0002584331243261036,-3.186974169709108e-05,5.3533781906365654e-05,6.227416710768696e-05,2.762338541914973e-05,4.458947582774757e-06,0.0001712715191112242,3.0492977687097985e-06,2.2479215037451725e-05,3.258397974999918e-05,5.609154078498827e-05,9.390099238124256e-05,0.0072259098591549295,8.134900197046476e-06,1.0357988217433688e-06,2.764814900002443e-07,2.5818986977195355e-06,1.283382072162513e-07,1
0.00037399167541378193,0.00030768374123601056,0.00024902531894013433,9.983684522139522e-06,1.0794483044578273e-05,9.696013599558503e-05,0.0006591379753708315,0.0002670498477391313,1.6363284107917814e-05,5.2465682199083086e-05,-0.00031886368992945586,9.228585089834758e-06,8.981407005490042e-06,9.428012815643774e-06,1.4294946987889426e-05,8.966833448972462e-06,0.0001311924715037222,0.0002056722522911559,-6.744601096196336e-05,1.007931170069612e-05,8.589051348431016e-05,-0.0030296821518154796,-0.001209619366258171,0.0008161473347771353,1.2545550326449446e-05,8.154583711131075e-06,-0.0010121716196951017,1.0603569990782316e-05,-0.00026826992680964933,8.801551126813305e-06,8.32246409740153e-06,7.247237002495012e-06,0.0006529641785463772,1.3613722124989473e-05,9.64666763685873e-06,1.0406866552748472e-05,7.223784179021924e-06,4.23185180308527e-05,9.007442776556978e-06,0.0005789696949762679,3.6498451377526246e-05,3.7028889792748636e-05,-6.169656903480304e-05,7.397558899479296e-05,6.290390313623383e-06,4.069456678830127e-05,6.507624345700419e-06,4.474974409697987e-05,0.00013620547975411415,6.861494735871232e-06,0.0002388410864533313,9.863413265575168e-05,0.000301243112562797,0.00029388430381055105,0.0002943159527556798,7.714943954894713e-06,-0.0003024658931388888,4.98419487182149e-06,6.34170504887194e-06,3.64086541574854e-05,4.872779702193191e-06,5.2350799216222986e-06,4.478756893921428e-05,0.00041990372543082225,4.043586013042248e-06,3.733546909064141e-06,2.454524678231995e-06,2.1829323182857936e-06,2.0499108293431896e-06,2.7278433831166782e-06,-0.0010549669343559354,-0.0007353413341469891,1.015793809667492e-06,-0.0004670869690859661,1.4184559180675706e-05,5.748074348163803e-07,4.040507335021125e-06,6.580294643277557e-07,1
0.0012104096480681397,-0.0004377495624063163,1.0977396949052486e-05,-0.0004646683921200224,0.0001803445474634618,0.002291533112450941,1.5692257408841073e-05,1.5692257408841073e-05,8.214088386109093e-05,-0.0065205376206350085,0.0003823345056404259,0.0004582469145775033,1.1082874987461605e-05,0.006128291999561126,6.017258577123328e-05,1.018201340463427e-05,2.920630318633759e-05,0.022811635121168974,9.752434798426e-06,8.233365377621874e-05,1.190840784982556e-05,2.5695625334467903e-05,-0.0006323449839933448,0.00024377980449990716,-5.245588411316985e-05,-0.000331597400633476,-0.005526119866289578,1.269381391149933e-05,1.0379700971302767e-05,5.5120692647225255e-05,6.356587917817417e-05,2.7905471272546417e-05,1.0796976255659398e-05,7.4475833462087445e-06,8.589023499643868e-06,8.13926169323803e-06,9.542383247393298e-06,7.870794504159383e-06,6.396296296296297e-06,4.386380106021505e-05,5.134987278584043e-05,6.677828852366218e-06,2.6044236460092758e-05,4.9578709258776126e-05,-6.562848569896763e-05,7.21575294044925e-05,0.00020004639219816918,0.00036036100748856534,0.00035431919119942204,0.00034452728204115515,0.00034952740586665314,0.0003436939280702389,6.889055802083074e-05,0.0005473513093196328,-4.657408467943596e-05,5.060279283713582e-05,-4.5781434047627776e-05,6.079731016220181e-06,4.937400211150807e-06,1.0753685066093802e-05,2.966564498597324e-05,6.396278929007622e-06,1.5165521712663027e-05,5.463646523701508e-06,2.3281289218158096e-05,4.037925354665127e-06,3.257203523287065e-05,-2.384535055050566e-05,1.5439971630260464e-05,6.151412061896339e-05,7.81112192378072e-05,0.0021197168219676183,0.00031740779231097737,4.8744630265577416e-06,1.044582114203787e-05,4.742004089273254e-05,9.839804140603103e-06,1.3550168999954523e-07,-1
5.5978004038752695e-05,1.0645929425210477e-05,1.00490185417735e-05,7.947528088709312e-05,1.1041718353370942e-05,0.00010953198824661957,5.891526130638226e-05,1.822531321312773e-05,0.00028514464901459134,0.00030326649597563747,0.00025502023922911293,0.00029913640062172463,0.0007343339393923114,-6.148423173542022e-05,1.2530950396116663e-05,8.710508414188785e-05,0.0014688820415918742,4.85805382769813e-05,1.125115947418415e-05,8.643062848194292e-06,0.0008482733549294669,9.213554427130119e-05,9.047362375095051e-06,0.00023638553981415205,9.151642388388922e-06,9.156231917325147e-06,0.0005743000209529465,1.0407076709298695e-05,0.0005448940447147673,8.111054324016482e-06,0.0005303043970241367,0.0005416766442584424,0.0005526682126227121,8.373444877342509e-06,-5.814806166223935e-05,-4.435275896522048e-05,8.474017437099587e-06,7.978489188661586e-06,7.115416327714905e-06,4.211312613412436e-05,5.6801841217272205e-05,0.0002860956079854852,4.8777269283576913e-05,0.0005914351495478899,0.00028520958304839675,0.00027694746371443164,0.00028148030144474484,0.00027623926722030156,7.313256227620447e-06,0.0005683555720931917,0.0005851853492589889,0.0006046452790057481,6.774586020400307e-06,-4.022989512066479e-05,7.1251144929773145e-06,6.000886879170312e-06,6.458064170224307e-06,7.158030623459661e-06,6.263546051385609e-05,6.125163213241916e-06,5.978179001175764e-06,6.963755252749216e-06,6.294958203330271e-06,5.945922423420302e-06,0.00022088108771302546,7.232284580270977e-06,0.00024621187580449797,0.0002461387122699484,0.0002513937166795806,0.0002515564103145537,0.0002640746255569631,4.522184643796351e-06,4.4577510155167195e-06,3.813268267620459e-05,1.0581653981798356e-06,8.856055783420333e-07,5.372261327187313e-07,2.874004932582432e-07,1
0.00024241008892962338,9.934089474143679e-06,1.0215234212351177e-05,5.5451154113403965e-05,5.7537400626209956e-05,-0.00011460924946612988,0.00020322954127151784,-6.700610407756008e-05,5.505113078688723e-05,1.0942642521482316e-05,9.2005878661398e-06,0.0003140881532375938,0.0014315630012691903,1.1245720316412562e-05,0.000138810320992161,0.00010536478107609675,-0.00028038694461442437,-9.530313402326756e-05,8.673150162690272e-06,5.1177795054626926e-05,5.071410895206972e-05,8.882377695780768e-06,1.1524611072162387e-05,4.641727241928364e-05,8.317785822396653e-06,8.391698691360437e-06,0.0003378416570797097,9.348485413820826e-06,1.0300116791267426e-05,8.15218514791844e-05,4.189201231573142e-05,0.0006074557850928057,0.00014995591859989603,0.0034999697079728686,0.0036372350997704705,7.789532296573878e-06,8.209815017786133e-06,1.0250728944130482e-05,4.997592308837308e-05,4.2431373426987135e-05,0.0001935963407454581,1.176891915224497e-05,6.926235226732579e-06,8.769839444083276e-06,8.49078886900852e-06,8.048674422293423e-06,0.00017685886833763813,-3.93590728098018e-05,7.139068326099042e-06,-0.0008761621588815426,0.0006047212683569737,0.00013657790859105494,3.6709324983405004e-05,4.866841489901754e-05,0.0002221343680829205,3.5339266460334274e-05,0.00010446898871994603,0.00010543635092051882,0.00024457497697002604,6.373197528230264e-06,-0.0005835898794910467,3.929970359187763e-05,-0.000579333603962439,0.0001800733711311833,0.00027832095475345894,4.777552331755167e-06,-0.0001337023803107087,4.0869755543705744e-06,6.86577442156584e-05,0.00011277814755200273,3.4457342969190847e-06,6.953395268947291e-05,3.1388333911712498e-06,2.611295732012589e-06,9.739753157078968e-06,8.533298500545885e-07,1.2626166728482358e-05,7.743665078425393e-07,1
7.78036006477984e-05,1.38878553549201e-05,1.0448857675365339e-05,-0.00015061617825964154,4.1061773238720156e-05,9.443343126933372e-06,5.6073383481528335e-05,8.436162060154307e-05,1.136024251028376e-05,7.746459966052855e-05,3.3615041120120834e-05,1.8241341993387288e-05,-0.00012384740663930983,1.1387304723120094e-05,4.8068211898650815e-05,5.3708563038612385e-05,2.4018253641633317e-05,4.628038024083065e-05,2.6273241526479132e-05,0.0010016871335531091,0.04004295379342101,1.5839792978150532e-05,1.529941644927395e-05,0.00018356533071831212,7.701013247401919e-06,0.00015003401372601583,7.272617182207832e-06,1.0244563904779871e-05,6.766745414838546e-06,6.89682233840733e-05,4.939617581709915e-05,1.624250998831341e-05,-4.3212557675246706e-05,6.496133611697356e-06,6.536632988591078e-06,1.3917918820966118e-05,8.156962176558025e-06,1.3679662240415406e-05,1.004905909488009e-05,-7.907756773278948e-05,-3.855780932539996e-05,5.82145615982568e-06,0.00011898142672612017,1.245734860855085e-05,6.468255374528979e-06,5.7540348729900025e-06,-0.00023902920972833822,3.363772931942344e-05,0.0006436267939343663,3.2595007658403204e-05,3.1970517662170034e-05,6.616737012581314e-05,6.0290203944408454e-05,5.165346706585505e-06,3.674083185512844e-05,3.198569392411986e-05,4.3990727073000484e-05,1.937748311957821e-05,0.00043531872493517105,0.0008474923193215509,0.00044060063455321225,4.626326605682081e-06,-8.046587901178614e-05,-5.4189196262001265e-05,8.647731831434434e-06,8.871817279506212e-06,-6.758462374731443e-05,9.317561015016763e-06,2.9837119329551457e-06,5.210160538086255e-06,4.991509000986711e-06,5.052865729781357e-06,2.1160866479804325e-06,3.2554853425171576e-06,3.318170307478947e-06,5.118518080403765e-07,7.069899599107406e-07,3.5065217341355317e-07,-1
9.462076054898247e-05,4.5362069915199996e-05,8.311794087572489e-05,0.00021767629075843142,0.0002520957620511366,2.2713468752670293e-05,-0.0034495964537319588,4.669788866312708e-05,0.0011807668384960198,9.257528812119866e-06,1.5075095651126084e-05,8.604712898788531e-06,9.113306560483749e-06,-0.00026962959881266397,0.00024132369261762706,1.1647190190457547e-05,-0.0001786444548056583,0.0007958254269786963,6.578203881386055e-05,7.954337928197056e-06,1.1158550696262738e-05,7.892664098779247e-06,7.888839540660363e-06,8.387162497215992e-05,9.549166372181647e-06,8.267004227147079e-06,7.904953636384374e-06,0.00020528685454704716,8.107761544907105e-06,1.046318036690411e-05,0.00010459816124320865,7.367968776153193e-06,-0.001993370158216498,0.00025931254038238585,0.0008546823818833932,6.315680715752774e-05,0.0012814209049740067,5.140973141477002e-05,-4.2868118303944444e-05,6.076207137858643e-06,6.711386122911157e-06,6.296828281411009e-06,5.171540101928739e-05,5.7962911126662e-06,0.00010485349739610978,4.910654166429068e-05,9.725950665358314e-05,9.111788866210322e-05,6.670093089095335e-05,0.0006067247533227844,5.477974560647135e-06,0.0020021974543988188,9.90410518013483e-06,2.486227277754664e-05,0.00014084205959813545,0.00015302580563461676,5.164123511549887e-05,9.27073943538182e-05,5.248636627079966e-06,5.11555371854757e-06,-2.8132187485997428e-05,4.0786668425772235e-06,5.447811535353318e-06,3.642718376293444e-06,2.9503623798979778e-05,2.976137158852345e-06,3.4882865508489547e-06,0.00036185568446562183,1.7825856602471108e-06,5.865548932655829e-05,1.6790233564510221e-06,3.280833535514973e-05,3.6797637425970134e-05,1.3555269731929584e-06,1.3063126633322618e-06,3.9451236882688e-06,5.091564155639905e-07,2.4826143523986686e-07,-1
0.001197601509641924,5.174334645395478e-05,7.319258981011545e-05,0.0008248441440935766,3.6246672411051106e-05,0.0012885926467819514,0.0005689231864116054,2.2076159580597163e-05,8.7979787510706e-06,2.44555586111822e-05,2.1599510529409876e-05,4.6274577546294356e-05,5.2320758527356256e-05,5.8482473382201724e-05,4.0055290232003946e-05,0.0007738104708362615,-0.00023582632626106706,0.0001954551905500624,1.0504194849280424e-05,1.9338235511717804e-05,9.745662789052132e-06,1.914979592691013e-05,8.890053268381356e-05,0.0009044233443357652,7.547412199248652e-06,3.784151920287483e-05,6.845215987166652e-05,7.393450990143273e-06,2.7257692494652157e-05,2.059652266665853e-05,1.775013579746938e-05,-0.00023550015420226674,9.893099437367958e-06,6.018112412454221e-05,6.710587399701733e-06,-0.00012849515929200795,8.175793574524561e-05,6.667205160087482e-05,1.752921549756414e-05,3.790441645677595e-05,0.039961432203955705,1.7378463829718003e-05,3.7132930233304844e-05,2.6787333750071013e-05,8.506392280091778e-06,3.750382346957539e-05,-0.0002919001229568167,9.150436301083346e-06,8.444303982473096e-05,2.373508289555567e-05,3.732523436948432e-05,1.870132657334814e-05,5.93253861935146e-05,-0.0003120177163366615,1.2723287306938902e-05,2.181939334739288e-05,2.6915204216795732e-05,5.724182719610944e-06,5.702615398411249e-06,3.9724707199609225e-05,0.00017045850634665822,1.7977486634598148e-05,3.583508882471303e-05,4.731941741033961e-06,1.3292595815411337e-05,1.3930130548553391e-05,2.6224937803062416e-06,2.1025237086650418e-05,1.8752533680115816e-06,-0.00011518904373497452,9.85687318388931e-07,-4.608528686747927e-05,7.677210319974143e-07,8.01318307566645e-07,1.7132681806797975e-05,1.8512758434409913e-06,4.547134273955166e-06,-2.869288629828801e-06,-1
1.1200857437284309e-05,0.00031383918374205087,0.000103681678616212,4.491056372031476e-05,0.00019134473185269883,-7.580544665149053e-05,5.580019623510795e-05,0.0003623696654740304,-9.546386599013888e-05,0.0006121502760188286,0.0004565682450951061,0.0001941935326023529,8.404815063140177e-05,4.8561675060844556e-05,-8.068053975701275e-05,1.490534878443549e-05,0.0007093451300489247,0.003067726682237471,-0.0007972881263980388,0.0003996843261359804,1.146701648636083e-05,0.0076057063769216175,-0.007835768179223969,6.9864685080555125e-06,-0.0006780186802430962,6.8962038489611415e-06,7.727050085322322e-05,0.0015497339553971995,6.9086969180367e-05,7.11954302261529e-06,1.9997883292304894e-05,8.70408665587304e-06,0.00014143443035435907,9.137333973699675e-05,1.8898979048516383e-05,1.3418827022772655e-05,1.4053685377129417e-05,0.00026106008498252533,-0.0009525514139305371,5.973347251217816e-06,-0.00014251015079953097,1.585143599534844e-05,5.733677847378151e-06,0.0001232452928515723,7.932910770394245e-06,0.001726086334574382,-0.0018504458345698685,5.560596067528268e-06,0.00013721285358436451,-0.000649003540976633,0.002454839901154543,0.002708029436323438,0.004607790156271832,0.0009090330860218311,0.0003800199786152316,5.06078069755491e-06,-4.0813144195968686e-05,6.844669115971229e-06,7.046406732631584e-05,0.0019454295939070475,0.005227998517461504,3.468564816103812e-06,0.00015594358379410395,8.22174264963546e-05,7.002905426143428e-05,2.8370394525949683e-06,5.942501589174882e-05,2.147959579493616e-06,0.0005280177167294105,1.7763632336240854e-06,-0.00016136864913157779,6.58477207304495e-05,5.765776941601668e-05,1.420653324190533e-06,1.1916433066153645e-06,5.498580027697641e-05,-0.0004110923315186235,7.68419460321385e-05,1
0.0005929054207793878,-0.0007122486622158384,0.00025902266130900514,0.00027824592825903777,5.721995559574496e-05,1.1305103392577829e-05,1.371584144179258e-05,9.087022997622127e-06,0.0001351534386221545,0.0006889283192726796,0.0003942526284567454,1.2053822658980906e-05,1.111847278964316e-05,0.00010833425267589054,4.057252036148612e-05,0.0001224540359274749,0.00015769314149899152,8.393073458085173e-06,9.646743854118618e-06,6.23073128904696e-05,1.1784877287056613e-05,4.3650115621572365e-05,0.00013805636187482666,0.00017503878563698936,0.00016915390069040636,0.0009787195349247677,8.215538128591795e-06,0.0001010823562712551,0.00010371732509745454,3.879947388242602e-05,3.749292526377952e-05,7.526069556494639e-06,5.3094485320135225e-05,0.00034961379421855824,7.689589320408615e-06,6.842741792018449e-06,3.685049404378871e-05,6.8489415968719775e-06,0.0001317954861106596,4.84321064471126e-05,7.160745284442709e-06,7.102929032474572e-05,4.496375195005119e-05,7.6198649846647164e-06,3.3528294379218554e-05,9.089687206690442e-06,-3.852940207176513e-05,-8.005577772131383e-05,6.2849855481823955e-06,3.7618700465983744e-05,3.947454622435098e-05,6.363274134113511e-06,6.440582022773627e-05,6.190577906934037e-06,5.939686160151778e-06,6.70547357646878e-05,5.47919868735444e-06,6.54819450119015e-06,5.133576678375668e-06,2.7339902383805097e-05,4.232436428988923e-06,4.277795822743572e-06,1.7122727791421313e-05,1.6807708913607237e-05,5.4450917667999e-05,2.6690859856875704e-06,-0.0002283954345504496,3.7833946565498504e-05,3.4701332316442585e-05,-0.001473887292201272,1.5265506849463122e-06,1.435807258266257e-06,1.759783460699449e-05,-8.167703745545986e-06,6.981002274653954e-07,-5.772313112154685e-06,1.4564784968957681e-05,6.252891516977202e-07,1
2.84920459303243e-05,6.196302788714397e-05,6.268183681524509e-05,0.00023486675875665277,0.00012677330537521546,9.829299577746523e-06,9.606114373556191e-06,9.033713485872976e-05,5.550596997235373e-05,0.0008880831342234715,0.0008861291525815199,8.780102722686735e-06,-0.00044512075457781497,0.00024326213216875468,8.81831974278249e-06,8.064588716545947e-06,4.835502214919092e-05,4.6644086470710084e-05,8.416835820707182e-05,7.748412117890567e-06,2.13890751161961e-05,9.319288254311549e-06,2.500787789440619e-05,7.4674476448572815e-06,3.489915620704486e-05,-0.0002016536228966015,7.1700684439882886e-06,6.844656472902177e-06,7.633236188789084e-06,2.4937795862576978e-05,2.2656788310831253e-05,2.441467102535624e-05,-3.999259813168388e-05,6.947535460930369e-06,1.802753332892485e-05,-3.755440254245272e-05,8.10788277056541e-06,6.609325010652981e-06,2.558692413874022e-05,-3.640738223363236e-05,-4.744678402987133e-05,5.929605757834858e-06,-3.764698834993852e-05,1.6217368305192802e-05,3.8260197199292495e-05,7.700365759121296e-06,7.474501664405983e-06,2.9596884167274412e-05,0.00013018293451405613,0.00010693515572300339,7.00688005507448e-05,6.894779632075885e-05,6.0866047991372726e-05,6.970931578051871e-05,-9.652172697299017e-05,4.351431758309893e-06,-4.706522943091223e-05,1.2556287218142753e-05,8.568892388963426e-06,2.8370928475335824e-06,-0.0003018349770150754,7.808009463956172e-05,4.088525850343511e-05,3.894514797723146e-05,1.78777132877149e-06,4.103488373028202e-05,1.6730582727100554e-06,1.0030430058857833e-05,1.0734171310735037e-05,1.3784430575611666e-05,9.869021388942929e-06,1.2623143396484634e-05,1.889227509781475e-05,3.9869080815148595e-06,1.0218954953737451e-05,9.586153577400965e-06,2.0381947840423397e-05,4.548269789889104e-06,1
-0.0003163946552379538,0.00032422181303116157,0.0003333697009024034,0.0010567255171688437,0.0013028117243050882,0.0011380673661561436,0.00120243588265476,0.001114695141547126,0.0014578492884748818,-4.967594151915362e-05,8.098291660946062e-06,7.17320188535037e-05,0.00010651371833981932,8.066635955512834e-06,8.206529753678837e-06,7.849328608210066e-06,-0.00034371214333767195,-0.0003507198213370414,9.444327282180994e-06,-5.820487700467655e-05,9.541668090885535e-06,7.609808091545629e-06,0.0006913667922668926,6.824415131764034e-05,-0.001038056979188172,-0.00011528805446730528,7.1266924073316684e-06,2.0222762633736456e-05,9.370468429280872e-06,6.634331950008728e-06,3.464082013431999e-05,6.62973627543573e-06,6.550016878218995e-06,6.525342681997782e-06,1.5458211418277196e-05,3.531296251384244e-05,6.185391174374388e-06,2.5730918804004335e-05,3.528897555629616e-05,2.3269754224022847e-05,3.6348867842868374e-05,1.4800865235360136e-05,3.586654821958481e-05,8.760272267076493e-06,6.948127404667707e-06,2.773690413937571e-05,6.0803690837711e-06,1.3875721177445734e-05,2.2379254284974615e-05,2.646218131945519e-05,6.861419155011608e-06,9.336695184069188e-05,3.282276107596247e-05,0.00033889313736388166,0.00029290299495371365,0.00029193473628069655,0.00028825170332907613,0.00028996953793690834,5.193147130312969e-06,6.833878980718962e-06,1.2462885025718734e-05,1.1931917464250483e-05,4.5640177518436384e-06,6.476425651069178e-05,4.2766809583392534e-06,3.7995847645351904e-06,4.58382624532943e-06,3.3673008793806518e-06,5.274188146067505e-05,6.880921889208392e-06,6.955801382840062e-06,2.51645213897253e-05,2.2480605777437546e-05,2.23043238329577e-05,1.8094293470262123e-05,5.136547003709541e-06,1.747488445854249e-07,1.5978608287091158e-07,1
8.803778330640925e-05,1.1282620364570732e-05,5.3975104892103044e-05,0.0005478306238807756,9.014066205972866e-05,5.4948010421158826e-05,0.0001385429982751477,9.176526260776005e-06,0.0007929701276704827,0.00021703694404315085,-0.00013563609293406337,2.633228164749355e-05,5.388554688680047e-05,0.00018475379873399798,2.1145363172350677e-05,8.419188665955156e-06,9.274715549856537e-06,3.4109614149248196e-05,4.8599176034085746e-05,3.549103512639839e-05,-4.9048903549142436e-05,0.00026181833500770444,7.77986218498059e-06,-0.00012146914329554902,8.051218350804173e-06,-0.00011648758742360092,7.285649957258184e-06,7.2786396038781596e-06,8.098984455111907e-06,0.0002928174633418076,9.143451521881814e-06,3.584555136094922e-05,1.7844044904324698e-05,4.208427433074017e-05,7.570295889493262e-06,7.1899226122774345e-06,6.943665205172419e-06,1.735269086810302e-05,6.959759359793321e-06,7.1435170096230805e-06,1.79313219135367e-05,8.031748372770031e-06,9.589624797340548e-06,8.468356501509973e-06,1.7181305385812724e-05,5.1770184663377404e-05,6.5635579608850665e-06,3.5761639403057673e-05,6.675835846918384e-06,1.6887282156121973e-05,6.413825565545781e-06,4.015052231344686e-05,1.5575837509078184e-05,6.997709558755316e-06,4.316479460977349e-05,5.80427470217239e-06,8.366686031108087e-05,2.5454272061459462e-05,5.3902432121521975e-06,4.830410508821721e-05,4.400569909536947e-06,0.00037713417245643883,4.036381114709005e-06,7.006405557041841e-06,9.39403839552464e-06,2.0262106780574553e-06,-1.20671088458673e-05,1.9581132441299727e-06,0.00010677788821624313,9.070661092973388e-06,1.4249323719830483e-06,2.4765824122448966e-06,7.969088124242907e-07,1.845977472907082e-05,1.6349748167282886e-05,1.4008564176035031e-06,5.826956243531356e-06,4.7320112355125164e-05,-1
0.00014757464233383785,5.1135666164168313e-05,9.815441752765014e-06,0.00015788145009554028,-5.9145770343125176e-05,7.825189655511785e-05,0.00011549056538671125,4.5680910269077165e-05,0.00018785958172313756,1.1380859622646052e-05,9.469799623966434e-06,5.6865683532588656e-05,2.5038798777995625e-05,8.175976429519684e-06,9.718149844021139e-06,8.005671422143419e-06,1.5461709060342457e-05,1.2405952748943703e-05,8.969524686902443e-06,1.1650155721774031e-05,7.561813142412107e-06,4.6842419732283784e-05,7.342823843934966e-06,0.0002087230695026737,0.0006416265492464952,0.0006417427590238636,0.0006380641634664286,0.0006385538793856681,0.0006356482910291123,6.808652920679129e-06,0.0006314650484300584,8.227719050483958e-05,6.7018692708070215e-06,3.228833178886448e-05,6.060192049570862e-06,6.22154282838608e-06,3.694859361015147e-05,-5.4585300790754446e-05,3.847749391300672e-05,1.7818861358280432e-05,5.746004454566696e-06,0.00013027581269310192,6.054075890435186e-06,0.0001408858446804754,0.00013699812979736355,3.55265670907722e-05,1.5670522870469297e-05,0.00015451359312763417,0.00010107918124116242,0.00011432305885356443,1.1490462580436616e-05,-0.00039942526630590736,6.26849093094692e-05,0.00017363331676667753,1.4977658473733244e-05,5.181983451802796e-06,5.165096729151817e-06,0.0001536642723993498,3.765468732077145e-05,4.784150649044853e-06,4.7699190941564934e-06,4.815548568226539e-06,-6.198628441956101e-05,1.288699923739897e-05,4.731651024345998e-06,4.237648932636031e-06,4.501179568488367e-06,4.480508717446292e-06,4.460884150506722e-06,4.372038013527442e-06,3.2520278828050066e-06,3.0475505101315528e-06,3.0121511008286936e-06,-1.575424440131589e-05,0.00021084827152389367,6.75475350735511e-05,1.2617312850515991e-06,7.936184059808813e-06,-1
5.918531148597347e-05,9.747170277565768e-06,5.702033636778044e-05,1.0854082960532232e-05,-0.00011818828386624094,9.341353274421072e-06,9.684682649323602e-06,1.387695035996527e-05,9.05493974664786e-06,-5.399268914665523e-05,0.0001865737960969392,0.0015932724945233484,4.423083847218536e-05,9.690642747548406e-05,1.4009744506669897e-05,1.5103288923760207e-05,-5.37530517684754e-05,1.788497732747831e-05,0.00011737478227015807,1.82331193981029e-05,5.828158410738131e-05,0.005845245525162009,8.732782277238474e-06,8.638826422169126e-06,9.483200033960239e-06,0.0001247382108711078,0.00014353714259444822,1.3042760732257244e-05,-5.160812288356532e-05,0.00014303386512577067,-0.0005623221215486114,9.409419287431622e-06,0.0001456426708876067,1.0756787144367953e-05,8.793319204905276e-06,0.000581270806463995,8.54749744244212e-06,1.2125284786937605e-05,1.3040511532988182e-05,1.7445612763522974e-05,8.534308408054494e-06,-0.00015700420847001472,9.332056372228322e-06,5.8176493075684354e-05,-0.00010974644717556135,3.869065827867649e-05,3.24807216058216e-05,8.30537912362123e-06,8.814751191466773e-06,-7.45772066082116e-05,5.8112553132913525e-05,8.87561517252886e-06,1.2320636326152268e-05,8.04392082284151e-06,8.519155671193657e-06,7.760834048852136e-06,0.00010569577949650059,9.72958170137261e-05,1.1261232235967822e-05,4.888947210213477e-05,7.185061207555009e-06,4.3642633157356256e-05,1.4824003574783712e-05,3.151400862370141e-05,7.478185193085068e-06,9.539928236005817e-05,5.931328456704299e-06,2.0154968122188174e-05,5.248583038534072e-05,3.3489034885918573e-05,1.0729620061006738e-05,9.746475242543467e-06,2.1201793742054843e-05,3.928158168474289e-06,1.5142668513464993e-06,8.738418054646036e-07,-1.646642234347175e-05,1.1730797831247835e-07,1
2.919123951113013e-05,4.40150756822699e-05,9.493780199334927e-06,0.00025547879692071595,0.0002479577047353666,0.0002066685582234532,8.591598481978053e-06,-0.0006826416852619399,2.4287032710005467e-05,8.118641093729594e-06,0.00013012467567921667,-0.0029355637249888935,7.826134082015213e-06,-4.645401152196658e-05,2.7343681157279654e-05,8.448529503603832e-06,7.758213076249923e-06,0.00018576478427901282,0.00011047109430367547,-4.358112846996132e-05,7.188619040316685e-06,3.676753322264502e-05,-4.240601364188693e-05,-0.0004172342341606675,1.3775563703845845e-05,1.3771612335094974e-05,0.00013145508790053832,0.00011685707702874059,4.722185806879666e-05,-0.0005464365827540768,-4.056453358748803e-05,1.9684111035630465e-05,1.2916155857336222e-05,-0.000226404191159278,0.0002591798996072218,-0.00011122877634700608,-0.0002573281186143546,6.797370406400051e-06,-3.6444330386140814e-05,5.99749740818656e-06,6.064167588408126e-06,5.959736394977068e-06,5.891440866927736e-06,-0.00013919979357825693,1.2583648009954621e-05,2.498230700010121e-05,-6.993339371485715e-05,3.342004702949901e-05,1.170851259502207e-05,1.5829845182563063e-05,6.45357333633459e-06,6.610046881778589e-06,5.236984612027414e-06,0.00013592477408692064,2.700816981289798e-05,4.801361925660811e-06,0.0001500269649424753,0.00014286450623001367,4.6730743140662464e-06,6.313365987724534e-05,4.120925664898061e-05,4.068137678762024e-06,-3.502021608815985e-05,-2.46708276728881e-05,-0.00012574286228386592,2.1066258240466867e-06,3.0037260272385266e-05,3.008945281733032e-06,1.073252016827737e-06,-9.768056753658886e-06,2.9204788639120096e-06,9.042512956422587e-07,8.943633965557869e-07,1.627045058353569e-05,5.91504288482654e-07,1.921334827156379e-06,2.1288412647301543e-07,7.304989144826694e-07,-1
1.1652712402219469e-05,0.0008831969724766366,0.0008719334162539245,6.668750186128335e-05,3.8550192120633654e-05,0.0008260925361991223,0.0007486869179507501,0.0007144881140335873,9.686578533737155e-05,0.0002455001353344988,3.412065460952449e-05,0.0007246420703517384,3.5388378241014824e-05,0.0007223073204827614,0.000712781487382599,1.3460794094493522e-05,0.0006345999908919501,0.0006318207825123883,9.983783682259128e-06,1.0517321888043397e-05,8.61997511696543e-05,2.5745241083550575e-05,0.0005972233918427006,2.167046784789847e-05,1.8205597944304302e-05,9.040510095543653e-06,9.27154388604156e-06,9.187552534236194e-06,0.0005823027962390562,2.6016319555150556e-05,2.3095754501995378e-05,0.0005988423405992493,2.4778661777286398e-05,0.0004771715926593195,1.006949094188364e-05,0.0004722187924945833,0.00047447549748008846,9.671601478380675e-06,3.599139435026665e-05,4.8688663959853866e-05,0.0004657588142500516,0.0005561246396063667,7.033804589939022e-06,0.00026927705299354445,0.00026836280642046184,0.00026470329332008803,0.0004475851519636564,0.00026198399716658604,0.0002672999750272528,0.0002617150640632102,0.00025947783437550807,7.038150984444913e-06,0.00027850309525345723,0.0002563917763785576,0.00025561072933307237,8.952897027380042e-05,8.93330413453693e-05,8.923406173182335e-05,2.7140956979903102e-05,9.213189699875437e-06,1.1075004013317734e-05,2.4737898821737386e-05,1.2256937286619709e-05,-3.19756354340303e-05,6.377800256900077e-06,5.3132015873836e-06,5.544208345123657e-06,4.614560240471137e-06,2.173499876168653e-05,-2.8813241958881462e-05,2.560865528689312e-06,3.21987320489827e-05,4.1678679379360404e-06,2.072812584544209e-06,1.5335865743177793e-06,1.6306189212773908e-06,1.1998367599694726e-06,2.0718342549347133e-06,-1
6.074074190807659e-05,-0.0001380009675449414,1.3290430502732546e-05,-5.963357794204421e-05,-0.00027664813304836746,-0.0002953134920195523,-0.0002758687696799436,-5.720833533710808e-05,-0.00010288878700275091,9.634265607261037e-06,9.393136256492247e-06,-5.495562044149133e-05,9.191496673733954e-06,1.667007642802123e-05,1.2908151328509788e-05,9.08554796317797e-06,-5.7456821817162296e-05,-5.3821732861861385e-05,-0.0001320718454503159,1.1010408318975385e-05,6.408812769114057e-05,1.0480146337161775e-05,9.599431924347052e-06,8.464242922197857e-06,8.454714401089549e-06,8.60565912017673e-06,1.4883824789671858e-05,8.717570950809553e-06,1.0040252621923247e-05,2.425597855164217e-05,-5.125802900078455e-05,-4.898608808372985e-05,9.917441504755044e-06,1.1779656095390355e-05,7.972746500709347e-06,7.942982963784302e-06,4.963871754381552e-05,7.898699876544776e-06,7.783477425388796e-06,7.700883590557469e-06,9.448289580442059e-06,-4.943439601184821e-05,7.584239093112055e-06,-5.513037084787263e-05,1.0446444124334031e-05,7.5412252923225135e-06,6.874616717781055e-06,1.371366314010423e-05,3.780387642331748e-05,7.527767128665904e-06,-6.865242915738571e-05,6.676962713898617e-06,7.3932948293702896e-06,2.2670794512077594e-05,5.78383813637032e-06,-5.936834936935241e-05,-3.4273759089585665e-05,5.7080392261841365e-06,-0.00014253301045768425,7.5665930614468e-06,2.3919800522142663e-05,1.5458444784629927e-05,1.557272453850424e-05,7.374138745047739e-06,3.4812748623354726e-06,-5.2320957473416904e-05,2.62155694318776e-06,0.00011695383528810064,0.00016110322107339148,-1.8442841142812192e-05,4.335085297742006e-06,1.0436100826231583e-06,4.861527392814447e-06,8.030273864640634e-07,2.987186183810875e-07,6.29830675436628e-05,1.2115766795335212e-06,2.221754201825741e-07,-1
0.0006560161684064579,0.0002810700932974325,2.31226883343708e-05,1.014115761347006e-05,2.829797032002437e-05,2.2083360909528126e-05,-5.4898745342862294e-05,9.230821796292207e-06,8.996089297557972e-06,6.357639290941143e-05,-6.0605738695067504e-05,-5.097665847091204e-05,8.501044370910136e-06,9.00093845105808e-06,-5.095000159128159e-05,-0.00010339242501664517,1.7147854174947784e-05,7.886896966600885e-06,-9.941018631183392e-05,-9.21789367836109e-05,-9.22979324621354e-05,1.5158377359160273e-05,3.046391538579847e-05,7.54054087670378e-06,7.189236217016708e-06,7.3853408984853255e-06,1.4944943832247429e-05,-4.9697169395871965e-05,9.891920509075984e-06,8.47406122650331e-06,6.648255156723047e-06,6.659540535621988e-06,-3.9407194332184084e-05,6.522789990852314e-06,6.4801619349364665e-06,3.830334800788512e-05,6.352935227833481e-06,4.4964477640179976e-05,3.670191068813091e-05,6.809554858982628e-06,6.077458140226452e-06,1.2241987414737184e-05,1.224454276689332e-05,5.97378872889095e-06,6.05054570219717e-06,1.2149584933196472e-05,5.989431987571049e-06,4.7216664864696145e-05,-3.522379197519306e-05,1.2314343248647336e-05,5.962157881352533e-06,5.323370939550006e-05,3.41080682952062e-05,5.706129668187454e-06,1.6025308566269754e-05,2.2852892333410092e-05,9.82368174205499e-05,0.00012773320737174008,6.631686998720959e-06,9.479433216138969e-06,9.248283713752873e-06,4.239173878701958e-06,3.989928966745855e-06,1.6434807787531047e-05,8.696510464374775e-05,-1.992809500041314e-05,-1.83436896169773e-05,-0.0003584484959986866,-1.7254964595290444e-05,4.9046181357102395e-06,1.7556970907153712e-06,-1.0514595754517702e-05,1.5019732498058496e-06,1.40353781802789e-06,1.3676222130129837e-05,1.3363933752076677e-05,1.3420582707836183e-05,4.952324235606528e-07,-1
0.00010047506125266325,1.8644596494183372e-05,0.00013561983582720133,1.4010318122144292e-05,0.00010721841246985592,6.1027487174627195e-05,0.005797150374617888,0.0022858529757164192,3.714914023953821e-05,4.764839336363877e-05,9.478452221670004e-06,5.711242301517548e-05,1.0642418190932439e-05,-0.0006772131156401703,9.579975105105704e-06,9.404188966497315e-06,-5.713719292778687e-05,5.666191904858756e-05,0.000109987658646193,4.524896031896971e-05,1.2979254940562795e-05,0.00011012118967314896,0.00012195802955711477,1.6383411229290717e-05,0.0015314849180655845,-5.8129666808615e-05,0.00020353460249686488,0.00016008777681497755,1.1864296508135314e-05,8.47091360140136e-05,-5.163238229379218e-05,0.001401428555942298,0.0005223453112469405,2.2820061127166068e-05,1.1861856823258232e-05,2.532425580294476e-05,6.61489207033179e-05,6.752922893337079e-05,0.00014277654086272438,8.905290286483457e-06,1.4953273636536126e-05,0.0007060915342701765,-8.677692420180494e-05,1.4202914755775644e-05,-0.00013990745215887557,2.331790869314593e-05,7.710646022078359e-05,-6.969520153912856e-05,2.5289532814246785e-05,6.433177144923009e-06,7.824508040440773e-06,0.00026819544092959805,-0.013833452493381094,2.3688568727839827e-05,2.3672751068464227e-05,2.4070661819878775e-05,7.471386023668582e-06,0.0006469293431576176,3.60855251859835e-05,1.2255877986156783e-05,9.61649304783119e-05,1.4413384949090415e-05,0.000920218937785208,6.861332900339533e-05,9.970076454865677e-06,0.0002699761951977712,-3.651022135867344e-05,0.0005898965901943541,8.404956767987851e-06,1.8353014270230605e-05,5.469326323852565e-05,-2.5453938905954522e-05,-9.60407149217055e-05,1.3359211650250455e-06,1.5999480999176245e-06,8.22027581200376e-06,8.22027581200376e-06,2.779547796183969e-06,-1
0.0001688774337634268,2.2320801502374873e-05,0.00013392480901424923,4.06328553976623e-05,0.0010851171595047922,2.681035100766778e-05,2.681035100766778e-05,1.0927024194657988e-05,2.483456995557596e-05,0.00014900741973345575,0.0001521699837004002,-0.00010066381884962188,9.940725950476263e-06,8.33940754450022e-06,8.289839652690963e-06,7.957728874003621e-05,0.00022583235709163255,8.120970376397063e-06,8.492109337200024e-06,-4.637076986782997e-05,1.041768571044821e-05,0.000168839915873741,7.336689137677244e-06,8.448846253394665e-06,1.649536649472292e-05,6.958115262162884e-06,1.9745436942612183e-05,4.2051021482637156e-05,3.9279749472131276e-05,9.490492767224158e-05,4.2651471429814594e-05,1.3145234886824653e-05,0.0002830300532748903,0.00027171911135145656,1.3522257438253031e-05,0.00011990571299655806,0.00027123628093538634,0.00011366087571262797,1.2899115529273168e-05,9.628611936872207e-05,4.9167774923117014e-05,1.256917769169889e-05,3.459785841312086e-05,0.00019222103097874693,2.0154142813137344e-05,0.00014140061294625283,1.1585723849396523e-05,6.949060989735096e-06,8.140328587975399e-05,7.92803852443469e-05,0.0001909309697348335,5.723558560195546e-06,5.627097176011457e-05,5.72506486251195e-06,6.0604266774876594e-06,5.512054604639045e-06,3.9370745021657964e-05,6.184795617504872e-05,2.3556839191742565e-05,1.3917259267944171e-05,3.7283307390488946e-05,4.814881780250348e-06,1.0670519065219468e-05,1.0670519065219468e-05,3.5918422012107098e-06,9.176346088776661e-05,2.0246217785451424e-06,2.8749353810775883e-06,3.97892562568859e-06,1.7842287161385965e-05,2.9350483380219768e-06,0.0007896476996647891,7.2519183508795555e-06,1.0741454883553801e-06,-1.6451644565510495e-06,3.1787989281529838e-06,2.74817688217567e-07,1.948390660519546e-06,-1
5.1604150626203583e-05,4.438813491717908e-05,2.8241509366649624e-05,0.0004176511559476523,5.1621978844722155e-05,3.4557190869431976e-05,9.651349205586762e-06,-0.0026363907092249853,8.87599729271005e-05,9.300086947574155e-06,2.6015576829245092e-05,8.205988408713427e-06,4.7864533645663806e-05,-0.00021961902975068426,7.843293314311266e-06,4.191627345767177e-05,2.8035368914468637e-05,8.580157084468248e-06,-0.0001438245772967059,-0.00013836741311140034,7.244282293362314e-06,-4.4257269321130596e-05,2.4196940496074412e-05,3.780188048628643e-05,4.538470754370555e-05,2.2298836428927184e-05,1.0685207531362365e-05,0.00017022378073935283,7.072206388594526e-06,1.0404131510597972e-05,3.085362354884608e-05,0.00012722249677464946,1.0804593391935496e-05,6.539704655594721e-06,2.154335251875763e-05,-0.00013114936405401488,6.472549019607844e-06,1.1030781877956598e-05,-0.00012006674873292512,6.358986372574951e-06,1.0466724606362457e-05,0.00014121493098308917,0.00013760465803944538,0.00014727129836576095,9.807947703201002e-05,6.627573127462314e-06,8.486357208576035e-05,0.00013643390366657767,0.00014170479451244757,4.3083216805561155e-05,0.0004252953625840104,8.073112750216997e-06,6.458599829229965e-06,6.9411806092954095e-06,8.61536466977806e-05,8.017965728912931e-05,5.631864906358595e-06,8.132608613316727e-06,0.00012385258225670895,4.827791219527786e-06,8.56216091606881e-05,8.388672338300096e-05,4.712754248776448e-06,4.657541323866769e-06,-0.00032343329976748626,-0.0002604070554012703,3.0821131962796906e-05,1.360281336138094e-05,-3.9721494665798694e-05,4.354372647011216e-06,4.048495656014426e-06,-5.738195423028593e-06,0.00010780657091534726,2.6533994197514084e-06,5.241040784303512e-07,1.3924437651460681e-06,1.3924437651460681e-06,1.0394548927440416e-06,1
-0.0003096836507136209,6.197133088173074e-05,4.1319194655600383e-05,0.0005219091696753447,1.6562280766084673e-05,1.502480006981074e-05,9.02545283544411e-06,7.334494152469467e-05,8.913914971934677e-06,5.610628423546668e-05,0.00017615647281259698,4.4508519095704174e-05,6.895289499478183e-05,8.610355223817447e-06,4.2293884791131925e-05,8.846370546921276e-06,0.00011499665042450571,0.00011492021428017377,-5.060737786647111e-05,8.086014371139255e-06,0.00011219651824246186,-0.00028513763239359157,8.293271655431136e-06,-0.0007794169613643413,6.534254740430994e-05,-0.00032914937343102134,1.3334726045750713e-05,8.19350076157166e-06,1.254740633726342e-05,4.638483032112939e-05,8.616032863932533e-06,1.0138165670042028e-05,2.54523190385863e-05,7.434340782162299e-06,5.662341064225876e-05,2.555013833455561e-05,1.6799968426508337e-05,-0.00035165641384368035,1.1822432498660197e-05,-0.00021277380602487798,7.032532613601107e-06,1.3137824232081915e-05,5.56661681663047e-05,5.548315436986996e-05,3.325235115857614e-05,2.9686444500465407e-05,0.0003116250155487548,5.1937502591459133e-05,3.7121627489211076e-05,5.480379065241305e-05,0.0006365944830303501,8.452697162440417e-06,0.0004891852531520605,1.5330580240036104e-05,0.00027925144876667703,6.31540819888303e-06,2.6776469815671463e-05,5.288796328942543e-06,6.183344727526585e-06,0.00015890214163822525,9.171208638902211e-05,6.831537493300992e-06,-2.5810759209375795e-05,-2.5810759209375795e-05,3.0251025301102876e-06,0.0002046111570247934,9.534332161594227e-06,-7.304455772431106e-05,-1.8688390756776567e-05,8.428469182791305e-05,-1.2740513567258063e-05,1.0100253046286634e-05,3.964976236143626e-06,2.249495353002567e-05,1.3351123159535164e-05,2.0801874806081293e-05,-1.2291074803260656e-06,1.8270516599441515e-07,-1
1.032581420481002e-05,0.0006205464175551566,0.0006032495062758935,0.0003301281164306299,0.0012270823670244256,0.00044405319481469543,2.8238934139123618e-05,0.00044557233272577367,0.0004456482766012811,0.07641655249482655,9.052025791829348e-06,-0.0016211505142147652,8.866376254286695e-06,3.831796603952883e-05,-0.00014407402229500582,2.1766138053213146e-05,8.485465493999512e-05,1.0030949642977436e-05,7.795866451284408e-05,9.222202010221789e-06,7.866712184108188e-06,8.19088707387965e-06,4.748211628054838e-05,8.944275380770646e-06,-0.00020977802937604626,-0.005745327416918164,-0.0013103250718609447,-0.00011093849111837706,7.259175451899886e-06,8.511619376523706e-06,2.8665332108496663e-05,7.202626301996094e-06,1.196019847781089e-05,7.296610850769206e-06,3.0239518165069506e-05,2.280191347926101e-05,7.422878445266736e-06,8.184568890023703e-06,4.2624369277312e-05,8.668329107241223e-06,6.6483973021368105e-06,1.017753798772706e-05,6.602711978672832e-06,1.0664743488360943e-05,2.667507393125687e-05,2.5326185984868685e-05,0.00010603198792582347,2.016467931551422e-05,6.868902450224398e-06,6.519039979111121e-06,6.271647669813271e-06,1.7470734244597e-05,1.6144536208972525e-05,1.7702843979896615e-05,6.144547532336283e-06,1.630418116178268e-05,5.920836574104523e-06,5.910357469840899e-06,0.00011785897332623314,2.1737304290024698e-05,1.7569684029789226e-05,5.54961469850882e-06,5.966812828058008e-06,5.3286317379578455e-06,0.00014541864276496752,5.332681441000534e-06,7.425116123711369e-06,0.00021348183100665751,4.064200358570815e-06,2.870289847569681e-06,3.1254015046278904e-06,4.2568904974310736e-05,2.161683283969149e-06,1.707404599930267e-06,-9.278788591858042e-06,1.721855947755496e-05,2.027750495680706e-06,2.17389206848486e-07,-1
5.8386531229754325e-05,1.4968448928000988e-05,1.0144689233502724e-05,0.0009479384072973576,5.389772448779988e-05,5.389772448779988e-05,3.340851068918559e-05,3.340851068918559e-05,0.0005972072821848135,-0.0001513446527957108,0.00030717493780343296,3.188355038021757e-05,1.9054459017097275e-05,-5.9447384691737614e-05,1.835261117367206e-05,-8.578822151087625e-05,-8.578822151087625e-05,9.588131968594646e-06,1.6048432302947606e-05,-0.00010727880540280657,8.131098469773458e-06,1.8392227668360184e-05,1.8550048232641876e-05,1.6952991760854857e-05,7.776656474946242e-06,-9.656253651102464e-05,4.421483208895623e-05,0.00012548020837794364,-9.551038004451448e-05,8.152958021959783e-06,7.027403580322323e-05,8.032975433349893e-06,-0.0001639358403437582,0.00011650113011256168,1.545077157785901e-05,7.469937943390751e-06,7.398517735808072e-06,2.2139316260787286e-05,0.0002483191855527525,4.1386530925458755e-05,1.9159244216530967e-05,2.5802336616318195e-05,7.2197246221902125e-06,2.251549842341499e-05,6.731122124083666e-06,4.172208098720786e-05,7.641772229818858e-06,6.7991470044683555e-06,6.223540319825697e-06,6.335029650052895e-06,1.4391698269137496e-05,1.4253699700076715e-05,2.1804515345390422e-05,1.9847814805833395e-05,2.8382493772332203e-05,9.95010466128192e-06,-3.596072932019451e-05,5.473007863718252e-06,4.843230343499352e-06,2.640222897320399e-05,2.6327417992484037e-05,2.830990898156295e-05,3.616126713811972e-06,0.00014254522551116253,0.00012204738299375481,1.8676357905858687e-06,1.6450544699118225e-05,3.6623776539035474e-06,0.00031072327750689,3.0785509696603168e-06,5.7090327921342795e-06,2.9961133036813614e-06,-9.629899549892374e-06,1.7769128855899247e-05,1.6539274775034207e-06,9.923564865020523e-06,1.314862072442121e-05,5.607955223873276e-06,1
5.252185975400056e-05,5.252185975400056e-05,0.00021675722319363107,0.00012864185235514009,0.00012159485859002105,0.00011731012237556334,1.1949239929371276e-05,0.00011408564636511466,4.239214500760508e-05,9.973318001245509e-06,6.502001980838377e-05,5.781369332333845e-05,0.00010302669843993332,0.000131569053565483,0.00013513040763200423,-5.830438978165425e-05,8.64081877528997e-06,2.8324140421050877e-05,7.760000191942987e-06,-0.0001387822580141517,1.0527652162906404e-05,1.9153155269836645e-05,4.856559205836968e-05,7.804163101789395e-06,1.9609642432732237e-05,1.8225219531639757e-05,8.436229908680432e-06,-4.346144017505997e-05,9.702792619754064e-06,7.063745058409999e-06,2.599569136242701e-05,3.373499735075582e-05,-4.588291994668291e-05,6.08132713471757e-05,1.8495088919244812e-05,1.8495088919244812e-05,9.149317316014017e-06,4.683816994219692e-05,3.827754556824869e-05,6.5016736401673644e-06,6.739406332430995e-06,8.466838856404664e-05,6.414554833826189e-06,4.3204206612508225e-05,3.113146799279895e-05,7.3478534700282074e-06,0.00012508957202546014,7.895837911055729e-05,7.895837911055729e-05,1.5326516207341404e-05,1.5466028503965634e-05,6.0926023947313815e-06,4.1257940121190885e-05,5.811215797600079e-06,-4.060791926291706e-05,3.8333171429672263e-05,4.6524788892768416e-05,0.0004350695654622869,3.762537458114932e-05,1.3526116547699357e-05,3.6770285133956873e-06,7.38283463709179e-05,8.510089574008973e-06,2.129585560395726e-06,0.00019313132027124863,9.965549034959572e-05,1.942142717361377e-06,5.9009834925065226e-05,1.145273762264292e-05,5.13034708893764e-06,1.2986074826116672e-06,2.6836580529661457e-05,9.911556820171125e-07,1.178238114417016e-06,2.196258060445403e-06,-1.7566628274275057e-05,3.475342414001978e-06,-1.6288023091642304e-05,1
3.2882349972371336e-05,0.00012127425268627138,2.7379662108573883e-05,0.0002714069969083729,8.549349350099997e-06,8.606674180376026e-06,9.901440035213228e-05,2.557771578935627e-05,8.107969246576073e-06,2.4077635972577352e-05,0.0001444658158354641,1.1849902550395369e-05,-0.0001140442351099461,0.000489283627793768,0.0004482971446888767,4.352173284189977e-05,2.6575207897862197e-05,1.534274738732317e-05,7.100961920285238e-06,3.471272203554569e-05,7.030968801055673e-06,9.05597424918373e-06,2.1424476072192177e-05,8.031741697206109e-06,1.6896126438628958e-05,-8.878349759944213e-05,6.874572927700677e-06,5.023921157248814e-05,6.466904443884428e-06,-4.5430737179894206e-05,4.521544075210003e-05,2.081899494833608e-05,-0.00021261378039158992,-0.00023740149632612014,-0.00028830658722288805,7.94136492047047e-06,6.335748050059141e-06,3.7796602771035446e-05,4.268893988769777e-05,1.9607447716641973e-05,3.385076373484557e-05,1.3572535460189758e-05,1.2746050461732198e-05,1.478326191073429e-05,6.918458406552819e-06,5.387442406815359e-05,6.118757558411013e-05,1.16869026772467e-05,2.6989434978884528e-05,0.00020850992113596439,4.662586903663524e-06,0.0001520098108470515,2.71519944910777e-05,5.590495534432535e-06,0.00014760339182614635,4.320512034268982e-06,0.0001464514361254607,0.00028618883188302925,0.018858577376059837,0.00023360149316852105,2.336371840732432e-05,2.4261206987339183e-06,2.3340678152546715e-06,1.111750820083763e-05,0.00019322188858398107,0.0003001994778357282,0.00010543557330126055,9.970883430689278e-05,3.1726795806520245e-06,5.6618627508954804e-05,4.330813514231863e-05,1.9230151008024116e-05,1.9465598359588394e-06,3.505432393073279e-06,3.5610530959671887e-06,2.3502068756032905e-07,8.643870567657725e-06,6.876029500670732e-06,1
1.0374446493273971e-05,1.0301863909173213e-05,2.14275155997836e-05,1.0316092000927138e-05,-0.0006009584024748824,0.00032939122605778415,0.00031708039808749414,0.00011793375789780326,8.685418009333733e-06,2.7182177117052194e-05,8.532812625950392e-06,8.45534228965161e-06,7.283410673405245e-05,0.00018996205365073352,2.7881242828890187e-05,2.166400997263936e-05,2.166400997263936e-05,4.248545317482791e-05,5.7241140391822384e-05,6.381857637451369e-05,1.8600889228685486e-05,1.9023727266504618e-05,3.661643702806526e-05,6.070254338034763e-05,5.044076492203247e-05,3.5452188117810987e-05,5.9286669526328294e-05,1.949820457186064e-05,1.949820457186064e-05,1.949820457186064e-05,4.531595471513415e-05,7.52975937707484e-06,7.376763917384164e-06,9.358679136540635e-06,4.561122084642302e-05,7.837347319394105e-05,5.325449949328959e-05,2.2145985209153797e-05,4.18766628989806e-05,9.702742598427291e-06,1.4086143262424813e-05,1.735139687675993e-05,0.00011063035626884325,0.00011161513911224098,4.5887976983514735e-05,4.416233818932693e-05,6.592880944615823e-06,9.43971211985894e-06,6.544632315208253e-06,6.93205959932761e-06,-4.618142601126939e-05,1.4189365305349785e-05,2.0812319886345677e-05,1.306469389072971e-05,6.087139551430357e-06,6.655371564460237e-06,1.3591896393845028e-05,1.5166593770303194e-05,5.687159353328893e-05,8.4502146419483e-05,1.825509150085151e-05,1.189983729079529e-05,1.3121365127404379e-05,4.278096040895287e-06,5.861171061491469e-06,1.0813051930172764e-05,6.99303112584388e-06,3.7141278415219724e-06,7.759289416989562e-06,-2.6184964795159693e-05,4.967191902682698e-05,-1.5943463922652328e-05,7.674257127102489e-05,-7.908279042024272e-06,2.791052434586963e-06,1.122897340669992e-06,8.284651197380889e-07,3.8403079213454795e-07,1
-6.127457499321615e-05,9.458670765680048e-06,-0.0005116823837228194,0.00022199858332892764,0.0004952815847309105,0.000149611611391824,0.00014957323502444702,0.00014931482352076986,0.00014919521186077553,0.00014859715356080365,-0.0003262220901537515,0.00014823831858082055,0.00021085044803084707,8.780700347360826e-05,-0.0003784437138588278,8.372917913989708e-06,0.00021639065994000283,7.542949924736159e-05,8.91532372957667e-06,9.024594249883214e-06,8.325072627272956e-06,0.00015275205309546764,8.140579396920163e-06,0.0002400522471196376,8.030101270623434e-06,0.00016687145639202456,0.00020095855289362292,1.4131117166526583e-05,4.758705728305899e-05,0.0004387069872686443,0.0004225135839903872,7.915771109560363e-06,4.805630291039765e-05,-4.9652000008047347e-05,0.0006402388917226563,6.36171807590529e-05,0.0003636549751373054,7.48449913973686e-06,1.2930763686634257e-05,1.826630285007084e-05,7.027301566367329e-06,6.97878447683668e-06,0.000325191036201186,6.908087598001384e-06,0.0003210499863117955,2.2333533967095953e-05,0.0002754867077977317,-0.0001111300815936485,0.00024249547432003444,0.00027913869605089434,0.00015667247529205155,0.00015881538569930185,0.00015602467667109337,0.00015584824403093518,0.00015431963623241914,6.153568601168411e-06,0.00015109494910646839,0.001437462396983897,0.00016486201156466155,0.00018034650254992676,0.0002245650705342213,1.2649475299709247e-05,8.926785866440913e-06,0.003584085479652745,3.784660130902336e-05,5.024240512950752e-05,6.47357940011055e-05,3.6861093318131104e-06,6.972942703116305e-06,3.1211486826049605e-06,1.6302064313412557e-05,4.000082709484984e-06,-2.819194404581257e-05,1.4984303977675319e-06,1.3591972702105227e-06,2.592987097173479e-06,5.055655850749401e-07,-4.247430445133021e-06,-1
5.772128849859162e-05,3.81336167706952e-05,3.869064706714957e-05,1.196567425183216e-05,0.00045905249021698647,-6.716057364662624e-05,2.1864787112018514e-05,0.00041510675334638955,0.00013386201991602085,1.1449833579888285e-05,0.00015730647107329015,9.818555596282582e-06,0.00034018010463608597,-0.0003381500562483061,-0.004774341963211969,3.4680881062447426e-05,2.069077491000245e-05,8.759318333314807e-06,-8.811580674552617e-05,1.2731835976637999e-05,1.4474859086815118e-05,1.864503931920106e-05,0.0008339815529461881,0.0008006237277917463,0.0010291475830695922,1.8667621385996805e-05,5.775180028053009e-05,1.757663467715454e-05,3.371905969511048e-05,3.0708693906625e-05,0.0002534944211580625,0.00018326587822471162,1.0797444620846493e-05,7.445669925800168e-06,7.731649381340743e-06,0.00018035938184333836,0.00017613994339652584,0.001120916807328758,0.0003292010244434481,0.00021762797287317728,0.00021442091420921527,0.0003223893018808695,9.90051502612603e-05,6.573527671393023e-06,2.1209404532619052e-05,1.06914812475312e-05,1.406948864468024e-05,7.586442741460865e-06,6.349760356749245e-06,1.0718192726466242e-05,0.00016695422306531362,0.0001222517648237409,0.00012173157456863402,-4.900179536395778e-05,8.511769122648136e-05,3.0309541649450526e-05,1.676953565484985e-05,4.563167996249179e-05,4.5338313586454294e-05,0.00013384647097413878,0.001090974366359172,9.826160713081446e-06,5.606738462321803e-06,-4.222042213676136e-05,1.2437973700217375e-05,4.3828477437815165e-06,0.0003341529953849831,2.0275712795907173e-05,3.789037310667415e-05,3.2976525297359434e-05,1.563715029393607e-05,3.0573312072236705e-05,1.6860282002767144e-05,8.096329760146019e-07,-3.3605415671417607e-06,1.3548698099606517e-05,5.6071403962575815e-06,5.2480838483414115e-06,-1
1.0152875805910244e-05,-0.0005670192951602037,6.0281229598834825e-05,6.15042184141717e-05,9.93601269325565e-06,1.0036592560651685e-05,1.120707490997105e-05,5.2068446907195804e-05,0.00014730733138577793,1.0011829590896034e-05,-5.825764908917063e-05,-0.0001179586914924844,-5.540639410285652e-05,8.800878868328373e-06,2.029238094308811e-05,0.0004341468557670139,2.0870710523937295e-05,0.00023230110137278188,7.859988458330022e-06,7.859988458330022e-06,9.722299238259701e-06,7.483448830799422e-06,0.00020384954310573557,0.00019820816189944896,1.5420517429757808e-05,2.3315943488335866e-05,0.00019886368390389749,1.5513106315712766e-05,7.97966120421942e-06,0.00019386472365032494,7.283988456274511e-06,0.00019227989620430563,2.2631470449543082e-05,7.027460506172941e-06,0.00019041987020562728,0.00019240185870720913,7.017609424703657e-06,0.00019157709453785548,0.0001913501107246968,1.3685066268370023e-05,1.0157979245601144e-05,0.0007097434701279882,1.7929536622290207e-05,1.2796517185707639e-05,6.502885673076665e-05,2.6419583531194247e-05,1.6872005044608916e-05,1.5922795175852513e-05,1.3612459054618805e-05,5.570704162988391e-06,5.306640516279699e-06,1.1333397518977216e-05,1.3542674383387223e-05,3.405697928132985e-05,3.395636284310845e-05,4.7551985009667855e-06,1.2991724030917421e-05,4.2888022497472765e-06,4.283612810600406e-05,3.688242265195605e-06,3.3601762294623293e-06,2.396672049245925e-06,6.040959464259371e-05,1.8720258699138782e-06,4.071388895843112e-06,4.143996289817393e-06,2.196734374690961e-05,1.3556009225663694e-06,2.0757906783844373e-06,1.1015508618605047e-06,1.3033799522395047e-06,6.005707016898976e-06,6.373204045322489e-06,5.215430222420852e-06,1.0501204649598275e-06,4.607476827273736e-06,1.8038599628764664e-05,2.0800201972651826e-06,-1
2.2086319914871353e-05,2.1346912863461775e-05,0.00011653871556507162,1.3047383811193057e-05,4.365608834793619e-05,2.8028404743027396e-05,5.32504099761288e-05,1.1517936861342809e-05,2.7506094947002833e-05,8.792410508219704e-06,4.615391847287776e-05,3.186299238908888e-05,9.76512296251906e-05,9.645258028628296e-05,9.831698151250753e-05,1.5389379675629282e-05,9.679518704206678e-05,9.6082434481266e-05,9.92476582824849e-05,0.00019175661364235973,9.666693296742817e-05,0.00010076152327233632,1.0980944752519522e-05,1.8086473464377214e-05,9.520630215661462e-06,1.1502353651790172e-05,8.402682226756474e-06,1.5567562740350133e-05,0.0001287690360708362,1.0632258625389689e-05,-6.984949866967836e-05,6.205673941872716e-05,8.657385868420785e-06,1.425065201900791e-05,1.425065201900791e-05,2.391828355503905e-05,1.1509352800075074e-05,4.595293266488071e-05,6.641477606551595e-06,6.879520415218466e-06,7.68092164928213e-05,-6.754859992335665e-05,6.575657747285297e-06,7.503976007935323e-06,9.182795251774658e-06,6.928482818232526e-05,9.16396277445505e-05,0.0001195599280610897,-4.986718908982051e-05,1.897903473065544e-05,5.856367219444963e-06,9.397263811036316e-06,1.948879537169312e-05,7.590895712416279e-06,1.4450957462603036e-05,1.12936676490793e-05,1.3210022295465486e-05,5.312133680198363e-06,1.7755959396629542e-05,7.88204472184067e-06,6.926966842500036e-06,5.465670725692227e-06,1.813758984858258e-05,8.955054240359887e-06,5.373032544215933e-05,1.1684281951265871e-05,4.661312646977848e-06,3.7020416916549605e-05,1.2615330782279782e-05,6.751106428736574e-06,2.747753043058496e-06,4.747502691684105e-06,2.0764700473073225e-05,1.3073260830737066e-05,1.1096332109037606e-06,1.7353783176401205e-05,4.167100209723499e-06,1.161379176677207e-06,1
1.0125687393743597e-05,1.0905587154097496e-05,0.0003753714957225436,1.302003687680545e-05,1.8790369861580705e-05,1.3591368024271239e-05,9.724239684763963e-06,1.2436920381490183e-05,3.3216674824523615e-05,1.794139785072414e-05,9.636108270957745e-06,1.420886621418979e-05,7.568355008263306e-05,1.1660490789867104e-05,8.523348592079784e-06,1.268395819943078e-05,8.847815704081222e-06,2.777460116225581e-05,2.5922293351863956e-05,1.1047775994234803e-05,1.1018140872019896e-05,7.689917970621187e-06,7.6164761756300565e-06,7.5966836046670646e-06,1.5034804942305251e-05,1.637273138415579e-05,0.0013802943833765356,7.402918719129267e-06,-6.782848106566407e-05,1.3398277361714858e-05,7.513807123723431e-06,-4.560638197917761e-05,8.14497189678078e-05,2.1106441118743852e-05,2.3714873663896176e-05,1.2838075595651688e-05,1.4202542660258293e-05,-5.811876804916105e-05,7.387402618730069e-06,-3.7504870520290196e-05,1.215681143118318e-05,8.512888485161448e-06,6.03707563235621e-06,6.9891509445021625e-06,-4.7353930306499756e-05,8.68777033909393e-05,2.2102194557883895e-05,2.2104845664190144e-05,6.770962833450542e-05,1.768300560792661e-05,1.3937622393146973e-05,2.6307552494525686e-05,6.7226035772016425e-06,2.8308483786743838e-05,1.2851143550204434e-05,2.8761738958312846e-05,1.7147486132564434e-05,1.4408980892301516e-05,5.813517261631083e-06,5.805480659483345e-06,5.230471668186716e-06,9.563502123255684e-06,2.8286111536640675e-05,4.71100704551175e-06,4.810359736097772e-06,8.099406731719754e-06,4.0903868357137414e-05,3.3059946652170613e-06,-0.00010287424649545845,-1.7047041476525347e-05,-8.810207311155178e-05,-0.00017129265779437022,-8.870361971222424e-05,-8.421333018995398e-05,1.4553953411752905e-06,2.320960625439079e-06,5.419268492408444e-07,2.240136010409037e-06,-1
0.0005664148587248661,0.005800876013329138,0.00010986907561670054,6.23613370146823e-05,9.526307260499726e-06,9.518815582876773e-06,-6.077192687362048e-05,9.38379384228046e-06,4.6660108616444225e-05,-6.167481239087386e-05,9.649550553976587e-05,8.938966557752682e-06,8.669115484308754e-06,0.005563440331250486,8.35784138490017e-06,8.354028152100592e-06,0.00016740502733483345,6.0018264129586916e-05,0.00040552921059034634,0.00023077679709408591,0.00012578454022694682,1.0204891663664976e-05,8.23891907521218e-06,6.787632563942063e-05,0.0002183613717088646,0.003800230166576235,8.568196206458182e-05,7.984596507764423e-06,0.0037491765717224588,0.0001119317039948094,0.0019093484623121514,3.8922601814784785e-05,0.0035722776253807784,0.006088125986535542,0.00359697592849155,0.0002157285470194523,9.34325868174056e-06,7.613763347998288e-06,7.870717729637573e-06,7.863245718426176e-06,8.705075631283189e-06,4.5359311056652614e-05,7.322705502883397e-06,2.9489031650017827e-05,0.006955600337423933,3.9506439314874176e-05,-0.001417950569020515,-4.1009243467543204e-05,6.833247516264722e-06,6.120851679953519e-05,-0.039627141182167695,6.836729433103663e-06,0.0005693584386991101,-6.68924408830119e-05,2.539036812708173e-05,3.19237751217479e-05,3.19237751217479e-05,6.218055390307482e-06,0.00017815096758990563,0.0019022539690019048,0.01724817051907181,3.8902806109637145e-05,6.988370915963799e-06,5.725555054290459e-06,2.824603163359576e-05,0.00010209802606265812,0.00010614619463436271,8.699631218559146e-05,0.0001294735303516555,0.00013289800263747772,3.098917353319315e-05,1.6859654788436978e-05,1.642860717878984e-05,1.077287292813363e-05,5.12366543989492e-06,3.7949308762278528e-06,1.7468976394588625e-06,2.0842598266875323e-06,-1
9.990525484564507e-06,7.629625630869481e-05,2.7529819804545928e-05,1.0624196301638971e-05,1.9872299900079538e-05,4.348035459259315e-05,0.00015354612444206108,9.057958538734254e-06,0.0005753329885273478,0.0005685243881879706,0.0005650961125607086,8.351225955939557e-06,2.6304216789606253e-05,3.4459341680609834e-05,1.1852551919693405e-05,4.983563642197829e-05,5.465397179009616e-05,1.675168175102353e-05,8.046080173655704e-06,7.921190093077061e-06,7.891804191764441e-06,4.624667960822305e-05,-0.0001818774629545333,7.082566949080446e-06,4.492885450589517e-05,0.00010118046512953237,0.0006628403579396203,0.00011942799863503527,7.538816999202221e-05,9.427454254834841e-06,6.79285477047969e-05,-0.00012193813748042124,0.0010082141664484931,6.813116094918253e-06,6.62124128474738e-06,1.9508721957313885e-05,1.9508721957313885e-05,0.0002943703101219544,6.819218793853745e-06,2.5908532170788417e-05,0.0010115489505035324,0.000990263135797921,0.0017202276904960136,4.0554098544082526e-05,8.756072999614666e-06,1.798758217020611e-05,6.199946043191929e-06,1.8944490589543555e-05,7.389919101080213e-06,5.954993456217557e-06,-0.00012979870652873852,-0.00030292319374907253,5.850991307880759e-06,3.463304644897887e-05,5.6964435227082605e-06,1.031237780487814e-05,4.3341583770907935e-06,3.807118443201554e-06,9.917728225578702e-06,4.92995626386674e-05,-0.0001279096838470719,6.139289260306877e-05,7.722877795441745e-05,7.520668784487605e-05,2.156184154819684e-06,1.0897283939492387e-05,-9.588571416135673e-06,2.7466564594079633e-05,-6.940227143166217e-06,0.00022264661632558585,3.191861767239498e-06,2.151533305933777e-06,7.101215508139325e-06,5.633905401716313e-06,1.3899048469465763e-05,-1.3882046717695883e-06,-1.3026714202742345e-06,-1.217138168778881e-06,-1
6.751368677761563e-05,0.00011181288639424402,1.6361558103324814e-05,1.895209603948994e-05,-5.764845949871714e-05,8.839543375274388e-06,8.471326649079908e-06,1.6497250296960246e-05,2.7765538803964325e-05,1.1757768157194633e-05,8.385271437526781e-06,0.00010149080250042037,-5.036059291659755e-05,3.263212917589094e-05,4.6995682828302235e-05,9.426865616622015e-05,8.229910866907437e-06,8.324906795913703e-06,1.0563246559085933e-05,1.0211769219218442e-05,0.0008610873144338483,7.93159430938805e-06,8.533551132604919e-06,1.0377269858184478e-05,-4.2416664696324446e-05,-8.442185781936617e-05,8.442185781936617e-05,9.715661613455844e-06,1.1868678099444114e-05,1.4375189644047926e-05,7.953036493013667e-06,4.0421856877594614e-05,-6.713678908860617e-05,6.969111755566274e-06,7.96504617165183e-06,6.6002892340881785e-06,3.987400374950926e-05,6.731537233305274e-06,6.0301666483224564e-05,9.817344698374086e-05,2.159977917109354e-05,1.8385994261045478e-05,0.0001867502511820146,6.6841385453215105e-06,-4.593620613039728e-05,6.467567378213003e-06,5.150808193069332e-05,-5.125627798063507e-05,1.0171082697385365e-05,7.3466254710170794e-06,1.4224281058863669e-05,1.1779713403906984e-05,-4.798845798443165e-05,1.8529007878205634e-05,2.7380616925047684e-05,8.452157510421138e-06,8.670578542778551e-06,6.2065366062143855e-06,8.451747280641984e-06,1.191495906319428e-05,8.350965202541247e-06,7.02359886812257e-06,5.7648632680832394e-06,1.0068733032055809e-05,1.1001979105284657e-05,5.303873490364305e-05,5.4832075385406835e-06,5.3051098261651554e-06,5.149195241597269e-06,5.2934967709298475e-06,9.067235173089813e-06,3.7086110917612216e-05,3.5853625865775435e-06,3.163536308238094e-06,3.0230096420938993e-06,3.4683859591402184e-06,5.540220630344965e-06,9.233701050574943e-07,1
0.00013283540470291537,-0.0007536051949198237,0.00013700875554022228,2.9977499334191004e-05,2.9977499334191004e-05,7.871938350077465e-05,2.1747128780205575e-05,9.578743598321375e-05,0.00018238704089843912,4.1978284063172395e-05,-0.00013751568290260233,3.98540001325339e-05,-8.679481300175501e-05,-0.00019360902609822002,8.889518967414738e-06,1.7992203616318566e-05,2.4902960155933506e-05,0.0001241529334275019,0.00017831823929173406,9.348197185200479e-06,3.5744184901233195e-05,3.5744184901233195e-05,3.782271805559387e-05,-0.0001093462193616217,-9.910712169930794e-05,2.368733649244015e-05,7.915823243944416e-06,1.910821573614154e-05,1.6225077116916725e-05,7.886806405902242e-06,7.467617308538086e-06,3.157605276609608e-05,3.157605276609608e-05,2.1183566163452746e-05,2.1183566163452746e-05,2.1183566163452746e-05,8.167764125120308e-06,8.090883647235743e-06,7.343793537380067e-06,1.5480397071752917e-05,5.7088467487951846e-05,6.953998530236197e-06,7.621464311144961e-06,6.985760716007688e-06,0.00012255399188641642,0.00011893125088436687,5.2621082499661037e-05,5.6186208576788674e-05,2.6517145249319588e-05,2.6517145249319588e-05,7.133519554743422e-05,4.510490873503185e-05,6.491490660318216e-05,5.502630043124686e-06,5.475823851268845e-06,2.3879826215076708e-05,5.64280280555703e-06,2.1242575178529077e-05,6.553339793224268e-06,8.222163122451068e-06,3.281955582934821e-05,0.000583234529403934,-7.46991944785323e-05,5.340488730933575e-06,6.224370505903416e-06,1.0459307421944991e-05,0.00010785052057169599,3.230975083087697e-06,8.339817221197961e-05,2.108202326735045e-06,1.4019456006225634e-05,1.281709371617835e-06,1.0852100074744819e-05,8.525710396054433e-06,9.225548824921174e-06,0.0007357042766936569,3.869654622779856e-06,3.869654622779856e-06,1
0.0061625098981326915,1.0277896409583293e-05,0.000377100196721499,1.1354755963086148e-05,5.810998813762832e-05,9.539556754475843e-06,9.010493343275088e-06,-5.2274537835744536e-05,-0.0030196680366878373,7.647253277648716e-05,0.00022924388995404434,8.191483966186317e-06,-0.002869680744526091,5.324898091403598e-05,8.089792345743304e-06,4.8736383466677874e-05,-4.942610494598321e-05,-0.002198821546420963,-0.002874470451154807,-0.0018540977958308392,8.002729949965295e-06,-0.0007181367723647498,5.0173796595257506e-05,4.8962888395340884e-05,0.00010996371463659479,0.019969863039871492,8.999451046816372e-06,-0.0005669075185283166,1.5973096741183414e-05,7.78280879846874e-06,4.783579630829955e-05,7.2981126578497385e-06,7.2861196128447095e-06,5.3638448180981155e-05,7.224254273898632e-06,4.451502259800633e-05,0.0005649628694002171,7.032213841722411e-06,4.2141603242177756e-05,7.1084758140926395e-06,0.0003807100579007473,0.0002613589499389134,6.306571070673043e-05,6.306571070673043e-05,7.436260370948596e-06,0.0003720380897834542,6.831818688495817e-06,7.074481039074689e-06,6.721293842393323e-06,0.00026371248735524355,0.00022831106597766087,8.01063139109043e-06,7.644827684761019e-06,0.008261481704235905,7.297596436684872e-05,4.059073370902903e-05,3.912749171837248e-05,6.695659776103231e-06,8.634386245367903e-06,5.984648627215194e-06,6.968845868722388e-06,6.360954888310243e-05,5.691010011484113e-06,5.35246841913259e-06,0.0002979314410928907,6.0249884644323276e-05,6.296087061136364e-06,5.044072471557769e-06,3.1614795141206113e-06,1.8550158260551654e-05,8.244395267471214e-06,1.0990222125236553e-05,5.538052486478489e-06,0.004069225062216097,4.9616793125329526e-05,6.650017972496258e-07,6.863317426082287e-07,0.001639622786030896,1
2.286612701493639e-05,9.376073452698291e-06,1.2329394971400841e-05,1.0550828676655364e-05,1.0550828676655364e-05,1.7234820481648715e-05,1.7234820481648715e-05,1.0573575778028805e-05,0.00024145439867975612,0.0001756742296659755,0.0002023766319020502,1.563979357073139e-05,2.0632742799350665e-05,2.0632742799350665e-05,1.0266904042785083e-05,1.1305607955436317e-05,1.0927496261998808e-05,1.6299224659349745e-05,8.135153453649734e-06,1.1094058159254606e-05,9.219658270359876e-05,-0.00017460961199122592,7.621934460650334e-06,7.603072874790771e-06,9.442475027190428e-06,1.0636957649290454e-05,7.4839401434908286e-06,1.6556060031319185e-05,7.2821475920993984e-06,7.244561524808314e-06,1.4334534759761502e-05,1.2257304732697978e-05,-5.853939109590741e-05,1.7224114592696463e-05,1.9074448112972687e-05,6.776871946126243e-06,6.6729270904426856e-06,2.1286352923669902e-05,2.526322399919986e-05,6.8236708479066965e-06,7.547032602344944e-06,9.019502217561498e-06,1.2230135329926942e-05,1.2257470012893405e-05,2.7610679256322208e-05,8.22257680087461e-06,8.16030418394448e-06,-4.890437840050642e-05,6.1115572602666295e-06,8.412614522709329e-06,5.8011836600548395e-06,6.790351193228574e-06,-6.827548803497023e-05,4.060283336436257e-05,8.203366448648284e-06,4.014899144189909e-05,9.924026384864395e-06,1.849798249148686e-05,2.0814331108777096e-05,2.0491536706045953e-05,1.749765771579827e-05,5.605006623035743e-06,5.261844720461864e-06,4.719059079447848e-06,1.7954738051769966e-05,4.2266973791120816e-06,3.842007066599811e-06,3.736363636363637e-06,3.492515337036624e-06,4.484664631143504e-06,6.328675010633938e-06,4.666641709223547e-06,2.448992119428928e-06,1.1454613968614367e-05,1.7915218506358092e-06,-1.0635440793915565e-05,4.363614339247848e-07,4.632401000798621e-06,1
7.413373393683054e-05,0.00024075264667834667,1.0343134934068143e-05,0.00034013886026824507,8.601479652158886e-05,0.0010485528253700912,9.848761957911477e-06,0.0011270349115062755,0.00021693361536589525,0.0003071184851907484,0.001148187396226044,9.312829881955275e-06,4.033479564099724e-05,-5.242200242714024e-05,5.304855783072309e-05,0.014393040506907488,6.003420470958854e-05,8.748096445222509e-06,-0.0002959443569626582,8.793454058487204e-06,0.0005753249219528308,8.429753549110904e-06,8.228976206523447e-05,8.485388268149378e-06,0.0004607095325802466,8.125746830857676e-06,0.00016051928857812602,0.00015979117314691982,0.00016028151026216175,0.0004904508400120098,0.00044054853187000526,-4.568642082597337e-05,8.064886871711655e-06,0.0004232552931948636,0.0004445120676120735,0.00025270533903657007,-0.00025270533903657007,7.1157544944514194e-06,3.068902750802262e-05,3.9855459572540306e-05,0.000138269069630137,6.741073748206845e-06,1.3887546633405005e-05,6.400180247745274e-06,7.273372555424838e-06,7.611199904808435e-06,7.611199904808435e-06,2.8753421862609645e-05,6.25030860676039e-06,6.524991114018327e-06,-3.745932890201888e-05,6.185732552632701e-06,-0.0012476104516780102,-0.00669387775954043,0.00020482169188224575,0.00012197985671535605,5.2922730342395284e-05,2.6785556123106457e-05,-6.038632634544034e-05,0.00013452555314742153,2.162978015176764e-05,6.2676542060912155e-06,8.504422987661871e-06,2.281419091959951e-05,0.0002527212449034146,2.5138790756497217e-05,6.197603031450704e-06,5.115612415587635e-06,6.195621859110273e-05,4.868649048666688e-06,4.406644670395003e-06,3.5458317769432687e-06,3.0906332438393653e-06,2.8389383831618985e-06,1.67447874475987e-05,1.6307192914715227e-05,-9.457395747690469e-07,1.0834557229124224e-07,1
1.1131132936633665e-05,3.909477249172837e-05,2.9451130202578065e-05,4.459179886228049e-05,0.004150047450223325,1.9791706698910763e-05,0.00020686007365728568,-0.0001671998742464,-0.00010836749360289815,1.082958364999412e-05,8.844454851760786e-06,6.115188255835962e-05,0.00013591031155551914,8.603853597968263e-06,1.3129735457632955e-05,0.00010654475034587308,2.3979377080380913e-05,1.749081284357958e-05,1.791587266742691e-05,1.5454405406480103e-05,1.5454405406480103e-05,2.7096278174948557e-05,1.5409321883328623e-05,1.7548957685353165e-05,1.5613941910482066e-05,1.1597069794904532e-05,-0.0005922030671265353,8.780079439275353e-05,7.632964545042906e-06,1.0947705245030988e-05,9.893556512843128e-06,-0.0001258671361238031,7.544360700984981e-06,1.4944784893117724e-05,1.079262005168128e-05,1.278146078047329e-05,1.2700223911663815e-05,6.882503804475622e-06,1.3617245040323023e-05,8.77155945755314e-06,9.809622544614911e-06,3.877696983990498e-05,1.6258941822122457e-05,2.2950702767116408e-05,1.0008618913217857e-05,2.2849044968350537e-05,8.855074533834438e-06,-0.00019749587703075467,-3.721162259433974e-05,1.194668626647438e-05,6.195207384196107e-06,8.882472190853398e-06,1.1999129099924766e-05,8.582778059642597e-06,6.0398497914643325e-06,9.654973816168319e-05,2.7691698843932643e-05,6.8070115237248355e-06,6.397345732572919e-05,0.002472806968742755,3.371026450802611e-05,3.677860088636086e-05,0.0032340532923640234,2.2478386137788388e-05,7.112199687491418e-06,7.755071111765767e-06,7.450298877447198e-06,3.252075880674051e-05,3.875469843472004e-06,-0.00016794670772874216,1.3115576022099735e-05,6.450330401904054e-06,2.791407327413802e-06,3.1477175671122592e-06,1.0375525287806853e-06,1.1793443297938961e-05,2.65684799243523e-06,2.6012569623315592e-05,1
1.4827208420055464e-05,1.0696064435126574e-05,3.727845455093172e-05,0.0013360994903515505,-0.00029267896219415047,1.3536753512970754e-05,9.904959567209295e-06,2.056358661603377e-05,2.044901028720784e-05,8.430125119022314e-06,4.155075260426171e-05,1.577549181633663e-05,1.0320309682733709e-05,4.514838107031036e-05,0.0002033734909958944,1.9160297887906307e-05,1.2780270850121705e-05,1.8845177606047338e-05,0.0006904826714801446,2.1648661699469503e-05,-0.0006399772214996553,-0.0004287636170443235,9.423459567834113e-06,-0.00010271189780160393,6.616856300160173e-06,7.284157019954037e-06,8.707515828454122e-06,-0.00015337724862639118,0.0001714313524365799,0.0004397996046925766,1.651426182431817e-05,2.9065371881444767e-05,3.5482787366918684e-05,6.221716438032426e-05,0.00028156696269416676,6.082127682238423e-06,0.0002553188847218815,0.0001918674839670212,-0.0002030660415603155,0.00017888467131200732,3.510931688808398e-05,1.0498462940770377e-05,1.6320927378769565e-05,1.1115721291569869e-05,0.0005575029686518056,1.592396894748862e-05,6.562416667328335e-05,0.0002603630671170579,5.30303714651014e-06,-6.426118888602527e-05,-0.00011580225673674805,0.00016587732009963583,0.00013401104412744035,0.00011472619606743543,3.4364548235746424e-05,-2.809311543956782e-05,3.749342220332736e-06,4.158390255986796e-06,3.785185663174426e-06,3.2311491989217127e-06,-3.2836244433404265e-05,2.3954026846375045e-06,7.243654621289122e-05,5.8910627037257725e-05,1.0390980902863741e-05,2.9205981950877136e-05,4.4412073785136456e-05,2.1709056815393785e-05,3.61495681952335e-06,6.0727730005506925e-06,2.5271991512136777e-06,4.817977894819952e-06,4.7075160401431486e-06,2.2118070836511605e-06,5.708101677841846e-06,1.460285871474799e-05,2.4338097857913318e-06,-4.049825180401547e-06,1
0.00010355104637687153,0.0001970023995095753,0.0001001453096188771,-5.401197901613862e-05,1.060496936324396e-05,9.047043568557452e-05,0.00010192834129140367,8.649626566968729e-06,0.0007875091308206595,0.000634803294356659,-5.32201961090821e-05,0.0006232991975674784,0.00062141032702649,8.353235274722549e-06,-8.256583576179642e-05,-0.0013106008802989423,5.0050050201525124e-05,8.798717615859156e-06,0.00022674573714850013,0.00016800650785114498,1.2043654636232043e-05,8.612640749390883e-06,0.00021669342769274787,0.0001446413530692111,2.7285215386793887e-05,0.00016173809125202693,4.585886875242243e-05,0.0001071224831540997,8.648491035033088e-05,0.00010652389355896243,6.914345991561182e-06,8.20183051875636e-06,7.311425948314467e-06,9.612256633947189e-06,8.139366938074644e-05,6.824218794652833e-06,6.667502190092342e-06,1.196826850929766e-05,6.750456287410866e-05,6.766647996952924e-05,6.3753303508307e-06,0.00019992406662413232,6.3651979578471945e-06,9.121524212715365e-06,7.5668182016814105e-06,0.00013290181878909327,5.932219157367125e-06,6.628667475407332e-06,5.761636234207592e-06,6.034490142349974e-06,0.0005701741127246213,5.865309696639048e-05,5.385125792663741e-06,3.2855865368504797e-05,0.0003017179291579192,5.331628138688777e-06,-3.298430309026344e-05,0.00022002228112879258,0.00024244874908255738,5.2994102002386255e-06,0.00021721014986495168,4.390113905359905e-06,9.418898079220573e-05,2.7492395649643094e-05,3.712915228231684e-05,3.6543288315918326e-05,4.078260676712418e-05,3.301996505974854e-05,3.2228718316754627e-06,3.2527093449175398e-06,2.957955810743672e-06,3.50965170483026e-05,1.8672996022316484e-06,1.0279146142726553e-06,9.804290306220742e-07,5.460690966621194e-05,7.76724405993277e-07,8.588746890433602e-07,-1
-5.205544134584048e-05,8.767425189408246e-06,7.612520019858107e-05,2.8089616707344004e-05,9.927063058250167e-06,0.00024256573056849012,9.066218319729573e-06,2.3213956942718883e-05,8.17183376397901e-06,0.0004468966646999568,8.09252358975116e-06,9.972784923054002e-06,-6.646931322946743e-05,-0.00010863655393903607,3.05828875504679e-05,5.3257269108616516e-05,4.8137373808738354e-05,0.00020402106307639123,8.267744205802292e-06,7.3479436204392194e-06,7.576122430496561e-06,8.66190380704045e-06,8.75018019007427e-05,0.009958554927961239,7.004949072675777e-06,7.305448244489076e-06,2.1217002154100893e-05,7.883030937496272e-06,2.0131509525087142e-05,6.588285214570165e-06,9.952392084092689e-06,4.6508638097232214e-05,9.723290475158895e-06,2.901669617316119e-05,-3.6599193916286294e-05,6.211218483407172e-06,6.153592517633682e-06,-0.00010295600439151453,6.4054366570821935e-06,5.933148809095093e-06,6.976759407829337e-05,9.036737152607452e-06,6.9395425028382785e-06,4.910322641387534e-05,3.79273214009408e-05,0.0001367982989699496,0.00010925628235290824,0.00010925628235290824,1.4700495398174594e-05,4.169501367615188e-05,5.035296768856822e-06,1.4827057797136427e-05,2.6622179215561947e-05,-2.6189807716215285e-05,3.6882160462554614e-06,-2.298197398060301e-05,8.734314986332963e-05,1.0661369358138579e-05,2.339832862065031e-06,2.247760652935448e-06,3.054575700205653e-05,3.381170166827464e-05,1.8025501991768895e-06,3.128566225234863e-05,1.7190092273255077e-06,1.7068896901774705e-06,2.9181519208435425e-05,2.9506296941499325e-05,1.6271946814621722e-06,1.3322032230157803e-06,1.1789025848384543e-06,3.325819250559596e-06,1.7406541665842775e-06,1.8246757994770126e-06,2.0160717570706e-06,4.83423767910547e-07,1.4720206794523717e-06,1.2379411565784692e-07,-1
1.0183562848919172e-05,-6.533665598542604e-05,9.890069206875245e-06,0.0018773525322874404,9.055784494671148e-05,-0.00011460214229183314,9.810496803704721e-06,0.00014535070071583644,-6.366748460368029e-05,0.0006966905819265867,9.204273717268954e-06,0.00042721269726694725,1.2251743646035567e-05,9.607147299667816e-06,9.632755184159664e-06,0.0004718507196405231,4.4166373296015413e-05,0.0010986812219998096,0.001251219391962411,0.0012095329370818363,0.0005777989290321462,0.0009446186349536414,4.881686577846454e-05,8.3118553633709e-06,0.00013979146776963645,0.00011458193035374881,5.013611347425185e-05,5.7107814401634e-05,5.592138404141589e-05,0.0001430551644250714,7.884673817510467e-05,0.0005882187851645453,6.863819130475504e-06,9.879419343870316e-06,0.00013471427803847912,7.934710562304456e-06,3.597813310110897e-05,7.027301968368295e-06,7.059415650173422e-06,5.479343636834185e-05,-0.00023032902922753417,3.838817153792236e-05,6.533485866082052e-06,0.00014571249761556737,0.00047125763816952275,0.0005133768429379694,0.00047475763685905315,0.0002062140543884151,5.962323231598431e-06,6.466022938104795e-06,5.926230295082047e-06,7.245838063851961e-05,5.872896292722863e-06,7.296154284340922e-05,8.982752923088285e-06,5.7691916310687836e-05,2.9963544027639758e-05,0.0001260659690285625,7.049947673445555e-06,5.518840679090731e-06,-4.930556989231083e-05,5.017911331618002e-06,-0.000688446036813155,0.0002839883659233479,1.6758290719503875e-05,3.103350027497452e-06,0.000142794901520821,1.5969248251990647e-06,1.1951613282541007e-06,1.0104133266704208e-05,7.718629784278977e-06,2.65793592499541e-05,-3.5723082943453636e-06,3.6243788091889363e-06,7.142768243273015e-06,1.6243403876332978e-05,2.8847193347232094e-07,4.4615392053372e-06,-1
0.00016016597253217912,0.0004504497597356331,0.0004508921459905741,0.0002178967342946538,0.0009076913476556615,1.6392229991032412e-05,9.341779603421298e-06,0.00025326415023756366,0.0002489956226324927,1.2295601527651418e-05,0.0002611730039775853,0.00020767606986228591,8.669229864016885e-06,8.522453690239842e-06,8.564112893291093e-06,0.0003055469756827241,3.513950607510841e-05,0.0002942036330166756,4.072672183815828e-05,1.2336897662048018e-05,3.1399189879438746e-05,7.839701735140112e-06,-9.485116561216026e-05,3.1928928607379796e-05,3.754555781539619e-05,3.199490698175694e-05,3.1477212941813505e-05,9.34370138409204e-05,1.0070094087117802e-05,3.9911016312895484e-05,-0.00016197812470192998,8.318884722664577e-06,5.4546960693396114e-05,3.150197740404813e-05,6.6635863694900814e-06,6.94017857775685e-06,8.034507868831323e-06,6.919717017504406e-06,-0.0004365192458026688,-7.022867418852098e-05,8.144390070648308e-06,0.00026472329992416186,2.5708028094752055e-05,6.227399746891467e-06,2.728902971526054e-05,-3.651408138691506e-05,3.457526490427421e-05,0.0005297527996236112,9.403760502001264e-05,0.00010319581075683012,9.459989851397792e-05,4.9558272038618556e-05,6.683745837541404e-06,2.9808025870507867e-05,7.304770668742874e-05,3.936253519803574e-05,5.694289566377539e-06,5.405924289970265e-06,5.775364477155136e-05,2.4929696602304517e-05,6.983084175519034e-06,2.828455909295679e-05,5.061616942543868e-06,4.937219487219527e-06,2.921884831679675e-06,2.712912720306971e-06,2.526899481216384e-06,1.30307191848421e-05,9.831817671615512e-06,4.7117532053949756e-05,8.862691899050494e-06,2.2182650691435855e-06,8.318621189301717e-05,3.40977559559929e-06,6.822814563106855e-07,1.1639951321016083e-06,6.549320475529777e-06,7.409901482791303e-07,-1
1.1039665999906964e-05,-0.00020562691433747852,-8.576593932246321e-05,-0.0003822051873329021,0.0028341364080852302,0.0012675895744436116,1.9845332186784543e-05,0.00044958934103578026,0.0008872526006134609,0.0036912666870992424,0.003850965991971675,9.10246847169119e-06,9.325147615779993e-06,-0.00013384273051372244,-0.00017084597307226966,0.00019377929151835225,2.829175038012911e-05,8.163543440764301e-05,8.258970295420697e-06,8.114163433181927e-06,0.0035824828755888372,0.0006405217921556979,7.1355534997065355e-06,7.376951629900051e-06,7.334142809356784e-06,7.806924236050845e-05,6.897015930038652e-06,0.003670006087411944,0.00013634720063318797,-4.015294265140122e-05,1.0559839132895927e-05,0.00022315229031964553,0.0006866360844082096,5.139601025110354e-06,0.00029032504228796823,8.152005678519068e-05,5.140215191074163e-06,3.592900451991809e-05,4.2915109610992034e-05,1.90660198762729e-05,2.0210488853125506e-05,9.640014445513667e-05,9.640014445513667e-05,9.640014445513667e-05,0.00029543085425902437,0.00029543085425902437,0.00029543085425902437,5.774232055463969e-06,5.642902503966524e-06,3.967098764781489e-06,0.00011901192906636711,0.00011901192906636711,0.00011901192906636711,0.00011901192906636711,2.335064850774709e-06,7.524732325868697e-05,9.525994157082575e-05,0.0005715596494249544,4.2451872456312806e-05,0.00025471123473787684,1.1340790333725105e-05,7.115970602530095e-05,2.0732827000384112e-05,0.00013398415672913116,1.4241459008899384e-05,1.3409731686541737e-05,1.3867181713838446e-05,0.0002031032028408306,0.0004263235769952925,5.190873488527657e-05,0.0003114524093116594,2.3204778115111193e-05,0.00013922866869066713,4.9113537071070785e-06,-2.9641126106182247e-06,1.435263372988379e-06,1.2483924899310462e-07,5.665767316369727e-07,-1
1.0073054104175343e-05,9.97127962833915e-06,9.550614546549869e-06,-0.000275417352979115,9.39370927294369e-06,5.6344141951630295e-05,9.287502401577549e-06,8.121987933448435e-05,1.8487173834716764e-05,8.185535999331544e-06,8.028542978372596e-06,7.933011530941727e-06,8.555176665214888e-05,-0.000881145260772679,9.845682745196397e-06,7.545731036479506e-06,-4.7014322834077275e-05,7.254909600463248e-06,1.8234560984249354e-05,6.7675193864411346e-06,6.714156400838376e-06,6.781263180057374e-06,9.131710407665586e-05,0.00019618434682549366,6.563217130495034e-06,6.454180690493585e-06,6.400021863400409e-06,-4.015903576286188e-05,6.244128107527949e-06,0.00014007612778196122,1.1490224157605435e-05,2.8187248254087527e-05,0.00013589921940730478,3.588115885277481e-05,5.618952970561622e-06,-5.5064657376664544e-05,-5.456430921406818e-05,-0.00022781449578104855,-5.351404629924001e-05,5.335965921941295e-06,-7.043412542791148e-05,5.134167847197052e-06,5.134276019433625e-06,-9.724468375658754e-05,5.2973138137790155e-06,6.150162261864756e-06,4.9307664190740575e-06,9.308388804753372e-05,4.3332579481876136e-06,6.08645644244088e-05,9.39618116562675e-05,4.331492079961738e-06,5.462864992955636e-05,1.291674673489918e-05,3.971983210912907e-06,3.881906584416636e-06,5.382408395327604e-06,3.670040263669294e-06,3.7449818555213984e-06,3.565957674716103e-06,-4.969791942932688e-05,4.067789175215414e-05,3.355258063020549e-06,7.216636108465922e-06,8.336644540173618e-06,3.1458525087848327e-06,3.092544156033866e-06,6.646802121352233e-05,1.7897084989202384e-05,3.026364913582195e-06,2.980826710415139e-06,4.273638745077428e-06,2.5888803584662412e-06,2.6246340770694555e-06,2.515694759887928e-06,2.4165557352933334e-06,1.514127069733259e-06,2.575798212558885e-07,-1
1.0372465032257273e-05,0.0010204722845904566,2.8261671065754017e-05,-0.0011275225084160453,0.0001830829767532943,-0.0011336336959668401,-0.004474642839008743,6.429456491742349e-05,-6.407079274301192e-05,3.0000691921945877e-05,5.04525364152637e-05,1.3399196464992261e-05,1.9999989230967933e-05,1.2013720025263636e-05,4.383841648853475e-05,4.347321623165873e-05,4.897838122536906e-05,1.0924079789435962e-05,0.00027833556714227915,2.45706000480397e-05,1.9673615302889758e-05,8.819939571559264e-06,1.219158183358582e-05,8.334214130936652e-06,8.194505608301954e-06,2.3607776417111138e-05,8.332386884342889e-06,8.657641015104988e-06,8.02478267314726e-06,8.516770271616133e-06,7.727885295329775e-06,1.7670476398229847e-05,-4.5472030698821965e-05,2.2066872143625346e-05,1.3559411155829078e-05,1.4469100007714317e-05,7.033738282791176e-06,7.088284969692642e-06,0.00018095966960225197,0.0005071006269267921,0.00018204933342587298,0.0001803224269119583,2.0930877739937676e-05,0.00018126655520413128,0.00019191520923811828,4.9657378321133246e-05,6.914066369278192e-06,1.0628595918941345e-05,7.725490788013516e-06,1.5700175836269284e-05,6.708145869769347e-06,6.4933068123675215e-06,1.4715025555289e-05,8.971670307734914e-06,6.59942250647567e-06,-3.690663857059026e-05,8.652053751393815e-06,-4.620795376198605e-05,0.00017208040425273797,5.729427055579651e-06,5.797141817068295e-06,5.788135344446545e-06,6.423941317287482e-06,0.0005726544293050533,3.35720427224207e-05,1.1173956970431639e-05,5.646253325813375e-06,9.86394227624202e-06,9.341605234519793e-06,-8.36421517914003e-05,-0.00019514411384085836,2.702874937928132e-06,2.2370398052007703e-06,6.953429102772473e-05,1.8956082779161442e-06,1.5920061537684606e-06,2.5207900224022044e-06,7.020412516525396e-07,-1
0.00012108648648648652,1.0410883902242647e-05,9.933836248482097e-06,-0.00016555809707422816,7.335689671494016e-05,9.422628953058348e-06,2.931497482775794e-05,0.00010675717219913999,9.5074981389489e-06,1.22942228379297e-05,3.664331977834307e-05,-5.9099173995177835e-05,8.670160140782859e-06,0.00013446214673858823,0.00013448760996780635,8.50627679992234e-06,9.464274662370983e-06,8.653575557180905e-06,8.302966878303532e-06,-5.1645175568323366e-05,-5.150691883454246e-05,9.578895564135283e-06,5.058201689883529e-05,8.357835453743175e-06,8.397271353403163e-06,6.925860816647782e-05,0.000139530641701167,0.00011810686302822869,0.00011579203094214757,0.00016825725112137386,4.539293400437853e-05,0.0005682053258802261,4.929599645687427e-05,3.953209378576487e-05,7.801923586859124e-06,2.0273891846665594e-05,8.739328454159904e-06,2.8316146827207373e-05,7.414011178415809e-06,1.22364016070929e-05,6.990358842785899e-06,7.976070804648771e-06,6.776358385775467e-06,7.785601696631922e-06,6.671749876283052e-06,2.1114759194396007e-05,2.5532773269099037e-05,7.604600889000959e-06,5.898301253639705e-06,6.154148517013328e-06,5.669778257937231e-06,4.138280370465808e-05,-3.2729662905483725e-05,2.7318723089651373e-05,5.6743800267574215e-06,-2.8480159243834084e-05,1.4016413066906562e-05,1.7562521376734536e-05,1.9275078834137675e-05,0.000106997882706425,3.790253926676339e-06,3.1660478827361984e-06,2.8977272380241986e-06,2.7565587469739427e-06,2.7185942372515246e-06,3.671900333452209e-06,2.275113361655996e-06,2.0842227080037393e-06,1.273901999884032e-05,1.4786732916133346e-05,2.7852757620464362e-06,-0.0001465214839191054,4.6053880159332976e-06,5.894747593004902e-07,4.990797071050884e-07,0.0006091872505431548,4.169979187283464e-07,6.63587179406913e-07,1
5.0775464643132097e-05,0.0002630526982693352,6.837441040761884e-05,2.4599696935532925e-05,9.847600444141032e-05,0.00023572186546150987,-0.00013875662334769925,9.235220125786165e-06,9.602346071724257e-05,0.00010199073494228401,7.978538388162338e-05,0.00040421818938876766,4.052296271857473e-05,1.4127388428124845e-05,0.00018842863105007863,0.0003542270942169675,3.858827006685738e-05,8.984842649712579e-06,9.278593273651882e-06,8.479363626868968e-06,3.0113313174867056e-05,9.469326187052451e-06,0.00024104719129694515,7.486023436831753e-06,7.350489410496382e-06,1.2237895600573715e-05,5.362203791660415e-06,0.001392123378490872,2.1895358335926557e-05,2.1895358335926557e-05,5.905237908488596e-06,1.4881173390916735e-05,1.6989122786874326e-05,1.6593044388050715e-05,6.537816105230809e-06,0.0005703002151035661,1.5734874523932876e-05,2.6686401469381124e-05,3.346835000696171e-05,5.0688107607367705e-05,0.00015461522311293975,2.317194789642827e-05,1.1047997830519945e-05,3.85892679903748e-06,1.6120156705676767e-05,1.4730678696520347e-05,-4.088534286170785e-05,2.1988519162605182e-05,2.4824167173206354e-05,2.198006137833582e-06,-1.573001915219877e-05,1.4595403258508408e-05,5.667399781069222e-06,0.0003415093172092433,6.915838017633304e-06,1.8661626505149101e-06,8.11129246562599e-06,1.8378493512529856e-06,6.417674502998483e-06,3.792891452575971e-06,1.999985959204226e-06,1.2769825992432644e-05,0.0009374925100057174,2.2273465593479546e-06,2.5389346425164983e-06,1.1044319598945072e-05,1.8306643698364468e-05,1.4042285389664358e-06,8.115334647035373e-07,6.086722087462861e-07,5.768844465563277e-07,6.94340125670467e-07,5.255905106186165e-06,-3.894904436130633e-06,3.5029101797152686e-07,2.393372052729759e-06,-1.652430129749403e-06,1.122805088163056e-07,1
