1.0703104414658202e-05,1.8696489377276094e-05,-5.725851454044945e-05,1.5111421074602659e-05,1.3440317144194724e-05,-5.3000835073068896e-05,3.3899145782148386e-05,3.53104614393721e-05,3.3806923343488976e-05,9.917835199778195e-06,8.956095116575435e-06,0.002494584989429476,0.0019430441528998212,0.0019629104591819516,0.002066656725321967,0.002209533594744967,0.0025219764117275657,-7.353466576976346e-05,0.00016948021166148346,8.081235288643487e-06,5.8535732898330255e-05,1.3146281260752096e-05,0.00033234064969651906,2.6568957545438913e-05,2.5579404329175013e-05,8.906227711421427e-06,7.641527279636682e-06,2.0230237930358007e-05,7.213917307570937e-06,2.3577210678546076e-05,2.2030400910541094e-05,6.893192494188422e-06,7.75885813637256e-06,8.749254893609717e-06,-4.255453329844089e-05,7.033241345897471e-06,-5.445993521571249e-05,1.337292930717165e-05,-4.000241470773474e-05,7.386467016958319e-06,8.030855027355823e-06,6.838903066576332e-06,6.704714838055261e-06,6.287629806708255e-06,6.168343992762618e-06,6.145977902647811e-06,6.123611812533003e-06,6.967946720106406e-05,-3.53201035503262e-05,3.326624073364213e-05,5.713566827094877e-06,5.63155783000725e-06,5.519727379433215e-06,7.207139062621777e-06,2.6966234956606365e-05,2.291889630835646e-05,3.052990120333327e-05,4.8930764452434345e-06,8.470794765746496e-06,4.505766845680605e-06,0.00043403877130597176,5.1620823264575554e-05,3.09333209572082e-05,3.912513379617358e-06,2.9448472255513697e-05,3.884173422264422e-06,4.39191529151283e-06,0.0019691976362367176,7.156104110862784e-05,3.498223347008757e-06,6.6917820933584866e-06,8.176376993609195e-06,3.425108009243148e-06,0.00010179919826535825,6.601470799681948e-06,1.6898846077301215e-06,4.992782200758226e-07,2.8318735854920635e-07,1
0.00014138992790918903,1.0519580294016566e-05,9.606431570525955e-06,9.592212460984155e-06,2.689426812226808e-05,0.000104572963235723,8.965434877539671e-06,-7.530337645421281e-05,9.51118814167723e-06,9.419606190133742e-06,2.4236742730961196e-05,3.3203578359755575e-05,1.0254407724108997e-05,0.0005143835837461371,2.2753915468604505e-05,1.3115008424470555e-05,2.736552321155123e-05,9.74902350833945e-06,7.10895337016253e-06,7.765835122504109e-06,0.00033199711314348997,1.084859908761312e-05,0.00031945415843751744,6.657659142115295e-06,6.938671656291972e-06,2.786922051850859e-05,7.104870382732042e-06,3.618739828768991e-05,3.953464450693136e-05,1.774013509939461e-05,7.489127035719447e-06,6.760176111523587e-06,-4.049328259582962e-05,6.287610692571258e-06,5.985081330988409e-06,7.165784664391424e-06,5.59036621047425e-06,6.089332725889937e-06,5.9857009974206e-06,6.311271944368389e-06,5.549646955167733e-06,2.5287803561797333e-05,2.3063485274532044e-05,1.540117390858403e-05,5.8627416525011145e-06,1.606212445311687e-05,9.611330719484379e-05,5.498609867146949e-06,-3.191018970894705e-05,0.00010780601888123333,8.286395788141833e-05,-0.0003871537577210273,4.772566793466956e-06,4.956081278569891e-06,4.1448898993009735e-06,7.622746559366104e-05,3.99433063341935e-06,4.215338842322306e-06,3.7753319741346886e-06,3.1874396230119936e-06,3.226232951738887e-06,7.532745659020829e-06,1.8555424342792663e-05,9.15909664777354e-06,9.53870502076467e-06,1.5689775972427172e-06,1.5606723340011612e-06,1.3987773617371586e-06,1.1520217009738927e-06,2.793913233566012e-06,5.160431568510153e-06,2.0332096365701003e-06,6.548731956206373e-07,-3.59402155866758e-05,3.5550619753757907e-06,2.465548323671339e-05,2.798885439826178e-07,2.900684058961007e-07,1
1.4436346073293643e-05,0.005011881629048603,1.0827694506082989e-05,0.0005692517055464284,0.0012789101908587356,1.1342568483175235e-05,7.423866419718903e-05,9.367977596907048e-06,9.580010045273012e-06,3.2863870194586955e-05,9.902036858366071e-06,1.0906436231441005e-05,0.0002332014066652912,0.00047771813958575113,1.4938236604846982e-05,-0.0001465535324401993,-6.751353340426968e-05,0.000725325991393261,8.226858810026189e-06,1.345794918748975e-05,7.596767811099463e-06,0.00018644406084874086,0.0006825856021759691,7.28979401440382e-06,0.00019665428595328703,3.045324666577687e-05,2.555282281052104e-05,0.0006437740548285941,0.00018731557157877521,0.0009572175216004467,0.00017644264970149764,8.39167136690986e-06,0.0004324521517306494,-0.0001248384020701371,-0.00012457814856348657,4.174192028684035e-05,7.759496996239556e-05,0.0005456581302508157,0.000421046752098711,0.00046672900203909175,9.281582199018584e-06,0.0005156935825863456,0.0005258953258926311,0.00012557817058801482,0.030242022979761102,0.0002550545964564713,7.153044459759931e-06,7.864816447643064e-06,2.216339370796572e-05,7.053865718764499e-06,1.0831034629187884e-05,5.857584370424558e-06,5.533294702580521e-05,1.993911863438326e-05,1.208316894147527e-05,1.1843603724126655e-05,-0.0004027196580112971,8.06640276349096e-06,5.0923052964583294e-05,5.699734456217114e-06,2.2313861965547202e-05,4.904586200445313e-06,5.61451943355213e-06,5.375006751274935e-06,5.579633009303051e-06,-3.768823968439504e-05,4.7663398326945095e-06,3.2398495657411733e-06,-2.1172974711078654e-05,4.979926323127205e-05,1.8312100024942977e-06,3.1169953192724317e-06,2.3826874769122544e-06,5.98154322377827e-07,5.505984901169529e-07,-4.505274563721872e-06,5.605155895560453e-07,3.7655252619555235e-07,1
1.0351678073937205e-05,3.6802872781090216e-05,1.1211897803891523e-05,9.808164444870818e-06,9.749077153853115e-06,1.0313380524569128e-05,-9.421406160482999e-05,9.716489349591772e-06,9.119368645813769e-06,9.391436083143661e-06,8.53987894732134e-06,8.233002787324203e-06,5.707290965497145e-05,8.128616246212885e-06,9.364257224897734e-06,8.587281092994315e-06,8.332818201514439e-06,0.000687814280877544,0.0006434646455671171,8.071227164845861e-06,1.0079249207266757e-05,0.0005763920601951376,2.829995764296622e-05,0.0006154916368335078,0.00012552522830364465,0.0005510738724471611,0.00013124881399269778,0.009799982898158078,7.818934837210721e-06,7.3932163876092116e-06,4.291394058789603e-05,-4.928217384680716e-05,7.510777043403531e-06,7.209020680414878e-06,7.05347581455738e-06,6.892751854329892e-06,2.4307722385786178e-05,-4.921840468849761e-05,0.00026090922508857466,6.185430747781776e-05,6.880270947341211e-06,-4.8035797398363204e-05,6.534320625639421e-06,-5.371776399957748e-05,7.486671150888386e-06,2.6505409225151972e-05,6.314419346821967e-06,5.917520572539754e-06,0.00012620998314783784,2.6161739008764467e-05,6.349974359075293e-05,5.975332156255111e-06,6.087620535452501e-06,6.435067939120616e-06,5.702065212214509e-06,0.00013363365113850395,5.5272986571799565e-06,5.4186208909576405e-06,5.512609049154172e-06,5.140943785789981e-06,2.7042995552441913e-05,4.3287426828355355e-06,2.2826363103221072e-05,2.873342813716348e-06,8.978281875519026e-06,1.350715189697359e-05,1.350715189697359e-05,2.0219053333927275e-06,1.1770942407468062e-05,1.3598708297583758e-06,-0.0002585807131937409,2.686862426265447e-05,4.30056792389952e-06,7.277714439860149e-07,5.142327070276094e-07,5.641734073352386e-06,9.065583481390522e-07,1.0753313090181733e-07,-1
1.1124290707028564e-05,1.1114257593958695e-05,0.0001270067469550487,0.00018568911478856407,1.0471307024411715e-05,2.879176777029015e-05,9.375952128998068e-06,1.2251186932261364e-05,5.966202217713986e-05,9.15474651176557e-06,9.300332159058705e-06,-5.9755624385162076e-05,3.5914716719405886e-05,3.588469522252433e-05,9.92602606514772e-06,-5.945642239374843e-05,3.0848244433567395e-05,8.411851137393678e-06,9.784736235869055e-06,2.524299491130543e-05,9.676691072303016e-06,5.259150557517245e-05,9.385800247317526e-06,9.36917791446121e-06,8.010568189200733e-06,-4.877614376223417e-05,0.00022674389059697326,2.173419072757009e-05,0.0002171317729749412,2.1690901589139023e-05,2.1690901589139023e-05,2.1627864967258352e-05,2.1606852759964798e-05,8.496505439504743e-06,8.488194273076586e-06,6.96150246771552e-06,4.2483628067302295e-05,7.153337475141904e-06,6.976498035312711e-06,6.746964793000854e-06,6.257322612392931e-05,-4.0604793649415975e-05,3.0048300720687167e-05,7.823300958824039e-06,7.723566961686157e-06,4.604701231888468e-05,7.590588298835647e-06,7.2809320925466784e-06,1.239467260973155e-05,1.81742759828942e-05,6.7325565155661e-06,6.398271637418995e-06,5.534332995857618e-06,6.116690380697283e-06,7.612700827978984e-05,5.973038015852614e-05,0.00010663688706182371,5.81067196429808e-06,4.7013083600569384e-06,2.986689804889049e-05,1.3450227696146253e-05,4.117917271653548e-06,1.220624093345057e-05,3.7282718493271866e-06,3.916867486055604e-06,3.2236243040671502e-06,1.0621331662865832e-05,3.1389139006992356e-06,2.506470651467531e-06,2.9015473675518475e-06,3.6336119100669474e-06,2.2184119739548818e-06,1.188033182988568e-05,7.665477906956993e-06,1.4945610931987752e-06,1.4096996140862038e-05,6.740295029760017e-07,-2.0146971524418003e-06,-1
7.444678001575126e-05,0.00019290429608929103,6.675011004984788e-05,9.80253062128086e-06,5.4196782425324564e-05,0.00012310259054396238,9.01908582312978e-06,9.00417047741568e-06,8.88484771170289e-06,0.00015385887522786977,5.7766465122396106e-05,0.00033034454025725684,8.526352396427071e-06,9.34447166192265e-06,-0.0003310565648737067,8.489066336811954e-06,8.45923748911986e-06,7.986482505675865e-06,8.377208157966605e-06,8.142127204519998e-06,0.00019950548077983188,0.0007471340418778536,0.00010560647780124653,5.5214346026055936e-05,5.658061381228136e-05,0.00010012202636147789,9.085043472596273e-06,9.733244009481532e-06,-4.438077668707205e-05,5.194659241262011e-05,8.092621682466758e-06,0.0004436097229928872,6.824858734737315e-06,6.736475621626183e-06,6.862969907743261e-06,6.601268225863772e-06,6.833142903787274e-06,0.0003948759206228716,0.0005861071154574867,-4.971443864239744e-05,-4.960111259148985e-05,6.301558053251336e-06,6.445391852359424e-06,8.134638372522784e-06,0.000302244719151045,6.4552222292093684e-06,8.39025691907652e-06,0.00030057988935121017,6.5533729952681674e-06,6.393194595436444e-06,0.00047137434935305825,-3.831442706668468e-05,0.00046544183500456953,0.000947131138531155,0.0004702130310642475,-4.784455880242216e-05,6.221689322689511e-06,6.214232571700514e-06,6.4573226733010495e-06,3.8649825406579906e-05,0.00047472055649836506,5.865548476856509e-06,6.012900294997593e-06,5.434506446382684e-06,5.158354233879722e-06,5.306196435121861e-06,0.00033900272120160113,3.7043805355606836e-06,3.4869647311665257e-06,3.8014665301911083e-06,2.3173053908671448e-05,2.4596625698536995e-06,1.317025285679011e-05,1.6265138190076804e-05,3.7711998255882475e-05,-0.0001222964420959011,8.204077946925033e-05,5.132256950608094e-07,1
0.00021601215752481916,0.00010528144414854381,6.5273807942727e-05,7.496116738875092e-05,0.0001033836738305068,1.2879363758056464e-05,-0.001433486024548999,9.221591358203247e-06,1.0817901275514181e-05,-0.0005869244847484709,9.737058056574414e-06,8.964265139212048e-06,8.778374587246403e-06,-4.953081761006289e-05,2.6880865402425468e-05,1.4716695102850544e-05,2.655789858957253e-05,0.0002971835989807089,0.0001225612480884968,0.0003330039347534873,1.6202621638540402e-05,7.402615810743775e-06,1.0234054022748384e-05,7.3712396001317936e-06,4.131068457439425e-05,9.878814175086263e-06,0.0003012267730326142,7.237729189580641e-06,7.401554173813305e-05,0.0003468513416719558,1.64189306609402e-05,7.202699278726598e-06,0.000250812400230196,8.030136609070556e-05,3.579197867630561e-05,6.501378305517586e-05,6.42943476031384e-05,5.745525981400749e-05,5.1147633356761314e-05,5.6811551484314014e-05,6.341503760620373e-05,-0.0003804902256372224,0.0007797359226733147,7.534612941872944e-05,7.458342992694795e-05,9.628790926326059e-06,5.730621261243931e-06,2.887570342250346e-05,7.763821648721927e-06,9.504437748318208e-06,1.2585449588733562e-05,5.941817398377343e-05,0.00023814670409102857,7.038858272214971e-05,6.97212206668409e-05,5.035994824014438e-06,8.860022067023744e-05,4.739081570733629e-05,4.2027805078205845e-05,0.00011422648700943053,1.4850226808823018e-05,0.003827743823173937,5.201837085415403e-05,4.014658356800586e-05,4.183095328052391e-06,6.945970690814608e-06,5.300916877536649e-05,0.00022017658176851754,1.974271147843549e-06,1.5711672480568413e-06,0.00014085237499158082,0.00010600233362308531,1.2396670800361344e-05,1.2312729414113924e-06,7.51473959314408e-07,3.306236205953769e-05,8.576064123644982e-07,1.5806581753213075e-07,-1
9.691240041694417e-05,6.313708553986217e-05,1.006694954230392e-05,7.432111443554043e-05,1.0645172041189407e-05,9.638211127699923e-06,1.0082412094377608e-05,-8.811895626757721e-05,8.684836149288654e-06,9.417062501731328e-06,2.6675819662932293e-05,6.468761172175707e-05,7.879708748992658e-06,2.5107901546564774e-05,8.058921881664839e-06,0.00010253213634522739,7.774272902323078e-05,6.296003823182682e-05,1.9051114272184744e-05,1.8416395116207853e-05,8.360005499277211e-06,1.574710855240145e-05,8.32919412194482e-06,7.861411531625914e-06,1.7770433256701373e-05,1.058307183999125e-05,1.085237454097984e-05,1.0161391228093856e-05,1.5116069325632924e-05,1.407865522006696e-05,1.407865522006696e-05,4.075540528592344e-05,9.910181664073251e-05,-0.00036924733673457475,4.9968414633181664e-05,1.141640895290776e-05,8.192770465148804e-06,-6.914660722918904e-05,-0.00015942678054008133,6.123982163524017e-06,8.335347050996892e-06,0.00011876626612673288,6.661124852709179e-06,8.223276848860488e-06,5.8971588988332575e-06,-4.8952211152209034e-05,4.9955646627547174e-05,5.907023852541256e-06,5.8093523757213175e-06,5.8940583200517135e-06,3.6848047875661874e-05,5.523320291556709e-06,7.350592758338421e-06,9.184083861301386e-06,5.6915793013220445e-06,-4.3217266382652925e-05,3.0125377647158696e-05,3.890081466931773e-06,3.87437570571518e-06,5.050746179523967e-06,4.139889949986091e-06,1.993868715120766e-06,2.1853041205952733e-06,4.029364346456436e-06,3.9281043253256495e-06,0.00017942373905113396,1.4985124329925332e-06,8.389623816534496e-06,1.9450057463466447e-06,1.7450130412140372e-06,-6.080443556438322e-06,1.903238563017085e-06,-3.2213030162254e-06,3.865332865210921e-06,2.6812555839932504e-07,2.79766562074967e-06,2.204365744386519e-06,1.0747812620278296e-07,-1
0.0029229156489718237,1.0541588842462391e-05,9.842076757293399e-05,1.6786009659528922e-05,1.0525993655004583e-05,0.00016413034543916646,0.00026792165682738253,-0.0033690646285363655,1.7170171207545167e-05,6.856589265489465e-05,1.935194181748586e-05,5.671694441451616e-05,1.2393105877105572e-05,0.00014058807898088163,0.00011205720313050459,-0.0059449758618503185,1.008527208649685e-05,0.00021769712732444145,8.422129162350262e-06,0.00016591406763487944,6.12125145528446e-05,-5.024485627826256e-05,8.043319283312734e-06,1.975140669508113e-05,0.00023269415874883475,5.65454450970409e-05,3.6413361224599046e-05,1.037664362104605e-05,2.1073042702324335e-05,-4.5439063353712104e-05,1.7880156525493818e-05,-7.848069270888879e-05,0.00011013268145261486,7.618516932103608e-06,0.00017532270536152743,3.534328908273903e-05,1.1636706685621202e-05,7.576109152348203e-06,0.0006889750995371137,3.163418640599072e-05,1.2353082929598029e-05,2.9236182734416892e-05,0.00036481021115154213,5.830337078651686e-06,2.172808275847057e-05,0.00022319321412637337,-0.0001533821424375573,0.00011355795115125438,1.3482484960976776e-05,1.346612748625949e-05,4.513130078524717e-05,5.655963079871517e-05,1.1027770591185134e-05,7.501199562406556e-06,4.481826223471784e-05,0.00010993863061377389,1.847820198297022e-05,5.792980433149607e-05,-0.0011744028802736178,7.280507175921902e-06,3.377024242737043e-06,3.127218113033657e-06,1.3003402288542475e-05,1.7054299265917968e-05,1.911940301296585e-05,1.5040388434686193e-05,2.843487590589742e-06,3.3170563847903923e-05,1.3458422872923355e-06,8.365771607721973e-06,1.1134999713190386e-06,1.1029693009662404e-06,1.4003775277065624e-06,4.5224330021099207e-05,1.016827418096003e-06,8.940386757637112e-07,8.233697953466202e-07,-4.429171775962123e-06,1
0.0001224104990935547,-0.000197156484026094,1.0210590792597991e-05,1.1100057089636118e-05,8.254305017456227e-05,3.520395271102339e-05,2.7820190366697938e-05,1.3422445643858844e-05,0.00018572218387258907,0.0001155977202139377,0.0001296182426730352,5.439849628189631e-05,1.3705520529077112e-05,9.182077718379026e-05,0.00039895195199001436,0.00012169824993274021,1.1882438163113803e-05,1.280122675054033e-05,1.0286741749167113e-05,0.000707059457296705,0.0004907054078085698,0.0003720237291527226,2.501966576675972e-05,0.00011519439894544307,1.1397465577842226e-05,8.257924592486151e-05,8.02002610155141e-05,1.8722212716165494e-05,2.9476596791435535e-05,0.0008264300253376779,-0.0009433739162925005,1.0900985108168008e-05,8.05677156599534e-06,0.00011674321750933784,0.00010498014728549203,7.650104335492626e-06,7.925681456742245e-06,0.0005127673552147654,0.00044784455703024705,8.085307071034805e-06,0.0007147153362006776,1.679674593524593e-05,9.730763238737995e-06,2.4567411262661876e-05,8.103418504663946e-06,9.370692590663567e-06,0.0001871348032828115,0.0006712973530967539,-5.8534839898638735e-05,1.6332112408512767e-05,1.4495798919801777e-05,1.4463272332448634e-05,7.346013755511702e-06,4.98140191970845e-05,0.00010273636458546,6.509859222742941e-06,7.120550537481576e-05,9.820236841139695e-06,3.227155801581183e-05,5.46806119466694e-05,0.00040388730534098895,0.0002843217641166508,0.0003608126454380527,0.0003108829772097712,0.0005253390623876566,5.593748262709708e-05,7.597233291346174e-05,5.943445679561502e-06,2.5257005624437656e-06,7.313806036069839e-06,2.1111080756343813e-06,0.00011295693989924205,1.3459009525884213e-06,1.447978944465292e-06,1.1354406724864084e-06,1.0110262677599703e-06,1.4790076391323137e-05,3.082008242797319e-06,1
-0.000961542712132267,0.0003800392471632845,3.370203424111709e-05,1.0885857182564829e-05,0.00038015963549797323,8.925173531721909e-06,9.1273546351786e-06,0.002773408891716902,-5.105018379273008e-05,2.0062981469947342e-05,8.469075656509352e-06,-0.00010236595089600027,4.7531570169370826e-05,0.0001431527074671915,-5.0037342807937536e-05,-6.595620358265208e-05,-0.00017196259871743192,7.777247835233315e-06,7.714117170111647e-06,0.0005389086482320898,7.621046996549207e-06,4.360804119329893e-05,0.00036976735755640236,8.534507411169544e-05,5.2290296003466085e-05,0.0004677438845217293,8.319791834459461e-06,0.00047713074402075606,0.0006929992375035671,7.736167678246937e-06,-4.426582914050563e-05,0.0001512769676244973,7.841544132405603e-06,0.00028247659617671643,-7.56237060816724e-05,7.3359523275754514e-06,-0.00014479767306368663,4.2238936414301214e-05,0.0003128433979441002,1.2394767017486514e-05,0.00015690541414115308,4.161490012333843e-05,0.0006012968844368649,4.455888278932717e-05,2.8058552528782613e-05,6.903125841466189e-06,7.218104215626362e-06,-5.566151842225723e-05,7.027469673957013e-06,0.00021769289486999705,2.5308248570097156e-05,5.469686653376085e-05,7.072810695820849e-06,1.0062119291189653e-05,1.1659369927672423e-05,7.933694152802892e-06,-3.835407099291867e-05,2.22206176806087e-05,7.137633058771775e-06,6.367195036023358e-06,2.098380271452784e-05,2.1476489273272887e-05,7.240573063390327e-06,0.0004323045574008371,6.583963932435009e-06,6.785822688947257e-06,3.2377550182492025e-05,0.000422744155989999,4.817109929131254e-06,2.5819240038206747e-05,1.4500507657171973e-06,1.4069638165323887e-06,4.748933981377882e-05,4.2461231642628255e-06,3.811656797697913e-05,-3.0469423073342988e-06,1.657665226021889e-06,3.687734857365788e-06,1
1.0813627734213784e-05,8.611100410287484e-05,-5.853085602892302e-05,0.0003067463319844478,9.256810805410744e-06,0.00018641057557275067,-5.503617592986059e-05,8.920859904391897e-06,8.895785852528886e-06,8.944726930314665e-06,0.0007980919651047445,8.208129386953017e-06,7.985077207926508e-06,4.743476732128675e-05,-0.00014423018130333692,0.0006856300613345222,8.069177289740667e-06,1.0547984174246393e-05,3.6832851930449996e-05,3.8304491545926024e-05,2.2683683328286427e-05,8.208199950428019e-06,3.162597688959497e-05,7.380454915854326e-06,7.319907893974208e-06,5.982042783253565e-05,3.220748278945283e-05,7.67421004249152e-06,2.0131905956662907e-05,1.998310784989215e-05,1.94538630046494e-05,6.591186100272295e-06,6.46268811096668e-06,6.361931195136237e-06,1.834162211011334e-05,1.957982302721865e-05,0.00034275940775169503,1.9033614634078434e-05,0.00018860331526096794,2.011297878610278e-05,0.0005193843955373829,6.363956131998948e-06,3.737461861465823e-05,0.00032452398483444415,1.802213210387752e-05,7.687631218232937e-06,-3.709852479953492e-05,6.328450410687276e-06,2.9448696205423142e-05,7.550052363974858e-06,8.112329086899805e-06,6.184651233721996e-06,6.361376851049007e-06,-9.402591332708685e-05,0.00041859685157120334,3.054905436869847e-05,4.959563252772551e-06,1.394930979376168e-05,0.00013394269363173125,1.2039922770031362e-05,2.766358845817445e-06,2.8201677082511146e-06,2.1632831345487072e-05,2.83832487590257e-06,-1.2355625479300201e-05,6.054402288165268e-06,-1.151000977634065e-05,1.8461652995537067e-06,4.534375349002429e-06,2.930188787300622e-05,1.624778561719303e-05,1.6827103670889253e-05,1.5510838868837542e-05,0.002488574720709445,8.510839699087743e-05,2.444809627742303e-06,4.715847946997204e-05,1.8487550645994003e-07,1
0.0007780056527536823,5.999959501975592e-05,5.9196410225854974e-05,-5.8441926346936054e-05,9.831504041505368e-06,3.449882202214146e-05,2.5342920058950253e-05,5.595989922851169e-05,5.587545312528004e-05,0.0009561440415032631,2.5311941726338456e-05,1.7354054709535506e-05,7.403275093936712e-05,0.00013333053728278367,3.1572824692104234e-05,1.1091397305093894e-05,1.084162349793692e-05,8.67853583223139e-06,5.4217559261522685e-05,0.0004312618636435644,2.207358884510533e-05,0.00023727418255075163,0.0002387095424757268,0.00032492680575919804,8.112061056872772e-05,8.061829042574317e-05,6.262394235239422e-05,3.527526731752673e-05,0.0009910722504914253,0.00012751849624706042,7.765780572264639e-05,0.0004284366424288578,-5.1982437468926466e-05,2.321453272052704e-05,0.0012190839973287243,9.260747686092357e-06,9.766377495519293e-06,-7.520680821036765e-05,-4.370124959575645e-05,8.060741824709583e-06,1.4237096430770596e-05,7.560666569670917e-06,0.0006515449530326299,1.0269028636154841e-05,8.187200936523391e-06,9.157596872818854e-06,-8.467610927457958e-05,7.790078439154853e-06,1.4013756983737076e-05,7.791922563116132e-05,1.316074643862444e-05,-0.00013008501288554628,-3.495539553711126e-05,1.3167121963111192e-05,-0.0006984387826724127,2.5800450866970613e-05,0.00025151352472935174,0.0006653448638000077,-4.2645046581465325e-05,0.00022880052588669016,0.0003122090870539634,0.00025248494251640827,0.00021968238165087384,1.731711272786817e-05,5.350835345325228e-06,4.538492354403124e-05,1.6901043372520368e-05,9.852565762724172e-06,5.782544845848762e-06,0.00025571572132637916,-2.9320224323634447e-05,4.195464334551695e-06,2.696837742467995e-06,0.00015258114105814823,5.815486415010695e-06,5.052210044100438e-05,1.5678541584290762e-06,3.933198574868584e-06,1
1.0296262707347935e-05,0.0004778338434929881,5.940418530598394e-05,3.071738702113745e-05,6.415956946869569e-05,1.5532725228203368e-05,4.89754371241197e-05,0.0009328220848608987,6.827335255689304e-05,-0.0001551719406720882,8.902865403735615e-06,9.42963605897998e-06,5.251209387243653e-05,8.708915714454795e-06,5.1892225824207794e-05,5.190869483911844e-05,8.773384826928365e-06,1.396099372334857e-05,8.3856662323201e-06,4.992609801535895e-05,4.988299808440765e-05,-0.0003158433530634438,8.062416750185399e-06,2.420156125361195e-05,9.473742831378083e-05,9.342306446859424e-06,8.641018583434346e-06,7.887467713520699e-06,1.2098624407523948e-05,7.244909121879917e-06,0.00019506936461436555,0.00034773699966128747,5.1714897012344855e-05,7.771286517212486e-06,1.4802907232451161e-05,6.625888922272906e-05,0.00013171018849902148,2.2766349341330513e-05,4.170726085362476e-05,4.800350639546655e-05,0.0013062769090507853,0.00036294548762255777,7.811481746341897e-06,8.58930938975111e-06,9.339603955975461e-06,1.8243064657261222e-05,1.052108429630853e-05,6.431511189211197e-06,2.2030472103185163e-05,2.150803922350613e-05,1.3682975267302987e-05,3.472027697935408e-05,3.394716905284875e-05,9.516816579152217e-06,1.685698322379715e-05,1.9940740584469027e-05,1.6636451770543573e-05,1.9548915924709758e-05,5.342891612824477e-06,7.709095242687213e-06,5.03885216979213e-06,3.0061670034722874e-05,4.810261524418929e-06,6.340421091471857e-06,4.36022369134044e-06,4.328628257205615e-06,4.085920119165129e-06,-2.3405044219117158e-05,3.728996386752646e-06,1.9335243036419376e-05,3.3974989108115627e-06,8.4258970402099e-06,9.152738326768174e-06,0.00012775608063339046,1.0286832384252372e-05,-2.3907678262804973e-05,5.490427240518122e-07,4.994636716140611e-07,1
0.00020454677327182827,9.630191132235135e-06,1.9048587202892445e-05,9.128097136683875e-06,8.922590610812124e-06,6.682065845741004e-05,1.773460502929653e-05,1.5630824784469706e-05,0.0001747103797823811,1.3392421090595883e-05,1.7897513288489408e-05,8.547000421646335e-06,0.0002996968592608549,-5.092881253355983e-05,2.5406348186237895e-05,0.0002645407467542739,1.6752516421660766e-05,9.674120330343812e-06,1.6351292226376906e-05,1.740470620974492e-05,1.5619767877170473e-05,1.5191404563060914e-05,4.831967454574347e-05,4.665998277791137e-05,3.114529947841369e-05,0.002926618749665901,8.957396614327539e-06,7.654488573572753e-06,7.229187966667223e-06,7.220331227830493e-06,2.28226283971806e-05,7.006576590865469e-06,4.265191608797821e-05,1.4048756694847029e-05,7.926426951550349e-06,7.093450277798152e-06,0.0003403708164384177,0.0003400892473092891,0.00033958432926530196,0.0003387168196669846,0.0003383681267427554,0.0003377751611336453,6.766730934740974e-06,-0.0001118809009918095,7.205018955878055e-06,0.0003366467770980622,0.0003475871083393387,6.648180582955855e-06,0.00018329936747001773,1.5486929542748685e-05,6.1212764127301625e-06,5.798401667824879e-06,6.198132108522368e-06,6.1608563888930585e-06,2.266278313598545e-05,6.145946101041335e-06,1.1765311036951757e-05,1.4082421367626916e-05,1.0741907949790475e-05,1.1194449622477941e-05,5.474114574188959e-06,1.581792011579438e-05,9.428369406301124e-05,5.5495345869723784e-06,4.946876770023971e-06,1.1793636774349543e-05,5.2427574312793975e-06,3.851351757777515e-06,2.773934767987596e-06,2.4306253803588627e-06,4.724513811570347e-06,2.0119958590807793e-06,1.9902472028810228e-05,2.5129647847936226e-05,1.1284820323652498e-05,1.5249206977549218e-05,9.155234577449547e-07,1.7176402755045597e-06,-1
1.110179026670016e-05,1.0388703028958694e-05,-0.0007737229457406888,0.0006422640514897534,-0.0013264340643289582,0.0001634929618314992,-0.0013026372050794213,-0.0013465549091569507,5.66257665438203e-05,1.2015724370071153e-05,9.565646214261573e-06,0.0005749023982687462,9.275802674694766e-06,9.214585798929577e-06,2.0707557424958666e-05,5.709184293797589e-05,-5.478638993358354e-05,9.077887173181544e-06,9.538853141593012e-06,9.383966265935142e-06,8.985793871866295e-06,1.9944169942055187e-05,1.9970443911240395e-05,8.770820837843951e-05,-0.000780026750571381,-0.00017399508541821607,1.9490868445533546e-05,5.211221877901642e-05,9.485810771697577e-06,-5.196900692913365e-05,1.0666627330408343e-05,5.3908725588571424e-05,8.626069478966033e-06,3.524763130560533e-05,8.605246992006134e-06,0.00046222627843999414,-0.00011025204024989435,8.649680963093918e-06,-8.618379413725956e-05,8.551884214725857e-06,8.696346202717052e-06,9.084686564562643e-05,8.527983844644511e-06,8.730756877634022e-06,0.0009011553917139021,1.1854246113208908e-05,0.0001263750592205094,6.946722268231584e-05,0.0002826341080402099,0.00012084326362367684,8.310644847316864e-06,2.7142089725613212e-05,3.112647734168565e-05,-0.0003067399678402741,8.113057718297486e-06,8.653834279893989e-05,6.97352983663052e-06,6.520343425331152e-05,0.0001698441906257493,1.4839215587561439e-05,6.932293966309389e-06,3.202851111081888e-05,1.5113558401308058e-05,1.3608762691015735e-05,3.545733835307443e-05,4.0705716478751156e-05,0.00013525451274498613,0.0001307823401733411,5.221749647536277e-05,0.00012913800809194836,0.00015555270591657795,5.7986068361822744e-05,5.287253736604837e-06,0.006532200366394864,7.037231416123517e-06,3.154351399409772e-06,3.110335448042674e-06,8.4395822421709e-07,-1
9.898922711806839e-06,1.0909184023360037e-05,5.848642052622732e-05,5.875814289952455e-05,1.2528658802610886e-05,-0.0003046217502523436,6.533994913465654e-05,8.533869592133132e-06,-6.084843507454777e-05,1.102735567911554e-05,1.3551413676206776e-05,8.110948023102863e-06,1.6898266296991494e-05,8.736178636972574e-06,9.441106270192134e-06,-5.3373160930899546e-05,7.85868209482263e-06,-4.607284438646248e-05,7.816944624596417e-06,7.674793939645665e-06,9.022248641392636e-06,8.080351474024644e-06,-4.459577930490182e-05,1.184261624234612e-05,7.686378722473247e-06,7.184039778730932e-06,7.569683503521176e-06,-4.3440080548875754e-05,-4.184556529547046e-05,6.99334129280808e-05,8.131578725100352e-06,7.815304750753316e-06,7.404016666165852e-06,-4.0193864514248925e-05,6.609151496610928e-06,6.811462393114784e-06,6.2245067684316025e-06,6.29481090520491e-06,7.579076729138461e-06,1.1650844475246113e-05,4.2565158157889125e-05,6.548736028818539e-06,7.926059492570763e-06,4.242688309629864e-05,1.493522891744903e-05,6.708800327844853e-06,6.163928991296879e-06,4.756549140008918e-05,-5.6771595891094175e-05,-4.16342647465786e-05,6.2152813991632465e-06,-0.0013196712311857824,7.1867192727422505e-06,9.621998472841694e-06,-3.703046347789967e-05,5.743426535916654e-06,5.758197989480241e-06,1.1753038965631275e-05,5.908320904930634e-06,-3.54499254295838e-05,-3.600635473108432e-05,6.854459621322646e-06,5.513400430463742e-06,8.901565290458752e-06,-3.1971006483284974e-05,5.0478429847735175e-06,7.572695215703018e-06,1.0260837121629008e-05,1.0652995411267146e-05,1.24991851143809e-05,-2.1298854336519676e-05,4.664742120201615e-06,6.964436708022707e-06,3.2560158266144875e-06,2.288860425860573e-06,2.60311406166689e-06,7.452961518828409e-07,6.31554476215135e-07,-1
5.010334699912132e-05,0.0005211870295472567,2.3438063268156784e-05,-7.22307869267927e-05,5.7423029293637376e-05,9.637887770929543e-06,0.00013175485989615294,9.28958439921311e-05,9.080986620706716e-06,8.891254163442412e-06,5.301773430891818e-05,4.159380584765086e-05,8.187520469340128e-06,2.9367341410216967e-05,4.481942889755239e-05,1.8400519279234738e-05,0.00011596015310553919,7.641966416591033e-06,5.010164757869902e-05,4.434879013870248e-05,4.430643985829616e-05,6.805619477496213e-06,5.049131665990379e-05,3.973260957441275e-05,3.9350042521397374e-05,4.1160794986839494e-05,2.8199659607046292e-05,2.3649420670291234e-05,2.5990292164204505e-05,6.710572814000381e-06,3.9837921150802105e-05,3.7486697165828024e-05,0.00013489795487215466,6.0909645310245716e-06,-0.0004313318322041579,-0.00041264573419429147,3.5708049326420916e-05,-3.592487451657906e-05,7.163552565951409e-06,-4.6096285191204556e-05,5.851265488709742e-06,-0.00010707531806512041,0.0005254193890690487,0.0005304569652794528,0.0005209411995456876,1.3475122119343962e-05,0.0003382998822879942,5.608536938043739e-06,1.3135351771272403e-05,3.420603236937177e-05,5.386691446655198e-06,5.323938068199654e-06,0.0005435920567647073,0.0004839032912349189,5.256839504221783e-06,4.9494434262207395e-06,4.928267524854973e-06,4.789779416303081e-06,2.586825057251549e-05,4.823972895575141e-06,2.313129965513222e-05,3.848158229120982e-06,1.813192828155234e-05,4.924928717102786e-05,3.2196151683258587e-06,3.1963107087241247e-06,1.8600488241662487e-05,3.0133107854287648e-06,6.434040899559794e-06,1.580526926138123e-05,7.672464665151296e-05,8.13116602988576e-06,1.6092663809714386e-06,1.6993190946862007e-06,3.607089206805551e-05,8.77518541850605e-06,1.0251012083597648e-06,6.413720757121348e-07,1
9.97347545038505e-06,4.9091164285564226e-05,9.840147722170119e-06,9.805061477903035e-06,2.4448804079505768e-05,0.0008461209217091601,2.3093649852177354e-05,9.238337783626382e-06,9.287897787851622e-06,9.116093546470385e-06,4.2419398578717064e-05,0.0009127040512153594,-0.0002007318033335137,4.081211720978705e-05,5.62409739273887e-05,3.1798829170851665e-05,9.276776377513532e-06,0.00026116058017307785,0.00035401025439483726,0.00024632412835956904,0.0010304769190796895,5.1291643425832715e-05,-5.14188160014205e-05,0.0003445633915530664,8.41843904200767e-06,0.00011172401428109443,1.8341506547211633e-05,0.00017984277016459135,0.0001735047239461305,3.84010767576105e-05,1.7686508192498137e-05,0.00021594717939191224,0.0006177852476418654,3.50738311600217e-05,7.956184337348738e-06,9.531033150702551e-06,7.711416681666726e-06,0.0006978777426564836,1.0211312667019182e-05,7.376082566072931e-06,7.170614209910042e-06,2.3908599657274498e-05,-0.00014218903148928417,0.00048601174290396345,-4.1788492691316294e-05,2.3832310609285432e-05,7.2385303086980285e-06,-4.2484868526262075e-05,0.0026454843437983128,0.000879835874620423,0.0049993469562186746,1.5216489161652188e-05,1.4537089661953087e-05,-6.800833089512788e-05,-3.657896012767028e-05,6.437024867564407e-06,3.430782597238198e-05,-3.442805462232733e-05,8.332817811987657e-05,-0.00011982726348574021,1.8399250236450845e-05,1.7052149579295102e-05,2.5766094425407577e-05,3.1487360259344507e-06,9.556508956935563e-06,9.396611646607084e-06,0.0006533852241192839,1.3021703601182325e-06,5.485737207243303e-06,2.426211671107642e-06,1.2252104176558473e-05,5.064859817529828e-06,8.557581289229223e-06,-1.15478494142464e-05,2.5804745318162476e-07,1.80808548042637e-05,1.5141953525912406e-05,1.6180639008687857e-06,-1
2.258145000139583e-05,1.1325040314745128e-05,9.359359526409482e-06,2.065818762481659e-05,9.232659836987445e-06,0.001161086806247989,1.9692848701446968e-05,1.9536448945234545e-05,2.007619608488394e-05,1.9933005311518465e-05,0.00022517170725953008,8.126978282993101e-06,3.7362075056322884e-05,0.00022342277587338792,8.372061724666042e-06,1.8402856619892605e-05,1.8402856619892605e-05,0.0003143627280753005,7.973674087825916e-06,0.00032149897646085253,0.00031088281436457557,0.000200351054245384,1.7958900349601104e-05,7.729432683370622e-06,8.561220858418183e-06,1.0628153319598818e-05,7.775546146184717e-06,1.6491024101289173e-05,-4.4598358887626407e-05,1.018750054136676e-05,7.525753117584824e-06,0.0003014856652188888,6.474559204115371e-05,8.34566679719786e-06,4.2051722116559556e-05,8.289949339586477e-06,6.649808890108998e-06,6.307716232910475e-05,6.714232311138764e-06,6.712774838210293e-05,2.2207998267451086e-05,1.4774955989156421e-05,6.686257497489792e-06,3.7252695675902046e-05,3.823808888080155e-05,9.76615031392901e-05,6.223875644416075e-06,3.9646910650783134e-05,9.71899299879129e-05,6.233270111200457e-06,6.267217026121858e-06,0.00045641309412812985,6.207412483671151e-06,5.174152873264548e-05,5.614986128536365e-06,3.137819771991179e-05,-3.1184713111442745e-05,3.211020499757622e-05,-0.00020066181930836652,-0.00019772541947067678,-2.793406029784306e-05,2.5906739387609945e-05,2.923502373464277e-06,-3.900360744095774e-05,1.5928984561924469e-06,7.828997011643605e-06,9.061631941121893e-06,8.966350549857185e-05,5.93663662329052e-06,-3.379599561761669e-05,1.7509382241442239e-06,3.364297861048088e-06,6.052333292783948e-07,6.220586928294202e-07,4.726693732674152e-07,6.808060039193357e-07,8.517678290837564e-07,1.2277138691597127e-07,-1
0.0009181712785212555,6.077454425497167e-05,5.963611807331967e-05,0.0005443571200527079,3.907037365322657e-05,0.000132099215481662,0.00039846080232345475,0.00013057915531300757,9.491173863614204e-06,9.449157068432415e-06,9.314885853503293e-06,-0.0006527788453270338,9.351847000305165e-06,9.125298796628222e-06,9.006802974273812e-06,3.654480318756864e-05,4.339623187026175e-05,-5.561415886617004e-05,4.602067435545623e-05,3.853235149352437e-05,0.0002311941089611462,8.425646633909114e-06,1.9806453827280223e-05,8.386344692636309e-06,1.8561828657308056e-05,-5.010813069071854e-05,8.527599433843118e-06,4.945835211870727e-05,2.4158441784759784e-05,4.8870232349004455e-05,4.845014679921675e-05,2.8197045088049642e-05,1.8343054776060685e-05,7.948998801599808e-06,0.0007346987374147303,0.0014521804999990389,4.6769804600065867e-05,0.0013783656842090604,9.377225095153747e-06,8.195437454524382e-06,-4.8580415839098506e-05,4.4753254139227285e-05,1.173051352670526e-05,9.153742851280541e-06,7.573884187242683e-06,7.391478146844264e-06,7.606141478242983e-06,3.56337979382149e-05,1.565655042927294e-05,6.785073943461769e-06,1.543506710867116e-05,6.396114139996104e-06,6.72791012611997e-06,7.542206512122575e-06,6.312937750485005e-06,6.474569799601012e-06,6.449245650614843e-06,0.0003578741481972435,5.853138075313807e-06,7.88042791557381e-06,6.4508222761253575e-06,2.2540495641497216e-05,2.050233012536998e-05,5.8600191667122176e-06,0.00018082188230382005,2.4395095896801377e-05,-2.9084937156091697e-05,0.00024265408237511218,0.00023892079695005762,-2.1868638034524802e-05,2.0446584577764226e-06,2.0446584577764226e-06,3.4044698569253545e-05,3.294998633499667e-05,1.0442145809729678e-05,2.174212500474303e-05,3.1655720864927817e-06,-9.53872991553517e-07,-1
9.428322710449891e-05,0.0006549186941089006,1.0269529733842232e-05,1.0447539838812375e-05,0.0002582518695057882,5.544131067155993e-05,-5.431274713584863e-05,5.381116334219915e-05,5.368576739378679e-05,6.559624692384294e-05,8.740370919008367e-06,8.575946265532738e-06,8.46633850924503e-06,8.918785322347591e-06,7.651323077505697e-06,2.8495677229725008e-05,4.431653661711323e-05,7.37385122120241e-06,7.37215854389839e-06,2.1330223917218616e-05,4.394040252536018e-05,1.2937604163540914e-05,4.164180529798042e-05,1.3438728851054594e-05,4.1391049236811714e-05,1.2480004193787105e-05,6.379713888478749e-05,6.759199283263785e-06,3.602124490487553e-05,1.850510076144146e-05,1.9214131580820305e-05,3.876873228951743e-05,8.482441985465182e-05,2.1773856009699288e-05,6.167759886543359e-06,0.00024930003823502386,3.2261629448021464e-05,3.658750557898949e-05,3.2114381627083204e-05,5.986462494721931e-06,-3.707717330029488e-05,5.851530297485339e-06,4.7609007739357655e-05,3.416335711535455e-05,6.309844201339823e-06,5.638165301670933e-06,5.613307951123981e-06,3.366180915736112e-05,5.572882436891821e-06,1.038537915339024e-05,1.0183859840648528e-05,5.2394480125000665e-06,9.915812107467126e-06,-3.0422878746217422e-05,1.3675149196621548e-05,5.057121241459092e-06,4.9206730839858795e-06,2.9482242840749157e-05,5.101713924450521e-05,2.437203014032193e-05,0.0001772174514170374,0.00019339481887427,1.9320760748452605e-06,1.7984582398828186e-06,1.6427380125086865e-06,9.800953075949856e-06,-9.52850688670625e-06,7.956623466378508e-06,0.00039246172397272176,4.843015839709775e-06,5.037422979978915e-06,8.650368498952733e-06,5.643934925809232e-07,5.324136063104347e-07,1.4422897906570693e-06,1.446230788822901e-06,3.2508520141240363e-07,2.882895156200488e-07,-1
1.0269435701510408e-05,9.69727293843494e-06,9.283668439506536e-06,5.452234616990067e-05,1.0101288734088122e-05,2.0622616622307295e-05,9.0029377440926e-06,1.4137281518436401e-05,1.972690606360877e-05,9.015131672432424e-06,5.2377287422184154e-05,8.99767628724581e-06,2.020414042829299e-05,5.052664850258558e-05,0.0002544289196656049,0.0001545243889338443,1.8319839121870975e-05,0.00021988099436499346,8.510283605844351e-06,7.811238439805642e-06,4.682537066338843e-05,8.139736511528861e-06,7.5728985789482505e-06,4.4427952062999374e-05,4.421765218577226e-05,4.4049412283990576e-05,4.396529233309973e-05,7.267832167832168e-06,7.328735902536237e-06,-0.001143472811943888,7.758967402180404e-06,7.2294087794773034e-06,9.764035889941455e-06,4.29558529224096e-05,4.29558529224096e-05,0.0013597584705946895,8.221510333292423e-06,3.0778432151658414e-05,9.248426111620074e-05,1.245895411385117e-05,6.850380669109601e-06,6.9595798305647585e-06,4.084994215024755e-05,6.9403897472860005e-06,7.53933929171876e-06,4.015457933144044e-05,2.323592335088323e-05,8.994273572551176e-06,6.510707719106207e-06,6.555251733691252e-06,1.4457023957213343e-05,8.953720244003585e-06,4.2321524458075855e-05,4.4213887991946384e-05,6.0110491613117535e-06,2.827445144970864e-05,1.2769708618850802e-05,0.0004142463588500495,5.679794798096296e-06,0.0008417267656985961,3.067106038238989e-05,-0.0005744675446041331,2.890473029043819e-05,4.523617160566561e-06,5.7769116044126194e-05,5.78000347654357e-05,3.888271939676642e-06,-0.00036313042419062227,2.4701258142049736e-06,1.250461367453123e-06,1.0599891324911582e-06,1.4338116701832338e-05,1.382863314272057e-05,1.346663772674704e-06,3.820536571681613e-07,2.527595912222641e-06,1.9791749585237176e-06,0.00014100260342067575,1
1.2599729241480562e-05,2.1833240150206517e-05,9.889651264604139e-05,9.482220373699502e-06,3.6614171611310535e-05,9.443169154846624e-05,0.00012357588886593497,0.004208329856304326,0.00017404311545658312,8.860116889148712e-06,0.00012204844770200429,8.904216096945615e-06,8.754709264248888e-06,2.9700580692390627e-05,5.676340430488465e-05,4.1548149549610586e-05,1.9057129197603822e-05,8.380081722041768e-06,0.00010655613049007586,3.756509024335948e-05,0.00011306467929861683,0.00010626171952021033,8.099776968530182e-06,8.861363359984293e-06,7.78854748603352e-06,1.8893999095403167e-05,1.8224194327283242e-05,7.640386973702143e-06,7.337582798922243e-06,1.1984111178019332e-05,1.6521304645220244e-05,7.1648503648939905e-06,5.1912181496116625e-05,1.2307887087250762e-05,6.717619522744157e-06,-4.0505015405983935e-05,-9.017814286209234e-05,6.6814493419307954e-06,5.208291137200435e-05,3.9510529408920605e-05,6.0682200667519394e-06,7.150971609914334e-06,2.5059539622608342e-05,8.132600468552894e-06,1.4480608972245791e-05,4.7788720446224124e-06,5.7179241041013764e-05,5.948106690284781e-05,5.989475813238676e-05,4.153696227401995e-06,3.8419874964653415e-06,6.466738430257319e-05,3.2652070540799125e-06,-1.953300199113002e-05,9.969945119171758e-06,4.669774734832728e-05,1.2742962485905538e-05,4.582679645661939e-05,8.104799642056826e-05,0.0001088542799987486,2.4732924851324563e-06,4.468731719210592e-05,2.8776321669325907e-06,2.1877475726235014e-06,7.918309872507522e-06,1.8476279143535714e-06,3.1029260553277837e-06,1.2931426888606607e-06,6.0662016583442196e-05,0.00011940303255510081,1.0846368715083798e-06,1.0775126038969891e-05,2.4099429518366823e-06,4.30710807044996e-06,3.670639403276354e-07,2.583745335995758e-05,2.013959887301162e-07,1.21663428699524e-07,-1
0.00020565597666693391,5.938902218950001e-05,0.0002008903333016217,5.74178232967035e-05,0.00017545104154180255,5.7333777739859786e-05,9.485591659273539e-06,9.212443599531473e-06,-0.00011784764513741411,5.418206935822056e-05,9.306095809260626e-06,2.8393734045767665e-05,9.696659707007653e-06,-0.0001121776036211664,1.0041108705076562e-05,8.119322045187772e-06,0.00015822415762486034,7.839050295810867e-06,-0.0004219880499857986,7.699121654700631e-06,8.794794097851982e-05,7.687551734174664e-06,9.062315733608211e-05,9.277514931896151e-05,7.622084916444658e-06,0.0001094278909714867,7.3502750176545185e-06,8.810108976075898e-06,7.610141747196799e-06,7.280149681311716e-06,1.1992805612394824e-05,7.734223100981675e-06,4.308524703859895e-05,4.228686629667338e-05,4.801217525761517e-05,3.9093343328971115e-05,4.535491855535981e-05,0.0003445522572488628,2.9561345489733875e-05,7.112790194837528e-06,0.0001007911421202139,0.0005114653155085255,6.186400248946926e-06,-0.0001650061798851565,5.962189259578555e-06,5.933893146682614e-06,5.8568614306107335e-06,3.472099558690867e-05,-8.303559358987432e-05,-7.603154097990359e-05,4.4074337475574075e-05,2.414869578481296e-05,5.983946552702414e-06,5.3770468474559965e-06,5.06568805703826e-06,4.907271159933681e-05,6.581823702337902e-05,0.00023431084339079803,4.644562475231646e-06,2.9716735195548087e-06,3.0270181982926894e-06,5.683983199697825e-06,-4.0294059050628215e-05,0.0001748721014161496,1.7863189288289465e-06,2.097407420733105e-06,1.5297773965067511e-06,3.2132457808218626e-06,1.7938397624990822e-05,3.2008265494579123e-05,1.679724172973023e-05,1.331874997089498e-05,2.7616801844236883e-06,1.373534713366018e-06,1.6727976454116255e-05,3.1311009389017496e-05,0.00018160413019263906,0.00017115293450807053,-1
0.001461348996619094,1.226508129366722e-05,1.5062150403272896e-05,0.0003224941062884971,0.00019715669050514976,4.1092030391576e-05,5.330228346073845e-05,3.321542758586421e-05,8.816255189218005e-06,5.280758617410126e-05,-8.729882721758533e-05,3.4366783489828065e-05,-0.001803978892219452,1.1437171961009247e-05,1.12054679561948e-05,5.177321912022352e-05,8.621374439936689e-06,8.441484517523168e-06,5.046901718272547e-05,0.0004808187333967824,9.877858398517102e-06,2.2897903230951002e-05,7.893312863335261e-05,7.155950752060082e-05,4.810581457788008e-05,0.00013037784760868426,8.547715816208354e-05,0.00011480003580492828,2.4251891966309555e-05,7.935382127165742e-06,-0.003816139442315258,7.890516507630685e-06,0.0010007580460341995,0.000911228788024341,4.716363656764387e-05,4.6490652274617975e-05,-0.0011384592247906283,5.957143612548838e-05,7.651233203443706e-06,7.551040206417588e-06,4.5126493797516434e-05,4.5081556937269154e-05,4.494674635652734e-05,4.485687263603279e-05,4.3284082527378236e-05,4.134371661370811e-05,4.20258504404546e-05,9.49166932483574e-06,7.004308406742434e-06,4.2675362699823524e-05,6.5810856205906085e-06,1.3952037793445971e-05,1.7017961335035976e-05,4.058787091254186e-05,3.950938626660732e-05,3.950938626660732e-05,3.72431168915825e-05,1.552803272157153e-05,1.5250926060986443e-05,3.696359870320532e-05,-5.12829081242374e-05,3.142075142209818e-05,1.3381323252924643e-05,6.453685299712968e-05,0.00016983540026413056,0.006065438572038115,3.000390652007465e-05,2.7108704635472853e-05,2.7063839015937792e-05,2.7063839015937792e-05,4.132758260494158e-06,3.0151191848210268e-06,4.2432865864186885e-05,3.0230728541362456e-06,2.3585539168410735e-06,1.1333812818946894e-05,1.6129564592796104e-06,1.4432748856720144e-06,1
4.664234813736906e-05,3.431618413413502e-05,3.703139072049282e-05,3.262315562023379e-05,0.000441006895157496,0.00014096543966118035,2.4781672193928336e-05,2.3074498643071024e-05,1.0399385235445555e-05,6.0427901388694814e-05,3.93245826659059e-05,0.00020648703807818743,0.00020600572753046547,0.00020744965917363127,0.00020600572753046547,0.00020889359081679708,0.00020600572753046547,0.00022352820759420218,0.00020530097665799976,0.00020673996857401572,0.0002062603046020104,0.00020530097665799976,0.00020530097665799976,0.00020673996857401572,0.00020530097665799976,0.00019030864236925526,0.00018986504282059844,0.00019030864236925526,0.00018986504282059844,0.00019030864236925526,0.00019053951026796058,0.0001935029889590012,0.0001895178927355028,0.0001895178927355028,0.00019040346967405801,0.0001895178927355028,0.0001899606812047804,0.00019306020048972354,0.0001895178927355028,0.0001895178927355028,0.0001908462581433356,0.00020590106609877379,0.0001895178927355028,0.00018918942213437632,0.00019034233681026127,0.0001912296929875544,0.00019012711831328186,0.00019234817761462156,0.00019876852398605647,0.0001899148893682949,0.00019434170667717568,0.0001896998802786015,0.00019368880325354933,0.00019856415355626328,0.00020122343553956182,0.00019786575390357363,0.00019208553592926634,0.000196976489599834,0.0001903070073217872,0.00020328237262536098,0.0002055064199397016,0.00013124317294315808,0.00012132219703980709,0.00012330639222047732,0.00011767943478069266,0.00011698117165747165,0.00011563038100994075,0.00011576915325986617,0.00011630760191575724,0.00012309607521567692,0.00011201465917603398,0.0001269008310805624,0.00012400361797856556,0.00012458306059896497,0.00013530274907635312,0.0001251625032193643,1.1443911433131842e-06,1.1453711676465686e-06,1
0.00013707150227785145,0.0004962272527470511,7.212679003113526e-05,7.207400209976253e-05,0.00015780020231879175,7.181006244289885e-05,7.181006244289885e-05,6.206195753338213e-05,1.1660414140808859e-05,0.0009178976660327162,6.885393828602575e-05,6.732308827621646e-05,7.273365662542775e-05,6.605617792327084e-05,1.8856628892596318e-05,6.609139989757999e-05,0.00017902292025906904,0.00024183797999909325,0.0003894974501828234,6.246659858992491e-05,1.3856804439591726e-05,1.0296725913679894e-05,6.114690030560657e-05,6.10413244428611e-05,0.00013182062489639648,6.0513445129133756e-05,1.5620068820989095e-05,9.7864425770768e-06,5.8507503736969855e-05,1.040345426531706e-05,5.697665372716057e-05,-0.004619306782306351,-0.00010487446408035245,-0.0024837122064263807,0.00025181851402810465,0.004863486610278296,5.507628819774214e-05,9.430437961023407e-06,-0.0043807254355400695,5.4126105433032926e-05,0.00010813216461875519,8.77840787201041e-06,-0.00013525273532590703,2.433407063462291e-05,8.982300899759576e-05,4.821329009400702e-05,8.521564353018338e-05,7.793982374471877e-05,0.0002123298555614994,0.00021980226426307614,2.8858872423068033e-05,2.8788600620735123e-05,9.928425509623813e-05,9.278037230973061e-05,0.00097809509347217,6.7549849542035776e-06,0.0018053257849274976,0.001751369400364533,6.705291434397197e-06,3.9422909534071224e-05,5.076245102537857e-06,2.0358927244858512e-05,9.179921258318986e-06,4.0980313722326326e-05,4.163950604804549e-05,6.13137166699638e-06,3.274556639469976e-05,2.246566379337943e-06,1.1239948163108566e-05,0.00012024663028233475,1.1715452528237156e-05,1.3628955655686657e-05,2.6125972688077142e-05,2.142328972379178e-05,2.2642702962391584e-06,9.637204743442745e-06,3.678340470834989e-05,1.2680250870583483e-06,1
0.00012059907593474505,0.0001532122608867982,0.0002811627182777178,1.7083331891640234e-05,9.89726806991835e-06,1.0792301764276555e-05,9.836453923182737e-06,2.5487935016312892e-05,9.80869358142334e-05,0.00018476204698176984,1.9321436627646697e-05,8.9742615608448e-06,8.691995121024517e-06,9.570054953711664e-06,5.71579204261743e-05,8.658923537235062e-06,2.735319109451019e-05,1.7784867999500144e-05,-0.00010670920799700087,1.7769927628697718e-05,8.722571684078373e-06,-0.00018070408167421693,0.00029829115086714376,1.7756834867574928e-05,1.6983938419672325e-05,7.96430645870332e-06,4.240307009362689e-05,4.260372203635236e-05,2.111883489599532e-05,4.3673345023614056e-05,0.00016510711647506256,-9.415317595171459e-05,-4.4013519895025936e-05,9.00004201286763e-06,7.4901813764114734e-06,6.991288725316293e-06,7.271328863139634e-06,6.864452126007014e-06,0.0003043693223680999,0.0002558861336152363,6.813788076945339e-06,0.0002586004767366392,9.171408769630777e-05,0.00015975002337231657,1.3398737550790249e-05,6.52772704923828e-06,3.787904123045327e-05,-4.003325582875403e-05,5.9669049229476125e-06,0.00019282669714496133,6.937344482939434e-06,0.00011622809073254435,5.538950436729502e-06,1.132184015260126e-05,5.72761598434193e-06,0.00012218110956053278,0.00012226488960343038,5.718316505827526e-06,1.1687025735774968e-05,0.00767446850005355,-6.83186004482489e-05,1.6381142437654307e-05,6.253245803111353e-05,9.300369031248784e-06,3.1891308053354673e-06,3.157911004727772e-06,2.8809943557322964e-06,2.8251056221406512e-06,-6.5874826195906e-05,2.7692168885490077e-06,2.197320752710512e-06,1.2049592750326007e-06,2.254543426731317e-06,-2.650579061785657e-05,7.437822919486213e-07,1.339253122206785e-06,1.0024692607989899e-06,5.992632933864507e-07,1
0.0004313153620644683,0.0004897166608537896,0.0003523105031933815,6.479714650476849e-05,0.00022687153027326108,2.2054412226292295e-05,1.0767423101133568e-05,0.00022931101668702972,5.775222477530609e-05,0.00020746532383706393,0.0002073032732033306,0.0004399078853046595,0.00044038574998122367,0.0007627789725845018,0.000436720788530466,9.381126853328288e-06,0.00016561840812327595,0.04307157670250897,9.747152227767348e-05,0.0001925473451400362,3.2477013783794135e-05,-5.4267093442678244e-05,3.179305829618776e-05,-0.00010848729400872727,4.405794062755551e-05,1.8485402265379993e-05,8.6752804183678e-06,3.828448927453039e-05,0.00023914815849034846,0.0003396895568891001,8.06447959683255e-06,5.996066906124863e-05,8.041574566024978e-06,0.00016841112110733739,4.7104195855771286e-05,7.827794278487643e-06,0.0005632015925110761,5.4610074078817307e-05,2.0010862472888172e-05,7.66745906283464e-06,5.182124633307853e-05,3.184663523686412e-05,4.3897491542711234e-05,1.1132323871041762e-05,-4.357682111140523e-05,0.00015398861470507322,9.7853512383346e-06,0.00015664644272492796,-0.00012941475477666427,9.823047600260509e-05,3.245770457227012e-05,1.3818262579115266e-05,6.100000000000001e-06,1.3548637943425213e-05,0.00014383353148017303,2.3567452422796123e-05,3.8369322553589515e-05,1.329487358042281e-05,6.378175935618835e-06,0.00015145450270975276,3.439180564901723e-05,3.388890121280694e-05,8.049726959292258e-05,2.0094357500473108e-05,3.187728346796578e-05,0.0002757059033274449,5.1528655301092075e-06,0.00010611109067480081,0.00010611109067480081,2.727810778562252e-05,0.0001021217172249872,3.460866999069417e-06,0.00010018565621104353,3.1278970942678725e-06,0.00012334731795528444,4.526472922707557e-06,1.7737645726360616e-05,6.724743765733246e-07,1
9.773060973308172e-06,6.199439390110756e-05,6.199439390110756e-05,1.0324994316017434e-05,1.5604415467881498e-05,9.439272916930812e-06,5.5879594016370256e-05,5.566958193714397e-05,2.7760919374263848e-05,8.914920962382358e-06,5.0339104903176844e-05,1.834588233740798e-05,4.979303195218318e-05,4.9456987059264e-05,4.907893655472993e-05,4.7818768206283e-05,5.9785567362824966e-05,4.723068964367444e-05,7.828486720991515e-06,2.1766038128907625e-05,7.708790175745209e-06,7.708790175745209e-06,1.6372050356996078e-05,2.3143874259604827e-05,-0.00014204027094263388,7.1425973621594366e-06,0.0001490265170768949,7.139959968042453e-06,0.00016293774367344494,3.873966060554636e-05,6.718641709305074e-06,6.378430454220593e-06,-8.334282037367084e-05,-0.002442622968750098,6.752821435001908e-06,6.2106693524759845e-06,3.705969180252177e-05,6.162615560395091e-06,6.5050365730082865e-06,1.8477057178186806e-05,3.588536112357002e-05,5.616198323811687e-06,1.8811083397693065e-05,5.820357244414328e-06,5.444964597575501e-06,4.645710842198085e-05,2.860474361132379e-05,5.315226816285543e-06,5.224235430289267e-06,-3.179853896954018e-05,2.2937438581246584e-05,3.586829477353659e-05,5.090479879469759e-06,1.61961423582247e-05,4.097030316147259e-06,3.795215034889013e-06,3.4593491050697453e-06,1.98744465646429e-05,3.1654664164778864e-06,-2.4677763723676535e-05,-1.869566721456202e-05,3.1188040465199526e-06,3.0471415914347035e-06,2.2001867742533317e-06,2.235519357869405e-06,1.0694426516919481e-05,1.3502043328503659e-06,6.6329858809666885e-06,1.312778615774488e-05,0.00014330564407099812,0.00013829815672026033,1.5719804012020813e-05,1.3203413487217648e-05,8.056479520252848e-06,2.288720408244299e-05,3.1897773638690327e-07,1.0630055334069058e-06,1.2869822442990797e-07,1
0.0007131486794977646,2.4100414135262775e-05,1.1037365442251243e-05,4.141890728580393e-05,3.46515921761645e-05,0.0002016861787053067,0.0016495244651067741,0.00018062075277554387,0.0007062687096909289,0.00020106603885908342,0.0018160543027874643,0.0018335417970075957,4.752114848222828e-05,2.963223749548929e-05,9.515058208382167e-06,-9.309346634867597e-05,0.00029286467373255574,1.7077858332068557e-05,9.133643074097844e-06,2.712530671263132e-05,1.0768870265957215e-05,7.688135679679978e-06,0.0008393117468476451,1.5705009760350283e-05,3.0322825159228027e-05,0.0004898115396120757,-0.0016002600649794349,2.815279468879082e-05,3.6591683326647296e-05,4.492491058347771e-05,1.562882081746931e-05,5.472660050221877e-05,5.659694224148191e-05,0.00013876361278384415,3.273210429698922e-05,3.269857589309986e-05,6.967496814162469e-05,0.002122550438596491,3.609924134242551e-05,1.3600293156880814e-05,8.922686752898663e-06,7.3314095398476096e-06,0.0006685780321899482,-4.190186392356635e-05,0.001549114317407347,0.0076422504513073,2.8710404476724942e-05,6.656167441385942e-05,0.00013589675192829628,2.231180302380179e-05,6.6778408665100236e-06,9.691281915316814e-06,0.0002788570403939322,2.7087613540125264e-05,0.00011946951928884104,0.00041130843465246564,0.00020421608945304887,0.00012878893584157227,0.000611792091835985,1.1642893057986282e-05,0.0006734092220746818,0.0001578751965741265,5.200487855873876e-05,8.65339202348782e-06,1.2457808840896392e-05,3.7912280701754398e-06,3.3585118042614703e-06,0.00012054916966698513,2.5239005252472843e-06,9.556223428524824e-05,2.3858681169797777e-06,9.938561245227146e-06,4.174812895131148e-06,1.265078959229047e-06,2.6036458303812973e-06,5.4170060303934296e-05,6.588884025070214e-05,4.508771929824562e-07,-1
6.419565821780278e-05,1.0677053496451973e-05,1.2033838387592441e-05,6.352897202234805e-05,1.057334675493679e-05,1.0491862886603431e-05,1.0440009515845836e-05,1.553391382021899e-05,1.227995486567364e-05,1.9562636765653433e-05,1.0360760240308273e-05,9.959761451073626e-06,6.47699710410118e-05,5.52100278551532e-05,-0.0005799951269409747,-0.00046883400197826944,2.8073780956022863e-05,0.00017879535664914998,5.703297418506865e-05,5.5921098928021715e-05,9.305358151242995e-06,5.57431988868942e-05,3.9459439708648604e-05,0.0003711155661763898,-8.466476906934947e-05,9.016565993093468e-05,0.00014206032910195815,8.832555022360463e-06,5.2861992895071826e-05,5.277310140234453e-05,8.721440656451336e-06,1.3316116611329573e-05,9.32169320764724e-05,7.021416099930673e-05,1.1393472647922819e-05,5.999327941816034e-05,4.9472222437149446e-05,1.5775395722797427e-05,4.7782172046438095e-05,4.7782172046438095e-05,7.934045334218432e-06,2.3077518598873727e-05,7.748732791377274e-06,4.555842153234422e-05,0.00018390609411566972,4.44020712650154e-05,7.049349629902155e-06,4.369047110050536e-05,7.2743326817039134e-06,9.781490928741366e-06,4.075512042190141e-05,2.1317304814201338e-05,1.415508134676688e-05,1.659764232316414e-05,4.0997989146533955e-05,0.0003424362687815105,0.001394736433743727,6.473782496630115e-06,6.201577771954909e-06,0.00012354329650823338,-9.383266447916926e-05,6.06609490237957e-06,6.0907959433707244e-05,5.6492843791682195e-06,6.69229156515745e-05,0.000503798011710156,3.75946547502431e-05,1.0473748667540646e-05,8.299438372734178e-06,0.00029990560067465855,5.162674094707522e-06,5.302163048368517e-06,2.368043832448626e-05,4.099247040554582e-05,1.6393594444350474e-05,3.494285208053058e-05,6.889317590627051e-05,6.334064903313433e-07,1
1.3543534774033191e-05,6.431071293762541e-05,1.0695749823955074e-05,6.260155616275287e-05,0.0001967863770019145,6.192228089134517e-05,6.187699587325132e-05,7.237292506646614e-05,6.006559514949745e-05,1.211593209309195e-05,1.15628789337962e-05,-0.00023419028585617668,5.716735399149126e-05,-0.00013248308674746893,0.00011142127068489156,9.209143984657648e-06,5.5074202421721706e-05,0.00040235429781829916,0.0005523061534437955,0.0002987799497866313,0.00013126317788177575,2.5704298639515386e-05,6.634502577774507e-05,3.934384414737904e-05,8.621901627773203e-06,1.913479923009737e-05,1.5709481092101423e-05,7.884851967952573e-06,4.6722480445817364e-05,4.609072359454255e-05,4.604559810516577e-05,0.0003132666762516837,-0.0001750060478533108,4.442108048760193e-05,1.1710194398171702e-05,7.045695753358181e-06,0.0002448826861150435,-0.00036579323643705293,7.125239563443553e-06,7.385325417146157e-05,1.3832015006627125e-05,0.000248839013720794,-0.00015550953151846422,6.485961797272597e-06,9.337029117174796e-06,6.992685823021248e-06,5.737856638883215e-05,0.000144176650587302,0.0014722608810971358,3.620037853971041e-05,5.944455924751318e-06,1.2657183570363775e-05,1.6496627021962607e-05,5.538326520360356e-06,5.538326520360356e-06,1.408574489937005e-05,4.853923264812626e-06,2.85369082269777e-05,2.7408770992558373e-05,7.658471346113219e-06,2.6055006311255172e-05,2.596475533250162e-05,5.808040500133147e-05,-0.00095686721325308,3.951413477277159e-06,3.876266514641703e-05,6.835666692078262e-05,1.2798492172381118e-05,-1.9134540888616028e-05,2.862502892039612e-06,1.4515698764396247e-05,-9.664091848220518e-05,7.831223774102074e-06,1.5856243388656362e-06,-0.00015907374990241653,2.9130450210614277e-06,-9.66384708965081e-06,-5.420243571694347e-05,-1
-6.270679276017038e-05,0.00011028901578100821,1.0249443474960181e-05,-5.7461495666139546e-05,9.569927433181328e-06,-9.562938922006066e-05,-5.733570246498481e-05,0.0004582062248637006,9.011979390194403e-06,0.000440109625410399,8.511449139524121e-06,8.297475351006233e-06,8.125034770514605e-06,0.000997005417432265,4.9245509262753265e-05,4.949740840893208e-05,8.130513800618022e-06,-0.00028805020715702437,8.159100988894413e-06,-4.608218086728517e-05,0.0001300890890569176,4.387040308963236e-05,7.207702446509387e-06,7.762445971785214e-06,0.00017102710048836657,0.0001146729228721218,6.770170499973047e-06,7.645144817104042e-05,7.352179456646341e-06,-0.0002406257298507591,0.00021636754008244968,3.056224712865538e-05,-0.00010113564861262563,6.979372433196843e-05,0.00017372009845936526,4.256985910789537e-05,-3.6714493365566514e-05,6.648767131096883e-06,4.00636821040849e-05,0.00010646739666730539,6.085374081431918e-06,-4.55234363592263e-05,5.829844398076787e-06,5.829844398076787e-06,6.424095435940893e-06,-3.622383987759456e-05,3.469024841661431e-05,6.104773955682606e-05,3.2330068199324616e-05,5.309110937814845e-06,5.196823746225209e-06,0.00013476411902200257,0.000277375096866322,4.945065012889329e-06,8.735537732478118e-06,4.229188926441787e-06,2.440946945353645e-05,2.4073586286540168e-05,2.3758148984295907e-05,6.3611243460198485e-06,2.36117469319203e-05,5.1162429943152575e-05,3.679176930049116e-06,3.1899859377719452e-06,3.025216066430649e-06,1.7238584315395406e-05,1.5212698989127226e-05,1.1728362060771469e-05,1.8777637446428085e-06,-1.873785256455365e-05,8.495355157009632e-06,9.677593284972695e-07,3.6656039708219564e-05,1.287711266667027e-05,1.7788805860593562e-06,2.698174762616116e-07,1.064598362400517e-06,1.0059895716349514e-07,-1
1.422783323833564e-05,1.0414179798490606e-05,2.0206556186141745e-05,6.0449155434796575e-05,-0.00012747108455937498,7.070532967056515e-05,9.110789280831753e-06,9.225316213749095e-06,9.164533283640306e-05,5.496518644547204e-05,9.894760870093154e-06,5.153928953153994e-05,8.8399161906068e-05,1.1708090889221263e-05,8.671906796549228e-05,7.68808566077681e-06,4.0698033473322424e-05,4.02665783033991e-05,1.4372757084170062e-05,5.880287833260389e-05,4.652703705767147e-05,7.48433952318301e-06,4.226026322217889e-05,7.846472442812103e-06,7.29755845929456e-06,1.2867968798953228e-05,6.880162081778016e-06,4.9406197917148335e-05,1.338911983566113e-05,1.427461960384972e-05,-0.0001483168529456014,7.4575853157851874e-06,7.850997303900067e-05,6.68873655925499e-06,0.00015743014875353026,6.812348985810346e-06,5.5023971229871644e-05,0.00012300509772431844,6.548482022579453e-06,4.6153186736893537e-05,7.508512193275308e-06,6.502907015115349e-06,6.6646507441962134e-06,4.232113852422984e-05,6.301783213836237e-06,3.764119208533507e-05,6.176005125589808e-06,4.827345536345246e-05,0.00026794121992526046,3.6624148899241014e-05,6.0828364168298775e-06,6.274338280356048e-06,6.231598061189944e-06,5.968115317199442e-06,9.135595078405243e-06,-6.522626887482357e-05,2.6644196357737586e-05,5.411870426003941e-06,1.0016114443235703e-05,2.3626549412872653e-05,3.0055744989050274e-05,1.5808568647543375e-05,4.251566947659843e-06,4.031973309219634e-06,-2.0256924903252355e-05,3.2121827041343283e-06,4.994474638949244e-06,2.4374847182282726e-06,2.387317022300887e-06,2.393926576068867e-06,3.3502452018145226e-06,1.1746940145739318e-06,-4.4343656225491665e-06,6.140666684059727e-07,2.3352676346782456e-05,-0.00011339435079584159,9.681088885335091e-06,1.5008213273717738e-05,-1
1.014659384849551e-05,0.00031472348767872053,4.107525283524075e-05,0.00017646466428613249,0.02509964433497537,5.811272289112908e-05,5.763717223178091e-05,3.505425580176567e-05,1.4780438452904945e-05,9.761047743976733e-06,-0.0013105958587434155,0.0013758111456660263,-0.04810700691790788,8.567992870100917e-06,8.871870293080325e-06,7.981361179193692e-06,8.284031087549492e-06,-4.7143216589558137e-05,8.092077184944256e-06,3.1854828728095734e-05,0.0009598373310629135,0.00018428122382537564,4.5770493444276715e-05,4.529516236933686e-05,1.932310430813181e-05,4.473340746258975e-05,4.473340746258975e-05,0.0005810284189937408,4.4128440639939035e-05,0.00010910784341006211,0.0005452764747364138,2.0119730257954772e-05,4.265923549921585e-05,6.888836771841904e-06,0.0005708287239588882,6.797623305033568e-06,0.00046223613330423276,0.0004987021124182182,0.0005074358439696874,-3.9584743370129964e-05,6.75398770766815e-06,0.0019908599442427163,0.0013696641430462385,0.0005009885337243241,0.000125569263932785,6.652930903971434e-06,7.005469677300434e-05,2.643048424615201e-05,6.285743222924678e-05,6.377398135096569e-06,6.254906166866249e-06,8.296963512642008e-05,-0.00011213535732256286,5.866318918103229e-06,7.567931497922309e-06,5.772959512758967e-06,0.0006983592688265838,5.667125567083182e-06,0.0008890379803809213,7.5911766716479e-05,-3.357562679441946e-05,5.902969452263845e-06,5.066205119481724e-06,2.955772768411609e-05,1.0245236804042959e-05,4.03575649241602e-06,3.764530056586553e-06,3.5302186875890066e-06,7.968746254557481e-06,3.1197379916510916e-06,3.054392948863846e-06,2.5793862250256846e-05,8.332834959310872e-06,-0.00018613978571681403,6.3846324899109325e-06,5.9769100236693466e-06,6.22159662494905e-07,1.818107293623049e-07,1
1.0640008324271504e-05,6.0922190981823526e-05,6.0794321384430734e-05,9.75588197174856e-06,9.642220107399406e-06,9.329649980439239e-06,9.272819048264663e-06,-5.636042931069611e-05,1.0338112131247589e-05,-0.0001211762529006124,8.72582132608437e-06,8.61215946173522e-06,-0.0020744901486117926,7.575276012281944e-05,9.685062191564876e-06,8.99748866064545e-06,6.382763667499073e-05,4.721278622311467e-05,4.6024354770389605e-05,7.767162545678652e-06,7.570793041583978e-06,4.512970184331414e-05,4.512970184331414e-05,4.508709932297721e-05,7.514332570003991e-06,4.4448061517923295e-05,7.393809412874908e-06,7.365407732650288e-06,2.4868090822018166e-05,0.0001358118190216947,7.102692190572568e-06,6.875478748775621e-06,2.456306767367068e-05,0.0002618428784093749,1.2234420035766092e-05,6.363966480446928e-06,4.0047956922887715e-05,-0.00017090104997173944,3.45625509062509e-05,1.9010981732587584e-05,-5.6255462580532075e-05,1.532457788037907e-05,5.453657155925617e-06,5.650463223826376e-06,3.518562417225659e-05,3.2231564704879283e-05,0.00033561285662168407,0.0003363108632380115,0.0003309952743905955,0.00033507592845527853,0.0003381901118204312,-0.0021004142687838794,-0.0020890055571966314,-0.0020849789531070147,0.0003354652013759225,0.00033472250648815065,-0.0020958084906572945,-0.002099123798768135,-0.0021100643155339107,-0.0020656391868486422,-0.002127303917710283,-0.00208652562794694,-0.002100781452823556,-0.002094482367412958,0.0004514931484392785,-0.00019069966150804448,5.002586130416707e-06,2.6606212286532468e-05,4.151159074435195e-06,3.360231403149275e-06,2.288745492379042e-06,9.693598661958877e-06,8.544607674062208e-07,4.018919859462504e-06,-1.9530273059139415e-05,1.897212739646516e-06,2.0187306144003318e-05,6.037380491810373e-07,-1
1.1315472019337912e-05,1.0746751480842792e-05,0.000895751137820196,2.8191073759716344e-05,8.049787725355192e-05,1.1351807502554757e-05,8.396420534180062e-06,7.935304489346161e-05,8.304644030451658e-06,8.259124542347849e-05,8.24816618200341e-06,8.07167290560263e-06,0.0005998362894139969,4.7921736797581535e-05,1.0761529507051466e-05,7.92882245523208e-06,4.0812377084016174e-05,0.00015413372166514513,0.00015494135651151916,0.00015316832680035923,0.00013042245198922835,7.56337226956839e-06,0.0001630609699507365,7.485715227952048e-06,4.457542427702278e-05,4.4236557186333294e-05,0.00011649572843723427,-0.00011615686134654478,0.00011593094995275178,7.231564909934927e-06,4.279637205090295e-05,6.970354860861774e-06,6.9562353987497125e-06,0.0002882282200107374,0.00019417504416888482,0.005455738036694401,0.0005535809995163407,0.0004009628527267932,7.393284450448515e-05,7.115859260569044e-06,4.044760115146096e-05,6.296844317950453e-05,7.17216457459877e-06,6.574718802137032e-06,3.964942977986397e-05,1.2449680828719208e-05,2.002273423834016e-05,3.888721761757511e-05,9.427782291580835e-06,-0.00010094295114030748,0.00046029347398120977,3.671227473943906e-05,4.5726468760593915e-05,1.1870004597861686e-05,1.1140904303697068e-05,1.1411475358366073e-05,2.9329553782814646e-05,5.907918807121588e-06,6.1204390536781515e-06,-5.841622731001778e-05,3.589531876962421e-05,1.6972820975418892e-05,6.224878212884573e-06,3.1515875192106875e-05,9.168811888136464e-06,7.019980419783007e-05,2.6516903102203045e-05,4.419483850367174e-06,5.530678882533914e-06,2.1986921571507694e-05,4.147859561882976e-06,-2.488715737129785e-05,3.3112066324347186e-06,1.923305450916367e-05,2.888020180474628e-06,2.5471517347509603e-06,1.914387540357614e-06,1.9291229758444063e-07,1
6.081979819264097e-05,6.03569286297477e-05,5.955742665747748e-05,5.88000037363794e-05,5.871258726389144e-05,9.526486790111152e-06,9.470381388548327e-06,8.521234298307209e-05,9.175828030343516e-06,5.2951015623455324e-05,8.603631573994638e-06,-6.871225629372793e-05,3.976390250706309e-05,3.532032188781486e-05,4.1909156227249936e-05,1.1375822681799148e-05,5.249278623215534e-05,9.487866603796393e-06,7.783608317213457e-06,7.670140683443232e-06,1.3241226446622749e-05,7.55712780203593e-06,7.935503940226845e-06,1.4588110550721541e-05,7.314810785065255e-06,8.314310070748349e-05,6.682209371323629e-05,8.3909880458081e-06,0.0006794530814480584,0.00015144823748415004,8.837522718598337e-05,9.646054247299064e-05,4.575126929688485e-05,8.588527406903572e-06,7.0597185719658785e-06,6.632476033430339e-06,0.00044146282021755755,6.006298841902301e-06,8.199603758984243e-06,5.90147189621652e-06,6.496654335046395e-06,5.791058843224377e-06,7.946261652367771e-06,3.4501008135172326e-05,5.557728981568434e-06,9.803973993652313e-05,5.515036225762956e-06,5.85684453341668e-06,9.206749617195447e-05,7.532816382675992e-05,5.427239209671596e-06,1.763599529444491e-05,5.4989964904919575e-06,-0.0003395775547001859,5.33962119848563e-06,5.430992523316984e-06,5.585503950870063e-06,3.063678595548049e-05,0.00012921100364083658,0.0001287541094683668,7.064072380000779e-06,4.247312435919781e-05,2.7721110607168757e-05,4.087473903966598e-06,4.282346546671484e-05,0.0002611876713570631,3.879713230806232e-06,1.0942391662998445e-05,3.533968745023124e-06,3.651875463629902e-06,2.974815730035092e-06,4.778406202559915e-06,1.6234112594590767e-06,2.347227253755744e-06,6.830702718492097e-06,-4.135581836782069e-06,2.903329227728124e-05,1.3200531926942735e-05,1
9.872849333132963e-06,9.714539397887503e-06,0.000155399908797346,4.180342008951426e-05,0.0010480909706277479,0.00145575893527018,9.09433092516561e-06,9.382762805340566e-05,3.758898273735506e-05,-0.00010571969610999253,8.965715241746024e-06,5.572032104471345e-05,8.441604970961748e-06,8.61202363290648e-06,1.2135788892960097e-05,8.673474407154556e-06,2.9182300763991646e-05,9.582345919286485e-06,0.0001875082955866028,-0.0018326518088668128,5.016273778844503e-05,5.4100523781331506e-05,7.4899395911692865e-06,3.1232852054534365e-05,6.876331074106303e-06,2.580000200214359e-05,8.523351061695159e-06,6.7284476396938084e-06,-0.003145967054891267,3.7356206970170365e-05,6.669154614140322e-06,4.3977065563834746e-05,-0.001330026900472351,5.868005258933171e-05,6.377243372671466e-06,2.326601105912081e-05,7.4316591601582245e-06,6.251878707628028e-06,-0.011391151741436763,-0.0006475999371684545,-0.0006458368567487869,-0.0023930771351768744,0.00010612910724005299,2.2949868469597788e-05,2.248650643474417e-05,5.915215778688781e-06,5.868904330687619e-06,5.453936658092385e-06,5.0452077145050396e-05,4.674422434000041e-05,1.9848534212539606e-05,-0.0008161118999820828,-0.0007872532431726925,-2.658731136984688e-05,-0.0007646667097204837,4.173482935655148e-06,-2.688792161274615e-05,3.665072245570334e-06,3.4010968412660185e-06,3.194336509478184e-06,2.8463831916592814e-06,2.5021442159439718e-06,1.4928610923546847e-05,1.4170321574494043e-05,1.1726944783101663e-05,1.912363611125121e-06,1.463006959834569e-06,5.4312278128318205e-06,1.6048051576363515e-06,1.1927403621275565e-06,1.2572478980289644e-06,1.016432251976279e-06,2.6116101666982936e-05,1.7003154651902687e-06,2.4126761844021777e-07,1.7809017980297716e-07,1.7809017980297716e-07,6.05112060629039e-07,-1
1.1702467861507031e-05,9.745546485773354e-06,0.0003403743079963589,1.4729889394698454e-05,9.60246738948082e-06,9.817493897659378e-06,1.0520513467723656e-05,3.8691092514975105e-05,1.0700858711739906e-05,9.173230100603219e-06,9.094536597642327e-06,0.0005565179409610618,0.0005391186537629269,0.005107820865874588,6.153145161290323e-05,8.846291118383748e-06,9.192080377763267e-06,5.001730432375137e-05,4.967391449264929e-05,0.0003529783482796734,1.0065743490486212e-05,8.100136878409213e-06,9.702414228850066e-06,4.834327889712873e-05,1.2488618141792934e-05,3.241137750259324e-05,4.657592396063103e-05,-0.00545204832703546,4.60609219449596e-05,0.00010940609692450196,7.590986654881363e-06,7.58383384910815e-06,0.0002091350513020333,4.4909380586107917e-05,3.0973756192258865e-05,9.49302344706789e-06,4.3407050075036314e-05,1.1513914072467828e-05,7.180655601480597e-06,2.777530452573447e-05,3.051662231797705e-05,-4.117404628999738e-05,6.798117102147157e-06,8.68322743422964e-06,9.632597047819376e-06,8.127099043228605e-06,0.0001305379335703815,3.851374498183166e-05,-0.0009916618024166713,6.240108626606277e-06,8.970041223882983e-06,5.993203320308674e-06,3.370424971420928e-05,9.7083928981464e-06,5.8170908231242276e-06,2.8195694932559153e-05,0.00010001542926080978,3.267086953750252e-05,8.999150334887202e-05,5.119166608260892e-06,1.7067812454166177e-05,3.6899585647853205e-06,-2.2487678600505063e-05,5.245812390042771e-06,6.919774136790337e-06,4.11325845793412e-06,3.283878865729791e-05,4.002381718556022e-05,1.9461621026351096e-06,3.0781636675559743e-06,7.900249902891065e-06,6.0535062905053495e-06,2.2451745769124958e-05,7.570047129496227e-07,3.29568226882437e-05,6.718362854936192e-05,-0.0001502820965250354,1.3915095677139368e-06,1
2.5656375015929256e-05,6.08373390607487e-05,1.7429453015389374e-05,0.00010322327953249841,9.980981464947196e-06,9.946802848381937e-06,6.642197612896525e-05,-8.298377008008923e-05,9.697873464779821e-06,9.868324776174542e-06,0.0008642963678045686,5.775917310098175e-05,0.0016080832316619264,0.0008281304772580328,0.0008160098162719331,0.0007950989615856556,0.0007996636023572282,2.116458589729064e-05,0.0010684409448647049,0.0007831462673729868,8.937308150665803e-06,-5.33500759177007e-05,2.6976400135293437e-05,0.0007813373868021281,0.0007804519643526461,0.0007891577932775151,0.00882288783846575,-6.078693454431743e-05,5.122497486331278e-05,6.068623557215754e-05,8.482294778427318e-05,1.3753947293791215e-05,1.0510834175709904e-05,5.1022188839981636e-05,8.211951789214225e-06,4.995236184929176e-05,1.0902726731093548e-05,-8.1370095539717e-05,4.905370717711226e-05,8.343882265346773e-06,1.4125997155286491e-05,7.922188379113857e-06,7.89367334850425e-06,7.725245155424012e-06,7.537235465884173e-06,7.4802054046649595e-06,7.451690374055354e-06,7.357838916122929e-06,4.371937648330409e-05,4.303512526181054e-05,4.2222576936286936e-05,7.008585688485593e-06,6.855521595328973e-06,4.115343440270325e-05,7.356220722632472e-06,-3.8673023724789095e-05,3.8544726620759054e-05,6.396567461301596e-06,7.751473392026597e-06,-9.629556637433811e-05,1.7513665741031347e-05,5.605296146565813e-06,-0.0005908089758780394,5.332571634482204e-06,5.091611179630339e-06,5.30564504629417e-06,5.186697740410883e-06,-0.00010690449940655287,-4.8673570450873346e-05,5.639298446980514e-06,3.6676932412918007e-06,3.1595711538564207e-06,3.102993975089138e-06,2.801851488413578e-06,4.520242604386244e-06,1.2185299011246955e-06,7.457909554675403e-06,4.131529025176332e-07,1
9.299563371842734e-06,8.910187302785474e-06,0.00010698007357767127,8.9967977001239e-06,8.563253348184187e-06,1.293613667871469e-05,4.946591224621947e-05,8.15926947024166e-06,8.138529340809433e-06,-4.840672909667792e-05,8.110177775911078e-06,7.94715627774554e-06,7.556837371555437e-06,4.534102422933262e-05,1.254363017704178e-05,1.6808352241543434e-05,4.321479329279301e-05,4.3129744055331426e-05,3.873498718677088e-05,4.210915320579241e-05,7.327281496550818e-06,1.377018515220755e-05,3.7541820514383934e-05,4.2300013250897726e-05,-3.908990527590616e-05,3.5432174014391305e-05,3.862213446986745e-05,-3.839081953296155e-05,3.764406823905923e-05,6.2314867544457456e-06,9.474009401841899e-06,1.2350170667056878e-05,6.051869681933935e-06,3.492249264028851e-05,3.402947564694188e-05,3.287920109288886e-05,2.693624417195879e-05,3.178624072416062e-05,3.198624140049375e-05,-6.849158980491356e-05,5.332204102147472e-06,1.4046454589049376e-05,5.175632444563499e-06,2.9900749939755327e-05,2.977319245526339e-05,4.72125682739246e-06,4.707083773560022e-06,4.565353235235646e-06,2.7179523603927304e-05,4.381103535413955e-06,4.565767784881517e-06,4.342324361546295e-06,4.196853835592267e-06,4.083469404932766e-06,4.033863716519234e-06,0.0003802585532973003,0.00037936084043185554,0.000380137240747916,0.0003782447649775187,0.0004025647956005661,0.0003744281389259788,0.00037660801908353077,0.0010462853318128295,0.00037411815634494046,0.00037524338277488024,0.0003754349106778488,0.00037644043216843333,2.2033291011699446e-05,0.00046759509470201935,4.3854161505526e-06,5.435076125498585e-06,3.2257926233705554e-06,3.2045344069302684e-06,2.0846673941074006e-06,1.9679152137138763e-06,2.325490858024996e-06,6.904361945073052e-07,2.89000974996916e-07,1
6.975978215719759e-05,1.8374954787379483e-05,1.1312240238320835e-05,6.709955805463369e-05,6.330155287850128e-05,6.555179130405106e-05,6.526158503831681e-05,1.0812440558445193e-05,1.0691521281055925e-05,1.0506111722392382e-05,4.4606090016197566e-05,1.1272511049926966e-05,1.600264254499511e-05,7.027197725077017e-05,2.8199794263022982e-05,8.535901244699662e-06,9.158025776979e-05,8.841914959550077e-06,1.0196545702787508e-05,9.273613546216936e-05,-8.965937581567912e-05,1.0030959368563043e-05,0.0005586285168204912,3.6987699058946977e-05,7.039116304296214e-05,6.465207723002434e-05,7.573332989447222e-06,0.00010307535467780134,7.305882352941177e-06,0.00027057159061159885,0.00030474131816016193,2.2790390736070127e-05,0.00013957598388596217,-5.702719846973264e-05,6.78098997571983e-06,0.00046140266466673444,0.00010116106738629362,2.080129787272827e-05,4.045184067627143e-05,2.8242252885831502e-05,1.211449938908503e-05,7.442578958569166e-05,4.942735176500102e-05,1.4765932741306245e-05,7.129236072515497e-06,1.4384461234533044e-05,3.0165770481359113e-05,-0.0007976100582809391,1.3770789680158768e-05,1.9985769372132476e-05,1.3704446809415604e-05,5.9424689393918835e-06,1.3555175350243482e-05,1.1975826344753068e-05,9.269139156100895e-06,-0.0002740318916286688,6.0056211675605765e-06,9.166324965394844e-06,-0.0007102660295354583,-0.0006361056495483227,5.790490867136535e-05,0.004850869467827747,0.00012585895111817745,8.525815427015409e-06,-0.0007240318201033127,6.288551203931058e-06,2.322105767215734e-05,0.00037086098299198765,2.40044198415047e-06,2.0255802657981083e-06,1.9355952248439876e-06,1.120506924327861e-06,2.9892342274981708e-05,1.0495247950105413e-05,0.0002569360421198064,2.141043958636669e-05,2.980696741704943e-07,1.0009540124722065e-06,1
0.0010514197069874558,9.654273197516685e-05,9.195202070509552e-06,0.0008703446152204033,0.00012097207103897587,-5.273530188984149e-05,8.570769057813322e-06,8.542899547820949e-06,0.0013169415130067697,8.109806620209524e-06,8.010411294472462e-06,8.003311628348385e-06,4.6698782211906994e-05,7.709483517122366e-06,8.594217639987317e-06,-0.00022930645311196004,1.096230256438582e-05,-0.00037384102885321124,0.00016334981640234376,7.262110175823073e-06,0.00022220339119271922,3.228409718277878e-05,8.17311214584541e-06,7.091869424990166e-06,7.84751464000012e-06,6.690276797396817e-06,0.0004655519897515668,6.633514887500162e-06,6.98554367077485e-06,0.00047500121139391655,0.0017111873961149317,0.0005902122042883217,6.574098881030506e-06,6.415851208090459e-06,0.0004714785538448574,0.00020141205848874766,3.743359829949377e-05,7.236100034839354e-06,0.00016153177771776738,0.0001576269665548879,7.203424119578187e-06,5.983512985596553e-06,5.919585876327106e-06,2.9676502787248852e-05,0.00012402649087747033,1.3653325561428611e-05,6.4618816117120636e-06,5.993246261798003e-06,0.00030135237664324633,7.037848518078695e-05,-3.287782032927629e-05,4.458221931798612e-05,3.349595858329099e-05,1.9836253356931386e-05,3.2561968534202022e-06,3.1838131894347403e-06,2.2729552375755713e-05,-1.3345776501617265e-05,1.0034176070814598e-05,9.547530729729863e-06,8.827058329137678e-06,8.699916140797882e-06,1.2086631351424485e-05,7.979443740205694e-06,7.894682281312495e-06,7.131829151273709e-06,1.0544325486313874e-06,1.4420668466947119e-05,1.0320917943035543e-06,3.741370795545776e-06,5.758116072870345e-07,4.925704129409602e-07,4.163066809167218e-07,2.254477247032575e-06,2.98642873500369e-07,3.162191460950882e-07,1.1497830793340118e-07,-6.460421179500814e-07,-1
5.9543226157571195e-05,2.9109583404621673e-05,5.3065577735046985e-05,8.197918650523508e-06,7.153824003471909e-06,4.266724737257392e-05,7.040181048690782e-06,4.472364257596844e-05,8.370158642932342e-06,7.766727944418961e-06,0.0025360454653529127,0.002510097813280743,0.0024538060310006333,0.0024366526231315746,0.002420375431123241,0.00241028337856538,0.0024066848187202275,0.0023921266269119764,0.002377446938780101,0.002361447295257144,0.0023552065659801142,0.0023523860082940145,0.0023487722964650568,0.0023104792669791396,7.125455737578109e-06,0.0023069940628032805,0.0023055767000134146,0.0022881602671271798,0.0007406935164133314,0.0022597008225461045,0.002205932719680253,0.0022210107840407813,0.002190422594661036,0.001351479657869501,0.001337911837500601,0.0013269042636819624,0.0013268247668747244,0.0013206906815984591,0.0012001995182391587,0.0011996242378727953,0.0011598494011679002,0.001147496546874543,0.0011300120473776475,3.344992875420656e-06,0.0011228177417863965,0.0011172279003000482,0.0011136457062279179,0.001115577473343659,0.0011106528593193572,0.0010935112677896435,0.0010818117971024897,0.0010816834461560836,0.001075729578797543,0.0010680974979771982,0.0010688651177511688,0.0010629278804340486,0.001050333713518485,0.000493019785352323,0.00048525937638750795,0.00047720427068824066,0.0004520067253590633,0.00045216927589925146,0.0004497943019958283,0.000446273509664504,0.00044168693710885644,0.0004381944736007461,0.00042331527327750713,0.0004224723574586135,0.0004661232803605881,0.0001404739961827753,0.0001404150770811671,0.00014009774065293896,0.00013952874447929558,0.00010911578148173828,0.0001068124585713905,0.00010378568165628945,3.373187583309943e-06,6.047886828661766e-07,-1
6.383524277486946e-05,1.0234410890962621e-05,1.0339320993283508e-05,7.899254885725366e-05,0.0013907990007446585,0.010584058505694835,6.064398678596661e-05,0.00019317985246607869,0.015303929298606368,9.873859665048669e-06,0.00027037786998226963,1.3642188264592815e-05,1.4040943637753407e-05,0.00019332455873154842,0.0021151446876656117,1.1032621073418291e-05,0.008534467952146803,1.2086377489030371e-05,2.9723496406537105e-05,1.472254674049896e-05,9.128953922259224e-06,0.007038833520462203,0.0052999569446276484,0.00011245948114325672,1.0625962318442584e-05,-4.6193813675315585e-05,1.2891763726136395e-05,-4.5459378480103655e-05,-4.126877766036494e-05,1.1769134496599798e-05,7.1131170518267015e-06,-4.221843051467052e-05,6.947486847142682e-06,-0.0007425169815280741,3.1481661941675395e-05,-0.000316798142390422,-0.000287932854456123,3.815949491199889e-05,-0.0006948809208404736,-0.0003097158505263495,6.477241556333338e-06,0.0005441253582069382,3.427394082177192e-05,5.988640754736265e-06,6.082770655340196e-06,1.390818452173842e-05,-0.007442966681208079,-4.494604664380128e-05,0.00020285287978410787,8.57365259422934e-06,4.042296036974034e-05,0.006046983726788662,7.325636232968763e-06,3.122533520649159e-05,3.156701090762246e-05,5.137162443578309e-06,8.827643300035129e-06,0.002093096787996518,0.0018466969041127466,0.0004575627042569621,1.991483522091652e-05,0.0014932841434922883,0.0011176269447355466,9.475642862974097e-06,2.1718179599262397e-05,1.3330875628745165e-05,1.744793844917701e-05,2.744890253158185e-06,1.156235214227661e-05,9.513089893141666e-06,1.480495992053329e-05,2.224608398648407e-06,1.2332545404803892e-05,1.5735393821278185e-06,9.040901184946404e-06,5.515945073422966e-06,7.388600573095582e-07,7.822582234396966e-07,1
3.703796317518527e-05,0.001561054355950591,0.0001301989907030594,0.00016004399694197327,1.0958185940457473e-05,1.5058209183283675e-05,5.3322884936047105e-05,0.0023340626463350172,2.4500535768665014e-05,0.0004436788107458574,6.371070041611116e-05,0.0007078051642749407,2.3279550832383715e-05,0.0002514621840926781,0.00036893015599088596,1.1300435480174196e-05,9.145183623707254e-06,-7.67337043577071e-05,8.147027597627939e-05,1.2961325874107816e-05,3.0065260583287334e-05,6.110440977558331e-05,3.334150331333704e-05,0.00020567275973051228,7.73380281690141e-06,0.00011755487030572609,8.467226969425998e-06,0.0002643161626511709,0.00024164265381424458,9.061123080449236e-05,7.709902044020469e-05,2.624318656995068e-05,9.266163610127415e-06,3.765699059330162e-05,4.812550093132713e-05,0.00014608609228275506,0.0001666043300524363,7.11911345834961e-06,0.012536233802816904,-3.976355847669099e-05,1.0855194395035507e-05,3.921519887143166e-05,6.933852466160707e-05,6.413751252261066e-06,0.00010989880855829723,5.802745774056056e-06,4.959247836318853e-05,1.9941929412828103e-05,8.557978472281696e-05,6.20820489045014e-05,-0.0010381878277850895,0.0001392553998459213,0.00011159677771635814,3.766833508002666e-05,9.557626943524679e-05,4.1666245928470206e-06,6.266323404557532e-06,0.0007669215835846402,3.656751659959985e-05,0.0005506220068167564,2.7643884633295365e-05,5.276349025469189e-06,7.679682682885502e-05,2.0121679632201265e-05,3.5583512227771087e-06,9.78230806960923e-06,-5.869384841765537e-05,0.00012390270663723842,0.0024640288301433634,-6.583484445251277e-05,3.01906223804743e-06,0.0012925089720537298,1.9145986469662196e-06,9.113992694080922e-06,2.0834443285889993e-06,1.0107755248735903e-06,0.000511030466825708,2.227156659876749e-07,-1
-7.682086906594598e-05,-0.0005315248886141906,9.573050649311774e-06,1.0094835069191136e-05,1.1524938690461956e-05,1.111051353656789e-05,-6.91405926080531e-05,9.48196204614901e-06,8.893083385266027e-06,8.957588885281626e-06,8.586937968931217e-06,1.314737757766747e-05,1.2834415411436511e-05,1.264572945994036e-05,5.0901014786072844e-05,5.031451279179547e-05,8.235562700337358e-06,9.147213954215548e-06,8.997807558529837e-06,9.543147960560148e-06,7.24736582692455e-06,2.909587218260928e-05,1.7117099221575714e-05,2.9707733298769632e-05,2.9039772943966675e-05,2.77296009694366e-05,2.7598319788346e-05,2.7649785616779075e-05,2.7311926481278154e-05,2.706275426120411e-05,2.660625538434115e-05,2.6418921653883333e-05,8.527119769061347e-06,1.3075325924899326e-05,6.319398988076489e-06,6.1596599022778676e-06,6.113464139087516e-06,5.90473827360363e-06,3.564181574651684e-05,5.719024278359213e-06,5.83217136510197e-06,1.3254899956394558e-05,5.430877948496662e-06,5.5651947034325505e-06,3.0341873090110192e-05,7.507931550743104e-06,3.0119163763066202e-05,3.02499951843861e-05,7.229763242154011e-06,1.3908951448417438e-05,9.87598679881378e-06,1.6791063487989563e-05,4.67865723443398e-05,0.00031437344543899695,4.316070409573542e-06,3.816739243342667e-06,3.896969643504985e-06,3.5067627445963624e-06,3.3385932434153424e-06,2.722238744339636e-06,2.527876353897767e-06,2.4286969411398053e-06,3.527816292890799e-06,2.7792646228112937e-06,-9.85307776359825e-06,1.8596451154427107e-06,1.39855728829587e-06,9.24290809073429e-07,3.0276065038032596e-06,8.842786337113718e-07,3.899653290124799e-06,1.8798360011425097e-06,6.382027092572953e-07,1.7042295386518612e-06,1.7440137987286802e-06,5.524142770340713e-07,5.203786951491091e-07,-6.038594839098115e-07,-1
0.001188303892320802,7.66760043475257e-05,5.753023650956479e-05,8.067129329070742e-05,1.0003692092012649e-05,9.233282531575182e-06,1.7160363049767483e-05,8.90035166487316e-06,8.918281376681346e-06,8.847745442480001e-06,5.561109500339884e-05,8.782557762353383e-06,2.4740244763253953e-05,9.191146747911165e-06,8.10711813336587e-06,8.016118127019645e-06,7.974148542696406e-06,7.925477341150613e-06,7.92435681274208e-06,7.895510330761834e-06,7.833555634929977e-06,0.0016781178116691425,6.0500670987929356e-05,5.963416180751123e-05,0.0010238881776441617,5.9416461924964345e-05,0.0013152656822640362,-0.0001065322838268045,5.4114985910562876e-05,9.915784554884521e-06,7.51034480763599e-05,8.906297422341622e-06,1.4355657453100473e-05,7.190150988748377e-06,4.453727126151871e-05,1.6339376024451902e-05,4.461523070875277e-05,9.933930935383567e-05,-4.4302271123571006e-05,0.00018239807480222682,4.9762231419565574e-05,0.00036972829535747193,5.122945689336313e-05,8.501790911579648e-05,0.004120908343123089,6.385324886571379e-05,2.463400542686349e-05,0.00019773698555586436,7.299140636852406e-06,6.0968440086275195e-06,8.193643569707992e-06,-3.466693043827174e-05,6.037588794811708e-06,1.4439442516162228e-05,5.0030845567883866e-05,3.205546689861134e-05,3.173600530305217e-05,3.129086898666418e-05,3.342863351213333e-05,3.0656045578852066e-05,5.40233971073412e-06,5.797722374538358e-06,4.3778152497953355e-06,4.333130916585774e-06,3.15997662672095e-05,3.874962081285128e-06,4.557480628736416e-06,2.4719382794560493e-05,2.8008376207295124e-05,9.621401637590367e-06,1.3859573614872785e-05,1.044337855480094e-05,4.412708909158769e-06,-6.719183492277946e-05,-0.0001529530539364827,2.3858448141900038e-05,7.297931237297815e-07,4.1038403423035884e-07,-1
0.0010211505785533257,0.0009971846394361795,1.456272571570779e-05,9.409605049604773e-06,8.124137719471137e-05,0.00016611684662546413,1.06938519343628e-05,1.5352459774083865e-05,1.2516721068640136e-05,-0.0024505056551265138,1.4405261406710008e-05,5.590330566402579e-05,8.075491417694133e-06,6.093422201622539e-05,1.791520438185543e-05,-0.0022708226588547026,0.0007607367013807117,7.458105897195365e-06,-0.002171660572950076,-6.254201639094918e-05,7.098242447126049e-06,0.0006982183538473218,-0.002025041200189783,7.766485238150074e-06,-4.076306477650428e-05,0.0006744584919847579,1.0416477108698047e-05,0.00013774115450008222,6.4841636608545965e-06,1.777013811331867e-05,-3.7479510931283194e-05,1.3516273322036693e-05,8.341861805714211e-06,6.262388533089939e-06,5.233541937358235e-05,1.4221542900091678e-05,0.000621031423687812,1.1605078755027661e-05,0.0006183393871310411,6.935520589123369e-06,0.0005938503708864326,0.0005847277983477537,-3.512930650619442e-05,5.79128516805507e-06,-7.43695247659438e-05,4.013897842089723e-05,-4.422344287081718e-05,5.608494610262372e-06,-0.00013851231121680198,4.1199547744767007e-05,6.4402760931426475e-06,0.0005557717289090722,3.288180938102768e-05,0.0005538581679953259,5.508872174704337e-06,-3.291182935831366e-05,5.5990436208382995e-06,3.28073549031623e-05,6.3365971198508055e-06,5.6109562950610115e-06,5.436330260798989e-06,5.712582995796074e-06,3.4359623188476545e-05,3.3045912624551864e-05,2.1412457564484245e-05,6.17329552028659e-06,2.3376320355856508e-05,2.107055830113829e-05,5.381367554290624e-06,-7.884649126104283e-05,5.348355631141698e-06,6.133227918643938e-06,2.917026848063034e-05,6.263725433148429e-06,7.687502717112417e-06,5.33517627004024e-06,1.9018981315524906e-05,4.796038059294409e-06,-1
1.9014090265094188e-05,9.760891787046549e-06,9.56240253065822e-06,9.732163350432969e-06,9.317099777578634e-06,-5.208734839499028e-05,9.519520186665449e-06,1.3234641738976333e-05,8.557829385413878e-06,7.736260658750989e-06,1.1071878904028298e-05,9.461015963649317e-06,7.795523955932998e-06,8.816223396885432e-06,7.587103206066679e-06,4.525033122938734e-05,-4.4763331833102545e-05,7.824182615377898e-06,-5.08470658845127e-05,7.279057901477916e-06,8.468347849405573e-06,9.436318746105176e-06,8.837532604008975e-06,1.1652543337367441e-05,7.735954746605822e-06,8.042810824584734e-06,6.581296543133928e-06,7.764922007413293e-06,1.9364545523710738e-05,3.753552718190217e-05,6.062338274707876e-06,6.634589666683161e-06,3.583999224393416e-05,6.235155043772672e-06,6.792235053094794e-05,5.67457128189602e-06,-4.3155375171807875e-05,4.3454782159127425e-05,1.6412795081561042e-05,5.974791487075015e-06,5.771444831555726e-06,8.347449008103819e-05,5.275106725263597e-06,7.571190098121442e-06,1.5051003715177756e-05,5.222267454115925e-06,2.1622747551070936e-05,4.8893006547437245e-06,4.430363690815845e-06,4.857032462883728e-06,5.894254076310006e-06,1.1811839545644341e-05,2.7129414608320336e-05,7.998060782866196e-06,2.872758860319666e-06,0.0002640247778769536,3.3263329865209024e-05,2.300421782193012e-06,1.8836330148061176e-06,2.9775896504888714e-06,2.522490792621902e-05,1.894770932795441e-06,4.758629465593884e-06,1.8065335373965677e-05,1.3973452031805352e-06,1.2210737904626005e-06,-0.0003492659107364487,2.690122583846481e-06,4.982553488128909e-07,2.6834376522339507e-07,1.578117747390697e-06,4.174000527902376e-07,1.950862087834713e-07,1.321750772156211e-06,2.198612318801574e-06,1.4204400004399846e-07,1.5698747551463072e-06,1.3592342819886005e-06,1
1.0455962453050946e-05,1.1428436323477558e-05,0.00010157686948756692,-0.0029895859452516577,2.0708480390187176e-05,5.668521970705725e-05,9.499313080811415e-06,9.924999512495958e-06,1.1922772155828343e-05,6.291079237815736e-05,-5.78809106957007e-05,1.0435630317065385e-05,1.1535810258055987e-05,1.3342266092826527e-05,9.792478353123143e-06,-5.086430991899946e-05,-4.6882114999174404e-05,1.0122647890476436e-05,7.732410075475777e-06,7.715380798156911e-06,7.715380798156911e-06,7.869359145348573e-06,6.763341043714234e-06,4.6372674572845834e-05,6.591203381142709e-06,-3.91005043480709e-05,6.3498473017096045e-06,-0.00012376850383410918,9.14250412661758e-06,3.823619835093131e-05,2.547606601646552e-05,0.000645449660542982,5.423074331030787e-06,5.184237956990502e-06,5.146201181988108e-06,2.3126562224830218e-05,6.674380134070038e-06,1.7544840706195754e-05,5.045900393015161e-06,-3.0203085870186296e-05,7.538904798390994e-06,2.136508022853611e-05,0.00014016956430984938,2.198877339438134e-05,5.175315042541784e-06,5.836274818089904e-06,5.175315042541784e-06,4.5721707957483994e-06,6.2371901894055594e-06,4.814800092687295e-06,3.1779194819868546e-05,1.9018657184985454e-05,-3.336392745367817e-05,3.961517976031957e-06,5.4730861571363425e-06,4.529074446787591e-06,4.3644071077237555e-06,1.1250341790438273e-05,0.00033651698615268504,2.659494417564596e-06,2.5368791535027495e-06,4.268506973385293e-06,4.293182522462643e-06,4.4701723985924e-06,5.551963939373828e-06,1.9734379526610123e-06,1.422659542643927e-06,1.939105007891209e-06,1.1908738672427072e-06,5.510887084407099e-06,8.650801590208048e-07,8.383953503370688e-07,1.6801265763883716e-05,-4.465700893072214e-06,-1.2105448193351719e-05,4.799412584477499e-07,3.011667561354027e-07,2.5077238983847144e-05,-1
