8.779845591185898e-06,8.708636058765364e-06,8.518161496968936e-06,8.38782137409376e-06,9.742535178313418e-06,7.792333976047551e-06,7.528172533968808e-06,7.78693985806881e-06,-4.573646363836035e-05,7.110823669380759e-06,4.555869579915164e-05,6.748117835659539e-05,1.5738252324558258e-05,5.402500673366126e-06,4.473550105109475e-06,0.00021103160215770077,4.344191418148256e-06,3.4741245707051603e-06,9.047208157457004e-05,6.622454656315338e-06,1.0414127941759255e-06,9.717406649425104e-07,2.797940390773546e-06,9.241821542136004e-07,-5.505729315612721e-06,9.142008266345817e-07,8.574081250610447e-07,8.237624791595447e-07,-4.09109690309252e-06,6.361246290769989e-07,6.6436605240599004e-06,1.3839846475924636e-07,1.1818863320622703e-06,3.154256286991807e-05,3.1519197238233376e-05,3.1519197238233376e-05,3.1750611497601015e-05,3.1516458607945e-05,3.161641861347068e-05,3.1668452588949786e-05,3.1523305183665946e-05,3.1490354345971936e-05,3.1494458888900254e-05,1.306081208660641e-06,1.1437728341542946e-06,3.1874839304062546e-07,-1.4350424394996109e-06,4.7009868828812044e-08,1.4580320330663132e-07,1.1686154433886375e-05,-2.0246485234109804e-06,1.5925782006421629e-07,1.7490582105696457e-06,7.962701134580302e-07,-9.332565625849059e-07,5.239576064200978e-07,0.00013301676871643644,9.955899437212618e-08,6.086061720921942e-07,3.1162898161541774e-06,4.5833750316297535e-06,2.92560433390485e-07,1.5687954862496093e-08,-5.567887619725411e-07,9.085882191910673e-08,-5.3904525620150916e-06,1.690891766858468e-07,1.575553648446906e-07,6.787413150313747e-08,3.0757870355284e-07,5.351890700074783e-08,3.8918997250671276e-08,8.369228326848251e-08,3.272537943172793e-08,3.018250208852848e-08,1.6039185283558328e-07,1.621219288230441e-08,1.2368713193796742e-08,-1
0.0006385779269252294,1.1035351801612175e-05,2.5830711890579846e-05,2.5612429103510992e-05,8.562129010342365e-06,4.566567236446991e-05,8.530623296010509e-05,7.166550681443014e-06,0.00015965221300175413,6.741111007169498e-06,6.423752616072315e-06,5.241270908048058e-06,4.29348074302426e-06,4.259045534843092e-06,3.6059533080798954e-06,8.020811760719996e-06,6.883159022988021e-07,1.3503328302562898e-07,3.866244878512753e-06,6.392442303303019e-06,1.1105182125045462e-06,1.0064520610174759e-06,6.011088450943726e-06,6.453292999590745e-06,7.671637723725017e-07,1.3019466476408348e-05,4.192342694838963e-06,2.97164431550864e-06,4.073572116399146e-05,2.591610282988534e-05,3.740963290253821e-07,3.1966824683717226e-07,8.821840790190938e-08,2.6319542195988468e-05,3.642326583406984e-07,2.737071000504301e-06,2.9555420510385183e-07,1.7678508681541883e-06,-1.7213203145036724e-06,2.477014266229293e-07,2.396176759111887e-07,2.3634903572752815e-07,3.867113099418175e-06,1.233150863182852e-06,3.301519433147482e-07,1.7860884481363417e-07,5.25824369469779e-07,6.613359555613332e-09,1.550267022405604e-07,1.3385070081734227e-05,1.33075968690503e-05,1.3423673216873128e-05,1.334453108064893e-05,1.3539786861990379e-05,1.3296583655053254e-05,1.3468154563510088e-05,1.3285570441056208e-05,1.32867248437548e-05,6.789541462783298e-07,2.0622628027829753e-06,6.455090983610525e-07,4.3534602942248455e-08,4.7931217301872795e-08,7.149695440927287e-08,8.154000387287874e-08,6.810728080704992e-08,1.3933959939163905e-07,5.7922260663253517e-08,3.4685764561872337e-07,7.435702630514674e-08,1.7830532845993525e-06,1.0617518786741327e-05,4.479948554597069e-08,1.583602081115137e-06,-2.6018504980496044e-07,-2.646668878484952e-07,4.200502497971521e-08,3.3864601315502846e-08,1
9.636562628769587e-06,4.8326855215379035e-05,8.017598691604945e-06,7.060087389291871e-06,6.9964911072662825e-06,4.172109233471849e-05,-0.0010948065868054931,-0.003159996121841798,6.621690676847522e-06,6.330061170644852e-06,9.307306079716607e-05,7.88346305322431e-06,5.767858008055235e-06,5.616537537291986e-06,7.213695205525998e-06,2.579299324395769e-05,0.00022030848864717741,-1.5349696006190254e-05,1.236007437077852e-06,1.8039811064130352e-06,1.2304874623255705e-05,1.1100293703379579e-06,1.0618708579056853e-06,3.0794628587494853e-06,2.7796694270001796e-06,1.2053550944974585e-06,1.2945046255411458e-06,8.102694467503779e-07,2.441081200509258e-06,8.071644839564294e-07,7.619761439750305e-07,1.2313985087332571e-05,6.551588635060073e-07,4.686035720980473e-06,1.3552760748322695e-05,3.136137280407983e-07,3.1578869663996376e-07,2.8121452745542757e-07,2.650542140524257e-07,2.417581415098269e-07,2.427908568949467e-07,-2.704342652863011e-05,2.692343613140572e-07,-4.388496056413406e-06,6.390561242001136e-07,1.2865351980026546e-07,1.4006921861357558e-07,3.7369215741798455e-09,1.206993382398176e-05,1.4136262746026569e-06,5.691135286573412e-09,4.395676225431701e-06,1.4264241319199527e-07,1.4113515517080084e-07,1.4117554498834918e-07,1.2888955323429798e-05,1.2675377972338992e-07,-2.689562991411988e-08,1.1482925818181874e-07,1.0368159341728146e-07,7.848230314341292e-08,5.111939588702663e-07,7.96533795768892e-09,6.820297989137081e-06,6.893920504090297e-06,6.981173265077909e-06,6.835061861932552e-06,6.8078508313872665e-06,6.811695868312143e-06,6.84482234028032e-06,6.8885966068096985e-06,6.808442375529552e-06,6.808442375529552e-06,5.843609605976814e-08,5.1640727868884205e-09,4.8368202066556466e-08,2.5777402849947937e-08,2.9406532297730447e-09,-1
9.854551372490287e-06,9.522339873762382e-06,8.20196273322405e-06,5.440943819746598e-05,8.858252079579904e-05,6.917548746518107e-06,6.606285967028325e-06,1.3874516696749419e-05,6.4022284122562686e-06,3.7286522795756225e-05,6.4046833733974105e-06,6.285240235842926e-06,-3.615820042689642e-05,5.789415041782729e-06,3.294838052791522e-05,7.609638620946553e-05,4.903353407696518e-06,1.1226061389588461e-05,1.2042228097543293e-06,1.016894020865845e-06,1.6417300956731073e-06,8.917795385098085e-07,-8.465205770776623e-06,8.230731003470076e-06,7.552872720940193e-07,7.533735402128975e-07,3.38201038837524e-06,7.032525811918806e-07,7.020671921614983e-07,4.195517292042323e-06,6.357471662865987e-07,7.552814905977899e-07,5.0053667696500504e-08,1.2027325278548965e-06,3.7622818288927093e-07,3.732456103875281e-07,-1.872982155859828e-05,3.1437985322439865e-07,3.004711001551179e-07,3.018508645838639e-07,8.477866802375128e-06,5.212280641499646e-06,1.3218940635568608e-06,1.461430251262236e-06,2.238398553309217e-07,-1.2962888276801393e-06,1.903665741549396e-06,-1.1435697555558758e-06,1.3090334133563846e-07,-1.2061251342305989e-05,6.14145788795272e-07,1.2390253601818014e-07,1.2506315817821478e-07,6.464851611574233e-07,1.007805494025422e-06,1.2785691093894907e-07,1.551318900489563e-06,-1.1563086296061411e-05,2.0342916369388044e-07,9.635296050871468e-08,8.883685112233226e-07,3.818797181542242e-07,6.294479076193442e-08,5.7021129901313205e-06,5.7657710252323786e-06,8.30871696260521e-08,3.655272136569044e-07,7.00433596855585e-08,5.0318463337094e-07,8.040493968191707e-08,1.225985108820171e-06,1.981685968332009e-07,6.841237044313259e-08,1.9681125694967032e-07,5.981241953637274e-08,1.4047658897293384e-07,2.0990710267656008e-07,-6.751016341726544e-07,1
0.00015999091155605714,9.661200512174885e-06,1.3783663325608634e-05,8.928445980905646e-06,9.03213142815514e-06,1.3892129180115642e-05,0.00012246779868535482,7.767552589198123e-06,-0.0005969761024511977,-0.00025442139833275817,2.9352584593071623e-05,0.00014380502359112897,5.1777180907709266e-05,8.94485947365252e-05,1.8032230274278056e-05,0.00035770678375989754,8.668254442175243e-06,8.739630909594563e-07,1.2207172701949861e-06,1.197234896140944e-06,-7.0930466172661756e-06,-0.00022790527699104057,9.895624828740784e-07,4.313417324295637e-05,1.601747079959056e-06,5.581645787327752e-06,9.100823010269051e-07,9.63722471141257e-07,4.881103932723527e-05,8.252976487774577e-07,6.418523676880223e-07,3.609946303729052e-06,1.5162863199552877e-08,4.757407238431858e-07,9.534344740519728e-07,2.969480996890721e-07,2.950592287372191e-07,4.4513712925844673e-07,4.62746278443651e-07,-4.040959614425199e-05,-4.02704414753839e-05,4.534081013010707e-07,3.371615412327406e-07,2.3707253189799267e-06,2.2182134929946488e-07,1.9806767394861923e-07,2.1259644993588473e-06,1.8748186024451372e-07,1.607255232093768e-05,4.0959200722805333e-07,1.381696925373977e-07,1.381060376978345e-07,1.3911197465374698e-07,-1.2176800730860026e-05,4.736333222887525e-06,3.401448716359446e-07,8.662847243436563e-08,3.807250800981037e-07,1.2491541466577447e-06,4.16821787745214e-07,3.4143927501941504e-07,9.139024623872657e-09,6.2467490734393e-08,4.879739262561116e-07,7.551084066333899e-08,4.227670402337139e-07,-7.842919710504365e-06,6.327926072174494e-08,1.6606628344046033e-07,6.274912622992803e-08,3.754907910469692e-07,5.364178124214614e-08,7.626101558464085e-07,8.741232572285014e-05,5.40159065813551e-08,3.759424988831852e-08,1.154051570553716e-08,3.166021863990012e-07,1
9.55905435486637e-06,1.3037593377631841e-05,3.568187943814447e-05,8.528961820964726e-06,0.0002377782694450283,-0.00011955510053542137,6.214586185318027e-06,7.122048354767057e-05,7.265045220398078e-06,5.895484093504788e-06,5.962640138995864e-06,2.805437227640873e-05,1.6773797806085755e-05,1.6601491595707676e-05,5.413924647792195e-06,2.538073698138488e-06,1.6888501742160283e-06,8.317073170731707e-07,2.0957413125860855e-05,8.30382918017666e-05,0.00010969150595242379,4.432529148815735e-06,9.938977746870656e-07,1.0697681847120414e-06,4.048083678586462e-06,-5.107407574485017e-06,7.42788631850079e-06,8.522361830410373e-06,4.4196468965558686e-07,9.996458347560002e-06,-1.0672174802450945e-06,-1.0352766472071262e-06,9.808384396905038e-08,5.709166212887572e-06,-6.0173185336330174e-05,2.8001913757465355e-05,1.1986757995989669e-05,1.7017912948113243e-06,3.0920890293511213e-07,8.080779944289696e-07,1.619498927276866e-06,3.814201199536157e-06,4.974828700210535e-06,2.3798932830386568e-07,1.3887786590547445e-06,3.921722785506485e-06,-9.934603242843343e-07,1.3518722946009548e-06,4.850673662898044e-07,8.069849659350432e-07,1.2870567115384872e-07,5.999760712082889e-06,4.610300449019048e-09,-2.0222720484457648e-05,-1.7346342616904282e-05,1.2517979541344929e-07,8.737586356761627e-08,1.2056282955155832e-07,8.063223600361473e-08,2.415396554637979e-07,1.0664052363144108e-06,5.059922302275419e-08,4.715692279589084e-09,9.685940364553409e-08,8.29699089779797e-08,2.9859648831002247e-09,5.691050064474339e-06,6.186689765508439e-08,5.633386203836008e-08,6.716493713264089e-08,5.4990186446142316e-08,-3.070857540382217e-07,-2.792985599399561e-07,4.6531318463246366e-08,4.5130571968338694e-08,4.7153761923708964e-08,3.256365556851993e-08,4.661807462447319e-09,1
0.0003442595388165061,5.6951974760776494e-05,7.442349904341432e-05,3.6055135687763095e-05,3.3949460819731044e-05,8.32572692637658e-06,7.233591182130424e-06,4.950712794170471e-05,4.7760501111401516e-05,2.680655972305694e-05,6.253949655930359e-06,5.879983486466979e-06,5.838591936900819e-06,2.044093904066954e-05,3.3013067951277777e-06,6.938868609609763e-05,1.8099753904007206e-05,6.731950692076594e-06,1.2166812007217796e-06,1.0266242571047353e-06,3.362429587179387e-05,9.599115769408463e-07,2.6402257134619634e-06,2.5226342536561776e-06,4.9971934027356005e-06,3.010232229241698e-05,9.60892254320769e-07,-4.997996477968126e-06,7.609798838911362e-07,2.721971592127448e-06,3.17259212267311e-07,2.9912910970716785e-07,1.9747386759581884e-07,6.5792784956855074e-06,3.6071170371884604e-07,1.3376730984112512e-06,-2.0231060623238752e-06,9.352341214649978e-07,1.3145280101062504e-06,2.65908573292446e-07,1.5601991693608131e-06,2.763938656818591e-07,1.063158131615072e-06,1.7445052960703055e-07,1.067720715681816e-07,6.738592255125466e-05,9.91964147736053e-08,7.678874980683049e-08,1.5735314396250867e-07,8.541467947655614e-07,2.937845182352421e-06,-8.786055224876261e-07,1.4365056640258587e-07,1.117600970763246e-07,1.031253403144914e-07,1.0004546083030764e-07,9.771833686005951e-08,1.4827805381722811e-07,7.649063622408128e-07,5.996157401868963e-07,-8.6189722830543e-07,4.447686426283661e-07,8.941855646282463e-07,7.898560195683213e-08,1.0439414868487864e-07,-6.833706728221748e-07,-1.0558051336524429e-05,-3.590610380590295e-07,3.494497537997044e-07,2.2306065085910466e-07,2.1619150613318147e-07,2.1666147004939046e-07,4.5425440900423974e-08,5.732218630750017e-08,9.592482377134272e-08,3.614302235896638e-08,9.069334751731372e-08,1.2465506131208641e-08,1
1.0273369482296666e-05,1.0056375171402052e-05,3.341704729493041e-05,0.00039539615031758803,2.8835006841765392e-05,6.575384275852279e-06,0.00012934949479679404,-4.4775398066993604e-05,0.0007591168996938483,5.727246429194099e-06,6.4923678115327745e-06,0.002000982031008137,6.820551783470209e-06,0.00014270676547517564,6.059956533834031e-06,3.1871987832078845e-05,1.3502854447671397e-05,2.9475723249079625e-06,1.2170041067875376e-06,-7.137511034282618e-06,8.985054048686311e-06,1.0507504579965283e-06,4.338386584823963e-06,1.095358681454648e-05,1.0922037392517413e-05,3.387872212469883e-06,8.065884050429535e-07,7.821296959252288e-07,7.744871406212638e-07,7.430239196241343e-07,2.831189759723191e-07,8.244546449207521e-07,6.286006415107985e-07,3.6073401943839487e-07,-2.049760614357509e-06,5.800438824530908e-06,3.1235662852213257e-07,3.0235504738882295e-07,2.837967231645031e-07,2.8026986625174846e-07,1.471126252839009e-06,2.4350328555891435e-07,-1.5298208179324524e-06,-1.3154380335988626e-06,2.2053268281070192e-07,1.5209890653464678e-06,6.033717007184242e-07,2.4637522192769633e-08,9.23841788084268e-07,1.3481236694925887e-06,3.5288204801432783e-06,1.4379623634381238e-07,2.1010011220934575e-07,1.2021186109179417e-05,-2.8789096256434266e-05,5.885404116062038e-07,2.817535980355946e-07,1.1131881321759755e-07,5.216240381581318e-07,-9.183644846230242e-07,1.3875510586016493e-07,7.705994297507597e-09,1.2385763892290844e-08,8.078781889329158e-08,-4.4334052711286577e-07,4.432692473422905e-07,6.822398325105235e-08,6.642088087784522e-08,7.088739449491426e-08,6.135944044516979e-07,-3.6740580230601533e-06,5.4015073424661925e-08,1.1110229272437957e-08,-3.3087533180098026e-07,4.169136490250697e-08,3.8762515600571905e-08,3.6311671170214254e-08,1.4194880911448849e-08,1
1.041813913522926e-05,8.978437795075204e-06,1.067656829425736e-05,7.10351604687471e-05,0.00012861389623125354,2.3950040892247433e-05,9.83330408278592e-05,0.00010279446988699427,7.04305941793729e-06,6.441291460290709e-06,6.353309700754496e-06,2.0867421852530625e-05,1.8017480078588683e-05,1.6825098449093288e-05,3.7788519771785045e-05,2.8580991742574003e-05,1.119208051250525e-06,5.108530036915432e-06,0.000119319914760489,6.679433069637146e-06,1.0356619296314488e-06,1.0356619296314488e-06,7.978329029068725e-07,3.1297597701095727e-06,9.486991650680049e-07,8.187248950018393e-07,4.337632201092588e-06,1.5881712484256844e-06,2.2735503181653744e-06,1.5093591407184437e-06,1.2533775070111266e-06,2.694972461139141e-07,3.820257888679155e-08,1.1943057773857071e-05,3.3802087796025395e-07,-4.458896616669613e-05,1.750681002849591e-06,-1.702121677641151e-06,4.700229396410811e-06,2.444718530701449e-07,1.0802003946147877e-06,9.818571017168446e-07,2.230233678417554e-07,9.379433273906036e-07,1.352367080104724e-06,1.3158698246623916e-07,2.8606207039317967e-07,1.8650242635418501e-06,1.370202207231124e-06,-2.830282650238664e-06,1.7277284629523857e-06,5.885041005547308e-07,8.565141842810239e-05,7.24604806751427e-07,1.0094234656750696e-07,1.0714343991846636e-07,1.014811863028228e-07,5.54977928743933e-07,1.265452800380949e-07,7.875178355139519e-08,2.624493906025431e-06,2.6957191236573995e-08,-9.888571524260711e-08,3.2258582967148165e-07,6.937679652007819e-08,7.8354597150001e-06,1.9454619240155755e-07,4.3080850621516957e-07,2.6417276263541907e-06,3.3697011957689396e-07,1.6651375951652414e-07,-5.245398313300788e-06,1.7570558610012104e-06,6.817889464328297e-08,-1.4173066049084363e-06,1.3017040090185478e-08,1.0511027142508588e-08,6.164795438006077e-11,1
1.7088234632462513e-05,5.1990176912968394e-05,0.0007526367096189202,0.0007446531714987096,0.0007433666612675358,0.0007328797342557229,0.0007249029529497989,8.37079980253729e-06,9.557935364666401e-06,7.341239143779699e-06,8.036141501667528e-06,1.6341233330273432e-05,2.0250630133979156e-05,4.209621975782333e-06,1.9165581700507268e-06,1.0150876856334736e-06,5.300707622036792e-06,5.233075099617712e-07,1.2627276691153507e-06,1.5401303272501232e-06,1.1014650848771017e-06,1.0395481822419484e-06,2.0041442754977307e-06,1.0351198740071478e-06,4.294058715096627e-06,5.249681405098212e-06,8.514123252868377e-07,7.662516245340468e-07,-8.240409550236947e-05,3.455582395311558e-06,6.491415509257875e-07,7.134898456570237e-07,3.5517350530040376e-06,3.787453991494038e-07,0.00016652713144130988,5.615096470799726e-07,2.6437736489519262e-06,0.000519921042061394,3.125275879201517e-07,3.56590338949885e-07,2.607420013947022e-07,8.703959679061715e-07,1.4762104060176407e-06,1.9909399376665497e-07,3.063862321325687e-07,2.0662340792544838e-07,1.5507468529243272e-06,1.4613505370645638e-07,9.187939297939403e-07,1.4950760216662089e-07,8.693264115446703e-07,6.778729038787442e-08,1.2701533736405897e-06,1.09973525436288e-07,9.914795552099449e-08,9.939490042318256e-08,7.1175256168278e-07,3.956948412429109e-07,9.155799720186362e-08,9.448130923859627e-07,5.591562455329619e-08,2.564294868296444e-07,2.673913090538103e-07,6.585612640389027e-08,2.418840379110584e-09,7.268810504968382e-08,6.359348897756114e-08,7.220442425918797e-07,1.596175098796053e-06,5.093468372326935e-08,9.561625760298844e-08,1.764261462485615e-09,1.3419038244868605e-07,2.762456194052132e-07,5.154576242145384e-07,1.0445454467005894e-07,7.215831128420202e-08,1.71357478084632e-08,1
1.8098488430416374e-05,1.7129202823486242e-05,1.2736947066445334e-05,4.399028906758336e-05,1.721842289443641e-05,8.026451878279174e-06,4.3379303496394126e-05,2.8830298658472024e-05,2.014312324635356e-05,7.01405072934881e-06,1.9149021043928657e-05,6.352954479710676e-06,-3.803611624474951e-05,0.00014569984586107297,0.00013032400497249181,3.578992327424449e-06,1.026740452548405e-06,-1.9158082165456956e-06,-1.3506284515498144e-05,-6.945164338801216e-06,0.0001841434288901545,1.4904207997914868e-06,9.084375150039633e-05,9.023057116675453e-05,9.838523001824054e-07,-5.463016223404258e-06,1.0493369945091788e-06,8.771203970002841e-07,7.26065849255649e-07,1.401725791214122e-06,5.26634759871699e-07,2.2808841184775605e-07,1.2673215924157998e-07,2.4009601068464336e-06,3.252555223562073e-07,1.899363531342871e-06,4.079500314359636e-08,2.898732736568376e-07,2.707589335157798e-07,1.5903921167024547e-07,2.645609105467713e-06,2.4370044163493527e-07,1.3071685731415227e-06,1.906652272120255e-06,1.0342565441138655e-06,1.6069750824803625e-07,2.697109356126887e-07,3.780830566267382e-08,3.43503096357836e-06,8.997188585928489e-07,7.550284453499358e-07,7.628731486226589e-07,5.541402218955467e-07,5.667652891432899e-07,1.0806035551469135e-07,9.85216357408661e-07,6.178064848712313e-06,1.3599936998533929e-08,6.900164713460487e-07,3.126534423450214e-05,2.0744949552501375e-06,9.698431870849345e-08,3.135649339570939e-07,3.353575938651741e-07,5.932501762146721e-07,7.806181242562889e-08,7.708736357242508e-08,7.258084245512511e-08,4.074777763804988e-07,2.4109069380820747e-07,3.114637369787438e-07,-2.893479987042211e-07,1.98830303926904e-07,4.499871712289834e-08,4.014199164227039e-08,3.674510637834577e-07,1.1527164038669635e-07,8.68534063935212e-07,1
1.8059332712819312e-05,9.684560417306734e-06,9.064698645245622e-06,2.455140114095322e-05,7.993616155039979e-06,1.4401849360631513e-05,0.00017084126071941928,7.194216733313343e-06,6.575698678055068e-05,7.916595201200479e-06,0.0007435318853669861,5.631131016937487e-06,3.0179448825887545e-05,0.0004072983946255739,0.0003230777533334174,0.00010206077307256992,1.0089231309233097e-05,1.2053986150002763e-07,3.78179875196076e-06,2.8157238840624804e-05,2.856779118379854e-06,8.844649362368287e-07,8.390262106224819e-07,2.6634634454573293e-05,-1.5079847431529933e-05,1.0584945859983017e-06,1.583912736046924e-05,6.789988861549207e-07,9.303105169138928e-06,1.914893561804635e-06,7.900984434859697e-08,6.735131590354703e-08,-1.6633623480238309e-06,4.4206513753486544e-07,-1.8985740662588804e-06,2.753311815301703e-05,2.732813666609456e-05,2.710034712536115e-05,3.284650632665839e-07,3.028518241475611e-07,2.5777008750758456e-07,2.5086403986153897e-07,2.2056287546581307e-07,2.14656522711839e-07,4.0414046880345905e-07,1.4108049822150427e-07,1.9417866699068488e-07,5.7434088169362516e-08,-9.380646942077928e-07,1.0115270675927416e-06,1.6444819770606114e-07,1.1099243823241734e-06,8.11352014255666e-06,1.0719939567751653e-06,6.491526623491584e-07,6.478416930611378e-07,-1.5181351014146522e-05,-6.14536720963608e-07,-6.218355187009702e-07,3.5555341328758645e-07,8.671127830643068e-08,1.014283673321543e-08,1.6603857632919378e-08,9.679642946941929e-08,1.7194692440022303e-06,1.2148783718561793e-07,-4.547351419897587e-07,2.2705612329978874e-07,6.269110844559993e-08,5.074469038069623e-08,7.330028578152209e-08,1.5927519501332397e-09,7.758745496679476e-10,1.566068254727761e-07,1.6241140853051475e-08,-2.1197181849649756e-08,1.2510262531665271e-08,5.749868133971106e-08,1
0.0001272505469310861,1.805053043300597e-05,0.001393816683255851,0.00028239761196235404,4.506408608910363e-05,1.3846797183734236e-05,7.505391323774612e-06,2.464162508247307e-05,6.8832686748466885e-06,6.754187680171225e-06,-0.00010666428280510654,1.0819217577003832e-05,2.780219317868436e-05,4.88526846222456e-06,1.3305299218688042e-05,3.666044605227354e-06,1.3140081298949451e-06,7.7473663226686e-06,2.75641477058562e-05,1.2436168948608003e-06,9.223151904909284e-05,-6.580488229818309e-06,1.0372603210289335e-06,3.804372200895872e-05,-5.538012152453085e-06,1.7301531097861177e-06,-9.125245011654706e-06,7.5171593605301306e-06,2.1433233973711822e-07,-3.525926964670859e-06,1.047613145026111e-07,4.448529582296581e-06,1.721207276381344e-08,5.360589294845921e-06,1.8791441343740908e-06,3.345214508435666e-07,1.079047455442539e-06,2.799199073306729e-07,-3.203241190945783e-06,6.810373660738801e-07,2.6684638038773334e-07,1.4527733114527865e-06,5.453758983908726e-07,2.2223013251383827e-07,4.152491145119028e-07,2.0395849856902528e-07,7.734062631867814e-07,4.370510742475858e-08,1.1898120749321502e-05,1.178826426541219e-05,1.1759404234894366e-05,1.1663420093054725e-05,1.1355679197358971e-05,1.3845249684759903e-07,1.2057587242375832e-07,1.1530616357547704e-07,-6.34163706607315e-07,8.75778741445436e-08,4.95692304392686e-07,8.1425077959878e-08,4.4484471336356994e-07,2.0972332578309032e-07,-4.6157140635989235e-08,2.179720218895556e-07,4.4818950304806524e-07,6.893202347584573e-08,-3.9014298906538455e-07,6.387942843021099e-08,4.4970682539556893e-07,1.8306177483543657e-07,5.342313031476005e-08,1.7006912400712658e-07,2.8974392963064346e-07,9.486528578698253e-05,1.2666679664219521e-07,8.197629677278429e-07,3.738224935643774e-08,6.817976170062588e-08,-1
7.1881226413773245e-06,0.000611811318470708,0.0006117024914579043,0.0006090356006947524,0.0006073413992383008,0.0005353677710400692,0.0005367326469093467,0.0005258631345992251,0.0005276687341560728,0.000524147947516613,0.0005256545520912649,0.0005199033419331227,-3.461298912509274e-05,0.0005157216517285188,0.000514134990556055,0.0005134524992137282,2.0733777043832917e-05,2.3403633544459986e-05,7.064297404342675e-06,1.0672389778005662e-06,0.00013930958780595666,2.058930815965285e-05,1.0727678890912318e-06,5.598224047206438e-06,1.5987840425470115e-06,-5.778584387854483e-06,-2.7689150481300173e-05,3.9138523434740636e-07,5.174549693045879e-07,1.440500003989934e-07,6.313501826702483e-07,7.241325411932755e-08,1.7775905218282928e-08,3.822462690029157e-07,6.466022809385e-07,6.688641745488634e-07,1.4169456157926857e-06,3.2763769771694504e-07,-1.7499457143068084e-06,3.889827588254472e-07,1.5265733438605396e-06,2.504016954766716e-07,1.3439145233996139e-06,1.583593726057105e-05,1.1225959752092935e-06,1.956373822915201e-07,3.780028632317404e-06,2.07749032734905e-08,2.3336369092310123e-07,1.315331930908432e-07,1.3065948688367535e-07,2.3855417409842557e-06,3.0545208411132223e-06,-7.747830061267898e-07,1.4627011763167977e-07,-7.639837932247907e-07,2.4062245849282386e-06,1.1044824685274648e-07,1.0884305210005454e-06,1.8884331770725399e-06,1.7696163304139504e-06,1.4696735244739998e-06,1.1833638747610623e-07,1.3670587705970008e-07,7.383012914351491e-08,-4.278937856686169e-07,6.016390788285796e-06,5.937687031516311e-06,5.917928460131549e-06,5.838681604584617e-06,5.828992421704589e-06,5.77888315809682e-08,-3.833529319045194e-07,5.126593545557713e-08,1.1286439857720346e-09,2.3676783147985326e-08,1.6598571665885278e-08,3.589882869561914e-09,-1
0.0001806328773639943,1.561675476013812e-05,1.3775572954548697e-05,0.0003766300070438117,-0.0008988041579920127,1.315205422754637e-05,2.287726273083641e-05,1.332480861183952e-05,2.5858120737281388e-05,6.9634472215004315e-06,-3.892354311277722e-05,7.0403865679798634e-06,6.389602085420519e-06,5.793323179906926e-06,5.6923096626280125e-06,3.879643653803395e-06,-5.873658575721661e-05,1.7888144697272655e-06,3.0717118826956464e-06,1.0915787942298894e-06,2.076927546225785e-06,9.238820447410906e-07,6.672540352588508e-05,6.653490471252123e-05,6.577953575070638e-05,6.522602108148592e-05,6.531018375464653e-05,6.473448279387154e-05,6.425925050412036e-05,6.441376487283093e-05,1.9823149729581062e-06,2.0955927500132095e-06,2.1233157614721215e-07,5.637804194760282e-06,4.830548464780092e-06,1.014813332490454e-05,5.370541428868311e-06,6.191505517794955e-05,8.973509145277768e-07,3.3493537695980063e-07,1.6671130477352325e-06,3.4911858191451023e-06,-2.688054563146899e-06,1.3088174165878364e-06,1.1910162540199758e-06,-4.1128263309775695e-06,-1.9226688526965096e-06,-1.6557032095682045e-06,2.976913018093622e-07,-5.027540944200232e-06,2.67956517685946e-07,4.996735138644105e-07,-1.2612911210130381e-06,6.631574677950482e-07,-1.4496121492203897e-06,2.6702158755438106e-07,9.910184732455519e-08,1.8176204175244888e-07,1.1617685708859157e-05,9.281984949953648e-08,8.982914320569237e-08,6.556935619873594e-06,2.746856771769243e-07,7.78625331514061e-08,1.585359866394266e-07,6.779233244058166e-08,1.3052596242140733e-06,1.2543444792201886e-07,5.3268276076284415e-08,5.337069270303603e-07,8.467956687986415e-09,9.63576700957593e-08,4.827312207327384e-08,4.2787378023495773e-08,4.298159230510022e-08,-5.843647768295879e-08,1.8976379950961183e-07,-1.957344003894764e-08,-1
9.592291416722444e-06,3.791145544600794e-05,1.0770742292084868e-05,8.653354814552815e-06,1.6779453889073956e-05,4.8855588027460585e-05,7.905643356903435e-06,4.777829151741717e-05,5.747829110582694e-05,6.483975298949325e-06,1.9246215071554924e-05,6.084733939553166e-06,-3.494584428783338e-05,5.807236565325517e-06,5.6909721668647896e-06,5.132071976766471e-05,5.496845371755534e-06,8.131343613368741e-06,3.281686002412605e-06,3.0918442337208873e-06,1.6692326330484623e-06,1.8766944303745732e-05,6.292801575203253e-06,2.164062573824989e-06,1.8050922443074265e-06,8.73566919217461e-07,1.0097040753260222e-06,1.1704920008312875e-06,1.7203943890691e-05,2.311319686844845e-05,1.0764514778754963e-06,8.425999202572833e-06,-2.541475609550699e-06,5.965466740714011e-07,-3.1808209370884626e-06,2.5786172554634606e-07,1.6756399601156918e-06,1.355221099380901e-06,1.984890031691277e-05,1.9765390101699517e-05,1.9757622793171117e-05,1.942648923643941e-05,1.9357395579704082e-05,-1.2874132570186255e-06,1.917191539384636e-05,2.662377593573709e-07,5.051924909313807e-07,1.556511257058317e-08,2.7278707039784707e-06,2.503231796231194e-07,1.2521476161512695e-07,1.6979336238020724e-06,9.14645863390405e-07,1.1362673150938296e-07,1.1904812314879349e-07,3.850253919136417e-07,1.0816740203507198e-07,4.7003988178196545e-07,6.267351488502619e-07,1.3174727932716444e-07,3.287373220313994e-07,1.0913175778000533e-07,1.6568289476731743e-07,-5.229311438558156e-07,7.839680573858334e-08,8.71807038437065e-07,4.775488876265473e-07,3.279112598548344e-07,2.0107881580271834e-07,1.879636543399038e-07,5.9117507018877776e-08,6.881743440615318e-08,4.504904813549989e-08,2.601803085163045e-06,4.1737769045100106e-08,-1.5191577003390245e-07,3.1011469272073905e-07,3.0088577311151666e-07,-1
0.00023026350577565156,3.5391173582843534e-05,1.1949155213543992e-05,1.3933603748250366e-05,0.00012628092279448066,1.1522970033491214e-05,9.186659569793294e-06,8.671802308400152e-06,0.00016791163024800312,-6.544244027336661e-05,1.0825472620471515e-05,7.77670977382418e-06,9.584706726592382e-05,6.9525757141863285e-06,6.345507256569537e-06,7.848027835917463e-06,5.809532737010752e-06,5.4506709855033394e-06,3.646981198867381e-06,1.2295271961828107e-06,1.226911735360762e-06,7.070973879585543e-06,1.1099189315631344e-05,1.0936254825133584e-06,6.4101702144488375e-06,-6.377521056454818e-06,1.4133565810311317e-06,5.087695055720095e-06,8.034686025806571e-07,7.750706038356078e-07,6.438132130098432e-07,5.702836869972835e-07,1.3605512537314877e-06,3.430671015320336e-07,1.4162092695921476e-05,5.452886013586625e-06,2.96195784275136e-07,-1.6553355774814373e-06,5.667533213127325e-07,2.2731401154145157e-06,9.87598077938965e-07,2.5149850817730584e-07,3.7620391877124607e-07,1.4587221371710831e-06,2.2542581774298347e-07,-3.354910692587966e-06,1.096126562468779e-06,1.9515994128404924e-05,1.228227557833473e-07,9.513924451393295e-06,8.340796586500128e-06,8.321923045742027e-06,8.355304088883655e-06,8.286695587244974e-06,8.260859194970727e-06,8.26134911611082e-06,8.20639361650327e-06,8.213352376426014e-06,8.108295111581252e-06,-5.40827955079574e-07,7.976818114779291e-08,6.57516537264442e-08,1.061419548096734e-06,8.265683587103377e-08,7.311009610679921e-08,1.830458410307992e-07,9.787941026581277e-07,1.2924759013935403e-07,8.240083933341269e-06,6.62550527091471e-08,6.338727250953717e-08,5.66621919102221e-08,1.3134860211270285e-07,5.408597685395882e-08,9.733907584691863e-08,5.036708329563393e-08,1.0470539332702692e-08,9.593643298115119e-09,1
2.8241576922641553e-05,0.00022616916599195976,4.5731959347336515e-05,0.0005246449701531633,8.047347328555378e-06,-4.6260654048004084e-05,7.297787277868486e-06,4.161390109500135e-05,4.214334322904302e-05,0.0001321813139026437,6.675563253386293e-06,6.330669617347657e-06,8.954878177575544e-05,6.100813663422191e-06,2.564173315560158e-06,7.74748287618243e-06,4.081284214379066e-06,6.693112710444311e-05,5.957442412140194e-05,1.845962314142924e-05,1.438202995344479e-06,5.429578827230587e-06,1.5549084347910854e-05,3.207047641702683e-06,1.0832070174049207e-06,2.2375795975145636e-06,1.529010494238451e-05,1.064433874036407e-06,1.2481167428611207e-06,2.423478670201608e-06,9.989613981376685e-07,7.017264839130867e-07,1.3667829251058495e-06,7.361122837780057e-07,-8.520013756441908e-05,1.0963754234233412e-06,6.248313713219842e-07,2.9729722869447863e-06,-1.8919746422598638e-06,8.095585872713889e-07,2.5072795922000477e-07,2.4143784785918157e-07,5.682123166312398e-07,2.3332646105411012e-07,2.2613730008051812e-07,2.1873113431407824e-07,7.837617646523387e-07,7.303302146451844e-08,1.6018948102052787e-07,2.7651785449609304e-06,2.9323350474602707e-07,1.258119972272666e-06,1.8612001338103644e-07,1.6365771462551074e-07,1.5568714185661873e-07,9.094131408384872e-07,6.114464045198926e-07,1.4324621076529846e-07,-9.728789779380129e-07,-9.177591524565095e-07,3.7040589279332674e-07,-4.6047230973009746e-07,-3.3089118190637985e-07,7.321782519292982e-08,6.254940684366053e-08,-3.5984889261847465e-07,4.8663722804921515e-06,4.866083742320067e-06,4.277981269754148e-06,4.2598139440265765e-06,4.230312426696192e-06,4.2066557138438655e-06,4.20515953614426e-06,4.184741532179892e-06,4.135957695728734e-06,6.956211077167547e-08,4.11832584523563e-06,4.1683025402547466e-08,1
9.589918075275278e-06,1.7714105276449684e-05,0.00010316389386566631,1.999276932376134e-05,4.7901804592201195e-05,7.888797823741723e-06,8.920545270362688e-06,9.613211906215246e-06,0.00021006578061807542,0.00030138707053597573,-3.213526352049039e-05,-0.0003414272035472091,2.4984164517797768e-05,3.6615423873464387e-06,1.7114409684716628e-05,2.9212252427316782e-05,5.288105206723778e-07,3.7387156962074166e-07,2.275353769537737e-06,1.113824795148119e-06,1.1092111330592435e-06,3.0086745350361888e-05,5.441643723056359e-06,1.5654307520761757e-05,7.989949925181499e-07,-1.7192792899175574e-05,5.3266189815796315e-06,4.646897838961244e-07,-3.524887763455532e-06,2.20504391265033e-07,1.4549673325491257e-06,7.895579132230174e-07,7.0543234999076e-08,3.7068014226596826e-07,2.097254756351957e-06,1.3688386893431025e-06,1.9549245678305103e-06,3.2553751665433e-07,3.2337309622634644e-07,-1.9152147076589586e-06,3.137457994525336e-07,-1.8060837108552061e-06,2.8772039020072783e-07,6.913294708627751e-07,-1.7701054486645097e-06,-1.1669048650552667e-06,7.039753587191111e-08,3.49823510568995e-08,-2.424736892550407e-05,8.278310294630204e-07,2.7206931913297246e-07,1.0504245218990535e-06,2.612345720328146e-07,1.1056722015698104e-07,1.1170531356684983e-07,6.141496558330008e-07,3.836985168576474e-07,9.902497345804231e-08,5.495499726860956e-07,8.059139274057269e-08,4.7170897997803604e-08,1.8540832912287723e-08,9.223449807917634e-09,8.089283115399558e-08,4.688334497017805e-07,7.499611910182588e-08,1.1896859471660182e-06,7.563655996272004e-08,6.428614639378667e-08,6.069398800850069e-08,5.959093850659067e-08,1.4440737954459415e-08,2.1257677827777426e-07,-3.164855427158536e-07,9.471642511588613e-07,2.673744972612047e-08,1.4059332928524763e-08,-2.0331804876405595e-08,1
1.035239257158384e-05,8.997934312595151e-06,0.0001175828397527401,0.00017116205632600428,6.530308464461825e-05,6.497700274310271e-05,1.6945577145803745e-05,7.412770110508381e-06,1.5438350898216608e-05,6.0025099175672776e-05,5.810937911375105e-06,5.6827625566930915e-05,5.43175417619488e-06,6.506457139944089e-05,2.6363845574453353e-06,2.0527936702889518e-05,3.864167768839587e-07,3.6299091731171717e-07,1.266115361418778e-06,2.4531497956720154e-06,2.4133618635913527e-05,-1.2496580400042507e-05,9.442260681387036e-07,8.723076617735963e-07,8.700031950867104e-07,1.2777476117945969e-05,1.605842576648442e-06,-8.782362400684561e-05,1.5444936788601183e-06,4.812782223761044e-06,5.768636068153988e-07,8.211124288702683e-06,9.023793849498627e-07,4.5979541217103195e-07,-2.8803289513225854e-05,5.332498941099502e-06,2.5190775753142027e-07,2.4688326610212146e-07,1.817083279795943e-07,1.2924054760858583e-06,2.9550797068642584e-07,1.0680143330836477e-07,-3.5795567546051005e-07,2.951274455805331e-07,2.3085248383524832e-07,2.947715025978038e-08,2.6913324284978187e-07,9.376100862660786e-09,2.2716719467858554e-07,1.9702992248674877e-07,1.8430650178171527e-07,1.4030222959655606e-07,-3.4256308820958683e-06,1.3895189130188465e-07,1.3561180338914436e-07,8.017419482151169e-07,1.3297090559145974e-07,1.0780496515478988e-07,1.0305983872203796e-07,1.0552804756839475e-07,7.343947150365175e-08,9.914547475000239e-09,4.543716889038506e-09,9.797133732484983e-07,7.183193100437984e-08,6.814357427356627e-08,2.004871390860101e-07,5.974150417827298e-08,5.617541062049466e-08,5.43561701312513e-08,5.316768802228413e-08,5.120176466467091e-08,2.5182702571227626e-07,2.6372793843310666e-07,8.076013741570131e-07,-2.050278983416868e-07,-8.631380552887822e-08,1.4219589521444976e-09,1
9.391086793152355e-06,8.243836469824894e-06,7.931350854343848e-06,8.757726200475627e-05,7.770947883667856e-06,1.6631113726759296e-05,7.403136481419379e-06,4.400845733635175e-05,4.379876743985979e-05,1.3147849263196398e-05,3.482255386360479e-05,6.557058717631526e-06,2.671000773645136e-05,2.667217873834653e-05,1.5244357847514877e-05,8.565304928574536e-06,-3.094706776797695e-05,-0.00021722511935255232,1.0886332331665053e-06,7.298146795678072e-06,1.0712172907061045e-06,8.175427192174036e-06,-3.740034408636495e-05,2.7160049570002245e-06,2.0168053560039762e-06,1.882428295431479e-06,8.062110417393159e-07,8.289525638344858e-07,-0.0001539840937532702,7.348812392238509e-07,5.3598365012002e-07,3.0938925252082477e-06,7.113717423701956e-06,4.6166907557727564e-06,2.009348347015923e-06,1.9416068769295125e-06,6.127444086237667e-07,5.993289864655928e-07,5.410133466575966e-07,4.856158150191721e-07,-1.0699026298185974e-05,2.39431156366126e-07,2.3507716806228766e-07,2.3310653876495968e-07,1.3703510705272852e-05,-1.919530090416452e-05,2.022908950404047e-07,1.4597696620331037e-05,9.15711530977437e-07,1.4995383480019693e-06,1.1740496021657525e-06,5.420797601655759e-07,2.3827152580846636e-06,5.291047851297829e-07,5.92196439201445e-07,2.3461741131042942e-07,1.5045271446567706e-07,1.5664565448672858e-06,4.708954026186831e-08,4.100825824036461e-08,3.2090053564736066e-07,3.92020268090418e-08,1.9326583428778766e-08,8.052002949484134e-08,7.955281402083902e-08,1.0184975387667563e-06,1.1632225247459747e-07,1.1224178367724488e-09,7.136491184041537e-08,9.972930382652212e-07,9.840838827018407e-07,2.0307545392466395e-07,9.605385032428477e-07,1.2195907774464604e-07,1.3556267271868337e-06,6.795514841568855e-08,-4.0846697570952836e-07,8.244787097763037e-10,1
9.712370151306244e-06,9.548259122268915e-06,9.70048369103229e-06,1.888203518304452e-05,7.990929769218877e-06,1.7333486058393907e-05,9.505194494728375e-06,6.741557645767877e-06,-3.681731980551994e-05,6.021875382531673e-06,5.9243797683454766e-05,6.314917190668197e-05,5.501097965915582e-06,1.4841440532379754e-05,-9.150427957562538e-05,3.7998657957913947e-06,3.4727462800656476e-06,5.393528761150333e-07,1.0810097200972599e-05,1.2475752374066669e-06,-7.542456505485055e-06,-0.00034974467313123487,3.005793887866247e-05,-6.752397550426621e-06,1.0530501480399824e-06,9.902765800822666e-07,6.897630623684857e-06,3.111025500812238e-05,1.0615614077570027e-06,8.931505864072766e-07,-1.0894815950764658e-05,6.540757608240864e-06,1.8014528977628112e-07,3.834219470956979e-07,-1.0664261082896615e-05,2.853036587630718e-07,-2.1901030200883958e-05,5.46271543888939e-07,2.3738229949499653e-07,1.2704419887857971e-06,1.8493705541402883e-06,1.213092692680807e-05,2.2806803983166996e-06,8.757307670026336e-08,4.11159654021436e-07,9.308589745107958e-07,2.5990552288092807e-06,5.344521475723308e-07,-9.316012237237219e-07,2.926315643980337e-07,1.9475430213810976e-07,8.677529096708237e-07,8.331130728657387e-07,2.5074277656298695e-07,7.677454461159369e-07,-6.256531531223189e-07,-1.1818292701301309e-06,1.5020643603461322e-07,-2.9193467434042164e-06,-6.829086654368803e-07,1.9513260760630376e-07,4.0481282685136504e-08,3.819319457067595e-07,8.120862978773727e-08,1.2452053060598182e-07,6.776340163954093e-08,-2.6814228653512664e-06,3.254745996971388e-07,5.989517406778625e-08,4.862665832189916e-08,1.072383189785901e-06,8.102081517480619e-07,5.037923799541399e-07,1.3686067057346293e-06,-4.055146006042292e-08,3.4914329258933545e-08,2.916969461371466e-08,3.8403439903512835e-09,-1
2.46405570067278e-05,-7.420383719839723e-05,8.196426809913885e-05,-0.00034812414605457035,0.0003674215004897237,1.679646358707605e-05,-4.3244195816180885e-05,8.265780480266084e-06,0.00012169145256626582,1.286294189063079e-05,0.00014562387177203284,7.582260600058516e-06,0.0005137428838358687,8.075447190742605e-06,2.0832894161555336e-06,1.712960215368365e-06,9.263357746357333e-05,7.700095948885328e-06,1.393344109602727e-06,1.2219139674103318e-06,9.882584278352596e-07,1.2154453216210523e-05,-5.7240561297681415e-06,5.558601484388022e-06,9.399957880502173e-07,1.0952628984990705e-06,-1.5754868424425556e-05,4.7443056638727314e-06,8.470377493798419e-07,1.2788552109164849e-06,3.908407696261052e-06,6.741910951437917e-08,-6.894182022225405e-07,3.362470855916401e-07,7.510552255359893e-07,3.2074824888973903e-07,-1.9141995764575307e-06,3.3433409530041123e-07,3.310739991490832e-06,2.3940646036821345e-07,-1.3364565072844046e-06,2.96135460671549e-07,2.1516698193504514e-07,4.691672854135653e-07,2.0883438371737567e-07,2.0642311488797374e-07,-1.009043248290052e-06,3.1723351587313097e-07,1.2780349960227799e-06,1.300788907716683e-07,1.2546829407628302e-07,-1.9930234725678435e-06,1.1879015068927049e-07,1.0208084750613237e-07,2.7219733302135514e-06,8.541933613619258e-08,1.683390022427317e-07,7.422169026664462e-07,3.392367702689591e-08,1.0358325210177073e-07,3.9357221225692884e-07,-3.3912255713767945e-06,7.405506219357302e-08,1.4171284221159744e-07,6.571901784635199e-08,3.912520250903156e-07,6.346506368029927e-08,7.583616919502618e-08,6.038370363858861e-08,1.1251761596782044e-07,1.7194492362197418e-07,2.0214019944433934e-06,3.4402581200995835e-07,4.868111208231892e-08,4.5924820558945503e-07,1.6422489187415542e-07,-1.8063773731733404e-07,4.352427629043527e-08,1
1.532614743205925e-05,4.0018647069124785e-05,3.504965526325787e-05,4.588151077898414e-05,9.063823514270676e-06,1.2464216831654157e-05,2.7289818814887386e-05,0.000790745570799084,0.00038635565399058793,4.930115809836092e-05,8.530883390052092e-05,4.861765894174501e-05,0.00016444592797933028,2.8120339035191345e-05,2.1433212232189796e-05,4.294265067974802e-06,7.006379036340291e-06,2.2869058604956813e-06,-7.068665024842831e-06,1.2164690500300835e-06,1.556446425074581e-06,2.665559578980692e-06,1.288779946388516e-06,9.353804629953128e-07,6.201315542427045e-06,2.1858418465503748e-06,1.6885123694080073e-05,1.7979641171428931e-06,2.087398163105356e-05,-5.74183609733314e-05,-2.0737742046695143e-06,3.752332148171943e-07,1.1753042528361378e-07,6.4675794878242346e-06,3.67532939726635e-07,5.762647192848063e-06,5.950226574261997e-07,2.781221417376232e-07,2.1849268748823035e-07,-2.032238766323912e-06,2.1633372723488605e-07,1.4007445269275237e-06,6.192892192411081e-07,6.010715842624395e-07,1.2642149311168045e-06,1.2862023259502401e-07,4.983604557049905e-07,6.640705146230638e-08,1.409879158305137e-07,2.6908361143676825e-07,-2.2034249198371555e-06,-1.900509507389479e-06,3.4631306215732967e-07,1.1695643433029968e-07,2.044481853009532e-07,-0.0006995927683242148,9.897454091056849e-08,4.883563038868189e-07,1.8173299812377666e-07,6.945879879777742e-08,6.934610869475852e-08,2.3824525027227557e-08,1.57773442345649e-08,7.018181661045137e-08,6.973009123262498e-08,5.245250469302746e-07,5.231270074063643e-07,-3.4082083967633604e-07,8.577302644396694e-08,1.1302484342467885e-07,-2.5968135636848697e-07,1.3942075628413247e-07,2.4927427835014263e-07,-2.539235994555914e-06,1.6217421062441752e-07,7.4468717960863654e-09,-5.7012364704716164e-08,2.2485373050855927e-08,1
-0.000574220430535784,9.545981959388211e-06,5.458261113835678e-05,4.841196642166545e-05,5.966036600130363e-05,1.787778516257715e-05,4.207534779407816e-05,0.0002022407381422187,9.312735294303271e-05,3.136342868715384e-05,4.043148301559963e-05,6.60598748832129e-06,6.534599926036557e-06,5.897321814791849e-06,9.761268415784893e-05,7.105314243588227e-05,5.0088303643565395e-05,3.1963873894568375e-05,1.2077735525646668e-06,2.1486052613031903e-06,3.0109349883295286e-06,4.653841199420742e-06,1.5193943950997575e-06,-0.00011187314234333313,5.326964491813401e-06,1.2995235891010244e-05,6.9942996847647e-06,3.3397338610963805e-05,3.3804374810347916e-06,-2.1481591960984534e-06,-5.188346334758656e-05,2.680572260724625e-06,0.00010767724311243483,-3.8207729792516636e-05,8.414812972198035e-07,6.987353921508907e-07,3.3078486902351145e-06,2.869817281249295e-06,-6.773854900605009e-06,1.027965063377645e-06,5.844471393707435e-07,2.8721793828622454e-07,1.2580777128798856e-05,5.454997459652187e-07,2.6571698624744823e-07,-2.126605961975237e-06,6.589174797112798e-07,5.288989763668052e-08,4.582523808581375e-06,1.6644086651814485e-06,0.00019288222372657222,-3.434627168560796e-05,1.0136660760203224e-07,-5.55653027361217e-07,1.81316231587104e-06,1.8126160199113803e-07,8.132426284150005e-07,4.6557995062808154e-07,4.365592572525619e-07,6.695565893844408e-08,6.186112100628786e-07,1.5021231463166722e-07,1.0852923110105936e-07,6.997103047015077e-08,5.384001235944652e-07,9.580177343578927e-07,1.2821627983479514e-07,1.3915364701551774e-07,1.1703239567501946e-07,2.796456301649327e-07,4.894624320175941e-08,1.680887169975258e-07,4.6196553152169634e-08,4.998998700027005e-08,1.4265294789506842e-07,2.117759807905975e-08,1.989634019883199e-08,1.52801365207286e-08,1
-0.0001449489653623822,1.0071310411359037e-05,5.260449510358662e-05,8.612541505546178e-06,0.0004713458446859129,0.000693655386265396,0.0001724288462231486,4.455127598141528e-05,1.3595042275143458e-05,4.247958798448743e-05,6.721197399630878e-06,1.602722670963869e-05,3.4790665302475746e-05,3.3516068966079025e-05,1.988572858585771e-05,1.7922542573716935e-05,2.050617836565052e-05,1.0129638288097048e-06,7.328999468518141e-06,6.412557723890563e-06,2.27401609386105e-06,1.0243154567369695e-06,2.768798232568702e-06,-5.364213367617807e-06,8.050789015063399e-07,3.4121279329730905e-06,7.404398478432979e-07,4.8283299456100235e-06,3.6295825819830967e-06,8.893862662474997e-06,5.7052242630191095e-06,-3.6201316645886934e-06,3.2174192824125555e-07,4.123875542946414e-07,2.4531201552166382e-06,1.5491645390123452e-06,8.240434900543278e-07,2.6614163332039023e-07,2.5452281417281364e-07,-4.32693615759249e-06,2.724947770797704e-07,2.4031652152947527e-07,0.00015077200662264403,-2.163318849942665e-05,-3.911765957620439e-06,4.586452912822351e-07,7.772413694676128e-08,1.22949277277344e-07,1.4177640788451075e-07,3.190635277644429e-06,6.904513157583241e-07,4.6529166592428586e-07,2.065269067168669e-06,6.838674423150525e-07,1.149607653272024e-07,2.310687832189499e-07,1.587772659845841e-07,2.6383005772000114e-07,3.261559629852119e-07,2.3374779035906176e-07,1.0880947924327199e-07,6.080255163027146e-07,5.1851613613112814e-08,9.127294326416798e-08,7.210209827249282e-08,8.813282058929607e-06,2.4181164940298017e-06,1.161988346059941e-07,6.309878398358876e-08,1.3741844052381097e-07,1.5570278266316465e-07,9.344237485658953e-07,9.919648432928294e-08,1.926371447676634e-07,4.961912644745072e-08,3.0049331164600594e-08,3.260914336217278e-07,9.133372846432435e-09,1
8.199285265075134e-06,1.3935589755653873e-05,-6.132070428024009e-05,1.250725722804495e-05,4.1934640716557143e-05,-4.276535025353017e-05,7.062585533799351e-06,6.121686990037453e-06,5.913439622103355e-06,5.87290609916707e-06,-3.487788148650895e-05,0.00026230978312966063,5.262119317673321e-06,1.1398010054264101e-05,0.00014013079998873728,2.6863032251302374e-06,2.3898439989941157e-06,-1.602898861999343e-06,2.1479389924220085e-05,1.84575781542796e-05,2.2749854861556958e-05,-4.3325365288217015e-05,2.27599835073233e-05,9.821929197700698e-06,5.2008928533861305e-05,9.610849536667977e-06,1.4689316020399854e-06,5.766426808151854e-05,4.953072607796628e-06,5.5922541409950425e-06,1.8058120186765444e-06,2.8530664531220095e-07,1.0356932127482567e-07,3.6218564827481114e-07,2.1555422617523912e-06,3.538266051015015e-07,7.38095888069119e-07,5.083287420987914e-06,3.1872274647505403e-07,6.648268172521282e-07,3.0697208361999507e-07,1.3256935910935018e-05,5.073089968708761e-06,5.531521564817035e-07,2.120463224023957e-07,9.227263651821168e-07,1.960071597006354e-07,3.724251309816981e-06,2.785085881410351e-06,5.359723419733877e-07,1.2065422141123482e-06,-1.3397062477809461e-06,2.763261001028796e-07,1.2748789370951063e-07,2.703677242336538e-07,7.483318800922453e-07,1.0612742755208522e-07,4.960804171938656e-07,1.1285620083193027e-05,8.824939263998387e-08,1.4753935212647647e-05,9.388638517871517e-08,2.694370894551131e-07,-4.009859946622426e-05,-7.665542143991445e-06,4.859997901089677e-07,1.0655369208100553e-07,-3.957553469629413e-06,4.966477471057427e-07,-4.094129557848491e-07,4.0774796996381145e-06,8.331903745346304e-07,-4.142868778477783e-07,5.71855056967121e-08,1.0387588420424987e-06,5.780465188007018e-08,1.1672907591527328e-06,4.1239156464764474e-07,1
-9.567012349014354e-05,0.0001911513379583317,8.003067019519159e-06,6.444323979022395e-05,1.566156623621142e-05,4.8882185322390555e-05,1.659552207114054e-05,-3.6611372756621115e-05,6.766724019820008e-05,5.852664928701916e-06,1.668977707876469e-05,6.016815979567397e-06,3.129076416722549e-05,1.242146720663105e-05,-3.728877099228368e-05,2.9315098298716256e-05,2.174675961220503e-05,4.613009744594817e-05,4.386081012241665e-06,3.5779204748834804e-06,6.569093683618618e-06,1.635513539369151e-06,9.076622600259335e-07,1.6161992430346434e-06,1.1008513128468728e-06,1.0139684979242943e-06,4.4369676314055645e-06,5.718962365843068e-06,3.0078329949195697e-06,9.209023954102597e-06,6.384566506985346e-07,7.1034878479043766e-06,5.356587328403884e-07,6.255662399315246e-06,2.1531439979750124e-05,9.525647982822602e-07,3.0199931672720515e-06,8.712846971542686e-07,1.6050681348303394e-05,1.5759978846542287e-06,2.6455971380999744e-07,2.060136555831115e-06,9.074491804239434e-07,2.5033703356230583e-07,5.544096889953075e-07,2.0310831473497093e-07,5.2930917736580615e-08,9.474878778499949e-08,1.3779517018551324e-07,5.991369332759763e-07,1.478563112327328e-07,2.714586331875741e-06,2.6953339389851242e-06,2.6933643131811913e-06,2.585177870015301e-07,6.474151455294868e-07,1.0206309052624797e-07,9.841918334749903e-08,9.48208802354986e-08,9.536611560939825e-08,1.7790302798738463e-06,1.1002400318763614e-06,4.7730982252565505e-08,8.602216716826839e-08,4.703298346189984e-07,4.6881398909933763e-07,3.972926373534987e-07,7.831727870856785e-08,4.107004837153408e-07,3.5369324242667235e-07,5.5122093321709025e-08,5.130250580974041e-07,5.052521781915006e-07,7.863083772187832e-07,5.98849012637799e-06,3.023552387613411e-07,3.889412715339602e-07,1.3155674238346422e-06,1
3.2286063451061844e-05,1.6569427550568378e-05,1.0427627072726364e-05,4.145615733524587e-05,1.2939497774481308e-05,1.6731303040427106e-05,-4.009388578223412e-05,5.836481708274412e-06,1.0557570058745379e-05,-0.0001975280319403887,5.718118775691549e-06,5.642973073564722e-06,-0.0016207686655639885,8.455053085799758e-06,4.583034100820836e-06,3.008904823319635e-06,1.0002550544751208e-05,2.1747739213382872e-06,2.297292249178597e-06,-1.8489288657181032e-05,-2.0176308134986708e-05,2.4639988824326364e-05,1.1044901407473617e-06,6.129077622886936e-06,1.101655192843192e-06,8.676030813491355e-07,6.025199408032704e-06,2.665290794032147e-06,7.463314050010219e-07,-4.5722718032286054e-06,7.889666659350635e-07,9.423036831132731e-07,1.10455511262797e-07,3.657638534737972e-07,3.478070927347655e-07,3.369239693508713e-07,-4.205647511917521e-06,7.2808700542335e-07,4.817197375002502e-07,2.961284218669872e-07,2.433072121994423e-07,3.75543888120109e-08,2.3070282357119058e-05,2.3010441143418646e-07,6.621691799395459e-07,1.2370781022453615e-05,1.0509567145808916e-07,-6.262496732478729e-07,2.397787342808708e-07,1.984601126612321e-06,1.9893794704712153e-06,9.354270469002484e-07,1.2833237396040962e-07,1.5740300067142226e-07,7.466999172313726e-07,1.1161112926359264e-07,9.500417850235467e-08,6.665609364887514e-07,9.13603842339792e-08,7.911965864067594e-08,2.2327020009967299e-07,3.8300021700650264e-07,1.2610206265485885e-08,-9.332480869891548e-07,6.414190428395987e-08,5.970035876160508e-08,4.561863331878271e-07,5.786526219737806e-08,1.6276755580831805e-06,5.452164120308635e-08,5.738743341043424e-08,5.14793291645842e-08,4.768284478900003e-08,4.755682692943644e-08,1.4893081971417856e-07,-2.7142270101092205e-07,5.0201064718904677e-08,1.446218518186444e-07,1
7.57537030116798e-05,1.0225629261387117e-05,9.836037864778004e-06,9.099897584595714e-06,8.483701715770233e-06,5.3135949746744024e-05,8.035920526472802e-06,4.6161625797764866e-05,6.186776864847688e-05,7.177274763895487e-06,6.828287227972838e-05,6.461089167068172e-06,1.2399519813645708e-05,5.152358247896857e-06,8.401093717590832e-06,3.657546582435804e-05,3.267630680407522e-06,1.7246963312820406e-05,7.579507509756672e-06,1.9776710727050165e-05,0.00011420021917544937,7.192455165887201e-05,8.562531061024653e-07,2.8386686145112352e-05,8.79846124674803e-07,1.6603245020200975e-06,-8.846036949268177e-06,1.9461603948814833e-06,5.0259134391624395e-06,4.972271171067469e-07,1.0240240511223892e-06,-4.2919603126619645e-06,1.0454566364570258e-06,5.511785142197233e-07,4.600252475705574e-07,-1.4947399981287036e-06,3.7657673439547223e-07,-1.712217712001271e-05,2.764190388892674e-08,2.0696138123211032e-07,2.2288406077337354e-07,1.1355641669282583e-06,-9.002805664997512e-07,1.8216484936954637e-07,8.491004003359008e-07,1.0363598263962682e-07,1.654046531135433e-07,1.0087259025472181e-07,3.6244167266006433e-07,-3.2584434659622646e-06,-8.107598908732097e-07,3.033746717383807e-07,3.0714324857397537e-07,4.434002340094573e-07,1.9385835989157067e-07,1.884094025520188e-07,9.788155953226816e-08,1.020047806850203e-05,9.138979482348198e-08,1.5906633777726888e-06,1.2310983893614205e-07,-1.2020859461771818e-07,2.959524535226218e-09,8.121969940834395e-08,7.2898626677136385e-06,5.882041349509184e-07,6.095107407839092e-08,4.9976296797616436e-06,-3.386707362915117e-07,6.519887162179168e-08,5.860926322657092e-07,1.047431748331696e-07,2.7878819221609433e-07,5.8293745371767876e-08,2.9059896591913596e-07,3.2276520156832526e-07,-3.8371023848598066e-07,3.195367706747557e-08,-1
5.538454816899938e-05,8.791366752839987e-06,7.692375704672975e-06,-0.0016039722957977482,0.00033904825407929926,1.8076592793957318e-05,-0.0016228438717171651,6.718514490557442e-06,0.00010802947993673051,6.5011974388541945e-06,8.636331427191255e-06,6.0762554825525025e-06,3.4805008673369636e-05,5.848360898886521e-06,8.059598025509e-06,0.00011431326847877022,6.185790835548075e-06,0.00013745477178423238,9.818404858731993e-05,9.221979218378101e-06,3.8224561750558185e-05,1.0324215611189658e-06,3.7410911873150166e-05,1.0240853220390666e-06,9.516202530483889e-07,8.548638053690922e-07,4.024051034222714e-06,7.779568230705573e-07,1.0042601152663325e-06,7.509437664425117e-07,6.440447809871071e-07,3.471602213159071e-06,8.954053745595097e-07,5.553605624651183e-07,1.255657515764382e-06,2.2875970333940142e-07,1.4009339691442881e-06,3.601925917659531e-07,5.311568806932882e-07,1.948075472131841e-07,2.1358995813937954e-07,2.0050147363016125e-07,7.946296141074438e-07,1.1048077060610622e-05,2.8789277171170563e-06,1.9838193340669835e-07,1.4089010954196075e-07,8.700131266844506e-08,-1.4948456795334928e-06,3.999822921937386e-06,2.0670169402961274e-07,-7.294077095885236e-07,-1.2860273257866583e-06,-6.037714661426885e-07,1.1338167824224819e-05,-1.949292572723552e-06,8.358030233878406e-08,8.368359783528051e-08,2.9192337963703674e-06,9.850169644004966e-08,2.397511254505182e-07,1.2327604155235367e-08,6.179647908005385e-09,1.449820188341286e-07,7.540764705390116e-07,-2.1914451790359845e-06,-6.486079126985676e-09,2.8064833679442846e-07,7.082879060803349e-08,6.224478161896819e-08,3.613085752731396e-07,6.286918132873133e-08,1.764369276003685e-07,6.224887212277314e-07,4.091717233626203e-08,3.75887283145583e-08,1.8661467365856116e-08,-1.370758890788217e-07,-1
5.713023090714209e-05,2.149495166965736e-05,1.3227866498441758e-05,8.509134420516277e-06,1.0529600643331081e-05,-4.833480319134466e-05,1.1386779627936783e-05,-0.00010515424625975375,-4.545946479860573e-05,6.064877135015909e-06,1.5995203486949142e-05,9.870567993478177e-06,3.5296663748212815e-06,3.564851068336764e-06,-1.886771182770538e-05,-8.578253338691823e-06,1.2593082559057916e-06,1.1746056152111406e-06,-5.644972162665709e-06,3.692345096201688e-06,4.219653109778062e-05,3.856459334863528e-06,8.256370568604694e-07,8.342787497011946e-06,7.327142416143988e-07,-4.4319502434608e-06,6.909372767049806e-07,6.739598865777484e-07,1.4330431522005326e-06,6.281130130694301e-07,-1.9565554628123735e-05,5.781750078017546e-05,2.2986742170956772e-08,0.011117231540737424,3.522005462703225e-07,4.1194247878841645e-06,1.9060122646046118e-06,1.0993404340179046e-05,3.045491159380776e-07,2.9343696426836403e-07,1.6931935623319415e-06,5.283561080340444e-07,2.489817989017873e-07,5.884078518175061e-07,2.58408600451989e-06,9.161071208647722e-07,7.926091103551788e-07,3.6806522079451015e-08,5.382929410419874e-06,3.940389911666848e-07,1.166116900477107e-06,7.330040010246971e-07,4.277009394572026e-07,1.961964868381847e-08,3.437840949168244e-07,9.318937949864843e-08,8.169752107717842e-08,1.1187014112612668e-06,1.8785681172140387e-07,2.9530083580904566e-08,7.940657627709349e-07,1.2571642668069312e-07,1.2647447205671677e-08,7.485276098008434e-08,8.082480708222865e-08,1.831779826301192e-06,8.358242108866419e-08,3.224402097060909e-07,8.114739704080662e-08,5.0496889505006926e-08,9.011791348559727e-08,-4.150148362709945e-07,5.349387401530293e-08,6.838786475881627e-08,-6.332183524550673e-08,1.283453545378545e-08,1.7200886806357786e-07,1.2546546461669272e-09,-1
5.835866357776388e-05,0.00036700906227240393,9.60793527579651e-06,0.0037974871164858483,8.243404817114384e-06,0.00011028968350188272,-0.0001377310219575881,1.6700910561733286e-05,1.2267893337051397e-05,-3.692609579104619e-05,0.0002572340461525392,5.819402360800148e-06,6.111467590348124e-06,1.949908627097101e-05,5.420480823439333e-05,9.085142378331152e-06,1.1515606020916737e-05,2.6641733508694018e-06,1.5895882870772034e-06,6.333369227577918e-06,1.397013030511814e-06,5.510513040698394e-06,2.562814961813692e-06,1.4373285972065302e-06,9.861206559934325e-07,5.1181212446261095e-06,1.7680297039001147e-06,1.1418590475850493e-06,4.1522165638343326e-05,8.683304835769088e-07,2.8605441471626426e-07,9.059380876588645e-08,2.110969828018991e-06,6.181144703678815e-07,3.2659325163608273e-07,4.922703889893266e-06,2.9327788135160055e-07,2.73868418007928e-07,4.886267638073049e-07,1.3168076732301224e-05,4.882746676454802e-07,2.473422773389679e-07,3.9636194197156234e-07,-1.9407097528940082e-06,1.6420640782589175e-07,1.6081725775154315e-07,2.1405331260641893e-07,-3.1574706017799035e-07,4.447308096075814e-07,1.9207212985523338e-07,4.6455978570144565e-07,1.2301860806633566e-07,6.256599981676053e-07,1.0284801077384577e-07,7.214705389700266e-07,-5.63381968641115e-07,2.0438254797445212e-07,8.578975253639831e-08,5.098627499901422e-07,8.414522357175668e-08,4.7188624624966276e-07,4.051384726040348e-07,2.4484606584294076e-07,-1.7939212891170135e-06,1.8096792390339494e-07,7.125695081784915e-08,1.9994727276080427e-07,3.9418310872777267e-07,6.5228482230517e-08,6.565809607235534e-08,1.5653277346332354e-07,2.812993283884345e-07,6.110443287323686e-08,3.3053514769584547e-07,3.008308587307321e-07,1.1924178588176729e-06,4.692023910698671e-08,2.881540734127624e-09,-1
2.2392513332987413e-05,6.114001739121188e-05,9.813804342687062e-06,0.00014219527814459927,4.972596862022966e-05,-7.113869811934348e-05,8.082421338968115e-06,9.971538007098178e-06,0.0002625459611304101,-4.8468064075880985e-05,-7.530461177518114e-05,1.2073834144286127e-05,3.0305995053377167e-05,3.840618998957707e-06,3.790901446860842e-05,1.666260963132646e-05,4.5237503856690214e-07,9.230028486894053e-07,1.2062686819200688e-06,1.9096010457667725e-06,1.9353478423840672e-06,1.1177731210739378e-05,1.9674182791607143e-06,3.418485663962028e-05,4.068699803189578e-06,1.0328404646519925e-06,9.84856978114272e-07,-6.121293089561375e-06,9.281329129865597e-07,8.729995670365089e-05,4.900446422205531e-07,2.6534524667716866e-06,5.767314234963871e-07,7.369552733724754e-07,7.961093210984205e-07,1.1917031824637163e-05,8.338216569406655e-07,1.918216462506484e-06,2.927595903033851e-07,5.767405488282163e-07,5.773147131422588e-07,2.2089619545439245e-07,2.4596144199538667e-06,1.967838810788202e-07,3.982463640525646e-07,-1.902462868495554e-06,1.225384514853456e-07,4.664104651502931e-08,1.0170257568738466e-06,1.341189010264513e-07,1.6338757709979523e-07,1.1369737513474296e-07,2.006251379456935e-06,6.353612863248248e-07,1.9846424370652733e-06,1.0449884336071387e-07,5.213131617871267e-06,1.4390729622974838e-07,-1.2018792893794113e-06,-4.927615119294238e-07,-4.4744857991213297e-07,5.70427728887886e-08,2.676401828463646e-09,5.264850055225408e-07,4.786138553384691e-07,2.7804404834386593e-07,-7.26802858699873e-07,7.203503826791745e-08,1.340594707689675e-07,7.651932685022269e-07,6.382862091961359e-08,5.90807385101253e-08,9.616227738040562e-08,9.530588511277405e-08,-5.116807472910002e-07,1.8971888954092104e-07,1.5428773651542395e-07,2.673661335311428e-07,-1
0.004139964279615287,0.00012455199714173732,6.06660905587818e-05,8.385971662220432e-05,1.3331719919544404e-05,-7.479983052141713e-05,2.873831095084913e-05,8.121001942157417e-06,8.72094725386843e-06,5.6254042854200095e-05,6.837223415099732e-06,9.11902578695327e-06,5.876944822813572e-06,5.690429802315119e-06,4.278597905025253e-05,6.029157158876754e-06,5.718854376438424e-06,4.713240743079612e-05,2.7990641666234267e-06,1.2201924281836505e-06,1.2641128545514406e-06,5.435984191414271e-06,8.459296038893544e-07,8.53875463503388e-07,1.5969368053915917e-06,5.390537670570165e-06,1.4794723726443377e-06,7.043897456257145e-06,1.6363847213561986e-06,1.0009387672559494e-06,5.307414081851936e-07,-1.759794643879583e-05,5.652291956231755e-07,1.4438974797232002e-05,2.962103309411371e-07,1.2112172086108574e-06,4.5376028663756895e-05,1.1750651422322625e-06,3.0326287050918503e-07,2.4867999209072575e-07,1.7798957375061676e-06,-1.4307675908150849e-06,1.840459956842825e-06,2.102174999614772e-07,1.7551956501207063e-07,1.4620071077530055e-06,1.8571309906274983e-06,3.326469607573754e-08,2.2713683957668452e-07,2.3095127306309215e-07,3.2171343962407407e-06,1.2960032461031763e-07,3.209098266787756e-07,2.158183433938969e-07,1.1522085655478688e-07,9.183914002212818e-08,-3.3213280144345144e-06,-9.492650587863827e-07,-2.417019543563844e-06,1.5422762489809652e-07,5.701187481086782e-06,4.230117310958812e-09,7.156473992200279e-09,6.676096191271391e-08,6.249968180863154e-08,2.5804685663274366e-07,2.8483381380986344e-06,5.713188936385451e-08,1.0357131870095649e-06,6.713762214660005e-07,1.1205804674654898e-07,-3.942092095435392e-09,9.1625326538871e-08,4.107650226480522e-08,5.5103906681250194e-08,8.386386440324729e-08,-1.7945125232560147e-07,1.2009335650578258e-08,1
1.9621921276149302e-05,2.0081305855104738e-05,1.555533235823527e-05,8.059633726517015e-06,8.598423728498181e-06,7.528885135429937e-06,4.125584907822518e-05,2.2892888671063217e-05,0.00018724389157343018,1.553966236742195e-05,6.123788542767149e-06,5.257160857542454e-06,-3.0249634953604345e-05,5.604736751285238e-06,2.6946520677083073e-06,1.3037234017609477e-06,7.2094377184105e-06,3.844955698384696e-06,7.588642419816394e-06,1.2037879369911451e-06,1.2329664376001002e-06,2.1794746433898644e-05,-0.009085101845328002,0.002155028676974909,-5.599123078007152e-06,1.1654355841953362e-06,2.8347750377553013e-06,7.800629111288209e-07,6.987498296789171e-07,7.614722793097353e-07,5.874723280720113e-06,4.009570784892327e-06,1.6328123396833195e-06,3.8436239001217713e-07,-2.5963632986127033e-06,2.114155599883842e-06,1.6106619826412656e-06,1.0586647254099751e-06,6.153975757703755e-07,2.151584008113408e-07,4.379636661873672e-07,3.70718061946648e-08,7.945946270128789e-06,2.3338599652491922e-07,1.422451481095447e-07,2.1670546469470466e-07,2.1265918206926694e-07,1.327844897802199e-06,1.6037110107895898e-07,3.023981003725105e-08,-8.469102203425493e-07,4.783171298686892e-07,1.2087540572614847e-07,1.1164869786969195e-07,1.2409882351485352e-07,1.1117001950660469e-07,7.336478189096389e-07,1.2860195889862912e-07,1.1058390358198482e-07,7.800219633817559e-07,1.0590581195816929e-07,5.5566667879357287e-08,6.67810097305365e-08,1.1824705180830316e-07,1.1054740323038846e-07,8.87712100303086e-08,8.724328960871152e-08,5.33198794813551e-08,1.9773381641935403e-07,2.567278613430204e-09,1.0798398003540638e-07,4.694279764999764e-08,3.1859709124205174e-09,6.000498561588438e-08,-5.220515148159625e-07,2.303235857436815e-08,8.581117659541468e-08,7.735414764795094e-07,1
1.2135559122940797e-05,2.0743446040473444e-05,9.15675975358066e-06,1.5950598495284522e-05,0.0003593530715102561,9.401609172057538e-06,2.4863180302746792e-05,7.239034390497035e-06,2.060826570426769e-05,2.69409943668889e-05,6.262228490893251e-06,9.018892835397534e-06,-4.250962632471381e-05,-6.289346504547306e-05,6.435510898052657e-06,4.567897758853343e-06,3.178278493698883e-06,-1.7039562228745406e-05,1.250680776841353e-06,5.41801264897386e-06,1.7808671019162757e-06,1.841368516189306e-05,4.996407791479554e-06,3.821660021186304e-06,1.7858089260808928e-06,8.295900592955837e-07,7.611993591902456e-07,9.9438239221465e-07,2.1015910990915722e-06,3.487935511945059e-06,2.0864332540896218e-07,1.1826465599912652e-06,-3.3204083089214316e-07,3.472175351975299e-05,-2.9951972078319838e-05,1.7743831700556857e-06,1.5687712364769577e-06,3.032195334271177e-07,2.5689595255164366e-07,2.429963740600067e-07,2.3679938400441129e-07,1.2108236995465624e-06,2.37026754083579e-07,1.3438370206616574e-06,2.3347707067340494e-07,6.643470533694218e-07,1.0945516474579632e-07,-9.94845353236481e-08,1.5066876907777286e-07,1.4301719630262149e-07,2.717429081359028e-07,1.1043339918783259e-06,4.250193999761836e-06,7.689924945239497e-06,1.0831879702126279e-07,4.029752000306757e-07,1.5980045035609e-07,1.1639775057343609e-06,4.5160117782456675e-07,3.6677087708859456e-08,2.0072274463038692e-07,3.633766285083913e-08,9.068585116846237e-08,4.7644467876110323e-07,1.6150455439385167e-07,7.436695065290472e-08,8.747069865223985e-07,-5.312432374584997e-07,6.685082920518978e-08,2.4261029640734804e-09,5.310926542857773e-08,-3.0770115759192764e-07,5.012634577559464e-08,8.328568430104189e-08,7.471470080245885e-08,4.554128927001437e-08,4.530472525310144e-08,2.1227619734173497e-08,1
9.617555010558595e-06,9.305540045478832e-06,1.0072215748896121e-05,1.0313931997934797e-05,2.117070252207669e-05,0.0007633402969714791,0.000763554195898005,0.000763447246434742,0.0007598872684504559,7.708961693545883e-06,0.0006784195573862877,0.00045989094384004704,0.00045903115706204684,7.395774908431686e-06,9.487516800319309e-05,-3.604580505407841e-05,5.752260724008244e-06,5.2504086532407205e-06,2.861946504211345e-06,1.3709352784781005e-06,1.1030009932083563e-06,-6.11476275187391e-06,8.933957421259713e-07,1.798048722805579e-06,9.097518943133133e-07,8.093704049586059e-07,-5.516708794894683e-06,1.2332389805105578e-06,7.679000010656466e-07,7.453911019978149e-07,4.602571203277154e-07,1.7648590669348887e-06,3.9568537207424144e-07,3.7424499776820077e-07,4.391102092514259e-07,3.94530485152856e-07,6.881310205193318e-07,2.994643927630024e-07,2.75736643343031e-07,1.7138207816212524e-06,2.6262479897881766e-07,6.0429796290652e-07,3.2581920381687287e-07,6.374258881604716e-07,4.7209283568001684e-07,1.1666947468259977e-06,4.736229709699056e-07,2.0843439908018833e-07,2.8797872630513226e-06,1.5267659181739403e-07,1.515556001908233e-07,6.956393374850545e-07,1.074520025342e-06,1.3279014527196095e-07,7.38155205827308e-07,8.789694195968765e-07,1.6177816673748736e-06,-1.131514438814331e-06,9.928493145453156e-08,2.6978754033297697e-07,8.431808419286092e-08,2.8263999243687814e-09,3.067605089276423e-09,7.670813247899525e-07,7.857302402019232e-08,4.316395216344891e-06,2.9984698695383594e-06,3.174550415732163e-06,9.067060047391124e-08,6.55754989411077e-08,2.601743331058347e-07,3.40015519980947e-08,6.714408648643055e-07,2.393398829009177e-07,1.4462782154162132e-07,7.80568161939666e-08,2.108480073898999e-07,2.1291600579247203e-07,1
5.968559178804895e-05,8.9468934487783e-06,0.00035210065523889926,8.67744703122054e-06,9.730817689448178e-06,0.00016590650667877357,3.6975503699755324e-05,2.406153928015886e-05,7.240827129760331e-06,0.0007259982781405236,5.4802445704667856e-05,4.739357189029222e-05,3.8205289538667704e-05,1.4923465364508111e-05,3.530509937866509e-06,5.933682960251384e-06,9.477986375459554e-05,3.708647449311427e-07,1.3074530005371254e-06,6.795415796021646e-06,6.029587677501696e-06,2.234791235068608e-06,1.1221992093623156e-06,8.840991224690501e-07,1.3607620890372658e-06,8.469685685669995e-07,7.975488940359213e-07,1.8713398809066357e-06,7.106361128739365e-07,6.920265204201737e-07,5.646107257604639e-07,-2.56680073675561e-06,7.988175005663304e-06,3.6388239767991315e-07,4.0819185514308584e-07,4.304171254944211e-07,4.244151618614828e-07,3.4820774711324216e-07,3.1244869970266096e-07,3.0080015036896883e-07,3.99170178827417e-07,4.772188602180889e-07,6.045318616674369e-07,2.2198787354242143e-07,9.538521501412977e-07,6.53651506272181e-08,4.744206955348534e-08,4.3184012853663325e-08,9.855873146583969e-07,1.1784397297386411e-06,1.3182427222894214e-07,1.754579026179941e-07,-7.235678230513604e-07,1.7628412184488186e-07,1.406828005127971e-07,1.807844944932064e-07,1.0520308985551892e-07,8.73203306485601e-08,7.225087723829174e-08,-5.359424183121212e-07,4.54984030462019e-08,3.753044456477704e-08,6.334950848459645e-08,6.708777329776346e-07,3.625956043618208e-07,2.447077502944881e-07,-6.77795950234459e-07,9.864745423043807e-08,6.726088297271489e-08,8.339859949455126e-08,3.660527423859021e-07,6.886048571582557e-08,-3.5364876719284306e-07,3.492233450864953e-06,9.750472598020278e-07,1.3367116782347561e-07,1.4411727249432642e-08,2.500199067098009e-07,1
9.17149325074897e-06,6.778142787720098e-05,9.124630265052531e-06,0.00010744928925962169,-0.0014705186730979503,9.992696009489045e-06,4.421975992101949e-05,-0.00012413137272781458,7.229215200593426e-06,4.553708932254887e-05,6.8984649529220115e-06,6.669820482753362e-06,-0.00015232203723464303,4.0179095425881575e-05,1.3812748617055137e-05,0.0002653460284595993,2.2513787891027095e-05,6.396180782264493e-07,1.077850314320042e-05,1.108393855508739e-06,3.410801966009216e-06,4.156497072820039e-05,8.76099144255436e-07,4.8858071483196185e-06,2.031116522419715e-06,1.6987055427234846e-06,2.7987074909044647e-05,1.1697862494775557e-06,1.7754045365651378e-06,8.835056065798279e-07,6.82288670127423e-07,4.4131374223331363e-07,-4.209022907534328e-06,3.586920663887717e-07,3.285595827955963e-07,3.290129632126331e-07,5.166104749835154e-06,8.466212061811888e-05,1.706961232633015e-05,2.821241027226279e-07,2.4333051206287817e-07,4.2680287619064704e-07,2.0825561248488529e-07,-2.3480627005072175e-06,4.650694616519851e-06,1.7481567454901625e-06,1.1065650766448511e-07,-1.0437810718878186e-06,1.506679344954171e-07,1.3328803590826455e-07,1.2013755910791933e-07,6.779866192387482e-07,1.5678262590153552e-07,9.789529291573274e-08,8.410867526025031e-07,1.000861496397618e-07,1.0055485778207276e-07,9.000217297241331e-08,4.902140939571035e-07,-3.6870348599156354e-06,7.508717332652942e-08,7.079902720299141e-08,3.2512073948276005e-07,4.0081336784771003e-07,9.15066012068237e-08,3.882856680042453e-07,1.410272974759055e-09,6.324082399407278e-08,5.515216043738383e-08,4.7472392855719445e-08,4.380184207305476e-08,8.16819861124434e-08,4.28641760036285e-07,2.934053957031088e-07,4.6672977014363845e-08,2.8581784363161326e-07,1.639598372888043e-08,5.067960678767716e-10,1
2.3893199487291157e-05,8.993191910565179e-05,8.993191910565179e-05,2.5082097389798565e-05,4.953113442742021e-05,5.343917147571307e-05,6.995715313634e-05,6.427430031428309e-06,6.4169204248349965e-06,0.00015945617267245062,0.00021079229923701595,-3.402082315462386e-05,0.00014521815383595379,1.2109437757339024e-06,4.840583680259974e-05,1.6254695818505604e-06,4.156427150411843e-07,-1.7068749187293527e-06,3.085988682710936e-05,6.70972619456994e-06,6.3248763485735755e-06,1.0075211114395001e-06,1.006660545908236e-06,-5.447202528168325e-06,8.681592072708117e-07,7.994074898307454e-06,2.1503385118906827e-06,9.62096975069212e-07,-1.908596057103084e-05,1.3450377125558321e-05,5.983478060273632e-07,1.3824967614153547e-07,-3.0090516308690996e-06,5.208122962608031e-07,1.0325776781579382e-06,1.9532703048599124e-06,-2.3746234992255116e-05,7.301926804027501e-07,-2.6246462912082415e-06,3.394770180577845e-06,1.4946032658176502e-05,2.82623995866954e-07,-1.2402753580611364e-05,-1.4871519536641255e-06,-3.6286305517201633e-06,2.356960817145828e-07,-2.6111462080776058e-06,2.126089145027173e-06,3.317595955111226e-07,8.285235849670045e-07,2.8726767412372836e-07,1.801760759579155e-07,1.1918488392934734e-05,1.1894819997794768e-05,1.1220927916019774e-05,1.058951449206839e-05,1.2982567860241897e-07,1.100477416203534e-07,9.500644543243108e-08,5.658726592906125e-07,1.1537397076520265e-07,3.289373590072381e-07,1.0129768778799082e-07,1.4214263963878147e-07,1.0967482227824802e-08,3.443337003955369e-09,4.075350373796342e-07,9.830698988010569e-07,1.2146950071281708e-07,9.611996975236477e-08,1.8072337120343057e-07,4.772952066464888e-08,4.7866241487022525e-08,1.3681277098657044e-07,4.286676907126363e-07,2.2918776085702823e-08,-3.026205326942877e-07,1.2080892025601368e-07,1
6.462485319265484e-05,1.1314640718116169e-05,-0.0010459089965871833,3.145172268095366e-05,-0.00020083835574515605,0.00017091943173994055,0.00015829034994318324,9.524666613364342e-05,1.88060658451623e-05,8.261950713347104e-06,3.475739709191317e-05,6.2955087189040355e-06,1.1250679909502365e-05,-0.00016446885499710377,8.021537422817992e-06,8.265467769135895e-06,1.1463497652816815e-05,1.2471550841516909e-05,3.4291119746707403e-06,1.0511698827316489e-06,0.00010057768407840636,1.1920809954580633e-06,9.246890775457423e-07,8.233327347793912e-07,0.00021343816417141218,9.342515000349798e-07,6.277613638761074e-06,7.071105007723386e-07,4.976605660441931e-05,6.481431670531358e-07,1.9182249014650842e-05,7.485675825988536e-07,4.0426703751892076e-07,3.6470976473393513e-07,3.132680535556107e-06,3.1473379772318135e-07,1.7363504980131542e-06,-1.743256012734616e-06,2.4645460681220965e-06,2.3047740662795798e-07,2.2610839489811057e-07,5.766106014995092e-07,2.1649889766420365e-07,-1.2712516987539043e-06,1.8588886728580308e-07,1.6925706366493982e-06,1.7424678214522633e-05,3.557442190144037e-08,1.7018271682896458e-07,1.5809058822662956e-06,5.672186631816318e-07,5.176812972894681e-07,4.904568452179964e-07,2.908774410782049e-07,1.9804109956292238e-07,1.1406602042874339e-07,3.8036677257600094e-06,-1.8738849437203724e-06,1.957211435306824e-07,6.260410920741989e-07,1.7898732067793034e-06,6.378413148813905e-08,1.1800591726474353e-07,7.438844465802136e-08,7.197924673299243e-08,4.1840378907603944e-07,2.94181608858487e-07,6.106722375771833e-06,3.0423114966186426e-05,3.6876819199994887e-06,3.664084916201117e-06,3.2478685630195577e-07,-4.70641433144852e-07,6.775748548535997e-09,6.296308456058049e-08,2.0340050051839056e-07,4.4237412815713764e-07,1.8336747020779872e-07,1
9.719677599024734e-06,9.469022704410424e-06,4.181715866061997e-05,4.9361017108910606e-05,8.225769748624779e-05,7.4656859265662215e-06,1.9127838572060588e-05,-5.001024686531262e-05,6.671479892079359e-06,6.197622307888782e-06,6.782757302071554e-05,0.00027657487716228885,7.235590284710384e-06,5.83397101622374e-06,2.9441910480558977e-06,3.578704080260899e-06,-5.9252050555637486e-06,9.63007488143668e-06,1.6087488131447853e-05,1.6129012470563313e-06,-3.679988250477731e-05,1.159453930680573e-06,1.3902694532134702e-06,1.0142586015582333e-06,1.3919545685543228e-06,1.8861096032899604e-05,8.699786798543826e-07,1.1004368880301034e-06,2.617624824927222e-06,6.190569676376066e-07,1.8252986937774263e-06,2.2103823583543146e-07,5.34499924135668e-07,1.050182952450732e-06,2.7782795714015875e-06,3.8932217878949957e-08,3.2547005074500402e-06,3.299061448408196e-07,3.1249582953591455e-07,-1.5762028275191675e-06,2.4745890517631797e-07,3.1241117522395133e-07,7.809867419572146e-07,2.172143176415288e-07,4.419932263422892e-07,1.3874104727783702e-07,1.504931701980942e-07,1.605775415495122e-07,1.7728031524159489e-06,-7.583001832582209e-07,1.5190691874886403e-07,-5.619897060276848e-06,1.970837872235099e-07,1.1405605615179692e-07,6.064868770200363e-07,1.656026271709551e-06,-2.9741891740678407e-06,5.586649740720423e-07,8.507285130209343e-08,1.6071698367656065e-07,3.7020066853452954e-06,1.5372820062647967e-08,8.881564849354206e-09,9.009710066865962e-08,8.706941438029754e-07,3.037279827440841e-07,3.740615602825975e-06,2.8168052419111946e-06,1.1908905963491175e-07,3.923654761743971e-09,3.360302214255066e-07,3.978108740562282e-07,1.7558284371039428e-07,1.9641911904877283e-07,2.926147325156344e-07,1.0017408545271116e-06,2.286698628364769e-07,-2.258331464188901e-07,1
-9.385868374337329e-05,0.00024183152585015752,0.0002741846217238986,0.0008528408027952621,5.2756208389369374e-05,3.087289595603636e-05,4.787107928352363e-05,0.0007755108207001935,4.618434446304666e-05,2.100177955457577e-05,0.00011282651091433499,0.0005351578748508613,3.34027658402292e-05,2.78458220424258e-06,1.4447393928770904e-06,1.3997852380821125e-05,2.8653379979192166e-05,1.8798892426345606e-07,2.9349379458860292e-05,0.002918763572041167,1.2271875552882317e-06,1.1615140400407483e-05,3.945617585041165e-06,1.3292523220285597e-05,-6.2512808581640775e-06,7.947107913907762e-07,1.6629775589646194e-05,8.174714057799688e-07,7.749229920573325e-07,1.402824938227543e-05,-4.277823024347907e-06,3.83491109860846e-07,1.504848235677147e-06,4.6415387921973535e-07,3.0671927864312142e-06,3.096316125897397e-07,1.8219223244579591e-06,-1.942894560195927e-06,2.5225501998149085e-07,8.208676382302233e-07,5.165506016603431e-07,3.106076287559542e-06,1.5894909526210365e-06,1.2708032985755236e-05,1.695082888891844e-07,8.843032497811686e-07,4.05809783893084e-07,4.504459851620661e-08,8.7976261266362e-07,1.1548368015584907e-06,1.1461776337035539e-07,1.2593062532883315e-07,3.866545393379968e-09,1.1896677658405729e-07,2.7347591569084064e-07,6.260180836739209e-06,1.104860157456779e-08,6.873870790880931e-06,1.096441537067783e-07,8.726007271372653e-08,-5.315753617909978e-07,1.8646589236315328e-07,1.2055380472720915e-08,8.045495763165994e-08,4.4019265565183634e-07,4.4462291336673684e-07,4.422584009578518e-07,6.482342566107019e-08,-1.3946048101876926e-08,3.640925743920023e-07,5.5975890426337764e-08,5.051517355724617e-08,2.3655416001875674e-07,4.614522770442966e-08,1.2936837941061795e-06,1.8011030312821676e-07,1.3485306374331383e-07,1.482846913219441e-09,-1
6.017052146304129e-05,0.0005254147084769568,-0.00014108005865103628,1.664426032210778e-05,4.632393487263006e-05,1.5721439605294025e-05,7.315977148039902e-05,-0.0005836799264249416,7.081002874793508e-06,6.785397819629593e-06,5.225849113889801e-06,1.6818200586303454e-05,1.0230960191958716e-05,4.925499352132203e-06,2.7857086693652085e-05,9.126570758087847e-05,8.296077990117606e-05,4.008709512334459e-05,-1.1732335467921661e-05,3.427307771548733e-05,1.1499744362977554e-06,1.4640639756942814e-05,3.859111994504545e-06,1.1031483723038506e-06,4.189649446058132e-06,6.303708168749191e-06,5.773043057880832e-06,7.99473954226523e-07,6.999875931496968e-07,1.4103313864291874e-05,6.689473435635767e-05,1.0229606029110517e-06,1.8598343296938162e-08,8.835329749917898e-06,3.649757924522531e-07,1.3745424437899392e-06,1.0682908428921238e-05,2.983357877307084e-07,2.579308312434385e-07,2.2628715291862398e-07,2.3729251866498048e-07,2.3586529826185182e-07,2.4096038297548736e-07,-5.457812361537387e-06,2.607779984446384e-07,9.796546756674833e-08,7.065198439655022e-06,1.462650654386646e-07,5.098521204266437e-07,-1.944905655089142e-06,1.3121778960101636e-07,1.1536609052038892e-07,3.1248058590771503e-07,-3.1612506827783663e-06,1.126025150959094e-07,9.271759832494714e-08,1.0881998723160623e-07,1.1555011914449354e-05,1.6142667286587097e-07,1.381723827783076e-08,1.1090649742748985e-06,7.562302197587789e-07,3.6692076384387237e-07,2.743289579736592e-08,2.500868538397478e-07,2.921552175599737e-07,1.7133037465262236e-07,2.5231911014156463e-06,6.053101997180093e-08,7.497947243347732e-07,5.5573131484427006e-08,-3.1479529061733757e-07,1.6556432933438936e-06,-1.0718055705618481e-06,2.4886890596817007e-07,1.4662848116690298e-07,4.162399231097078e-08,5.395755620493731e-07,-1
0.00025566228948340625,9.81381988104423e-06,5.4799846274411234e-05,-5.25471488178025e-05,9.011566559874128e-06,-0.00011105247533512808,-0.00031920512409837435,7.91892140471083e-06,0.06649394544892598,5.149392281061458e-05,6.420846833940881e-06,6.88769448981317e-06,6.088118661323216e-06,5.853554022867681e-06,4.2245106704762256e-06,0.00011434857233301338,2.296095426627348e-05,5.297771518748935e-05,-0.0005087075724369446,0.000128732374213735,1.1253976939760486e-06,6.659821339134648e-06,1.2228281321699408e-06,-6.103814346016754e-06,1.965179950661753e-06,1.0302938934723503e-06,8.737508683576196e-07,8.626166747086422e-07,5.058994370419172e-06,-4.938430556323157e-06,7.910374120988711e-07,4.375821483226771e-06,2.5277740030977224e-07,1.2693732487217526e-06,3.400776202683304e-07,2.001132959083044e-06,3.1552643632881767e-07,2.836352163937775e-05,2.3347067291663668e-07,2.6392820835735443e-07,2.1426056791561922e-07,2.4775827539391734e-06,1.6427944928268383e-07,1.470270141757746e-07,8.975495374621044e-08,1.0313267423120665e-07,1.0313267423120665e-07,6.387308455366614e-08,1.9738667890400803e-06,1.3289049307207177e-07,5.222747658361836e-06,1.1592106921912318e-07,6.761221100452016e-07,3.2521322914314396e-07,9.318442167531858e-08,2.3552743333189099e-07,9.85953853987467e-08,1.1001571809383182e-07,-4.7325450272809407e-07,6.057943456838935e-08,7.309666624116155e-08,4.1333241245092535e-08,5.338904277874874e-08,6.167076425279933e-07,7.433954922721789e-08,4.917722469405745e-06,3.8867869989975826e-07,7.85860714170429e-08,1.0280977164150032e-07,-5.345723512903518e-07,7.989987313233888e-07,2.493450115801261e-06,6.528431676538089e-08,5.977245507292166e-08,-1.1291283486251473e-07,3.6035678812965293e-10,1.4371269522236914e-07,8.578057376459377e-09,-1
