1.039966508364476e-05,9.215414627624166e-06,1.0471238840116513e-05,9.333660739535133e-06,3.1531892454488417e-05,5.1306940144448334e-05,9.13669066725467e-06,7.14497978313895e-06,4.2716831268450805e-05,7.027791894318254e-06,-4.128778724148792e-05,6.82003889187884e-06,4.016816910687304e-05,5.241179570517644e-05,-3.4812085458045064e-05,2.650524741452846e-05,2.7180161787169437e-05,1.3556456931385221e-06,2.6601135444535003e-06,1.2834952936231389e-05,-1.407182706365583e-05,6.07454619584092e-05,-8.984651556163617e-06,5.74356882805667e-06,8.674715151983779e-06,5.576292001283769e-06,8.343592320887613e-06,8.898534222255297e-07,8.696499263522438e-07,8.475348091784553e-07,3.7684684166982493e-06,1.020446204464154e-06,1.7025002604553887e-07,2.092231368102664e-06,3.3692386629046615e-07,3.5894391561018147e-06,3.3507715980800185e-07,2.926768550758777e-07,3.1062059649124756e-07,-4.535041287811692e-06,2.8182426447752676e-07,2.7547187528877025e-07,2.409978257722882e-07,2.4707443765759104e-06,1.6506559070403147e-06,2.075763474367953e-07,2.075763474367953e-07,3.442549354543876e-08,1.56690398959216e-07,1.2677121221972336e-07,1.3481794190668176e-07,2.8925582458657167e-07,1.7922842457012015e-06,3.2377389951949807e-07,-6.667939777051033e-07,2.410391687588123e-07,5.693652717363158e-07,8.659826224194088e-07,8.186156060922677e-08,-7.635047351450003e-07,1.6076945483626243e-06,6.595304420545217e-09,5.1857675056779185e-08,7.083841691488955e-06,6.823342902037432e-06,6.8193959506821065e-06,6.813756963845856e-06,6.912349153967271e-06,6.818827419337815e-06,3.4065967899511516e-05,-1.9131835310537335e-06,1.6585981552693763e-07,5.110160896285246e-08,2.165574123336399e-07,4.4442926720869943e-08,2.0063987251311995e-07,7.337186384033278e-09,3.766598084090073e-09,-1
9.26157418546726e-06,5.5252793412965094e-05,5.2816810090441455e-05,-0.000325131289365948,5.156561235300413e-05,8.545611035711461e-06,3.752438247694725e-05,2.0489607709483355e-05,3.8418026625273835e-05,3.4798037227278295e-05,0.00042614859431772904,3.0880071347203125e-05,2.8142816419701103e-06,1.6963888080305716e-06,2.1315694235413248e-05,4.231566172365652e-05,6.357273288699527e-07,1.7031428526996976e-06,1.335581833388952e-06,6.539744021531745e-06,6.477082288159249e-06,6.628562640712757e-06,9.871587133807562e-07,5.6302244383269605e-06,9.228548156939291e-07,4.768319686393508e-06,7.670903715521077e-07,1.4095837979074522e-06,5.725034329185444e-07,4.931043506947894e-07,6.028079726486208e-07,1.051779294361452e-06,4.008247911398745e-06,7.35632889222111e-07,-3.3459684987465296e-06,5.543814780785377e-07,2.086172299851071e-06,2.907054326816621e-07,2.644064606083732e-07,5.263977810329099e-07,2.4660239956949505e-07,3.472370461739342e-05,-1.451830112363665e-06,2.212622367243346e-06,2.3574183531427236e-07,4.0250360303199186e-07,2.875017097968423e-07,2.016498201546986e-07,1.6280298373989257e-07,1.4622966902625116e-07,2.204069983178444e-06,3.929864902816368e-07,-1.1169036245168844e-06,-6.739439019078596e-07,6.460621382430921e-07,2.955867590994065e-07,1.0642054627308024e-07,8.971048602299296e-08,9.677304995105454e-08,1.2336577402369265e-06,6.894997036669888e-08,-5.667401062777486e-07,5.227602485782705e-08,9.90122937942176e-07,1.7048913179110112e-07,7.85670572799116e-08,1.4895401745732654e-07,1.1888221189144944e-07,7.962628579363557e-08,4.593036016401555e-08,5.746092626458057e-08,3.9142982082486394e-08,7.118522054164389e-08,-4.992772169825432e-06,-4.77733201322845e-06,2.9103337400927654e-08,1.3580740001048933e-07,3.0177803602605365e-08,-1
1.0732540882738629e-05,9.776490202046651e-06,4.2858360795568655e-05,9.859565812312872e-05,0.00015382299080792585,8.771521913899291e-06,6.3197128544246295e-06,7.4116474118554334e-06,3.6630863026167945e-05,6.235583040715907e-06,5.521490328984839e-06,5.565261568422617e-06,1.6589577056883895e-05,5.399461417705228e-05,1.73079665188689e-05,5.235427826561343e-06,3.685500830145636e-06,-3.827817219881865e-05,1.3730315096327732e-05,-5.5310119393533455e-05,1.0881857877702232e-06,1.1685156078042426e-06,9.71744237947716e-07,9.703049882063156e-07,9.355633977394641e-07,3.5595042035723563e-06,7.42539480003991e-07,-3.939872628906681e-06,4.980258258485524e-05,8.507188829356067e-06,8.372063723188297e-06,2.171828380348293e-06,9.187789670569886e-07,3.9572795063376354e-07,2.1262861866386878e-06,3.92087404351983e-07,3.3658656636616727e-07,1.7610316059906943e-06,2.889592794181463e-07,1.7476545067219448e-06,3.1063650343293723e-07,1.5862263358486968e-06,1.5697252034504416e-06,6.061202943662926e-07,2.80218527786823e-07,2.573269255919275e-07,3.795205526963971e-07,3.544102878876919e-06,3.0790994664600437e-07,2.106430662384383e-07,1.2284261719624514e-07,1.0383601938942137e-06,6.625891686749084e-07,1.0857855261296532e-07,1.6285034692334889e-07,9.934087718813575e-08,1.5131276264645148e-07,5.873718575613742e-07,-1.1802915632197302e-06,4.97830919932488e-07,9.283101695011678e-08,8.12023200118725e-08,5.831833751209432e-08,5.994989223960586e-07,2.0507897257667531e-07,1.5001692044630308e-07,2.0120908302419806e-07,2.1960735295545014e-07,7.943694982300204e-08,1.0784043626185821e-07,6.394444414996701e-08,9.487995049309143e-07,7.477893496608476e-07,3.159476049180794e-05,-3.265216457249636e-07,5.188828867573831e-08,1.59022236186309e-07,1.6606107794943621e-09,1
-6.270556612388624e-05,1.449470630188249e-05,7.637392807232355e-06,7.820463859456963e-06,2.6252961037193065e-05,8.516063787126701e-05,4.994909377102137e-05,9.409140392164713e-06,7.289440136024631e-06,1.6631034303244944e-05,-3.8726948181793635e-05,9.262356258009821e-06,7.149047502937011e-06,1.0391790862323752e-05,-4.120768657972641e-05,2.5364240332129807e-05,1.1465229227486404e-06,3.2407634117704073e-07,1.3780479660110813e-05,1.2664102315808601e-05,1.0884323209613647e-05,1.0235703002962336e-06,2.8646213481906557e-06,1.001221254039793e-06,3.5110780004101003e-06,-1.3529973198287628e-05,7.145438016013948e-07,7.275158263930964e-07,4.7541739638539526e-07,7.65672792361989e-06,2.2502010058622654e-06,6.507899579036753e-08,4.387347359673919e-07,2.2269045855959616e-06,3.353014977623637e-07,3.100679100806852e-07,1.3825955108564174e-06,1.6750081197944813e-06,2.042302005043385e-06,-1.5510956985325895e-06,2.4409698092811367e-07,4.91049919462802e-06,5.241119851609033e-07,1.8670320219449633e-07,1.8547801880738746e-07,7.683679878129879e-07,1.6267499890399166e-06,3.788152479522089e-08,2.978253938674702e-07,1.7543266091578473e-06,-3.0023673732368032e-05,-8.345758762139881e-07,4.942707955770655e-07,8.037607485162347e-07,5.328895188146478e-07,1.0357129126113683e-07,1.1319999414613595e-07,6.61574986660169e-07,1.5088411843303032e-07,5.296177782700248e-07,3.7460734191809253e-07,6.549530598073086e-08,6.818739975087221e-08,-6.958798953015556e-07,6.99835188463835e-08,6.440918105209587e-08,3.6762236102631916e-07,4.461033601027016e-08,5.9436907378699945e-08,3.178625901789011e-07,5.449218740415952e-08,5.168021467699199e-08,1.770097893794677e-08,5.0572421554413606e-08,2.977870114252189e-07,4.666093315976004e-08,4.3904561364558816e-08,5.827535971396357e-08,1
0.0002637500506456588,0.00013477643901960797,2.9326106316679022e-05,9.620082735551684e-06,-4.90221180417182e-05,5.245825550857753e-05,8.686827676456492e-05,-0.0008731977966250856,0.00015123911311546638,4.056108549866986e-05,6.240870419177965e-06,7.280965205996984e-06,-8.496686646719313e-05,1.4545724759351401e-05,3.6127764204786876e-05,1.1858352320962678e-05,6.019916721550013e-06,3.391683368543121e-06,4.221670241176634e-06,1.2386562701713917e-06,1.097648266075197e-06,1.1634948311561604e-06,2.097272152639568e-06,1.2460941941805e-05,-6.370731311201739e-06,8.317768656553342e-07,7.657476057617838e-07,2.078879287905618e-06,7.164968010611997e-07,1.6901864551443554e-06,2.2998932340741003e-07,2.8026016702297404e-07,7.094431683155178e-08,5.854793963276938e-07,2.5962255566128116e-06,5.972780568603396e-06,4.0427168477624977e-07,2.0360458319393808e-05,2.5811329761344486e-06,4.289719782828693e-07,4.026945953696465e-06,3.1658782953251444e-07,-4.696819004222295e-06,1.586879318937653e-06,3.934487610716583e-07,1.5663164120097222e-06,1.0940926064847305e-07,-1.5042755137222904e-07,1.4536216912557825e-07,1.3400942440881423e-07,7.281485403138977e-07,1.1731514166066681e-07,2.926652241068968e-07,4.00019931788235e-06,4.5108107233427325e-07,9.609679737306748e-08,-5.305702744961779e-07,8.101602818495454e-08,2.898094043865429e-09,2.765481934947356e-07,3.3367009152779925e-08,2.242159592637522e-06,1.123125142081753e-08,4.158700500874718e-07,4.1145794429763987e-07,6.843171830951959e-08,2.0005009836555743e-06,3.884022120304158e-07,2.0936480150360388e-07,3.549881072953082e-07,8.605653977966458e-06,1.430891807357319e-06,1.7462486529631677e-07,9.627291270175694e-08,4.529485699983397e-08,4.336508213594202e-08,4.1571600057545154e-07,3.211555244483671e-08,1
1.9136389450181845e-05,0.0003092195074477777,8.386516967498683e-06,4.7406453613039187e-05,-4.677160982290675e-05,5.80082078736962e-05,7.71965792642186e-06,9.683415067901138e-06,-0.00021960068143836597,7.5508784484503816e-06,8.657074976989298e-06,8.609144786630646e-06,-6.180946173320369e-05,7.01629609227869e-06,8.813063037484257e-05,1.1181507058174235e-05,3.283449832811447e-05,7.85900077198527e-06,1.6493204059769727e-06,4.304071453226035e-06,1.939249563027335e-05,1.1110561131952184e-06,9.214602207392259e-07,5.623554204988303e-06,8.878749223447132e-07,7.502766040950773e-07,1.2341517709264022e-06,6.633163118172893e-07,6.401582615751228e-07,1.4032877858925345e-06,3.7706931074011236e-07,1.5952540047746085e-06,2.636777298546095e-07,3.8196478681564086e-07,4.16658510811746e-06,7.047090753816009e-07,-2.659487805366592e-06,2.4865129234165235e-07,2.5027686683064307e-07,1.3635317088176098e-06,-1.3092397989930928e-06,2.182066331655155e-07,-1.4144586876206455e-06,3.087025409804281e-07,2.1921060086569456e-07,1.6461184164532872e-07,1.797687129805608e-07,4.8585283762491994e-08,1.425096512420968e-07,6.541127971460454e-07,-2.4034842313738414e-06,1.269947630938045e-07,1.2126420583659024e-07,-1.5006519971766122e-06,6.769118549588171e-07,1.7089461419254803e-07,3.1815708043465073e-06,4.004627033233891e-07,9.721408091786512e-08,8.094755442718906e-08,1.764380992752891e-07,6.685560204934155e-08,1.8930361423263036e-08,7.303602650545768e-08,-1.8502682418346076e-06,5.785355925368853e-08,3.451875621516128e-07,3.4178677445785825e-07,5.083586081912776e-08,-1.3272587942591828e-06,1.7589999379918763e-06,2.872555562759712e-07,2.869079786927545e-07,3.6060923850168034e-08,2.766124756126757e-08,1.7483093644250644e-08,7.633307032313939e-07,1.7638945945589823e-07,-1
6.0574494976453725e-05,1.020540189044535e-05,9.629456891267257e-06,8.827141236908533e-06,8.808115682103792e-06,1.0064786218463125e-05,8.171926154335054e-06,8.009732965713739e-06,5.159812989494958e-05,4.571486144178602e-05,0.00011677466596367935,2.487412744994304e-05,-2.680136133067276e-05,6.576506738784995e-06,2.9878693532214516e-06,-9.637052048222279e-06,6.664921276251181e-06,1.3090826834881382e-06,-7.882828040311814e-06,2.864168463913451e-06,-1.0808574000972007e-05,1.359416183811392e-06,9.83557896259888e-07,-5.6599882988928554e-06,8.910795889639467e-07,8.984912698605318e-07,1.1854516195872957e-06,1.2311781531974248e-06,1.439060740795329e-06,4.6682778000662056e-06,8.304669766447466e-07,2.3225417346801808e-06,-4.11102286784948e-06,2.258309284774932e-06,-1.9345565835535058e-06,3.1305389611837165e-07,1.666238282959497e-06,2.2343979176202502e-07,-3.146920980266413e-06,2.472292427108506e-07,2.510876899935833e-07,1.2845298160775426e-06,2.2362478964245998e-07,6.354490434190605e-07,5.565324427658402e-07,7.700459882772661e-08,2.0164490695193452e-07,4.518899536899469e-08,-1.234864140897642e-06,3.7819477633337924e-07,1.2626883162721863e-07,1.850597524648619e-07,1.2687559206651118e-07,2.0279240060536103e-07,1.2599818078915532e-07,5.86377988938003e-07,2.1626581012986043e-07,4.211738308399225e-07,3.9631625518952824e-07,3.838573783313717e-08,1.0670422781271839e-07,1.8421063518113216e-08,-3.0350787209252415e-08,4.864701176575615e-07,8.06832705049094e-08,6.041680942957948e-07,2.430239672519504e-07,2.0649063809075586e-08,2.1771277261767475e-07,-3.309965453498885e-07,-3.018910350765414e-07,1.3330636049173095e-07,2.509751107712656e-07,2.0533703021739287e-07,1.8356638066139286e-07,6.971625967060529e-08,1.436774515179668e-07,4.032863525963322e-09,-1
1.275718469028257e-05,0.00033912865676251347,1.576828001392677e-05,2.5229172548062168e-05,7.3700890189891e-06,8.137080352745145e-06,3.748086544621167e-05,1.7848998371647973e-05,7.338354790089554e-06,1.1925404204309617e-05,4.765343437933578e-06,3.1393186114395593e-06,2.7411836215593533e-06,4.227623148484248e-06,1.945902437252469e-06,-7.450731105706215e-06,1.2188325225851288e-06,8.222941897045515e-07,7.431450210160185e-06,1.1993625256511606e-06,1.1981279650103864e-06,1.1833152359793158e-06,1.3368828905916994e-06,9.870053935121295e-07,5.337717909286332e-06,-6.179160658227786e-06,4.8873243554755075e-06,-5.611935230085055e-06,1.0533217772012348e-06,6.907642987492034e-07,7.958942644412387e-07,-4.945775615877487e-06,5.108533342104275e-07,8.856169088769141e-07,3.1926071712261233e-07,1.0776662428273054e-06,4.868597010481309e-06,3.0616515479708955e-07,5.034874754857008e-08,2.0307128733709995e-06,5.121166100128399e-07,3.0362489864288064e-07,2.6144620824002945e-07,1.4789846455427307e-06,-2.3444597133675247e-06,3.4188107131647195e-07,2.217260654672686e-07,2.644017777231817e-07,4.4410486200222364e-07,3.063556676778564e-07,3.6088817658091653e-07,7.88483334480609e-06,1.09663169120002e-07,1.269187549662093e-07,1.1237461023457951e-07,1.9013129672007384e-06,9.529163333623661e-08,1.0941321584691487e-06,1.1634214413188314e-06,8.958366200629682e-08,2.2422715426115176e-07,5.684385081377251e-08,4.0682312497985506e-08,4.705791495773919e-07,8.60775556052736e-07,1.1272450095663606e-06,6.65133610703443e-08,1.31542754197115e-07,1.2164155196139045e-07,5.316051802402747e-08,1.2748771958876468e-07,-4.870582487338809e-07,4.62215934060408e-08,1.1092533406408117e-07,7.733535262545554e-08,5.048433921252659e-08,2.1688767562483695e-07,7.974999383086924e-08,-1
9.91269535619444e-06,5.7864786871373764e-05,9.695843036664208e-06,0.0012236499618588702,5.491362772397412e-05,8.905688459101504e-06,1.6080747959418433e-05,7.268574956837798e-06,0.0003412114772353114,1.980858818638804e-05,6.6050354685259446e-06,-0.00011282536021957177,4.03669140977467e-05,5.88095567571898e-06,1.573292084721349e-05,5.311202010162021e-06,8.431889948679118e-06,1.0477011193156416e-06,1.1138088670604704e-06,4.243892384291027e-05,4.1324189028210036e-05,1.0412471962395214e-06,9.457487755233906e-07,7.827960363687155e-07,4.5662217252166985e-06,7.692995135519863e-07,7.66431822074804e-07,4.1351105678887505e-06,8.182681292138222e-07,3.808011072082976e-06,4.96219662013153e-07,1.0255169259897504e-06,-3.205908061470479e-07,3.361094106951305e-07,2.7815964154373027e-07,3.547375717720233e-07,-2.1078817599018412e-06,2.6033279520259003e-07,1.3635391292150635e-06,2.2648211779585946e-07,1.3594694839139526e-06,2.0627690611534505e-07,2.3003604337787146e-07,-9.186839268602499e-07,2.4537586529075367e-07,1.136386854711572e-07,4.3639109551140764e-08,2.691316889044432e-08,-4.3523459209919674e-06,-9.016940556724349e-07,5.28515076117194e-06,1.3216067241418047e-07,1.215633993790788e-07,2.2700032920599826e-07,-6.820868918936546e-07,1.0636070504052966e-06,9.616783308570116e-07,1.1421501503593009e-07,1.1410073030720962e-07,1.027186370196034e-07,9.71750211287673e-08,5.105405370525883e-08,1.6886104070019403e-08,4.6966823552033414e-07,5.917121751364167e-06,2.3423586110178777e-07,1.5704757167755915e-06,7.184005474134994e-08,1.8150922383540083e-06,6.30786667584487e-08,-7.30494281531631e-06,2.057067115923333e-06,-1.049864975962064e-06,3.975168826653016e-07,7.310439312582247e-08,4.407457568065341e-08,2.4401223277096333e-08,1.5312492322298764e-09,-1
0.0011387743152559263,0.0005809209833396201,0.0010644706529717787,-0.00019272850230986916,1.9501650436152006e-05,2.3583912192736678e-05,7.342726267993102e-06,1.540555222780266e-05,3.122155121950685e-05,0.00017393583362594535,3.9950781078817146e-05,6.564874531235272e-06,6.123712022382597e-06,5.714998479058675e-06,3.3276395888443196e-06,6.760983933966381e-06,2.9610153075965978e-06,8.733493899948835e-06,7.387161891906159e-06,4.962596191327551e-06,8.031180037336222e-06,0.00011956522507814262,1.0920011608707546e-06,1.6964878728558965e-05,6.3083033911536055e-06,2.1186727307417553e-06,5.5680550385925434e-06,2.14297827033625e-06,5.336484950448131e-06,8.784222032183786e-07,4.8624903707212935e-06,1.3620655165458104e-06,3.0671525447122957e-06,2.2221623733866763e-06,1.468487091867203e-05,1.2454921334365552e-05,1.2349549179589836e-05,1.2298481358438802e-05,1.2233831140675884e-05,2.7268611930023463e-07,-1.6629672852815182e-06,2.312975744237167e-07,2.2388664262737636e-07,2.1156661828870202e-07,1.0582668807957299e-07,1.0067908280579829e-07,3.043959394260579e-08,2.552405924513832e-07,1.5689142848426837e-07,1.6255953327975298e-07,1.4891002610323809e-07,8.318182009290591e-07,8.314653258957876e-07,1.4299582287939562e-07,1.3883126904652871e-07,-9.762035278943671e-07,6.772458184283595e-07,1.4280742671581117e-06,1.0360492701812815e-07,5.735261885261988e-07,3.639994100059641e-08,7.283010015096232e-08,2.4181555258694544e-08,-4.7036472565586653e-07,1.0392433943401257e-06,1.1643188071170081e-07,-4.762291427895487e-07,3.989545883685749e-06,-9.044654257481422e-07,2.770140604755516e-06,9.200482077706898e-08,-7.025646287473503e-07,6.138063998629681e-08,4.799737445894155e-08,4.789283014093001e-08,4.865298106199769e-07,2.880620894201446e-08,-8.161310833473474e-08,-1
9.640900794125824e-06,5.094343403265171e-05,1.3453801352549171e-05,7.808329505515852e-06,9.472642265649017e-06,4.584237686401667e-05,-4.1647570389937264e-05,6.193600158570127e-06,4.591640773179849e-05,5.740059773476923e-06,5.838564888957448e-06,-3.158812741787866e-05,-2.657123961406573e-05,-2.6332039297936898e-05,3.7967537643067905e-06,3.639688485959905e-06,3.203094232009575e-06,2.6781550111375548e-06,2.5510465634844243e-06,-1.074699339004567e-05,8.495161470423113e-06,9.983784568110478e-07,4.955020326990955e-06,4.857448623904307e-06,1.775776040614524e-06,7.378857252601708e-07,8.276876966405254e-07,3.899624917525145e-06,4.861360583035212e-07,3.758728679826026e-07,3.3967381871125193e-07,6.686576877299669e-07,2.3853896075766276e-06,1.2386627925990341e-05,2.1414999541571384e-06,7.95214270216087e-07,1.013489312933647e-06,1.984987547251858e-05,2.59397154401199e-06,1.0367403923988872e-06,3.6218995351540645e-07,-3.070229797534571e-06,1.8087306785283214e-06,1.4511405046022975e-06,2.3570075372732192e-07,-4.449504774696856e-06,1.7611250492139543e-06,5.8212601601331223e-08,-1.0420448798244038e-06,1.491385609420769e-07,9.700686773128379e-07,-8.957736539081021e-07,2.5588475269197114e-07,2.510589529046745e-07,5.964074926106835e-07,1.001315983233181e-06,1.6393621372639748e-07,1.267682573841198e-07,1.1215105983771605e-07,4.778610595223119e-07,5.196433558268514e-07,1.8425218318505007e-07,6.10372497013338e-08,4.83308921957024e-07,4.6983886376662817e-07,2.0203922880758104e-07,7.71265303055543e-08,7.106323378127573e-08,8.560561016919431e-08,-3.168555731379957e-07,5.2411507949927987e-08,-3.1310531887760913e-07,5.5263245822479664e-08,1.1712463182800219e-07,4.765794451205921e-08,3.7353404070434416e-08,-1.8602872438329028e-07,1.2405708747149006e-08,-1
1.0836221837405944e-05,1.5865182396863155e-05,9.049009416388604e-06,3.944477889714279e-05,9.207188056826318e-06,4.644162317079457e-05,9.263243184750092e-05,4.430297293110837e-05,7.314195679122291e-06,0.0004552852361168669,6.629565799359187e-06,7.129546425243974e-05,-4.4036696360773566e-05,5.266093448506495e-06,5.05006984465026e-06,2.9361461583799892e-06,2.2341006734033115e-06,0.00018176976158882545,1.1774251847188909e-06,1.0630778154287585e-06,3.99342818685063e-06,1.522691870977184e-06,1.6289440629806144e-06,9.360550180807346e-07,-4.938224013983447e-06,8.793979300779315e-07,1.8037795092077936e-06,6.712459205672785e-07,4.188605790860522e-07,1.9756325613909955e-06,1.7520295538514951e-07,8.42642086426419e-07,6.038937509965288e-08,2.146082540940411e-05,2.1126903248571797e-06,6.608836609437992e-06,1.9066212272026663e-06,3.4480975784394545e-07,2.8077416908950097e-07,1.6203408032112613e-06,5.400100806497898e-07,3.3618204621225716e-06,2.680920434342795e-07,-1.4294364142051293e-06,-1.2950492486092634e-06,2.7848734941182453e-07,6.564565778284084e-07,2.2792846454508655e-07,9.236906390096431e-07,6.367657647365099e-07,1.9317930750183268e-07,8.577299960803009e-07,8.57076920407733e-07,8.135604096349527e-06,8.065089982158952e-07,6.821113718291035e-07,1.146730028068948e-07,0.00014483264962572616,4.4446683225298805e-07,-3.130632207640665e-06,1.8789033420973332e-06,2.5600956084246107e-08,2.332977001646606e-08,5.665428324582222e-07,9.167923965519028e-07,2.666830088310964e-06,1.0451404804778766e-07,8.208788278404898e-08,2.2347631337919559e-07,2.181488954401877e-09,5.8658160236602136e-08,2.966428709255466e-07,2.8247204751176526e-07,5.163460688939543e-08,3.6283985167348367e-08,4.688181944606237e-08,3.0316374285818766e-08,6.063680729269815e-09,-1
-0.00010031927740533927,9.523984761663116e-06,-0.00029819550524856224,5.6840557420469854e-05,9.480242327924863e-06,1.6544294811873037e-05,-6.211501813385435e-05,8.91025991440172e-06,9.445259368259533e-06,3.9421672070414065e-05,4.97667617649673e-05,-5.2224520733679545e-05,5.992077883013173e-05,-6.050687008448185e-05,0.00018889331592543412,7.123936800787228e-06,3.5513315673880703e-06,1.5880074725454395e-05,-0.0002044705551646029,1.4324787453433917e-06,1.6593376341858497e-06,1.4193273323568234e-06,1.2312860357055357e-06,1.1579053980937615e-05,-1.245714651403506e-05,8.825990460756752e-07,-7.752354103488969e-06,7.344329587117832e-07,8.911933031554968e-06,6.031833742613224e-07,4.955340768130673e-07,3.7722769826646003e-06,7.526020077528187e-07,3.808363608743333e-07,3.5478181137545917e-07,4.448228527935799e-07,3.8233022022809413e-07,2.8209184529335374e-07,2.572426246556477e-07,3.056817919561331e-07,2.2287515260959506e-07,1.5906055044580382e-07,-7.554423315387874e-07,8.822692468444695e-08,5.410757588498257e-07,7.550410387143193e-08,3.022700241042206e-07,2.484206471661314e-07,1.5333905708108582e-07,4.441959048971058e-06,1.3686382102770702e-07,8.179200945871361e-07,1.7931163269813732e-06,1.4832143354956046e-07,1.0914409737245176e-07,1.0103989651681578e-07,2.1472683868435027e-07,9.693010142953294e-08,5.458716845972848e-07,1.5056501516133992e-07,8.140638339286736e-08,1.0286164044130908e-06,2.266471575899671e-08,-9.160695133855671e-07,3.536172581767572e-07,3.88132064548865e-07,7.002698529304334e-08,2.729691817882491e-06,2.71213435322509e-06,-3.3198191258005e-07,1.5846870549110433e-07,5.103007169921637e-08,4.742567638939598e-08,5.4582703194105026e-08,4.6608524916863764e-08,4.487233631453804e-08,-4.243191463218594e-07,4.068721499045162e-08,-1
9.30679888194156e-06,8.640688403614466e-06,7.29875337272254e-06,7.88749803847788e-06,-3.721115966983334e-05,4.047466134637029e-05,0.0005854916385856352,5.420090940617953e-06,-3.263766999046005e-05,-3.117202837401998e-05,4.9230960806865385e-06,8.077409000378637e-06,2.7002226460857115e-06,1.4379697435815757e-05,2.941527864748536e-06,2.9265016850451883e-06,1.8644323207129923e-06,1.9052143380458e-07,1.538656022727142e-06,-1.52335373620869e-05,4.504398646673445e-05,2.831664393979745e-06,-6.717470262557518e-06,6.614090979934615e-06,6.799603587336455e-06,1.0916404826007646e-06,5.9027060941356885e-06,1.1535676224001624e-06,-1.667237159321063e-05,6.023783250395459e-05,2.3807032072546426e-05,4.359739589823357e-06,2.923802206161165e-07,3.619287043104064e-07,-4.216287053414234e-05,5.890527357410459e-07,1.8143049373989338e-06,5.916944375102352e-07,5.830240225723794e-07,4.4059680345718673e-07,3.075524080183236e-07,2.077883031502329e-06,-0.00016269602563495031,2.296167109133076e-07,1.5502577953944435e-06,1.5535003282548404e-07,6.54273744549404e-08,2.2308571991405187e-08,2.168634806353705e-07,1.855231918116172e-07,2.2525729590451898e-07,1.2691283510984318e-07,1.25490414226006e-07,1.2200514852368518e-07,1.1613434525159595e-07,1.0131824321058959e-07,9.810604912066987e-08,9.519270447052723e-08,-1.055351010784047e-06,4.712084211316455e-08,4.044481770476914e-08,3.331634240727191e-08,1.4781955917793986e-07,9.041804452329307e-06,7.213464574733881e-08,4.181068605212128e-07,2.685470704281154e-05,2.68324161165668e-07,-3.6120127651608844e-07,3.385877395405044e-07,5.62376899689555e-08,-2.9612292712521737e-07,6.491906625501067e-08,2.4941209403900384e-07,2.300007045878564e-07,7.571687650346843e-08,1.1527644910500032e-08,9.188315457885324e-09,-1
1.1415290021144324e-05,8.720890905630238e-06,1.1767488465690135e-05,9.605591107599273e-06,-7.357733400833194e-05,8.171159048809345e-06,8.173669632302783e-06,8.07681327056659e-06,8.852034798619833e-06,7.783116952797236e-06,5.013969748760775e-05,1.884741078772491e-05,4.44357773154118e-05,6.373903788913719e-06,5.0680317453896545e-06,3.934618234423038e-06,3.118052881768065e-06,1.3980580567957558e-06,7.527116710009066e-06,-1.4014120085803863e-05,1.205995208613726e-06,1.0592436177695486e-06,1.7697550865892024e-06,6.475473363016887e-05,6.170253543274448e-07,-3.1554678941550785e-06,4.889397724327063e-07,3.2345574612653865e-06,2.698293875549298e-07,2.0566220327543018e-07,1.0890132266475702e-07,9.677865402714358e-08,6.723356091276915e-08,1.9362616896080428e-05,-2.771062056618481e-06,-4.5209260416946315e-06,3.9438221456816683e-07,3.5955565960181752e-06,5.473182394873018e-07,3.511200862194394e-07,3.3703869666391463e-07,1.0222961753287535e-05,3.8247873582142067e-07,4.6576315513618756e-07,2.2222376431850894e-06,3.7579017501612254e-07,4.7674710650491974e-07,9.497749354109865e-09,1.558416221603588e-07,1.557328997455517e-07,1.5556713327671882e-07,1.1711567471492263e-05,1.3746753405795773e-07,1.4690446751281974e-07,8.025245234234187e-07,2.2382480395990496e-08,6.80483359213032e-07,1.087383042115172e-07,2.4846070997350854e-07,1.8829824657665553e-07,7.831553696513888e-08,5.8566123264525365e-08,2.5063616385113957e-08,8.40343276556453e-08,-4.6389138610373264e-07,7.49850314491337e-08,6.754508461332146e-08,1.3031552503844914e-08,6.398455774453706e-08,5.554413007254433e-08,6.124101768825971e-08,5.834680124107016e-08,1.2482519097523513e-06,2.4877758993532214e-08,1.378017156042445e-07,1.559945577227976e-08,6.591894042421806e-08,1.4457558126150494e-08,-1
-6.385574445368308e-05,9.110232468331329e-06,8.10405510435016e-06,1.1412356644613793e-05,4.719080087948406e-05,7.414930932230101e-06,7.318067198234128e-06,-4.415181360793897e-05,-4.6411597268494584e-05,4.019357098486578e-05,-5.8022177938271486e-05,1.2850602654707416e-05,6.647270762961557e-06,3.719660572878293e-06,4.042682809964843e-06,2.0794314534158042e-06,-1.1253129469183654e-05,7.533902881673258e-07,1.181201698695745e-06,2.9672886976585647e-06,1.1502512369573143e-06,6.656716985176029e-06,1.0231814891370987e-06,-1.0737015425795404e-05,1.031363987982627e-06,4.1134383424613426e-05,4.1131441103594524e-05,4.1082548849429606e-05,9.495209730214121e-07,1.0627859162560826e-06,6.941715145765671e-07,7.179542846327194e-07,3.955255987208301e-08,4.2930266557145956e-07,3.3358972351054547e-07,3.016284953392775e-05,-1.6207829799810649e-06,6.416972489054667e-06,2.432470155686463e-07,2.4040218795538143e-07,2.20747762719688e-07,7.29551768752985e-07,1.6459943437228506e-06,3.4389015653534825e-07,1.8003418311968955e-07,1.850686056327378e-07,-1.7060863839706726e-06,-5.365536370230916e-07,1.587502967057556e-07,-9.623533970066174e-07,1.453289598637136e-07,1.4828344239723243e-07,-9.498357292492829e-07,1.439451846050548e-07,1.656693212714918e-07,1.4024900346589116e-07,1.4015920041367947e-07,1.7325722800441056e-07,1.4999372462088303e-07,-1.3621568546616518e-06,-8.161262608060306e-07,9.831424563163269e-08,1.364691820891127e-08,8.113770278839542e-08,7.510766011772621e-08,4.319487147605906e-07,6.937335864505448e-08,6.537344856336288e-08,1.7905984316792391e-10,3.7628581773791313e-06,-3.3875523698474957e-07,4.8785017401753754e-08,4.703600503159458e-08,5.3794155129773215e-08,3.400785060479835e-07,3.862445912816322e-08,-1.441750242801529e-07,1.0463602332665146e-06,-1
6.308652923304507e-05,9.811426048892692e-06,9.812836164984194e-06,5.779270137186738e-05,9.629070162797597e-06,9.780553367045633e-06,9.186771631986876e-06,-5.269158738405449e-05,1.1235180885338348e-05,-7.417989199533022e-05,4.401340911498945e-05,1.0699142117162386e-05,2.2555290884045126e-05,6.680793378835797e-06,1.2433888835755117e-05,3.8795533244226556e-05,5.846201181981225e-06,2.8953647319743633e-05,1.0191807522802588e-06,2.3595274487027253e-06,1.0122217347263283e-06,6.623839715412527e-06,8.583580916478994e-07,7.85503208972187e-07,7.485346815056175e-07,6.811652271443382e-07,5.520254459393322e-07,1.2946851497710747e-06,1.231529719540127e-06,1.1795048698464787e-07,1.3646292352707979e-07,8.427317338448855e-08,6.69384517989688e-08,4.3077839774891324e-07,7.563318897961061e-06,1.8599650044542842e-06,3.010984454741032e-07,1.220409373732245e-05,3.1005723664530617e-07,2.496537205733968e-07,3.8355896710418626e-07,7.471870431655643e-07,7.908544806483854e-07,2.675108512328989e-07,4.357803217897775e-07,1.1566134711712835e-06,1.3449142115493342e-07,3.584544682129326e-08,1.6116358620608842e-07,1.538986312064937e-07,1.3945091063361367e-07,5.086382689250473e-07,-7.884032949210876e-07,8.504758711812938e-07,-7.367404471582443e-07,2.5442705083770487e-07,4.3528138230583946e-07,3.2309748931794337e-07,1.507991355118932e-07,1.6518651945976454e-07,1.6461383238514714e-06,8.142242123655409e-08,6.392552998227602e-08,3.6524960594067563e-07,7.153978465434141e-08,7.110382447167896e-08,4.795162721862171e-07,7.00460312796743e-08,7.221618032158193e-08,6.336868242788623e-08,-3.629235323419316e-07,4.977383847938666e-08,-1.0701207381458726e-06,1.5147124864867846e-06,-2.540537690277368e-07,2.5129509290090717e-07,5.369667513367353e-08,2.849714171578126e-09,-1
1.838330592880604e-05,8.435075983139227e-06,8.96093992994805e-06,8.756199375881646e-06,-0.00013994726810015592,-4.40497807223226e-05,7.93997990277657e-06,7.449753520356569e-06,4.0015581708177486e-05,6.6499820777492e-06,4.2413153287223404e-05,9.426604873551292e-06,4.1661013787714974e-05,3.555581227575113e-05,4.4027745637771194e-06,3.6434963168904414e-06,3.8044677855895376e-06,7.411631145741033e-07,1.5493234480923292e-06,-6.390469296975794e-06,-6.483350816799551e-06,9.902853055770774e-07,9.055090167811591e-05,2.7196529249844974e-06,5.107834039001586e-06,8.67476910094637e-07,8.833079494254388e-07,1.058564546468218e-06,7.412052832572947e-07,-3.4191371110926036e-06,5.864730157788631e-07,4.7622371890296777e-07,-1.431276985163996e-07,-2.275630802133577e-06,-1.8787727311615071e-06,-2.8606902348181664e-06,3.8785613127340776e-06,5.570248406293013e-07,1.1189316329913993e-06,2.464158709767241e-07,1.1165990814735416e-06,1.1122269147879743e-06,-1.5072917624992244e-06,-2.8665131233825267e-06,1.9854327059070813e-07,-1.0284415009786434e-06,8.724918565995693e-08,4.310904196790307e-08,-9.601161819750244e-07,1.0980391052481264e-06,1.4702498266349198e-06,2.1673689297385958e-07,1.2429167435884714e-07,1.224800464836644e-07,1.4865022883920226e-07,5.141246242885634e-06,-1.054853445144492e-06,2.1155838020686678e-07,8.670456362026465e-08,8.119131353345316e-08,6.976769184912383e-08,-2.869639511978382e-07,2.0900481237218743e-08,6.953896550259476e-08,5.722547534704139e-06,-3.432659737685813e-07,2.9636371704869896e-06,2.9573860950571424e-06,2.8697043772702365e-06,7.949325264828749e-08,9.062094349547644e-07,3.140697904847892e-07,3.6945538462826155e-07,4.4594322309519615e-08,4.0460945080097266e-06,1.5172621691937272e-07,1.8099168138850782e-08,5.265212000138121e-09,-1
9.12810515240298e-06,1.2060476086280506e-05,1.874751764162427e-05,7.559205406082257e-06,7.6070180398972155e-06,6.681469769826874e-06,1.0549168409010153e-05,0.00061406851993987,0.0005913507423829793,0.0005718812197216094,-4.715505418187373e-05,4.611147235653798e-06,4.823218513827021e-06,3.7504911669581415e-06,3.2767947770676272e-06,3.7508752001763097e-06,1.386551616452119e-06,8.260928990853669e-07,7.344316035699261e-06,1.0518738317155206e-06,1.0156739490210254e-06,2.098312851300173e-05,9.85387059984491e-07,2.8126873506617287e-06,8.137022811955173e-07,7.807049610145389e-07,7.328628579620547e-07,-4.381649640953014e-06,8.669090386250864e-07,6.021446250336448e-07,4.2998001531005487e-07,2.6470420438931216e-07,3.352874286176308e-07,7.111332070333094e-07,6.842924257435632e-07,4.206193893764138e-07,4.827553684425888e-07,-1.9951326048200387e-06,9.003276032927178e-07,-2.365175359603338e-06,-1.8295689695820503e-06,3.5946059065987566e-07,2.6653425293621854e-07,3.5379205023022934e-07,3.162222679839834e-07,-9.278902002525342e-07,-1.4692376907875382e-06,-1.3005180841965363e-07,1.425062611143656e-07,2.0540012592791218e-07,1.3901483029369213e-07,1.2691836890015357e-07,1.0761800296733805e-07,1.0487054473188004e-07,-6.253170730676336e-07,-6.378274138618887e-07,9.980408656252969e-08,8.82798247469604e-08,-4.800180610954469e-07,-4.700344383882666e-07,6.724710669723338e-08,2.6766070966499684e-08,9.826433745761603e-09,9.708754540335287e-08,6.528102642003309e-07,7.64643432791608e-08,7.772073373584449e-08,6.59299782616044e-08,7.563423021033947e-08,2.069148901977192e-07,6.354486780252056e-08,2.6323180763574446e-06,4.8917099639279657e-08,-4.654147509436072e-07,4.252698631432405e-08,2.8609248196825132e-06,2.1243378559353184e-08,-7.89057195934553e-09,-1
7.840217518845656e-06,4.6419776821955866e-05,7.189595401016498e-06,6.821025287313301e-06,0.00014186169004260621,4.035795271000796e-05,7.458891707471814e-06,7.1427249114833565e-06,3.8086099469410337e-05,3.661756332934642e-05,6.264381179358273e-06,6.167372226123683e-06,3.195501032034224e-05,3.177533225258966e-05,5.632396632275978e-06,4.947251955279422e-06,5.084211667374696e-06,0.00042121779860671764,-6.405667733436448e-06,-2.3328630085700413e-05,1.114955078156895e-06,-5.471719318164567e-06,1.0856999662598213e-06,2.208369585871715e-06,1.0036498718246723e-06,8.793613795814275e-07,-4.929048995036806e-06,1.7639214058678992e-06,8.923250989723845e-07,7.616661660036159e-05,9.131652082203677e-07,4.1694097721978083e-07,4.485006341938667e-08,3.598115739799039e-07,3.4205498229946213e-07,-2.0389708694828096e-06,1.6287420541980908e-06,2.650421429310606e-07,2.658391826221231e-07,5.357939432081952e-07,2.6729395912097263e-07,2.1774670124433655e-07,7.156664546594428e-07,2.648447981400354e-07,2.0395317148108386e-07,3.5928334495602177e-07,3.7879109547996425e-08,3.751984842879219e-08,1.5202381492519124e-07,9.878440477401928e-07,2.3685122444594239e-07,2.117328384556187e-07,-1.4641358060605857e-06,-1.4089206920210025e-06,1.1559660462938642e-07,1.1298766669400497e-07,1.3208116781455403e-07,-6.155228423453898e-07,9.963060717277417e-08,-1.6286702798769127e-06,1.400332475537923e-07,7.4409956078588715e-09,1.0986642818713965e-07,6.873932445592103e-08,-6.861805435169756e-07,6.326501377682339e-08,6.950278458978668e-08,5.76233107294419e-08,5.495523387978929e-08,1.1457632830858638e-07,5.941663202546718e-08,3.917545956769698e-08,-2.3452664595863475e-07,2.1003542588156187e-07,1.95157063111837e-08,-7.523294296327179e-08,6.814481402720096e-09,-1.890096377541918e-08,-1
9.914535706766387e-06,1.1651721317884655e-05,-7.623795661040208e-05,8.780021272823969e-06,1.0796067357644583e-05,7.540878702153667e-06,8.31884311842915e-06,6.912013942976307e-06,7.184557903320393e-06,4.775291075338961e-06,0.00020448587857168238,0.00018876559147874389,0.00018893564398961206,0.00018626251167660357,0.00018627155809126708,0.00018942758343914768,0.00018895616835831635,0.00012260761460834534,5.938340574219178e-06,7.4724718020511235e-06,8.767778822818161e-07,1.6713556400956004e-06,9.323614634339767e-07,8.134116403328515e-07,7.988081600536294e-07,1.2099822710015331e-06,-4.433301131114075e-06,7.320124686470141e-07,6.962622060218718e-07,6.152141807408974e-07,2.1915344107999195e-07,5.62969123959004e-08,7.3635673604685e-08,4.4668429949187055e-07,3.038538995882784e-07,2.7909906745126756e-07,2.4076107895922557e-07,1.5028547463693305e-06,2.2069847908900862e-05,2.151969986126068e-05,2.10179993899304e-05,1.0152176457390364e-06,1.9215868180894246e-07,1.2123325304090958e-07,5.76432237021635e-07,6.048753014667017e-08,4.972783103131587e-08,3.343881601208557e-08,1.4419092187327355e-07,-4.9119414288154884e-05,2.2952943066090872e-07,3.012424063439562e-06,1.1149365609630307e-07,1.0690894556880217e-07,1.3843814101311765e-07,1.6079476419188994e-07,1.2937016141863825e-07,4.992800137972333e-07,4.333522112653934e-07,4.790164071591516e-08,2.3957642175925934e-08,-2.857138394964717e-07,9.153585968479963e-09,4.631699641459499e-07,8.101084247798153e-08,-8.202215718430612e-07,-1.5944793401046638e-06,6.536806397436881e-08,3.354100701334744e-07,9.85233265118087e-08,4.929523219284324e-08,-1.3029362239015304e-08,2.5559744081428524e-07,1.6842609200737074e-07,3.065332208697598e-08,2.2136327838951517e-08,5.5441372660671775e-08,1.2881080483505673e-08,-1
1.0662140545127559e-05,1.0061870725875847e-05,9.108498087999258e-06,4.997694903559757e-05,8.036792342541907e-06,7.995303712518812e-06,1.1090022222414461e-05,0.0007823857317595782,1.9269356058414653e-05,-0.000952513367380926,-5.8776148354880594e-05,0.0007132741345201106,1.8343795007031094e-05,6.619469531444422e-06,6.306360415806588e-06,1.8776680172553815e-06,3.688905824997013e-05,1.2173212540871308e-05,8.053799397410526e-06,1.054545803863854e-06,1.3050286406532629e-06,1.3656768387344622e-06,8.672650074054257e-07,8.604664906904798e-07,8.404702073492984e-07,7.768253006559579e-06,8.654530519997582e-07,5.1296921712944675e-05,2.3643496059751673e-05,2.360028292707885e-05,4.728621149855492e-05,3.0651903652086334e-05,1.5444193396481524e-05,3.5072527254735356e-07,1.8369262507513774e-06,2.9730873992927756e-07,3.70486790421437e-07,2.720554493321098e-07,1.720796910219804e-06,1.4305721919670206e-06,2.173075871062784e-06,2.1493269879062106e-07,1.923272195350845e-06,6.048056851287927e-07,7.764856949632572e-07,2.0476768522686562e-07,3.3223146649761664e-07,7.083402831697334e-08,1.529094114824706e-07,1.0929000723522126e-06,1.3515173652578417e-07,1.083049232409417e-07,9.591486734057024e-06,-6.46167484510235e-07,9.118026470848344e-06,8.897494634132577e-06,9.297880191161314e-08,1.6972186670356598e-07,1.653884844645986e-07,4.7080868728624e-08,3.363639396791992e-08,3.0919104947557633e-08,2.1392348377686107e-08,8.520818883354806e-08,8.366886462532194e-08,7.113224163155845e-08,-5.256521490801782e-07,4.115764778763591e-07,-1.3972647510058573e-06,3.2874191758265605e-07,5.887258604483746e-08,4.823748208803547e-08,-3.050569000157192e-07,6.559318023228674e-08,4.284028992732922e-08,6.785445064772011e-08,-1.1426629087121795e-07,5.088799956934275e-08,-1
6.041599308418078e-05,1.3645546701923758e-05,9.937498768443249e-06,-5.234907202486118e-05,-8.742583975521824e-05,0.000874737251529614,4.898087691616081e-05,7.975794339343011e-06,7.99098174235639e-06,4.7169918249459626e-05,4.4255818359991015e-05,7.253364984662024e-06,3.3892413142322816e-05,3.8970007896057365e-06,2.173405642355075e-05,2.9458564164703264e-06,2.726032946051768e-06,5.2499099023746715e-06,1.1720109531506999e-06,1.1278686362015345e-06,9.469593041431879e-07,-0.0001386442867987784,-6.299094712509518e-06,-5.235098862768636e-06,4.6128949333050696e-06,9.182202298295299e-07,7.551965313460841e-07,3.615581230716151e-07,3.148316293284472e-07,2.994040646176064e-05,1.4130398900058106e-06,4.494394051581473e-06,3.1106851272991914e-08,3.5775870292187593e-07,3.9246843158966293e-07,-2.000863779390756e-06,-1.9377037207631848e-06,1.89769304253525e-06,2.945941147262695e-07,2.630773878913134e-07,2.2720653174631376e-05,2.0940243096262588e-05,1.7513411666131455e-06,6.998464178691009e-06,2.106969985527166e-05,7.024256600195728e-06,4.541243312079983e-06,4.631331734502102e-06,1.0936897993240305e-06,1.3689697369456706e-06,7.682320299275932e-07,6.363661551437693e-07,-8.84540431830694e-07,2.367097678677887e-07,1.0194526008022841e-07,2.696168099887362e-07,5.718241014754608e-07,3.3979581347681646e-07,9.24612559560354e-08,1.0571998308643597e-07,4.6167315335458004e-07,7.953106036571357e-08,5.316019854609648e-08,5.823212233626846e-08,5.055463220481771e-06,4.911805835293104e-06,4.821002239548797e-06,4.7998368218580035e-06,4.592913160562162e-06,4.764033437108005e-08,4.469654889731887e-06,4.4488104496103675e-06,5.9196231144849483e-08,2.1102027906285456e-07,1.059337902388827e-08,1.1907477583281779e-08,1.013238225334934e-08,3.1778846859793098e-09,-1
1.0074984737016077e-05,1.0818809027200288e-05,2.105034997435517e-05,5.250569517035142e-05,9.007122647096049e-06,1.3519479602971526e-05,1.0215863084752386e-05,7.564753225435683e-06,7.958544956657507e-06,6.237020178015651e-05,-3.448931345117793e-05,4.7343667449385614e-05,1.219359445278219e-05,3.529746241749691e-05,-3.440325849161129e-05,1.991266821505287e-05,4.520358748042286e-06,-5.181004874233339e-06,7.421285626343526e-06,1.0893260174386145e-06,1.0638251230877484e-06,6.409315441333177e-06,9.903626297693887e-05,5.53342150203798e-06,9.643670136597926e-07,7.974758608730972e-07,-5.735580726787839e-06,7.671509278255845e-07,4.396321937882321e-06,3.6196643876146795e-06,3.4105500638263148e-06,2.5526815239626137e-06,1.9699723730417323e-06,3.848736991943379e-07,3.1575336057582106e-07,3.102885970482725e-07,3.056125299518902e-07,1.818700983127502e-06,1.6871779152125828e-06,2.544804163181767e-07,2.494508320148454e-07,2.2477490657990398e-05,2.301783899440657e-07,2.270578270889488e-07,9.357404525299323e-06,9.421718977330385e-06,8.878066814150156e-08,-3.2862589050815573e-07,-8.218065322360289e-07,7.667716620575479e-07,1.562821730470204e-07,1.3446260257420797e-07,1.3002734272265352e-07,-6.544510444749265e-07,1.0990450470509228e-07,1.551900892800937e-07,1.0410067541960084e-07,1.3056050552023843e-07,1.9200506379563813e-07,6.421329017166575e-08,1.1144987756631833e-07,3.2110403942082113e-06,2.0123172813199143e-06,6.335752270139667e-07,9.086846463460376e-08,7.444530493118768e-08,8.852484415464886e-08,3.9209383360686183e-07,6.521538652318376e-08,-3.4608520194789965e-07,-2.610645886498465e-07,9.548410915069601e-08,4.238371678162604e-08,4.179833286462031e-08,7.164658789200153e-07,9.992643863773156e-08,3.5238070085747494e-09,1.7256292688923584e-09,-1
-5.896012845305317e-05,9.543293534068817e-06,8.927225083255107e-06,-5.106916849484748e-05,9.160262696607984e-06,1.0960725165361617e-05,4.4192150622416984e-05,7.131905545541179e-06,7.662596110387118e-06,6.571353397376233e-06,-3.972139787157637e-05,6.5491616503272575e-06,6.479628439054808e-06,6.30419421195444e-06,6.206383222677134e-06,6.347760837774142e-06,6.445687144447171e-06,-8.484263864275905e-06,1.2782651976846425e-06,1.2049145037545796e-06,1.1600320637588448e-06,6.149946482158432e-06,1.0261589374399193e-06,1.0266906740305284e-06,-6.656108921631972e-06,9.796984261744133e-07,8.96589452313231e-07,7.825078559040627e-07,5.635558290760444e-06,5.965907406018e-06,5.5955464396560216e-06,1.4784454464693407e-06,7.763309613324284e-07,3.706195005530118e-06,5.491187987068512e-07,2.6047667312233445e-06,1.909075012806173e-06,3.7933315447242575e-07,1.8152787369568247e-06,2.755037798484901e-07,1.63514767044948e-06,8.36337103401911e-06,1.4615517127359118e-06,2.050817734950621e-07,2.289938815670219e-07,1.799216502923145e-07,8.755993466034995e-07,1.5371548263692444e-07,1.4928346456487213e-07,7.796672959775681e-07,1.3494300991222081e-07,3.887711122607497e-05,1.463939681323379e-06,1.0735041466041224e-07,1.9003763318048307e-07,9.177244335229075e-08,9.306223653741743e-08,1.6548525154922515e-07,4.976840011144893e-07,5.291839250375258e-08,4.200609897350961e-06,3.667719884749575e-08,1.2689185988173148e-07,1.0059076230206475e-07,6.70561501918437e-08,6.594498956741684e-08,1.3851634476457987e-07,5.830754312901003e-08,8.818152404740521e-08,6.655074494743319e-08,5.843928585769294e-08,-3.4722965331638807e-07,5.202539411007727e-08,1.5114117490981853e-06,7.574895948140208e-06,9.182768274020697e-07,9.891002340740019e-07,9.894361624235934e-07,-1
1.062132184188587e-05,-5.487460871533607e-05,9.453788171916893e-05,6.9198563739790876e-06,6.75965174842847e-06,6.906438338867263e-06,6.610757812014515e-06,6.000400772213101e-06,2.1543938318578523e-05,5.199440458879777e-06,2.9486180408353056e-06,1.9494214505206703e-06,1.9414536762356573e-06,1.3722404348004007e-06,1.1881313103595208e-06,1.4031622394442208e-06,3.2677441424966335e-06,8.147807507739568e-07,1.1123995972148563e-06,6.6330404001567204e-06,-7.260447068829667e-06,1.100485893831619e-06,6.195769482973524e-06,1.5365301752028122e-06,1.2812938175812654e-06,1.1938597696719027e-06,-6.215260266296582e-06,1.0795691512274673e-06,8.799820019351313e-07,7.9611222310385e-07,3.2281781789371434e-06,7.475421808444187e-07,1.092056915485771e-06,3.979400473895702e-07,5.364194833624409e-07,5.230873707447645e-07,-1.8218807619895355e-06,2.938062197175914e-07,1.7477162560054622e-06,2.9458680801357805e-07,1.5662371978159105e-06,1.6462149014852075e-06,2.4237551226579497e-07,1.8089505185449086e-06,1.693176884390626e-06,1.2205179303034106e-06,2.1752122763825223e-07,7.365950422286264e-08,1.8006538080014498e-07,1.380443758777913e-07,1.2589558950757978e-07,1.193874377722492e-07,-7.334244925102245e-07,6.903706379470135e-07,6.878651740158271e-07,-7.402097864117382e-07,3.841744211092892e-07,1.008037384875302e-07,9.551780123949912e-08,8.83531068239548e-08,4.682310749067686e-07,5.507619498279199e-08,-9.63044995760358e-08,4.5097828889030375e-07,8.171159920121867e-08,-8.009821426023688e-06,3.7972598150534865e-07,-7.775015495366936e-06,3.55034427967289e-07,5.480817823101319e-06,5.182071582820775e-06,5.3318417120938496e-08,2.851992866079924e-07,4.479996650111549e-08,2.5941304796789992e-08,1.5444675544107718e-07,1.965755066626929e-06,8.795387829670165e-07,-1
-0.00011634310399646321,1.1086598385703582e-05,2.12844236767726e-05,8.423148065466865e-06,8.37847965649589e-06,8.115377278441203e-06,-0.001426028866434575,-0.0014248970066314478,-0.0013980023206716504,7.609851688384922e-06,9.418963917535766e-06,-0.0005059186467476242,6.818678099250586e-06,7.200391927039432e-06,7.3316794010068065e-06,-2.8610903993827368e-05,3.2160625400751747e-06,-5.704519607105959e-06,1.6203126126855675e-06,1.1326570540531143e-06,1.0502804750340075e-06,9.223751543753955e-07,-5.52202275589813e-06,1.0036803001944721e-06,8.001856888622831e-07,7.661230524288352e-07,4.830305668688714e-06,2.6775513335337637e-06,2.6722698241790327e-06,7.022813779374093e-05,7.628896989791448e-07,6.779497221580633e-07,1.3312533410117243e-06,4.435285412341459e-07,1.8674994383968131e-06,1.8181435157557978e-06,2.9087409360188513e-07,2.649726507895229e-07,4.910919388280246e-07,2.4225005697486735e-07,2.3302980812496302e-07,2.2972669062690017e-07,2.221779349727772e-07,4.2120504878145236e-07,1.3987660864077147e-06,2.190901032383277e-07,1.956310229782251e-07,-8.632687770790221e-07,8.426578123896937e-07,8.264398402781121e-07,8.705387799763379e-07,2.1400700674183875e-07,1.3244810945460634e-07,7.121454551093739e-07,1.2452222565694716e-07,1.0794137059593795e-07,-5.722116479319973e-07,7.116525065885665e-07,9.121673564144744e-08,8.984792503172058e-08,5.260358086435037e-07,8.599135289504115e-08,2.3974315650899823e-08,1.220570641310237e-07,8.180822395638785e-08,6.974239135902178e-08,6.547936791616298e-08,3.86930241706861e-07,2.7621287755494874e-07,3.5520175225905593e-07,6.771444378753435e-08,5.452839288169102e-08,3.910276606580331e-07,5.128139701106506e-08,3.939044694336647e-08,2.2123910450528335e-06,5.032440473289664e-08,1.6623526338780153e-08,1
-9.840458622417284e-05,5.262313808408433e-05,-4.699165143848009e-05,0.00019585262815731714,0.00019587333773627113,0.0001955279443857063,6.976149477104209e-06,6.903014591537913e-06,7.24563322445102e-06,3.905390960930477e-05,-0.000641637060690459,-0.0006315033459481539,8.830823599869346e-05,5.8864863039144935e-06,-1.3835013421247824e-05,1.2813681658816937e-06,1.530676934996559e-06,2.3097001002974713e-07,1.1983713439078168e-06,1.1324991448524337e-06,-0.00017528361258681754,-0.0001730613623336546,1.0324969058669081e-06,-6.422684872439116e-05,8.5087843469576e-07,1.960520318344374e-05,7.122974754289276e-07,7.372318579840176e-07,-4.013704012830958e-06,6.533554786575925e-07,2.546296443627572e-06,4.07281696281322e-07,5.339373105889958e-07,3.8964866192488656e-07,8.787232396418347e-06,3.225416537623899e-07,4.5737672459294436e-07,1.9542684040848513e-06,2.604525593918391e-07,1.3057669724237e-06,2.0325246475770415e-07,2.2327857370519374e-07,8.356715179029531e-07,-5.117331747945537e-07,7.861248226681124e-08,6.47070073519788e-08,2.6557882898281573e-07,7.21833140885317e-09,1.6280481002499036e-07,1.232753019280793e-07,2.0395827407871522e-07,1.1843171784029818e-07,1.5075234812016652e-07,1.3606754222263825e-07,-6.385312495789864e-07,1.915384934033951e-07,1.292092701198807e-07,9.939997542558492e-08,9.894103824580826e-08,-5.642191411093848e-07,-4.5964217533786244e-07,4.747122896563804e-08,-2.650534805466394e-07,8.13890378222785e-06,4.2104854346557276e-07,1.1777687604770824e-06,6.016071751135006e-08,5.5993906025390436e-08,5.736559388890061e-08,5.611624326172654e-08,2.977011398582705e-07,1.3937228864739472e-07,5.4528095343876885e-08,5.1738617681858457e-08,1.8189883609039686e-07,1.6328214305588502e-07,1.963508069893918e-08,1.4051965251426589e-08,1
1.0729678549512116e-05,-6.272495139006835e-05,-5.458987131318703e-05,6.773673017612764e-05,-4.866703797699215e-05,7.454266403972714e-06,8.188897546058725e-06,7.422360605128282e-06,0.00011409501464437981,-3.7505703269707126e-05,0.00010785782256508571,5.48832079739613e-06,-0.000132739618688758,4.564557805306493e-06,3.087590757767815e-06,1.5315216530427172e-05,2.5909927453096436e-06,1.9568717210917088e-06,1.661718345801466e-06,1.9477134347037885e-06,2.4483304317910805e-05,2.4485030116156968e-05,2.449193330914162e-05,4.895970544283696e-05,8.806669667320021e-07,-0.00011242678457333264,-5.031490337986874e-06,-4.979209138701898e-06,8.748843414969056e-07,-4.3792471504179e-05,6.828852339690391e-07,2.462039239608034e-07,-5.794181114646965e-07,5.948770290973723e-07,2.1800298870224883e-06,3.736423773108466e-07,1.0810351906730044e-05,3.264012897405893e-07,3.0781784227641805e-07,-5.253564487214877e-05,2.9441792284129074e-07,-5.050347199713348e-05,2.7371557703586823e-07,2.597816337910385e-07,4.2795030703006747e-07,5.814923667435261e-06,1.86032167374185e-07,6.43173270723501e-08,1.4592425881285767e-07,1.452516389318561e-07,1.371377825618872e-07,2.084217785927045e-07,-6.169822834022179e-07,-5.871580973427782e-07,-5.605098085861354e-07,8.19224583664732e-08,8.74465367760994e-08,7.565177156620895e-08,4.835851516138494e-08,4.1480132218637885e-08,2.1555545897079282e-08,2.0931486766160753e-08,1.3507946812527782e-08,7.38230622577541e-08,1.199983631235678e-07,6.852116172751184e-08,-4.054905788468131e-07,6.958382981164796e-08,5.672825752407319e-07,5.902289198573553e-08,-4.4768783898523347e-07,6.14472555503145e-08,1.2956598643325316e-07,7.883270201106563e-08,4.893379665799814e-08,5.896386103640341e-08,4.779244802529517e-08,8.566385855095504e-09,1
1.3664411912332046e-05,5.596953467004255e-05,9.833862980751645e-06,9.492663200471984e-06,9.27639708167578e-06,8.388513968031014e-06,8.08072543462249e-06,9.688001654507785e-06,9.254280309280792e-06,6.790990666603421e-06,5.28218742990876e-06,5.444965640311748e-06,4.864140710060754e-06,5.144000195298248e-06,4.195991490013362e-06,1.68560658842418e-05,2.721240269067261e-06,-1.0543827978276816e-05,1.226430738158416e-06,1.1945774088804337e-06,7.151225368628942e-06,1.028005857738237e-06,1.5927244882050005e-06,2.0559469724576378e-05,1.9960022464747597e-05,1.931932429706792e-06,1.5895487139210168e-06,8.046159861402522e-07,1.3882653536904885e-05,1.3796942012804385e-05,5.098925479377843e-07,2.798424272381735e-06,3.9087963945378983e-07,1.993788661714339e-06,3.159560357459721e-07,2.974629551793669e-07,2.8697125425647933e-07,7.253545369049352e-06,7.255590759563322e-06,2.175986908570532e-05,2.81726553234608e-07,-2.4383624999519583e-05,1.4026330481620894e-06,2.1219759401603498e-07,5.34630113479953e-06,1.659019592769462e-07,-5.171970959143936e-07,1.8771702777313148e-08,1.7362151775444466e-07,-1.0138925050864676e-06,1.5052100558891963e-07,1.4121262105043278e-07,-2.0316122984426523e-05,-2.2083049237976403e-05,-2.1765941079489156e-05,-2.1744851529228325e-05,1.1800820551027571e-07,1.192279551906581e-07,-2.0451162615788058e-05,1.3284643393234556e-07,-7.89173187678144e-06,9.833468517636658e-06,7.065643041990182e-08,-3.7576775966967516e-07,6.233256633979385e-08,2.024595422395134e-07,5.954377516601282e-08,6.582354171208829e-08,5.360144608954806e-07,5.3158068807213174e-08,3.07600476254696e-07,1.7193871943776198e-07,1.7106909746197951e-07,2.3873464171342554e-07,2.997262369844045e-08,2.8001564870652654e-08,1.47314626348309e-08,-7.664871987767578e-08,1
1.2207400796602047e-05,1.3864812371355303e-05,2.4151959995018232e-05,1.703880606099797e-05,9.007231687044843e-06,8.063018666824297e-06,4.639737844738422e-05,8.550353296753238e-06,2.4452557333167873e-05,4.0612065695191376e-05,3.860461932326438e-05,1.288109018805491e-05,8.849931463534252e-06,1.8044894310670012e-05,3.133957648400265e-05,5.128801696847036e-06,-9.689716051341439e-05,4.645132576087419e-06,1.1625405685254049e-06,1.025117540798342e-06,9.258768408349122e-07,9.922176681419525e-07,7.326459047979654e-07,7.937752006734106e-07,5.611855575009517e-07,7.670743811261234e-07,3.626946763099837e-07,2.160212578643983e-07,1.3446283751937074e-07,1.2934801255241942e-07,1.0772076811513174e-07,7.74410427544277e-08,5.927793836275254e-08,1.320481606385216e-06,3.176557231002185e-07,3.531230338707915e-07,4.27803597201859e-06,2.448782490118412e-07,4.04904933822907e-06,8.248753694673258e-07,-1.3461996823513237e-06,8.614868655686869e-07,1.1539167316274971e-07,1.1905133672323242e-07,1.2689247156687562e-07,4.7313876756948263e-07,4.7156947518098567e-07,5.526981135231935e-08,1.5700185001290942e-07,7.845448817606034e-07,1.2682793823897316e-07,1.239953366489217e-07,3.0605209021292365e-06,3.060305177348466e-06,3.060628764519621e-06,3.0555547590846422e-06,-5.479062932153089e-06,9.417745944050849e-08,-5.330677292558415e-06,1.0312161034269323e-07,-5.274982160117458e-06,5.42985330769677e-07,6.73607144697943e-08,1.016302712335775e-06,-3.9674899729990754e-07,6.277688622714052e-08,6.133248957242264e-08,-4.120123471729806e-06,5.509173023773581e-08,6.29341985128746e-06,1.25612599935227e-06,5.033576798795779e-08,7.467660557306936e-08,2.0341388379671294e-07,-1.3207889943446242e-07,1.2759932649156175e-07,5.709893342326056e-09,6.20715225898263e-09,1
1.0090815971191907e-05,9.610732788965486e-06,9.018643276961579e-06,7.130866481997044e-05,1.3825142791712049e-05,9.798183201902562e-06,7.703791841246871e-06,-0.0003750212430005741,6.7369980362511174e-06,6.3898725784561246e-06,-3.8157513993100646e-05,6.945480106614703e-06,4.3947721247714125e-05,6.000641098516329e-06,7.277517498889864e-06,2.5210896272958987e-06,1.9278244748766e-06,2.799366138023855e-06,1.3286420717291521e-06,7.180192667917103e-06,2.123502025341758e-06,-6.7429790091510235e-06,1.036285156521482e-06,5.417843139123432e-06,1.1365427941692144e-06,5.014432334139536e-06,7.088943673176146e-07,2.4342068945605246e-06,9.353073358314152e-07,6.045052496592588e-06,4.918017168804752e-07,4.504172907621938e-06,2.3261112323176087e-06,-2.5759712179639752e-06,2.8283043815559964e-06,3.4472312762781187e-07,2.0006467953585016e-06,3.2420425779760816e-06,3.0561082139731654e-07,2.651428300486973e-07,1.5761157064898619e-06,2.5907596277928294e-07,2.631427504614481e-07,2.77660246065295e-07,1.099123840311903e-06,1.8279100318016888e-07,1.5859461190455145e-07,1.4751230106813132e-07,-1.604472771911417e-05,1.544946561610982e-07,1.4489966594740157e-07,2.1382780088152055e-07,2.6518669625113214e-06,1.1171250029145512e-07,-1.6868610609207874e-06,1.0298009625704762e-07,1.7001511751624682e-06,8.513887211422802e-08,-6.054790254188392e-07,-5.884140811875851e-07,3.153086321261397e-07,4.9087850678119795e-08,3.5129680108929346e-09,9.184613420494722e-08,6.916673057800094e-08,7.577637228587476e-08,3.925914938788413e-07,7.833552870853914e-06,6.506077868413823e-06,5.886599073894883e-08,3.186788970598163e-07,-5.010609822192212e-06,-2.7903935874199963e-06,-2.7826129685718225e-06,4.973967886798755e-08,-2.7399354985934402e-06,-3.4634465537188803e-07,2.3302102425397438e-08,1
9.719072660804383e-05,5.8371890774985086e-05,5.795416994704883e-05,9.380244630444872e-06,1.0620686387989364e-05,9.405245919427788e-06,5.052563240595734e-05,4.403918034412352e-05,7.469509046499093e-06,1.103776639215204e-05,-4.273727586276933e-05,0.000628112032627148,0.00045941447280028704,9.16564145637656e-06,3.410210218868117e-05,1.6192953110585397e-05,0.0007101726509347263,1.682954060711889e-06,1.3772764154903762e-06,1.633426984626972e-06,7.2339282814909715e-06,1.1699736417770856e-06,1.2382077491656774e-06,1.12835894470886e-06,1.1480020954256262e-06,1.0169130929131293e-06,1.9132647205315533e-06,9.83141336916192e-07,8.262347981294784e-06,1.1042371057450783e-06,8.135707652709425e-07,9.335312931667861e-07,4.6278443324662524e-07,-7.918095653644183e-06,5.377204436538976e-07,3.564026268948278e-07,2.59950997038674e-07,2.6308002547154974e-07,6.671553553178781e-07,3.888366285128025e-07,1.8213512072866912e-06,4.1071849493966103e-07,2.625919218785451e-07,9.375217619200601e-06,2.0628297941327203e-07,2.265956785841494e-07,1.718095692581641e-07,-3.082922375306227e-08,-1.0830748383062901e-06,-1.1375355589265788e-06,1.778501150713774e-07,1.411678491783554e-07,-8.676635021722206e-07,1.410415990195396e-07,1.23724494605911e-07,1.25045277235194e-07,1.8779009213053308e-07,-3.092213173776063e-06,7.62455256673325e-08,4.2863535629851886e-08,2.6349923790244467e-08,2.439950183296615e-08,3.463502591644425e-08,7.861526884687528e-08,4.529968832432162e-07,7.154716422942737e-08,-3.8949777237513623e-07,6.213983698871935e-08,1.3892242772847818e-06,1.3127568705037965e-06,9.183785466459925e-07,9.076825619511313e-07,8.823208040565181e-07,5.444128316576371e-08,2.5292344036133568e-08,2.027786976495518e-08,5.4508982401874096e-08,8.357282841610565e-09,1
9.987737787040523e-06,5.443722513352597e-05,5.272906460247714e-05,1.3346612000472175e-05,-5.023171488848109e-05,4.725900180847253e-05,9.016606206140685e-06,5.962737227425284e-06,5.694534401746054e-06,5.537890332592351e-06,4.4816974002007795e-06,3.898089071543252e-06,1.685137859224319e-05,1.0125137167139775e-05,1.637425112744898e-06,-6.777774188447452e-06,3.939477443883375e-06,1.2087182780604898e-06,1.0418770239076548e-06,1.0193193522192274e-06,1.0418039326119252e-06,4.04209517866978e-06,6.0853090463062166e-05,5.886523701707585e-05,9.861158535042302e-07,5.8298832524674744e-05,5.8148789803185214e-05,5.727685079945366e-05,1.6366582224510266e-06,6.121778043178224e-07,5.485219113777045e-07,5.548833706407077e-07,2.305891400684945e-06,-3.237879978831065e-06,4.423161482629321e-07,3.3838954117976906e-07,3.237806178757106e-07,3.010180278476675e-07,2.917351473781407e-07,5.367956186860109e-07,2.8995586787417884e-07,-2.2310989128153857e-06,2.5840510430902215e-07,1.9473541972802232e-07,1.8177473354830161e-07,2.3516015467167929e-07,6.908272470306261e-08,7.143835443573422e-09,2.166376933024266e-07,1.4245731953456615e-07,-1.885786400365812e-06,1.8828492234815942e-07,1.4033614191601502e-07,1.2511710576347905e-07,7.040023989719553e-07,1.5359024766723065e-07,1.2674244683880033e-07,9.631897492745417e-08,1.8502945541764883e-07,4.1380091577493313e-07,-1.2956272371027493e-07,-8.719704887542177e-08,4.600820332652638e-08,8.548253525834498e-08,1.1908803066559994e-07,7.39987450340122e-08,8.981709736091094e-08,2.557887761925269e-07,8.200940326386737e-09,5.8942808434729144e-08,6.210630395541875e-08,-3.347766259380887e-07,5.861167238383723e-09,2.3098750000665597e-07,3.3462841210144856e-08,2.9559695506243518e-08,2.0064014874868053e-08,1.8401109596777333e-08,1
0.0001684326212226364,-0.00010733469581521316,-7.257312641280232e-05,6.659074196548358e-06,6.452343204712249e-06,6.560739088235591e-06,6.6945717414722184e-06,2.6586956333205205e-05,5.951429439823279e-06,-4.542043833798069e-05,5.838550292388547e-06,2.9906871116754012e-05,2.688843653140699e-05,5.519208491401568e-06,2.153675166435553e-05,3.0791586286803995e-06,2.7906782736316423e-06,2.8135192978635597e-06,1.11845866074558e-06,1.1143419327547643e-06,1.4268892055965831e-05,1.5963037913454562e-06,1.068089552497594e-06,7.924753971867503e-05,9.52474224205283e-07,9.054767113377628e-07,5.406719045815936e-06,9.817519300179406e-07,5.756237969527609e-07,3.657117076907188e-06,4.2525468035302995e-07,1.5874505299159719e-07,6.489453321917749e-07,2.4091913919120334e-06,3.4314019005907085e-07,3.107218223858665e-07,2.677332760432128e-07,1.3004524573536438e-06,1.7206331862479958e-05,2.1521418474225623e-07,1.6880736976241868e-05,1.2427981738665605e-06,1.9583222813746065e-07,1.6547180616943332e-07,1.7752171365238325e-07,1.4862831090026742e-07,2.894404552329166e-08,1.3546796694653043e-08,9.162334840055633e-07,1.596863577302992e-07,-1.610885873573397e-06,8.167788957625499e-07,-9.69950246418655e-07,1.1488000365157544e-07,1.1255628800348263e-07,2.0826798376138504e-07,-5.668343435109887e-07,9.247003605164988e-08,6.952866969449451e-07,1.8083010764875352e-07,6.869316034783231e-08,6.786901571571712e-08,3.933364046566116e-08,4.462827060457059e-07,1.396166875790811e-07,6.975204325676448e-08,6.410385985252226e-08,8.832922264316997e-08,-3.561578248940373e-07,6.5983668751142e-08,9.809432414484246e-08,4.5898350998439535e-08,2.134866866344294e-07,1.984219373407059e-07,3.228076837998394e-08,-2.3276433796757498e-07,1.917478705618034e-08,2.8681983849012013e-08,1
9.452538716363779e-06,9.095794268645934e-06,9.08594072408641e-06,9.064978489751848e-06,1.8129883091834405e-05,8.872002100629758e-06,8.06464998261506e-06,9.10286106080594e-06,7.520234358251047e-06,4.143521011975262e-05,6.964931494924146e-06,6.987246020599803e-06,6.7987867237744255e-06,6.572140974780175e-06,6.059001969944297e-06,6.442199066542555e-06,5.200869737226884e-06,5.441810865235491e-06,1.3709283930848374e-06,8.775514447343667e-06,8.998091539823842e-07,-6.029992252187355e-06,2.6056883052048487e-06,7.881440010253151e-07,1.2538030205181444e-06,2.37361278280065e-06,3.873764944217227e-06,3.874035450028443e-06,8.481054690886642e-07,5.517041229367239e-07,5.12875277516624e-07,5.90647696002565e-07,8.99587778971165e-07,3.855008001106091e-07,3.2574568380410804e-07,1.9487076623975356e-06,2.9876460213871925e-07,2.594411725312341e-07,2.482928801421624e-07,2.309311743424175e-07,1.249631190687651e-06,1.0914098963496287e-06,1.6892488627659477e-07,1.6457101566173597e-07,1.621656015533618e-07,2.2221968086181426e-06,-9.281434091999432e-08,-6.419528885813932e-08,9.419005055703872e-07,9.290307019940526e-07,1.5723038533443418e-07,1.2207102633145497e-07,3.2591747008406304e-06,7.460184799701889e-06,9.681344675151329e-08,9.498980680711182e-08,7.254601881930437e-06,7.21245377663296e-06,7.1649749928958796e-06,8.950917653247179e-08,1.0459048628409604e-07,3.803125115017497e-08,3.626696090710948e-08,9.103563369868385e-08,9.112950191657372e-08,7.767741269376406e-08,1.318189268705639e-07,7.557572891717817e-08,6.960917505517346e-08,7.922004614663241e-08,7.53182984008805e-08,2.957173011857693e-07,-5.213334920292604e-07,5.5565054494957104e-08,1.831686216152897e-08,1.7160320177548322e-08,8.706446896353813e-09,1.2868239342924563e-09,1
1.0798588701308166e-05,9.622004825983785e-06,1.0507844697954459e-05,-4.863151625445837e-05,-5.022215028160223e-05,8.733322314866199e-06,1.1060100586855811e-05,9.821984467855014e-06,7.516849516460351e-06,4.1408323766455886e-05,1.0461357677286684e-05,7.029981692790956e-06,1.985294740919541e-05,8.195825922516607e-06,4.3833596614648605e-06,2.0861783304019113e-05,7.5612271490966505e-06,1.6053018229361458e-05,1.218046532680523e-06,6.7274133476767865e-06,1.1240431179881495e-06,5.317383220026309e-06,-5.144815930030892e-06,1.0577447402297206e-06,-8.860736096051214e-06,8.343115331264265e-07,6.944908318348541e-07,6.697830986066436e-07,6.968016687081285e-06,3.8054273038034426e-07,1.0645584993339733e-06,3.863161886971016e-07,4.597370923472604e-08,3.3907637173328014e-07,-2.8468570137242204e-06,3.001038296069526e-07,3.0322045343990057e-07,2.665021258125308e-07,4.815472322961353e-07,1.4944836710009627e-06,2.418293698712593e-06,1.9782650978186033e-07,1.6896188643642071e-07,1.6347930327416298e-07,1.4077175659114003e-07,3.804009971970472e-08,1.123032852316624e-08,5.254956921502008e-09,9.323201906982377e-07,1.8441599591946648e-07,1.350253281978736e-07,7.666445161434783e-07,-7.84870545132517e-07,1.9216977242871223e-07,-8.734357278971563e-07,1.1895874455100251e-07,2.208024731011406e-06,-1.0248346771704063e-06,-5.666980563366589e-07,9.306587966157369e-08,8.423604510389118e-08,7.358175550287543e-08,8.118797522977669e-08,8.287890028671747e-08,2.4857745790869327e-09,6.417830049040079e-08,6.406691753759767e-08,8.271984687703164e-08,6.593923311646431e-08,7.035059363210487e-08,4.6367781381255875e-07,1.879026760463182e-07,7.472729463587072e-08,5.4252017770591424e-08,4.983353308620854e-06,3.75519930340246e-06,7.993452294704063e-08,2.2533414815682334e-07,1
6.327995186241212e-05,9.722660741996377e-06,1.8278161645738976e-05,1.069743857265956e-05,6.17693752670918e-05,0.00012873784382958807,1.390808903326501e-05,7.46438674190989e-06,7.254753033665642e-06,5.968020733343225e-06,6.66189911394017e-06,6.9716147655028855e-06,5.431267303947634e-06,7.559774044052934e-06,1.3126727460429554e-05,2.2652076868476837e-05,-3.92157054024395e-06,3.093366539543732e-07,1.891545200673991e-06,7.306294631301796e-06,1.8523903506939772e-06,3.489822960808341e-05,2.3623870138769347e-06,1.5104591841357493e-06,1.5502669898946123e-06,9.993618398555293e-06,1.9746062073771866e-06,1.0204511337530202e-06,7.464047129403703e-07,8.01960200421276e-07,8.023219294078064e-07,1.499191923457446e-06,-1.971811468191017e-06,3.4071609183909477e-07,4.1368137269845965e-07,3.0706541997936677e-07,2.7777030837424656e-07,1.6401102015700117e-06,-1.612313752424544e-06,1.7713356494961116e-06,1.3887309572516887e-06,2.1903432312131863e-07,2.2710758043454133e-07,1.8296855617293925e-07,1.1664144327513278e-06,6.976056486382572e-08,2.338728702673928e-07,4.545981394930479e-08,2.262301040646026e-07,1.4304486627057447e-07,1.0886769776186902e-07,1.1787076084533903e-07,1.127417985315409e-07,1.662565239310406e-07,1.1680173088220278e-07,9.736479733440017e-08,1.2593624877231376e-07,-5.049916547781535e-07,1.3959775462745158e-07,9.546219138172232e-08,2.650660932394764e-07,2.2227369166945849e-07,1.842190243743941e-08,-5.267356113232165e-07,9.559766347422328e-08,-3.9354679564856793e-07,1.393588559470856e-07,7.799477820358829e-08,3.436926027223392e-07,5.5460890314857685e-08,6.041924507368966e-08,2.9709603588804395e-07,2.631493095591582e-07,4.6108627321982584e-08,3.2739990733947376e-08,-7.357408029509354e-08,5.252636591844501e-09,2.7843036257691253e-08,-1
1.6577244565338315e-05,9.669678672312188e-06,1.3832250215879553e-05,8.978554046679769e-06,8.412027638462338e-06,1.2385052047065568e-05,7.34432484752115e-06,7.227082375538229e-06,4.07181479137392e-05,6.909946363799109e-06,6.585842444156775e-06,3.1793300767620375e-05,6.228309134211693e-06,-3.199511598484503e-05,3.7304395141067866e-06,1.909237461239596e-06,2.8622280184111977e-06,5.334512479134845e-07,1.0171123731901062e-05,2.322210745558545e-06,5.8072775089022664e-05,1.4077551047606924e-06,1.3018192825814452e-06,7.012441063174752e-06,9.711499554780196e-07,1.0039947698011058e-06,1.1719173681903303e-06,2.463741176364346e-05,4.7854829955132516e-06,2.0101928649744206e-06,1.5448031981598857e-06,-1.6283233507267167e-06,1.2895974122923115e-07,1.0602332720601033e-05,5.476901005188461e-07,2.4485923467275546e-05,3.2902230487954706e-07,3.1394561089652396e-07,5.5942932745768496e-08,2.884609637409671e-07,5.287210912388351e-07,1.6470850285383735e-06,2.6221611404785224e-07,2.295803595580942e-07,1.927638755304507e-07,5.846644027584693e-07,5.306150110903041e-08,7.334340164306461e-07,9.040233698848937e-07,1.263664295687902e-07,8.834823213021159e-07,1.3934494030575693e-07,1.158850878197086e-07,1.184444559437151e-07,1.0814159366806634e-07,-8.297471217174101e-07,5.585945481832009e-07,1.020911375746088e-07,1.1651684118402524e-07,9.778382362462257e-08,2.1468511933362058e-07,1.1763711205196373e-08,5.147061550549208e-09,8.628867195508694e-08,8.840851668044417e-08,6.77258281074535e-08,-4.328706320793654e-07,5.8134290840285797e-08,5.829511103478531e-08,7.994343177209485e-08,5.3209809027490785e-08,4.6331023281859237e-08,2.6764268004026293e-07,-2.721390521945712e-06,2.6241815679444234e-08,5.763793940578979e-08,4.558661723300033e-08,1.0149795997223305e-08,-1
1.0478981512999227e-05,9.463653058032896e-06,8.841086203060725e-06,5.177780721340327e-05,9.281839115300623e-06,8.298254287289331e-06,7.3265275262881e-06,7.185283934867822e-06,8.74602608180137e-06,-4.636296304900461e-05,3.8554557454130326e-05,5.089839864872704e-06,1.7521398603670416e-05,2.3937348661727673e-06,5.437702341881789e-06,3.1305611459212137e-06,1.800633728414434e-06,1.0552920668253769e-05,6.682860182359395e-06,2.5117633925706423e-06,1.0222238277693186e-06,1.9868151936798356e-06,1.1586269670530422e-06,9.559339241788479e-07,1.5811758548499655e-06,4.670337125364812e-06,7.342210063802866e-07,1.1549666882833518e-06,7.196868940710084e-07,2.2313108639807485e-05,2.475634236590402e-07,2.203993412881186e-07,7.389391726231485e-07,3.707212933054954e-07,3.256534117057093e-07,2.3455998623733884e-06,3.121582588440526e-07,-2.9834751454634975e-06,2.785503623573716e-07,9.741488112349867e-07,2.3083403141443794e-07,7.479059290782469e-07,3.7681241721838455e-07,3.526886202476987e-07,1.5412841118622485e-07,5.204841583444483e-08,1.2834051805692082e-07,-1.354109130061601e-07,1.604575295074663e-07,1.826175161262715e-07,4.253978600082613e-06,1.3355130382314936e-07,1.5038315796724372e-07,1.230432241537846e-07,1.1930387722239623e-07,1.6503009091211946e-07,1.4420005474988326e-07,2.1721536400430002e-07,1.1801079030172853e-07,-7.465452263547465e-07,4.726336400127872e-08,6.474936290664527e-08,2.760401926337961e-08,9.177348619359756e-08,7.383588145903617e-08,-4.963629602565686e-07,-4.928102706680697e-07,6.32405455192493e-08,7.55916525308464e-08,7.130473240262792e-08,5.6873738752796124e-08,6.357213090859595e-08,5.6887016146896176e-08,3.3408720261207e-08,1.7531800891265435e-07,1.669464129899563e-08,2.642557090909293e-09,8.657797859345083e-10,-1
1.0701360597655493e-05,8.992865318168644e-06,8.434785528418472e-06,4.892770331272994e-05,-8.752125891095693e-05,7.762992937764897e-06,7.1625129714177424e-06,3.9535328177533346e-05,9.668359960442419e-06,9.52103765763208e-06,3.3790343582335285e-05,0.002542835266789963,0.0023967042736471977,0.001209791162414286,0.0011681410949122282,0.001066598147709953,0.0005058537703572665,0.00043080189507720747,9.639600423243873e-06,1.1020623103126495e-06,1.344963842987582e-06,5.874981057082636e-06,1.4765886828280886e-06,1.0084685622484166e-06,9.215616460566821e-07,1.0574451999692856e-06,3.804495947995495e-06,-6.329304384833742e-06,-8.389336198874162e-06,4.872016037586999e-07,2.2430224017693236e-07,-1.0552274022865847e-06,1.3979084873846682e-07,2.137167952893882e-06,2.041324419938316e-06,1.751560511527056e-06,2.5504715378962454e-07,1.407753196720034e-06,1.130489358168274e-06,1.3091991511457194e-06,1.2895761309531619e-06,2.1531758808902434e-07,1.253245819979495e-06,1.9904350734648116e-07,2.3440827832253705e-06,2.1838527166642335e-07,1.5597958746379412e-07,8.676645909665134e-07,7.227691169488292e-07,2.0125333638992795e-07,5.497307871245065e-06,1.628529253475052e-07,1.5781900816879235e-07,2.523658041089629e-07,1.3050848184548906e-07,1.3132791668877044e-07,1.3307024105688002e-07,8.94707680433705e-08,6.828945016912691e-08,1.5032612386990733e-07,7.860508535146354e-08,3.381792467821344e-08,1.2116120974106217e-08,1.3695723672048975e-07,-8.078257318205792e-07,2.152426352784217e-06,-6.395166716858616e-07,1.1719020921831202e-07,6.346485691637233e-08,2.307687709927737e-09,1.0726687920523522e-07,5.678809164700217e-08,1.3468036665744041e-07,5.1044896057814245e-08,5.62279030102628e-07,4.2797766732216105e-08,1.2269606979974972e-06,2.2843970430220302e-08,-1
9.997606680780924e-06,9.77693800105164e-06,1.7094013412881506e-05,5.404935122836141e-05,8.763285576660747e-06,4.029692830019431e-05,4.023786700910079e-05,1.5357688046162883e-05,6.657109213525011e-06,3.898298264892299e-05,3.920449965791745e-05,3.973353264477904e-05,7.370000760547751e-06,6.461325595747092e-05,6.0874623195536734e-05,4.674323595644281e-07,4.674323595644281e-07,2.245132437667676e-07,2.524997577833652e-06,1.1009771990195628e-06,6.4671621418224684e-06,1.0637360129964606e-06,9.490189947375867e-07,8.958220269990439e-07,8.926425977732232e-07,1.627239297173949e-06,7.011623505544744e-07,7.211350507251866e-07,7.402447140007578e-07,0.0001716496896185283,6.117999893328384e-07,0.00014713107633072519,0.00013332476846374412,-2.1737684606657296e-06,2.728367830895782e-07,2.657914974526815e-07,1.4510625359212738e-06,1.440835297057926e-06,1.3912784176045266e-06,2.548948062725582e-07,1.2721142217858817e-06,2.091478878223043e-07,2.264880797554868e-07,2.188254378717991e-07,3.136521246928612e-07,6.476567211955089e-08,2.5626482176350773e-07,6.733608520645914e-08,4.291447375410812e-07,9.121816323923958e-07,1.808486148574474e-07,-9.76471507868219e-05,1.535074946968306e-06,1.4218384617838392e-07,7.238304411466971e-07,3.3186018921576286e-07,-6.527208364159075e-07,1.0834428196827628e-07,2.0848502428621435e-07,1.3718017060938136e-07,1.0376830741709012e-07,6.664452224300795e-08,1.3701598472544508e-06,4.801705512977277e-07,-5.135017063264978e-07,3.7131379421245556e-07,6.506343181935032e-08,7.307311849806812e-08,6.077950938462568e-08,3.367405179637819e-07,-2.8647335134848876e-07,-2.7273315844791087e-07,2.3940836756528364e-07,4.991273747753839e-08,5.389174236169852e-08,1.914484699712405e-08,8.029055229533789e-09,4.3567375009465325e-09,-1
1.3702208832574218e-05,0.00016383908427490326,0.0001603835516770382,0.00021903968135235613,0.0006869972895186152,0.0005680003822495971,7.712266111263223e-06,8.878602322878053e-05,-0.0002011698018716944,1.934796339054059e-05,6.959357328642521e-06,8.554869274657205e-06,2.856131009726451e-06,4.929921925566003e-06,9.124355249144678e-05,1.4430997971679271e-05,1.2894719758432643e-06,1.3408427440949198e-06,7.170932540763696e-06,5.58693378682524e-06,7.314881329811714e-06,4.900562457239681e-06,4.900562457239681e-06,5.870124878390805e-07,5.975551671006814e-07,5.279613909462583e-07,3.475155638293151e-06,6.695799456096815e-06,2.180100141567204e-06,1.9569888786971538e-07,1.932220655326122e-07,5.883276068502819e-08,2.806415547084595e-08,3.648325537732464e-07,-2.00736556644822e-06,3.129156646533407e-07,2.6981291139354774e-07,2.625205938569502e-07,1.9556196071172658e-07,8.566168457008385e-05,8.405849609731057e-05,8.430652010229004e-05,4.406752262537893e-05,4.3153572386098634e-05,4.195160903881376e-05,4.149883285967174e-05,5.268369508094851e-06,4.773404988031969e-09,1.7708157129299878e-07,1.8518702290289223e-07,1.197085449628478e-07,6.662361798930023e-07,1.0219404943774834e-07,1.7699825793353316e-07,1.0117803577050555e-07,9.90700561436199e-08,5.556014687834622e-07,1.3351186896406808e-07,8.98811178234218e-08,4.3954625362313096e-07,3.918772329506213e-07,2.56505486475868e-07,2.776544740743871e-08,7.808651276095167e-08,7.666028553175146e-08,-6.785796408183569e-07,3.6230588046008014e-07,-8.38685826018362e-07,5.590478152848875e-08,6.235656907769457e-08,1.1656996794611677e-07,-2.793937474945925e-07,2.5178063284906324e-07,1.0695920196406414e-07,8.34696431068429e-08,3.912873947844842e-08,2.776709425909182e-07,1.9025991175237943e-08,1
