-0.0002208322728138005,3.3608361127621175e-05,0.0008430491805059922,8.587281092994315e-06,0.0006428477913042402,7.626206241079814e-06,0.009799982898158078,0.0005729588547418802,3.86323465977039e-05,7.486671150888386e-06,5.917520572539754e-06,6.265826697195515e-06,0.00014077100332419775,5.456168047597155e-06,2.7042995552441913e-05,0.0001472401533448586,1.3629691572524727e-06,1.1950862985651851e-06,9.279833024648629e-06,3.002846111072951e-05,1.3871967142962461e-06,1.2731880263810946e-06,1.178715405587281e-06,9.451749701011073e-07,1.5472394903916959e-06,8.653356477168973e-07,0.0008004912832338556,7.145723290721935e-05,4.247260599343444e-06,4.171424101076647e-07,1.754766889575813e-06,6.852810429655164e-07,8.387883008356546e-08,1.5500016291826051e-06,1.7831665467098423e-06,1.2296189375684812e-05,3.582673670820825e-07,2.515644701811783e-07,2.1096054567230228e-07,2.629203103511237e-07,1.9611334773112723e-07,1.4272747408017355e-07,1.1949010932366248e-07,6.082613888226529e-07,6.872379386219504e-07,1.5251734860747962e-07,6.850596777844946e-08,9.596474990663822e-08,2.2435853600759504e-07,3.477323188591874e-05,2.9371620534509996e-06,3.331536242225714e-07,1.1917422971922259e-07,1.2123215838082125e-07,1.081821786512661e-07,1.9554062675140736e-07,1.0234400286198816e-07,6.099071951481542e-07,-3.9989521679142093e-07,6.738350785296992e-08,3.047397847712875e-07,5.799208359967425e-08,2.0544058669836362e-08,4.652550770866561e-07,1.0699439540351451e-07,3.031372451676916e-05,-4.983746813151823e-06,3.493137957376562e-05,1.2498374715159856e-05,1.9586045132276487e-07,-1.113301394468183e-06,1.7807956254272044e-07,4.706996461282306e-06,4.284003609412447e-06,5.069998486412111e-06,6.725353556959975e-06,3.433754860548444e-06,2.996728607777749e-06,-1
1.139219291705981e-05,0.00010633368612929075,9.817980901581681e-06,2.524299491130543e-05,8.103940355168648e-06,-4.796231154003709e-05,8.79570743091839e-06,0.00038207141879528333,2.171191379643258e-05,8.359306661098605e-06,2.399591683240565e-05,0.00012192405254569908,4.470629370629371e-06,5.7094269627115815e-06,1.66503950754933e-05,4.000329685369895e-06,1.753957910044276e-06,1.188033182988568e-05,1.2751534202485899e-06,5.4328743994219496e-06,1.3094759698122793e-06,6.912777822108994e-05,9.725056338258512e-07,-0.0001303943065015999,8.462513072071521e-07,7.263246944141009e-07,6.909123321474946e-07,2.4899097847486416e-06,6.047203956740857e-07,8.712839821541369e-07,1.8405019168107325e-05,2.9802553650584176e-06,1.3528478536773018e-08,2.2603348261410125e-06,2.108339650171957e-05,4.794971817303484e-05,1.8276202225709548e-06,5.356686139502655e-06,3.108796900098051e-07,3.745067547245387e-06,2.6516415416823864e-07,2.9143504795016657e-07,8.017182435534182e-07,1.8813757735874126e-07,5.985797835928461e-07,2.0665307441863158e-07,3.4801030118009125e-08,9.538332521267331e-08,1.5149486898988671e-07,1.6281928037140484e-07,-8.333685651845732e-07,3.786991051712687e-07,2.110807804082212e-05,2.4980308516254215e-05,1.0713077908794175e-07,8.8379527158726e-08,7.512930520712035e-08,7.295147925063226e-08,6.549936199853135e-08,6.434325644378046e-08,4.399246691810077e-08,1.006583479541733e-08,4.3895847379343034e-09,8.039486993009737e-08,8.520322812954608e-08,4.2779640623010766e-07,8.042975565439799e-07,6.658948661254796e-08,6.756439908499418e-08,-3.5794044200847065e-07,-5.499917808181269e-07,1.101168897289455e-07,-3.4043626638752705e-07,4.982389519788349e-08,4.1296658611660444e-07,3.513532233210263e-08,2.7400864073945187e-08,5.840127592551101e-09,-1
0.000311115248504707,0.00010236942194250662,9.01908582312978e-06,5.97180856078327e-05,6.114865778054342e-05,8.450415327093288e-06,8.489066336811954e-06,0.00010095833773044604,9.773453273666047e-05,8.100790571916781e-06,6.667691916470695e-05,-4.965777561694365e-05,6.400651346425442e-06,0.0005901163762354394,7.175471737075179e-06,3.8649825406579906e-05,5.158354233879722e-06,4.256142505748619e-06,2.0390419289213943e-06,1.2110192572760965e-06,2.3741449605517555e-05,3.5989709712862688e-06,1.2158197588589945e-06,1.1784195099322889e-06,9.172959561949943e-07,8.581870061724467e-07,9.582896966618005e-07,1.2739967807226742e-05,1.6184282838851747e-06,1.3671179731846014e-06,2.7946732104234034e-07,1.311141920081901e-06,2.634607340847013e-06,5.016905111009474e-07,3.364229142705963e-07,3.1906013184256966e-07,3.4049180950703895e-07,2.0688928758579737e-05,3.0219429020281106e-07,2.612398449836067e-07,2.679667349391386e-07,-1.4699920327007794e-06,2.3288184828690508e-07,2.772841166995698e-07,2.3206765545168575e-07,4.426245550241427e-08,3.188639944416843e-08,-1.281348818566691e-07,1.4898226417557435e-07,1.496876569573908e-07,1.6631939265455944e-07,1.6009633164221502e-07,2.054775744719006e-07,2.4175617037370248e-08,6.757064870791397e-06,-1.9465335713044777e-06,2.855656597767117e-08,8.474374201683243e-06,8.525908285168996e-06,1.2429809547464208e-07,9.268547170095e-08,9.699868954319354e-08,2.1830965190425346e-08,1.1311194232735126e-06,-4.364238655839949e-07,7.575360207196023e-08,7.339092252690062e-08,6.155919155396654e-08,8.678879270090495e-08,6.413561293231074e-08,5.012891256396619e-08,1.727982204709614e-07,1.2694950196676388e-07,1.1478282305269614e-07,2.5499516984095946e-08,8.87949339449905e-08,9.141473334881706e-09,2.5960585524919906e-08,-1
0.0001989988915144181,-0.011462354398546619,0.00035932060893211805,7.665198726455268e-06,0.0001225612480884968,0.0005178019786436826,0.0001447751409152766,9.504437748318208e-06,1.9588511618600637e-05,5.859049776485003e-05,5.035994824014438e-06,8.860022067023744e-05,-3.8247134743853426e-05,6.945970690814608e-06,1.3023039662995743e-05,7.274930494362686e-07,6.036057528206315e-07,1.1394837953624188e-06,2.660287112972028e-05,1.0863013823416973e-06,8.699884588250282e-07,6.865467217096737e-05,5.468660415181588e-06,5.9755989792603726e-05,7.876437226642948e-05,0.00011839139231639438,6.3190311779192144e-06,-6.008901363029668e-06,5.3486268597540086e-05,2.896631738583931e-06,3.7976063722296447e-07,3.8580963923174985e-07,1.1011648763426757e-07,7.552007144153313e-08,3.8119756553641914e-07,5.2214829465016126e-06,1.3290627860194197e-06,3.001459390803203e-07,2.6437029765467076e-07,1.3515562826545825e-06,5.112620253715005e-06,2.369562481611588e-06,4.7185065952691637e-07,3.971075209458787e-06,1.6365270657612058e-07,1.6641129915833404e-07,2.803560393016812e-07,2.105284710090155e-08,6.994579192525735e-07,5.634597188403182e-07,1.5257273682677602e-07,1.3343560855189595e-07,8.917642133589289e-07,1.2700962884707633e-07,1.556563781385806e-05,1.1066051917848796e-07,-2.4447322871382857e-06,9.820271483237601e-08,5.424322757686152e-07,2.109992738320879e-06,2.0944385080219968e-06,6.763660441930524e-08,7.253513700305551e-08,-1.6518353441482802e-06,-1.787067264205551e-06,7.155649051713593e-08,1.4915524867899269e-06,-1.5572268570435825e-08,5.9198920433195784e-08,3.70990639785629e-06,9.083416699927061e-08,6.291853158114452e-08,6.116321582152539e-07,9.474882979301323e-08,3.397808479474755e-08,4.948185970748669e-08,1.5690096981051117e-07,1.1942877681488864e-07,-1
6.313708553986217e-05,1.0931051866296849e-05,-8.811895626757721e-05,6.468761172175707e-05,1.7770433256701373e-05,4.075540528592344e-05,9.910181664073251e-05,1.0473278816073724e-05,-6.48264265178144e-05,8.16444981266586e-05,8.335347050996892e-06,6.309162401151077e-06,9.184083861301386e-06,-3.2868962153696875e-05,2.0333175047580926e-05,3.901754198976976e-06,1.8607253614347246e-06,1.2572735800531446e-06,2.6223074355485764e-05,1.3542076362380371e-05,-0.0014327942998183273,1.152698919775406e-06,4.2824950498214196e-05,-6.835181507068206e-06,7.53905152851587e-07,9.704777060902409e-07,1.188054718539776e-06,7.582939182270318e-06,6.294993530018048e-07,5.923851963417036e-06,3.5256124966425726e-05,8.68246336351826e-07,4.537714945561653e-06,4.450604791352634e-05,3.1297834544789955e-07,2.1394987082368922e-06,3.1661940859985704e-07,2.0449757787428122e-06,2.0955782893437537e-06,1.92628638762694e-06,2.660297243066258e-07,-1.8412755052739794e-06,2.6575821248426583e-07,-1.7720206963860057e-06,2.3043293787738933e-07,1.7582242833272783e-05,2.1724253617987067e-07,1.9809072534567743e-07,4.016587421367756e-06,1.736602749056046e-07,2.8982763031936486e-06,1.5498825743139285e-06,5.606983628519426e-07,-9.290065999023192e-07,1.4665312886433635e-07,1.463934049134564e-07,3.8230066949767095e-07,3.435471202800248e-07,4.69504698760737e-07,3.635106304048282e-07,9.112819018809683e-08,1.8423703661346177e-07,2.0486592501279702e-08,8.281342459149763e-08,9.498807560038632e-08,5.946482132281464e-08,4.7428556489512095e-06,6.033901033875119e-08,4.583670837935042e-06,0.0005359359098263834,6.008621634722823e-08,5.7880814746853925e-08,2.10793563923443e-07,5.079979487260234e-07,1.9649697050277005e-07,7.85621718659008e-10,3.21201897736025e-08,3.440454339119616e-08,-1
3.9744149955201926e-05,4.095370962230528e-05,9.551857225076553e-05,1.9110278188901983e-05,6.12125145528446e-05,-5.024485627826256e-05,1.5146311197061208e-05,5.922378642148185e-05,8.017123348808276e-06,6.709156147233685e-06,6.616909891262878e-06,0.00036481021115154213,0.00015356800611653255,7.501199562406556e-06,0.00015636951398967404,0.00011739913021389427,3.4870030681099605e-06,6.438324500646658e-07,1.2313372753325083e-06,-1.1014869533447151e-05,1.1418429836139553e-06,1.6806207331566746e-06,2.6511243293800607e-06,7.748041840362153e-06,8.861573353350507e-07,9.60345728329264e-07,-2.1387397752447644e-05,7.367572900064642e-07,4.606005984457734e-06,-3.884676547691962e-06,6.313432724404958e-07,1.6400469482096614e-07,2.3790482037713562e-07,1.5282596022637777e-06,3.3200981997081654e-07,3.5171488856241957e-07,3.517105440801782e-07,-1.371119029465132e-05,2.0391691289513884e-06,1.3057824061639157e-06,5.500084003267785e-07,1.615350926757568e-07,1.682060365206172e-06,3.21572717167343e-08,1.604042015733136e-07,2.7832368863496587e-08,1.6806351650228345e-07,1.2245319281310255e-06,1.1632309377461135e-06,1.925121753942644e-07,1.5129404230323708e-07,1.6197794509354897e-07,1.697345909908902e-08,-8.473806368944935e-07,-7.759027440147446e-07,7.606392485872248e-06,1.1392000709139167e-07,-2.768782338103134e-08,6.03903521977811e-07,6.529689137609292e-08,3.8432227653964055e-08,1.4619974167127664e-07,1.3651683972960145e-08,1.9745124064053305e-06,7.838079133072706e-08,1.899315968441405e-07,2.3186210425549188e-08,7.854384721265345e-08,1.241675729770909e-07,6.746471352024027e-07,5.005858089914344e-07,6.258640767059231e-08,5.891215440944079e-08,4.778430412682091e-07,8.122490848458024e-07,3.953854812612937e-08,1.5778853629020707e-08,6.132382325565592e-08,1
1.276833654333075e-05,6.752703353992635e-05,-0.00037248625552628833,8.457882220264821e-06,0.005473057402234637,8.103418504663946e-06,0.00010182886389324714,8.779483956172172e-06,9.650933029678337e-05,7.362741175485087e-06,4.905150860537873e-05,6.219920518237745e-06,4.694953046679461e-05,6.993169475171278e-05,8.771865512608232e-05,1.156587569815095e-05,3.610381025478544e-06,8.068142822626994e-07,-1.1400795388443586e-05,1.9862493560473776e-06,-9.810086588611099e-06,2.1189406881815407e-06,2.589720249132145e-06,7.811434144609821e-06,1.0933917609248115e-06,1.4194743893906798e-05,5.218191428772599e-06,2.3097752478712776e-06,-9.518879529795141e-06,3.5543594882371776e-07,1.5602403175400028e-07,7.725924000995552e-07,1.444984156677729e-07,3.2207365804596175e-06,4.091408386634178e-07,5.847556979875578e-07,2.828341310497156e-07,3.8197900792667356e-07,7.769266132756744e-07,1.1575176055875998e-06,5.214316748172949e-07,3.691447667621839e-07,3.08153468102679e-06,1.8502091343535985e-06,3.401512541222736e-07,3.1072680801979616e-07,6.074247956332078e-09,4.720100501931797e-09,1.57641534863867e-07,1.307636122938377e-07,1.745857451530715e-07,1.444568859985817e-07,1.9150195013827625e-06,5.203186480523239e-06,5.4954772512527846e-09,1.5059515589552313e-07,1.1779768013306046e-08,7.470721637589907e-07,6.650707326412311e-06,3.7210422514223214e-06,9.154765275757817e-07,8.337729280325316e-08,1.0638890939139562e-07,5.943423319092254e-07,8.635743284151139e-08,2.8344902493768723e-06,1.299822509086621e-06,6.552217267027797e-08,8.118237895509341e-07,6.003131935198378e-08,6.241357422977157e-08,-6.2072219521179565e-09,3.770994794824466e-06,6.301149781314357e-07,4.6579308671198405e-08,3.0380850977837154e-09,2.269014415912635e-08,2.4376638219680754e-09,1
-0.000961542712132267,3.54260531445971e-05,3.311504031669641e-05,0.00037744940274580656,2.895923848183973e-05,-4.825474979238928e-05,7.71153973420374e-06,0.00013355149111946797,-0.000478627918376073,0.0004677438845217293,8.083947787370939e-06,1.2394767017486514e-05,2.296415649998927e-05,7.137633058771775e-06,5.501093882369605e-06,5.267576479907619e-06,2.222692093117708e-06,4.136742347058702e-06,1.276323849074749e-06,1.6334794498078835e-06,8.440879192490794e-06,1.6001533438175412e-06,1.285842718645889e-06,-1.1067816628748113e-05,3.684574598929442e-06,9.279821872093697e-07,-5.887716546256188e-06,4.033944751976479e-06,1.0922192544669199e-05,6.289474798671466e-07,6.047897432052618e-07,5.868691308349326e-06,3.8525103034966485e-07,9.923024326940093e-06,2.100627570908006e-06,-3.4800797394627818e-06,1.5592289304033454e-06,9.103153893492674e-07,3.0542631234186595e-06,2.7161652651175784e-06,2.538142406327581e-07,4.2062638972291356e-07,6.164516210584613e-07,3.43120533221597e-07,1.327645859423616e-06,7.231657338394875e-07,2.796170921982871e-07,3.049517760543038e-08,1.767319884977312e-07,2.2994824392197853e-07,8.663962463670904e-07,1.47141601589552e-07,1.3002293236697193e-07,1.2312044920301029e-07,1.0728102916293017e-06,3.2148354427433114e-07,5.656216939775033e-07,-6.951835299486835e-07,1.3088284644946974e-07,1.2098708164083403e-07,1.2515377389198584e-07,-5.142632241904197e-07,3.1770586011845197e-07,2.119169134329747e-06,-6.348201717480262e-07,2.1504692321940379e-07,2.1743415974389283e-06,5.8902924124141986e-08,8.648236953780498e-08,5.921243339050643e-07,4.1424158291494616e-06,7.872153063151528e-08,6.066351345816254e-08,1.4049259956742203e-06,7.088017653618994e-07,1.3254684145223538e-06,2.572581737338744e-10,4.2407335020293193e-07,1
2.845658948701042e-05,6.074086587230779e-05,1.5882831608750654e-05,8.900259135065014e-06,0.00046065201463896266,7.3341299339341205e-06,7.088930950188896e-06,6.9252676703585484e-06,7.031706246098974e-06,1.9033614634078434e-05,3.737461861465823e-05,7.550052363974858e-06,5.941986434985122e-06,5.213665346009237e-06,1.47713698933311e-05,1.6129262478022242e-05,4.425711171080919e-05,1.8487550645994003e-07,1.3607321478206036e-06,1.058634457063669e-06,8.395539691694673e-06,-6.996043892262208e-06,9.801930165507004e-07,3.246620702951162e-05,0.0010706573446666217,3.0166181888268053e-06,-9.296075263114885e-06,7.401672073145872e-07,4.759167663835275e-06,2.4579417443952133e-06,3.3811455458817084e-06,1.7587047706654858e-07,4.896240456300009e-07,5.839513289114079e-07,4.800675654556859e-06,2.0147591215517153e-06,9.67768907680347e-06,2.7766660656517987e-06,2.9354375765712016e-07,1.9101027981102277e-05,5.045329407963516e-05,2.779620650120241e-07,3.0012661128384986e-07,3.3787241370065857e-07,1.864797898155254e-05,4.5413413068082497e-07,4.98481834292008e-08,1.9914550212841796e-08,7.419512620516403e-06,1.8643636814374424e-07,1.919433954521441e-07,1.3836874178886989e-06,1.8114172872718e-07,5.522388919177974e-07,2.0127714555285256e-07,0.0002303688902468351,2.1040824197280454e-07,2.0989707088788932e-07,6.404893950283134e-07,5.5742441403257786e-06,9.074849291577676e-07,2.219521058611223e-07,-2.1659820764331725e-06,7.036531960963979e-08,6.830182119132073e-08,6.012641728993387e-07,5.036803058546146e-07,6.688004399421769e-08,6.394553478521325e-08,3.941602347656832e-07,2.1793156997565354e-07,3.1252503535779577e-07,7.401245807258928e-08,1.0479101643333052e-07,-3.4573813106122335e-07,2.2175983345954624e-08,3.915643653181731e-08,-3.0943326741739934e-07,1
0.0007780056527536823,1.1416159908156243e-05,4.615928511273503e-05,-0.0013799898371887522,2.4644913017129507e-05,7.271732097909322e-06,1.316074643862444e-05,1.4776798360305088e-05,-3.2963233290005284e-05,0.00021968238165087384,0.0022605993386706665,1.0631852214433939e-05,4.700795510236168e-06,0.0003777441184733319,0.00014860005234880352,4.5140793356915954e-05,3.734432235740409e-07,4.757782825270326e-07,1.2892530461867003e-06,-2.1822345923211627e-05,-1.2199354319097362e-05,1.0761725732664877e-06,9.041772851209428e-06,1.3355587084314025e-06,9.722998654974047e-07,7.477553479066956e-06,7.658356765949464e-07,9.609539022791171e-07,7.506912587293439e-07,4.319596385905363e-07,4.006498355415974e-07,0.00013342167597452188,2.0161578097527802e-06,-2.343987314368142e-05,3.1471826745143745e-07,-1.7525728284951698e-06,2.7403841190049506e-07,8.959495027740052e-07,-2.06153771934286e-06,2.580353470603899e-07,1.3400996612608381e-06,2.2224480341218906e-07,2.330453747850911e-07,2.1023412813465732e-07,1.9275116495837722e-07,4.163424295871566e-08,3.078501140807507e-08,1.0341378815207545e-07,1.7343839202556434e-07,4.346904744796553e-07,2.0367345365731695e-07,1.9950525848954298e-07,9.477565368272079e-07,-9.10920458976444e-07,-1.474021744207032e-05,3.710765766470851e-07,1.683640034498393e-07,2.7616799138571207e-06,4.371099181453132e-06,1.3635730075197776e-07,1.5910759983319866e-06,1.1707066110853554e-07,9.449839737582215e-09,5.759789099147396e-07,8.964576250440369e-07,2.104395944300455e-06,1.535547163617153e-09,6.060887321878563e-08,2.742864440357769e-07,5.286373279364753e-08,8.975286355788772e-08,4.9316129684676896e-09,2.7075680963322783e-06,1.5427930189315505e-06,2.7896024544879687e-08,1.529552241037268e-07,1.1203020221652499e-08,5.597764583090435e-06,1
1.3160371854453889e-05,6.827335255689304e-05,0.00011088573206950915,-7.184209717996567e-05,7.710529455406577e-06,8.641018583434346e-06,1.2303223507447085e-05,1.4726946584488091e-05,4.800350639546655e-05,7.802106394166983e-06,5.775859514085423e-06,8.888002351666368e-06,8.02042663737342e-06,3.218620099803108e-05,4.981364566847428e-06,4.328628257205615e-06,1.2845557642241707e-05,2.7896949877718692e-06,3.095809746672328e-06,9.027678942407107e-06,2.8654310053443505e-06,1.1295377505621402e-05,2.8657983970889933e-06,3.5920073496276247e-06,-5.813755463714306e-06,-4.919008605025027e-05,3.274796265103908e-05,2.1646390909835214e-06,1.2315707203405215e-06,6.500509225623246e-07,3.4646458142493028e-06,6.8500324302669625e-06,1.0459500172863547e-07,1.0539477587781637e-06,3.347514385761613e-07,1.3478929421331795e-06,1.3641797011277778e-06,7.777196976664079e-07,2.6432320566093627e-07,2.5455371814305137e-07,1.1888405204456274e-05,2.204289593539406e-07,-3.5263201611621943e-06,1.7632442669760127e-07,1.1051613517127879e-07,1.2569438638447036e-07,6.282534427041287e-07,-6.5662868495986e-06,1.6469140308078776e-07,1.7827222778336402e-07,-7.81833481374024e-07,4.014096285394358e-06,-6.678244964726384e-07,1.3999210980843832e-08,3.786301765312403e-07,-9.468300640598724e-07,1.0980421365557833e-07,3.6527362756586334e-07,-5.728572071462072e-07,6.08447041685846e-07,7.526734264267584e-08,2.8319609013551375e-08,7.420209345902941e-07,7.676187419237575e-06,7.646326816713867e-08,7.453982363019405e-08,-2.9798900442103068e-06,6.667275836847363e-08,2.238002780904004e-06,1.2728607986655893e-08,7.010189965496332e-08,5.218304543135057e-08,7.406131110770972e-08,2.806616329050191e-06,2.907675369656836e-06,2.9038561144557945e-06,1.0631992908786436e-07,8.660088274110165e-07,1
1.872028108595804e-05,5.5692121164136126e-05,9.04040579320531e-06,9.674120330343812e-06,7.733075689284493e-06,7.917825044822472e-06,7.678556075445034e-06,0.00033779736774136165,0.0003374045364954912,1.2696020206339872e-05,7.848796321496679e-06,9.391308916279308e-05,-1.999230218498349e-05,2.6549272712782564e-06,1.9634735694022618e-05,1.4016958303257372e-05,7.415733361502693e-07,2.6514432953077247e-06,2.7430266808908e-05,0.00011660276060761234,2.856700428823253e-06,1.7451242154185712e-06,1.0451602780301735e-06,1.5374882764496393e-06,5.567995399158013e-06,1.618607588536998e-06,1.0135498823788107e-06,1.1896594518654455e-06,6.4478313933198805e-06,4.34003462241926e-06,6.298565212240162e-07,1.6056947052802134e-06,-2.9884597828506217e-06,3.5116547138308497e-07,7.536301299915936e-07,2.6319202093772062e-05,1.8881555341339535e-05,3.803343939316609e-07,2.2856021236717808e-05,1.425137806008033e-05,0.0001406128136007061,8.419425967262252e-06,1.680923094223379e-06,2.4075960094900907e-08,7.167257788485609e-06,2.2140442518019983e-06,1.5263132599466729e-06,1.512591421743333e-07,1.6768193089390346e-06,-8.599402489040717e-07,1.2965446962693006e-05,7.036301904936611e-06,-7.775423635481657e-07,9.793573407092289e-08,9.66708602188041e-08,3.142652935328559e-07,9.758122274378301e-08,9.401831416448054e-08,9.412532731853144e-08,8.227880204657728e-08,2.19979726723206e-07,7.368512417183131e-07,5.38350301615492e-07,-4.000297096557864e-06,3.0221483975019174e-06,-5.276496286612166e-07,-1.9725442371607686e-06,4.31126918585672e-06,1.0684119289557438e-06,3.285667699288642e-07,6.346955322242314e-08,5.71010644701742e-08,4.8383517769710234e-08,1.6787042171622276e-07,1.7181191418618312e-07,1.0976875672322473e-06,3.332329631116929e-08,2.7169949416598076e-07,1
0.00025684454641950117,1.0866372361959049e-05,9.522335998552611e-06,5.330603912890737e-05,3.077161358464899e-05,0.0005737341312688133,1.066096708694678e-05,-0.00017019662582470928,3.524763130560533e-05,8.512947869874192e-06,1.8260345758343087e-05,1.6961515801629845e-05,0.00011816650414351562,1.2535901700250229e-05,0.0001407088315268778,6.8371312059879815e-06,1.0560369765572314e-06,-5.70177401445402e-05,6.961515145517016e-06,8.699109948192351e-06,2.2381813213727054e-06,1.046988288342447e-06,6.77002773882436e-06,3.669073301026832e-05,3.5437363161763663e-06,8.934071288803131e-07,8.758220738581836e-07,4.25659231469269e-05,1.9756328752040726e-05,4.682539114525529e-07,3.602435911888893e-07,2.3282627951686443e-07,2.1965652709832663e-07,1.1210940895090683e-06,3.193598463908226e-07,4.0864716210807934e-06,3.1393647174364985e-07,1.9503898829400146e-05,2.6806465674567977e-07,1.9153665560127725e-06,4.83806262611402e-06,3.7538884532548545e-08,2.2404042445836907e-06,7.033481001547141e-07,2.970528384212379e-07,1.9788487454905472e-07,-9.147911005556895e-07,4.842489797326299e-09,1.679242218743754e-07,9.434310583573144e-07,2.936516565932618e-07,1.4352665082356112e-07,3.560817145651053e-07,3.994314501164446e-06,9.118618036249125e-08,6.5150319737212445e-06,1.349436008170607e-06,4.386137472052261e-06,-2.507334779663861e-07,1.3933646739882174e-06,8.62558954345366e-07,5.835050368344389e-09,9.906194691540082e-09,7.815245726948542e-07,7.991066799208131e-08,8.708480834719962e-08,2.0984541605959362e-07,6.943839968823825e-08,6.375697766785082e-08,5.283257947609228e-08,5.9492984739576717e-08,-2.043899291868021e-06,4.673100379187807e-08,4.7535891479880975e-08,3.95448427237096e-08,2.2561341666008913e-08,3.627500279201943e-08,2.1393513065493872e-07,-1
1.1737793130559414e-05,-7.790463017898173e-05,-7.832577942140789e-05,9.022248641392636e-06,-4.903664964846279e-05,-6.71794602418495e-05,6.596410427256654e-06,6.544134323320468e-06,6.6098538223989945e-06,6.106606822207262e-06,6.80264911523827e-06,5.904788924523948e-06,6.036571599968877e-06,8.821236143833573e-06,6.312851716007489e-06,2.2393240287515336e-06,2.3510976801812387e-06,-6.743165301027289e-06,7.191739890465094e-05,-0.00017248010043418563,5.626591007216873e-06,9.02516773733552e-06,-6.980392077921664e-06,-6.529613054170569e-06,6.647970398955024e-06,1.0817292849867486e-05,8.976573071797802e-07,8.823706039781896e-07,1.1313409903483767e-05,1.833772149367464e-05,3.458087149355292e-06,2.1659034751753416e-06,5.265726321867859e-07,3.221892573404575e-07,9.663674075720992e-07,2.993305800349075e-07,1.1914315261343152e-06,2.7520145161833754e-07,4.650374811809046e-07,9.106779917747577e-07,4.241182328880406e-06,7.425561811699192e-08,6.898556430129315e-08,7.37128593659638e-07,2.5001982637155854e-07,3.8330190132419007e-07,9.820160352991573e-08,6.257079612830565e-08,1.782275796330393e-07,9.28190395405999e-07,-1.751631642449922e-06,2.6786461630077698e-06,2.872804604243396e-07,7.201758652894051e-07,7.325101982105326e-07,2.4023254319525614e-08,2.945422210709273e-07,8.040631304391901e-08,1.0667003137179621e-07,1.0587532693841158e-07,-1.0617081209018023e-06,1.540843744223435e-07,1.0129325435076069e-07,4.5375931326077164e-07,7.12067460230122e-08,-1.5116320838730473e-06,6.646433854159772e-08,4.919257208632897e-07,1.1482132065884887e-09,1.3038017531588189e-07,7.810881346170371e-06,-2.8763012432039367e-07,3.56019551380305e-07,9.708216920352531e-08,1.7738590325744608e-06,1.0071978054872167e-05,2.771716651399443e-08,6.398471250822792e-08,-1
4.9853928452125225e-05,1.0891267878070196e-05,4.938669818662319e-05,4.9344349428542064e-05,4.283497208148052e-05,-4.1551629189048595e-05,9.283446853365002e-06,-3.658347566529781e-05,5.851265488709742e-06,0.00010136637521475908,5.323938068199654e-06,5.422330772052383e-06,5.32704162498607e-06,4.4077245039336054e-06,3.848158229120982e-06,-6.292367182005507e-05,2.112707661418473e-06,8.249935375658493e-06,1.247725359303614e-06,1.8005099405473637e-06,1.059300826139389e-06,1.0076318752189216e-06,1.734253903212562e-06,1.776810302030217e-06,5.88216519239271e-06,8.95518374669802e-07,8.963012405307422e-07,-5.493223601864281e-06,7.618125467732041e-07,8.083751610221267e-07,7.562556387359205e-07,8.268397580639e-07,-4.536001526288985e-06,7.66171600447755e-07,-4.608951536001491e-06,2.1235480085679584e-05,4.64200520586916e-06,7.438510967879647e-07,1.4643601516514836e-06,6.52242288430089e-06,2.6282641761317843e-06,3.226554045104085e-07,2.029402748045477e-06,6.910815532200769e-07,2.8295484664477845e-07,2.4149420093819087e-06,4.568449112697806e-06,1.956582978469377e-06,5.034207145944648e-09,1.121263737920547e-06,1.3354688158822398e-07,1.2811386172273208e-07,3.8940085223423124e-07,2.5548894103713916e-07,5.248518861130163e-06,1.0010368595522406e-07,4.871918167180265e-07,1.7785266584682184e-06,7.316467366446139e-09,5.782478894585479e-08,-2.2605181323592123e-07,2.8650820633755085e-08,2.0347708897584436e-07,1.1304278100972004e-07,3.542842768388729e-07,8.426617355431858e-07,8.089242185957445e-08,7.368454052432767e-08,3.6391624511848443e-07,6.843236285504065e-08,9.870489057866851e-08,5.139136524015305e-08,3.240902312762937e-07,2.40493360277783e-07,3.900279622347704e-08,1.7004140522589602e-08,1.0309380035416114e-07,3.995709372912488e-09,-1
-0.00014298814887032075,5.534044039110086e-05,1.1940211820741417e-05,0.00035990415798559973,0.00034462740451689916,0.00017263971413893317,-4.751864086058355e-05,3.709596979452066e-05,6.843195354052144e-06,0.000402418669088377,0.0007924394852496015,6.463844573528118e-06,1.925792359397086e-05,1.243134579802384e-05,1.5273120059743052e-05,1.211782982866548e-06,2.0460295097991508e-06,1.0327213633518019e-05,4.6121812226470564e-06,2.929757908519598e-06,2.8121997652896703e-06,1.2025529681206757e-06,5.53830498228702e-06,2.091694730700797e-06,3.063581943131744e-06,-7.020060039139849e-06,7.395329486204159e-07,1.689252963892666e-06,6.553389107345307e-05,3.969821257896018e-05,1.01639575373572e-06,9.534321238829243e-07,3.613891476670479e-08,4.284554568316444e-07,2.689875787328374e-07,2.554357210035457e-07,2.7442387301028966e-07,2.3697770067902162e-07,-1.4628833101983698e-06,2.68819890579653e-07,2.462604158856886e-07,1.3533386862211251e-06,-1.360943518951305e-06,-1.1801494452069236e-06,1.70425785084784e-07,6.891877568021644e-08,2.1345354433206915e-08,1.8192328804199147e-08,3.0029899133113123e-07,-6.71375020698067e-06,-2.055958338805128e-05,-9.163932686639104e-07,1.5107794103933872e-07,8.416436197454894e-07,7.98011613716812e-07,-3.0834573239949987e-06,1.3513596887026117e-07,1.294885386309239e-07,7.141044278931666e-08,-1.8533365432032433e-07,1.122543840436965e-07,1.9956303220382298e-07,2.3143101595624827e-08,8.970109903364376e-09,1.2504659827575766e-07,1.5890025982386814e-07,8.675365713565662e-08,6.225440821534551e-08,1.80858518525449e-07,2.7229665315073412e-06,8.008294876417926e-10,4.928685111114448e-08,2.3522430259573365e-07,4.288081047092501e-08,7.090547906149225e-08,3.081081406222012e-08,4.88824512549878e-08,1.7979677214581847e-08,-1
1.1343947099253413e-05,0.001161086806247989,1.0957322938250797e-05,8.090557106079912e-06,0.00034777593628050244,0.025017367934061376,1.018750054136676e-05,7.488937550590203e-06,8.289949339586477e-06,6.649808890108998e-06,6.58907447628301e-06,0.00037754187603486136,3.8423104355231705e-05,6.074235525770298e-05,0.00031286280948788055,5.965567239999538e-06,4.495035101813917e-06,7.151987930265255e-07,6.026554695297513e-06,4.183120690615409e-05,-1.5870982017024046e-05,-2.3797185530415107e-05,-2.4905133561721114e-05,4.800134594701313e-06,1.0312906240527895e-06,9.5719595414174e-07,4.7946254455687645e-06,6.087024118723411e-05,-9.15318508034615e-05,5.466795647448274e-07,2.872676143103279e-07,6.857171509054129e-07,2.0527053208417988e-08,8.413251792064013e-07,7.370895101406884e-07,1.4276080043650396e-06,2.3667207736782033e-07,2.4198140058995484e-07,1.5008130118735997e-06,9.003439457015249e-07,-1.5283175340529313e-05,2.443714023930242e-07,1.9459977372927733e-05,2.0257106884871192e-05,1.0904648052198238e-06,1.750434049908647e-07,1.3930756321240343e-07,1.1011777783562856e-08,-1.080687270350268e-06,1.5294397575090382e-07,1.5449506027530242e-07,4.432863349533705e-07,1.1428681572358823e-07,1.2429532925436451e-07,-6.173776559876568e-07,-5.383166339435147e-07,8.6631989808277e-08,5.12224417019426e-08,4.548318363842266e-08,6.369261910877659e-08,3.5126933810738515e-08,3.630087220660389e-09,1.7090332255809228e-09,1.677041873094601e-07,-4.171876404350976e-06,8.565847041713937e-08,1.6437577363945324e-07,2.461729086771919e-07,1.5955335953644145e-07,7.708172218662448e-08,3.171826409153036e-07,6.902901150366824e-08,7.059612634188531e-07,1.2741026648847407e-07,1.1586328410350385e-07,5.164325169606811e-08,1.0060955757389524e-07,1.0654407923543317e-08,-1
3.623206215122114e-05,9.986755906234181e-06,0.00039846080232345475,-0.0006527788453270338,4.0735630641767806e-05,-5.010813069071854e-05,8.073234502169508e-05,8.419817935461085e-06,7.505812025770596e-06,7.736011811323888e-06,6.6261531591885455e-06,8.789958625940655e-06,4.807595621375856e-05,7.362908359337603e-06,-1.7593772878580338e-05,1.4101714868649792e-06,1.1344847826797524e-06,2.1532514997463785e-06,4.670356586949004e-06,1.415630039343141e-06,2.7752649493758477e-06,1.1569425228342535e-06,2.442056118154318e-06,4.007576713083963e-05,2.580685981278497e-05,9.719432682730896e-07,7.802176751085337e-07,4.541487672698509e-06,6.131822860328237e-06,2.1821447704409834e-06,5.066272588651821e-06,9.41040538027214e-08,5.90836716584269e-08,1.6836343560186643e-06,-4.472207410485409e-06,-2.618202262682197e-05,1.311149090351249e-05,7.673220565456083e-07,4.1794682899918546e-05,7.01499766600151e-07,3.1125062881054376e-07,8.233358810596895e-06,-5.261047751393626e-06,2.515128546600477e-07,2.11599991358918e-07,6.814537124611424e-07,-3.0994581061074017e-06,8.081439972921701e-08,1.830880878054543e-07,1.3951095449438587e-07,1.2719154945450104e-05,2.415373461350584e-07,8.897119273189828e-07,2.710269899881177e-07,5.837445451810102e-07,8.683715178311798e-06,-1.3329100367197063e-06,9.056348085582354e-08,8.561549015202015e-08,4.970619309837145e-07,5.596213418337354e-07,7.336795550123632e-08,4.2525748165875394e-08,4.171418552761092e-07,7.797087686314045e-08,2.4986626860545715e-07,7.063720297057522e-08,3.154331211731613e-07,-3.4490246751887023e-07,7.658954680555052e-08,5.101552342048838e-08,-3.2064596664007244e-07,4.606558391584194e-08,5.359434864086068e-07,2.49554813254475e-07,7.288812930609876e-08,1.7119696082351927e-08,6.513757847093136e-09,-1
5.9930209524431324e-05,9.83389923043156e-05,6.0713402470553534e-05,4.4510467439700546e-05,9.193912732886997e-06,-3.978386396241064e-05,6.44575420680291e-06,3.8339786751825106e-05,-4.1490149324252105e-05,1.0551823839479012e-05,5.6590631332539936e-06,3.366180915736112e-05,1.14329743234359e-05,0.0001772174514170374,8.769330117410021e-06,1.4793382513298417e-06,1.2282428892109061e-06,6.849575009924038e-07,7.5810607036529095e-06,1.155608377164347e-06,9.789809121190588e-06,-5.806802037048815e-05,2.320228582163507e-06,1.0669997963296487e-06,1.4663141908381576e-06,1.8804453600181977e-05,1.9570688036591173e-06,1.098744828242582e-06,7.493444712495196e-07,2.4545288655532446e-06,6.080672184947511e-06,6.583995170417013e-07,9.203635449172004e-07,1.1690744710486229e-05,2.986865871179823e-07,1.2294158423075669e-06,3.43278459397168e-07,5.917686647536736e-07,1.4162255141037614e-06,5.160855011541855e-07,2.2796605588988083e-07,1.0270393361071243e-05,1.1203394598529018e-06,1.4268055748754858e-07,-2.5520440347468486e-06,6.984206434703846e-08,5.495477678169748e-08,2.2034667895638816e-08,5.729468219280989e-07,1.5309444107890026e-07,8.646943811109509e-07,-3.987621348710229e-06,-2.9902811936152354e-06,8.376130659265044e-07,-2.9909619229889745e-06,1.3898059225570693e-07,3.3741746779986287e-06,2.775792067238927e-07,2.3685071342402726e-07,1.0299041085489303e-07,1.2381866957025023e-05,9.492336710232062e-08,1.667739409899022e-08,7.432234942748812e-08,-9.612720522689716e-07,1.5645870301464255e-07,6.404205057070307e-08,-3.2695486815580957e-06,5.730842052761127e-08,-2.9465723799387797e-07,8.51329682739133e-08,1.274498675076975e-06,4.232540222114584e-06,2.2673122295932276e-07,3.9140689306279077e-08,3.9140689306279077e-08,1.3594552757489607e-08,1.5523551924982792e-08,-1
1.0082836454385149e-05,2.7434351576529905e-05,9.015131672432424e-06,8.785627870957921e-06,7.730206688833472e-06,7.2294087794773034e-06,4.0765828195444205e-05,5.544228566301337e-05,1.7809763277363895e-05,6.502730519308847e-06,0.00025708680199484235,-3.576332259037656e-05,0.0008369057920146647,5.8486430378506496e-05,4.39759678512174e-06,1.8808489332625576e-06,1.7705126238078392e-06,3.351044217966251e-05,7.567304675647183e-06,1.5944190296865823e-06,7.72662331181419e-05,9.835924547074588e-07,9.241318602911393e-07,5.440309469593209e-06,1.6506510017926396e-06,4.902228755002038e-06,8.285805735126646e-07,-4.746514365231387e-06,-4.63464666253686e-06,4.346867822037217e-06,7.016634938904976e-07,1.1114461274789728e-06,1.8028622383213366e-07,1.2204382010233124e-06,6.343568313166726e-07,3.499687803123117e-07,3.951851097517218e-08,1.836458436431244e-06,3.4176150894489143e-07,2.8170894363862904e-07,1.5799597163941862e-06,4.06942528978734e-08,7.836573398841272e-07,2.365208849624017e-07,4.532219774387803e-06,2.226059335490971e-07,1.6315744870930565e-07,5.0633667712294184e-08,8.428861577196781e-07,1.3041442315611536e-07,4.990625442381352e-06,6.425356082512151e-07,2.680979375519123e-07,1.337690759127841e-07,1.5917969595885562e-07,1.0132182087963143e-07,1.901422875704109e-07,2.2165380432826186e-07,1.693932378110138e-08,1.2066086832813118e-06,-8.266258314714843e-08,-5.280624315252608e-07,1.1096765746482368e-07,-2.3922249548921886e-08,2.6205124149455692e-06,2.089284641384623e-06,1.965637071670081e-06,4.3958526023081276e-07,1.3431477031008215e-07,1.5879472807143916e-07,1.5609593433031274e-06,5.4745562832417154e-08,3.6625089861047893e-06,3.999477564974938e-05,9.489505065175964e-07,2.859909891142042e-07,-2.9111266343244054e-07,4.051887854023862e-08,-1
4.5057364373605045e-05,-5.357162914434154e-05,0.00010951219412005166,9.286617928668024e-06,7.975145305606959e-06,1.8224194327283242e-05,1.0334109749504416e-05,1.6023904805231155e-05,-4.0505015405983935e-05,-9.153943907325709e-05,7.150971609914334e-06,5.263620486808583e-06,4.746508846256375e-05,2.6406832257185436e-06,2.014964935237641e-05,0.0001811517574870342,1.9407332302044678e-06,6.182374901092042e-07,6.9377567888177276e-06,2.7116279112032876e-06,3.2059813097410032e-06,-5.4960464342411936e-06,5.401026596885266e-06,2.043525091058797e-06,-3.3994389551909624e-05,4.596301917785627e-06,7.651741326017363e-07,4.4322601316914705e-06,9.935885517840755e-07,3.868347658133748e-06,7.310028384628749e-07,9.443941628647893e-07,1.7482161664692172e-07,7.401777649266308e-07,3.5513113052530495e-07,4.29993543979459e-07,3.6666322197160414e-07,1.743637667914279e-06,3.7198404331055635e-07,-1.707643931843611e-06,1.542097105537538e-06,2.161559403809066e-07,1.9359905977299098e-07,1.972807978139122e-06,6.538077325743694e-07,2.6706905229261264e-07,2.090346268818234e-08,8.097686769315661e-09,1.5377052849160063e-07,1.459827091871672e-07,1.4445104714554338e-07,8.562034574449825e-07,3.3349895120908656e-07,1.519742214576077e-07,3.6253571596304796e-08,6.174767339870653e-10,7.1502778400261895e-06,1.0876893306812697e-07,-6.185770321301997e-07,1.0267007870584134e-07,3.150565684786965e-06,-2.736515884652434e-07,7.058779693304528e-08,1.6021471041585007e-07,5.381561827229662e-07,2.544448082159722e-06,2.49224616978481e-06,3.545373492561463e-07,8.150000433093407e-08,1.164069133126267e-07,1.042140758863385e-07,4.936027715711568e-08,2.1210269117164235e-07,3.927841197524563e-08,1.8449728214699746e-06,-1.415234580890009e-07,4.7970281710996424e-08,4.756608770433058e-08,-1
9.912177044599573e-06,9.856150325867953e-06,8.953303132596688e-06,8.743588851110172e-06,0.00015822415762486034,7.2158912056404196e-06,6.944249718945453e-06,5.495816466001311e-05,4.44894785307143e-05,6.459530502763567e-06,2.9561345489733875e-05,5.816571310267035e-06,5.709800881746232e-06,4.379119783552127e-05,2.414869578481296e-05,2.2263156139135076e-06,0.00011678064551001522,1.1515310316729702e-05,1.2255216757908481e-06,-6.1199185252012015e-06,1.044387946374283e-06,1.160827241083503e-06,2.4108120905839618e-06,2.885497731117554e-06,-7.116738678469862e-06,2.0490078353881545e-06,8.299944727461334e-07,-0.00015303280007119307,3.774498664521697e-07,2.777466495830935e-07,5.436503198774554e-07,7.727968626365052e-08,1.6943031649297392e-08,3.2468258048052175e-07,3.3273909185961513e-07,2.691789691789692e-07,2.6749625124332343e-07,4.614427449574507e-07,1.5098454887201559e-06,1.510503454040914e-06,1.0472019055447645e-06,2.1662997421996626e-07,2.0438443289147178e-07,1.654290418146806e-05,2.161736221831227e-06,1.5571420125986929e-07,7.83696760027115e-08,-1.389069260914553e-06,8.479835700996538e-07,1.4499166572480695e-07,4.792926093624953e-07,1.4657241356904135e-07,1.1475463686443889e-07,1.1357542571849791e-07,2.0215006505532678e-07,2.409526727402403e-08,2.5901924474545317e-07,2.315529233953853e-06,5.442513707189447e-07,1.55350278272948e-07,5.517832016399028e-07,5.0790430244289905e-08,5.3766104624078166e-09,7.889857776842667e-08,4.354856960421663e-06,-3.8524869531492274e-07,1.0391555945347677e-06,1.6850961261510735e-06,6.004649620616477e-08,5.957604133505573e-08,6.026401346778783e-08,5.91318251747541e-08,4.913959641866127e-07,1.4532509204627224e-06,6.633594901182112e-08,1.4168481238006008e-06,7.362908359337603e-09,2.8020638825095984e-07,-1
5.4072888420437186e-05,8.321557902580818e-06,4.7657158382529505e-05,5.08229225184233e-05,1.1081602501641356e-05,9.49166932483574e-06,6.506469760900143e-06,2.798245406155237e-05,1.5432105262189272e-05,1.5241998115564427e-05,2.1762757629420178e-05,6.599034658665863e-06,5.43900777479576e-06,2.711151540608851e-05,3.1181075479928812e-06,1.6054156892589375e-06,2.678485981697905e-06,4.39578933391381e-06,9.712408783411444e-07,9.527606145555822e-07,1.3678486371435838e-05,8.984847307843265e-07,5.219708162582384e-06,4.306903215610785e-05,8.305203963131936e-07,7.733000311183657e-07,1.2205979206416064e-06,4.48711472922519e-07,2.7828945173918845e-07,1.6132747372705455e-06,2.232898661036183e-07,1.6648437463618726e-06,3.213258205437999e-06,3.5105421958887103e-07,3.390192771643983e-07,7.058195999112528e-07,4.056007189631542e-06,3.868103505089937e-08,1.6509770105960804e-06,3.8973645676966586e-07,2.6485080036719755e-07,3.6160803080968887e-07,2.102789006474795e-06,1.209335945955523e-07,1.3979624683413693e-08,1.655085821929849e-06,8.121092984572748e-08,3.7546489247556004e-06,1.5754431959976795e-07,-1.3338391962110805e-06,8.51911658904698e-07,7.894788828528997e-07,1.2742729290148385e-07,7.447901589421387e-07,1.1482154234228125e-07,1.1219279387694235e-07,3.630613023575505e-07,1.0178007577962809e-07,3.147045832772755e-07,8.896584047755502e-08,9.368297905995859e-08,9.131741276355189e-07,9.621547831832536e-08,7.983964099059366e-08,6.754232038509429e-07,5.346514054199325e-07,6.992296735206694e-08,6.860757012426192e-08,3.729477179108657e-07,6.107611365009942e-08,1.1139517644688184e-07,5.824545171593991e-08,9.086034057479832e-10,1.7334046584090983e-07,9.039761447098276e-08,2.0971480308749765e-07,-6.577582329506079e-07,1.1569846310583206e-08,1
3.138626111475583e-05,1.7872949677495973e-05,3.93245826659059e-05,6.3181481897692574e-06,8.538890041234485e-06,7.90649289283147e-06,0.00020744965917363127,0.0001907522419179121,0.0001896553567203958,0.0001899606812047804,0.0001908462581433356,0.00019941937410450163,0.00019167337107620091,0.00020320900138101153,0.0001919039657543536,0.00019989379454791252,0.00019164090377739656,0.00011767943478069266,4.072052802248113e-05,6.511003310555897e-06,1.0786087316713233e-06,1.055185564690396e-06,6.308627147840684e-06,9.891186646747764e-07,9.457523949791682e-07,5.635194617158644e-06,5.253231305056825e-06,1.6679925386930574e-06,4.655389611447813e-06,2.7203447036775223e-06,3.8976344349911015e-07,3.1484076572842066e-08,1.6069983402695076e-08,2.216712689593921e-06,3.230436241213511e-07,3.0757249770826724e-07,3.2733538949796263e-06,3.23476066643676e-06,3.454565809648208e-07,2.440886868314408e-07,2.661977962951945e-07,5.099710799634189e-07,2.197738202475042e-07,2.1692079372632348e-07,1.6235740806640637e-06,2.023346077718158e-07,1.575259688762869e-07,1.5000435350226484e-07,3.6011237410296606e-07,1.531776787768103e-07,1.0710801773913339e-06,1.5158782533538427e-06,-8.370567053803366e-07,1.7490740548246143e-06,2.8475303636380066e-07,3.9136253495902427e-07,1.1397890669526626e-07,2.0519078366130573e-07,1.2707188232113897e-07,8.876305099468593e-07,2.701118417293382e-08,-3.956046366127921e-06,1.2707273736973042e-08,8.077485556699398e-08,7.61200523926133e-08,-4.5842851957469236e-07,8.315906471109984e-07,4.005443343843709e-07,1.6348200728470373e-08,3.1536003934872465e-07,5.2021844154470776e-08,4.557820433389009e-08,0.0005548928135160628,3.618383329493672e-08,2.7805514429736087e-07,4.431281392578529e-09,6.270947823161208e-09,2.666101430155809e-09,1
1.2628192882642321e-05,0.000270773530771014,1.1449262415317927e-05,1.1000564998649686e-05,1.0850999193093605e-05,6.267775031541585e-05,1.0164756085248062e-05,9.604449121091331e-05,9.430437961023407e-06,5.424597817377418e-05,8.544119122884188e-06,-0.006786709656756131,3.946921045246915e-05,9.928425509623813e-05,9.278037230973061e-05,6.705291434397197e-06,6.13137166699638e-06,-4.767733753820203e-05,2.431349686439229e-05,2.8118964338752512e-06,1.2432000863622188e-05,2.274028021131745e-05,6.38199532715892e-05,6.554477802611965e-05,2.5871043578238674e-05,5.150143188261637e-05,5.132524416449994e-05,2.3848251862363477e-05,2.6375634468234397e-05,2.3821416271693728e-05,2.3767886742810573e-05,1.557288257487062e-05,2.7481559651086085e-07,1.9525052301072035e-06,3.1375800634291683e-07,6.324845629497938e-07,1.7468013543571804e-06,1.2846058464933715e-06,2.858715419535664e-07,2.409803615148201e-07,4.941070047854651e-07,5.632640787808485e-06,3.6434030619214085e-06,2.3000450532282303e-06,2.390253814708507e-06,5.94598403429236e-08,6.798943266192995e-07,4.847747219272165e-08,8.241633950279521e-07,1.3741865777893723e-06,1.4038823918505102e-08,2.259667378251577e-07,1.7251310377644544e-07,5.779676526467115e-07,1.90718425100251e-08,9.088392672292242e-08,8.921563877728487e-08,1.4934139154643932e-06,8.243159560049986e-08,8.14101628260739e-08,7.405461523832059e-07,4.883963987029019e-08,7.995970170477746e-07,7.003767411399112e-08,1.7491052130753896e-07,5.891986778545027e-08,3.469774004544876e-07,7.635105131372093e-08,6.354476130614613e-08,2.1188064029375807e-09,5.597485989565248e-08,4.317618731566665e-08,3.6361757996386955e-08,4.5121105143093265e-07,7.87501892232835e-08,4.992674457437971e-08,1.9786339881059652e-08,1.0345141510885285e-08,-1
1.296703469282836e-05,0.0001631229101136838,1.9321436627646697e-05,0.00011732761917528781,9.570054953711664e-06,7.149665189330023e-06,0.0002559144436385092,5.196151202366646e-05,0.00025249221173653363,-0.002173713678294842,0.00012203189284763705,0.00012318299384516716,-0.00011837732164669124,-0.00011092255290021524,7.229755650195602e-06,7.886279898023108e-07,2.053078747837484e-07,5.992632933864507e-07,1.3475770450595523e-05,1.972502528984897e-05,1.3068862134747626e-06,4.5596329627753954e-05,1.1947118593077022e-06,6.79373757293997e-05,1.0853378725580411e-06,1.5714932596755184e-06,9.045050597874135e-07,0.00021892117504556662,6.365116393403984e-07,1.3363780757395648e-05,5.122539215290791e-06,1.3073875750452365e-06,2.792583999882266e-06,1.727494375458114e-06,6.321962974368552e-07,8.677339225304924e-07,2.4280767939844174e-07,7.62984176038761e-06,7.62984176038761e-06,2.2811219628666635e-05,2.1096115868955384e-05,7.041234942480475e-06,7.526259310407835e-06,7.099013743562996e-06,7.4034738721449074e-06,7.314809244743533e-06,4.860858257154003e-06,2.549369704106908e-07,4.852740059345592e-07,1.4998370132050973e-05,1.7508543681554376e-07,1.9806520549962267e-07,1.311955005768717e-07,1.3014145806272993e-07,1.2422402083870977e-07,7.201072140437884e-07,6.137507873768403e-07,1.5072229130716082e-07,2.4112664472170737e-07,2.0850176669174345e-07,4.7372211248926266e-07,5.078847560153508e-07,3.9718912293392286e-08,9.250744618895819e-08,6.775026083159503e-07,1.298009628471279e-06,7.207260353356901e-07,5.555399775156362e-08,6.206797297981862e-08,7.318584751900785e-08,3.545800389000407e-06,4.838519951663851e-07,4.013134745064565e-08,5.473083286103505e-07,3.833938537730334e-08,1.3606311784821093e-06,6.396776136382195e-09,1.4350718099992658e-07,1
1.0401314688896981e-05,1.0347709533128694e-05,6.110642262259711e-05,9.99314736159843e-06,0.00013993113335043474,0.0003014661012471918,-0.0013574355168301739,-0.0002857110907559493,6.228713903576514e-05,4.8386877580995294e-05,0.0006255683943031308,0.00015145420564984349,6.358413968919713e-05,4.490280827153428e-05,8.578150929069425e-05,0.0001409942050150408,0.0001513432236980657,0.00011938914456981912,1.1851893676164007e-06,3.1859918770391115e-06,1.4504372810671323e-05,1.4665952396910976e-05,3.4108410516619304e-06,4.387165129533027e-05,1.0237251235507396e-06,1.5021916766841021e-05,7.950497898267206e-07,1.4719168884769712e-05,2.413822566502768e-06,7.163456014661229e-07,4.938735484297347e-07,3.986413506669334e-07,3.6012429446653705e-07,2.6596319423295872e-06,2.6498563994827844e-06,2.425317253304892e-06,4.240467561228861e-07,2.3585452226480665e-06,3.813602190251813e-07,-1.7217690011929177e-05,-1.2029279018140572e-05,3.468199676331454e-07,-2.9841005732489555e-06,4.048757708259709e-06,0.00016013004384701643,9.17046066682138e-07,3.289539663173443e-07,5.04776135395802e-07,3.75918372879941e-07,4.280279392593385e-07,5.576659866613127e-08,1.2919404900183202e-05,3.2263599699716786e-06,3.2228172594064127e-06,1.2831311041124985e-05,1.1866565176287402e-05,1.183313338889204e-05,3.008761363335844e-06,1.1882944894580117e-05,1.1882944894580117e-05,3.286178971186369e-06,1.960191008274437e-06,-2.459559377113584e-07,1.1326870119454646e-07,1.8644423401026675e-06,9.812065034933775e-08,6.825143582983943e-08,7.91294931739821e-09,3.5813599132430596e-07,3.307497329096649e-07,1.3343940309544456e-08,1.4942110089069046e-06,3.1607509013285853e-07,4.882470537976221e-07,3.832375935813543e-07,7.981818879242194e-08,2.1938211177774605e-07,3.3946292691349504e-07,1
9.773060973308172e-06,6.199439390110756e-05,1.061063792165546e-05,9.229963049494089e-06,5.369955383236863e-05,8.536870457848282e-06,8.228829306005701e-06,5.425722924825912e-05,4.176360445099063e-05,6.2106693524759845e-06,1.803276462341967e-05,3.642970350138754e-05,5.623197661196015e-06,5.616198323811687e-06,2.235519357869405e-06,0.00014680221539367395,-1.0893803228301983e-05,2.0735418994617298e-07,6.12145826067237e-05,-0.00073365773451602,5.504821874765296e-05,3.6118125845971966e-06,1.1044519542525998e-06,2.167933634413373e-05,3.918689616907646e-05,5.7792255856354446e-06,5.485265731424527e-05,1.673754402068589e-06,2.5051505224528747e-06,2.98368277519663e-05,1.0711129116603339e-05,4.350572847038207e-05,4.1129350112792434e-07,-7.66456717176161e-06,1.8795074534971367e-05,2.821044411655983e-06,-6.515498492051302e-06,7.194132591830171e-07,2.859941230428573e-07,1.188480152954005e-05,-1.615850858475474e-06,2.7851587859852736e-07,1.4528976478928953e-06,3.326382680614208e-07,2.316016964115316e-06,7.497997026739714e-08,2.6916435982574674e-07,-6.078201893158111e-08,4.0422900183972564e-07,1.848058738045185e-07,1.6954686239208759e-07,3.483692144718429e-07,9.47172202998113e-07,1.4920151384217963e-07,-3.5363993819400134e-05,8.151038245190841e-07,3.317653993148428e-06,1.0060073963536883e-07,1.3388598487250895e-06,4.4066028035072123e-07,2.0391234665216523e-06,1.7562419004857134e-07,1.6781241924176004e-07,3.4828338380581154e-07,1.697623727909629e-07,3.0073469830395283e-09,3.980760733298568e-06,4.71869397305532e-08,1.4475120589002945e-07,1.6652747981859752e-06,8.24022910121862e-06,1.6827001796797036e-06,7.594601712823937e-06,1.5015217280173256e-06,1.517242853763166e-06,1.5266216613204286e-06,1.0383843534604736e-06,7.4263872056037714e-09,1
1.0283576791043695e-05,4.535335611360673e-05,0.0006883899372851051,0.00163138985137429,0.0007062687096909289,1.0229724596271649e-05,0.00011373814505534716,0.00017579831245338406,9.25713271788232e-06,5.472660050221877e-05,1.634008257514546e-05,1.0707072417621656e-05,2.8710404476724942e-05,0.00014276246824746063,-2.3557053241194126e-05,2.1458684192682905e-06,8.91803220254338e-06,8.850708388989057e-07,7.614985489725121e-06,-3.1190004221475015e-05,1.0714652717508044e-06,6.365897933223175e-06,7.895387518140669e-05,9.194439213805471e-07,2.7513527795287145e-06,3.3026246702351095e-06,6.4975223535897375e-06,6.266388250065932e-07,7.240241218127959e-07,-8.675159236546875e-06,6.610879205515129e-07,2.417447508925714e-07,-4.690031154716681e-07,3.88290721480913e-06,3.59349541487782e-07,1.391138036146609e-05,3.463157714042512e-07,3.159338971575251e-07,4.345833992206772e-06,6.760262027800376e-06,6.440890010492483e-07,2.978360950379622e-07,2.9642220424737137e-07,9.839882232533463e-06,2.538643583595203e-06,4.749786994751524e-06,6.342607035081092e-06,7.166999815851392e-06,1.3517581143112192e-07,1.3280151734950466e-07,1.3629018256372458e-07,7.868947059192808e-07,4.964640607398489e-06,1.0086786142130985e-07,2.0935527423109764e-07,3.1064029534449054e-06,-2.2744612319967563e-06,3.0410496687646225e-06,1.9103889000535997e-06,1.9177627744753e-06,4.4142275345947675e-08,-1.0292941593110313e-06,1.8592709781528415e-08,1.3210369283071082e-06,8.772298435520956e-08,4.864301548805428e-07,5.287311991806399e-07,1.1085443551673377e-07,2.090683455698306e-07,3.246626794330378e-05,1.054564999171172e-06,4.8410756103307e-07,-9.623423214512456e-08,7.378697047280776e-08,7.022726297608327e-08,1.9467256507698333e-07,-1.7165314911298692e-06,7.709763794754196e-08,1
6.419565821780278e-05,1.0565939130542848e-05,0.00018075803233305392,5.6232423999994856e-05,0.00023311342868477156,8.832555022360463e-06,9.931754662000673e-06,8.200895395909697e-06,7.285763753441657e-06,4.155567060697523e-05,5.298276450031538e-05,7.644948646798378e-06,5.6492843791682195e-06,8.722034597314807e-05,0.0005812543280284316,1.7524864889952747e-05,9.833725218167876e-06,4.194769753650296e-06,5.669169514200841e-06,0.00016581805180537618,5.940143560278535e-06,2.4133598533774756e-06,9.977466125843127e-06,2.0425103218931827e-06,0.0002653188048245614,0.0009552813064134125,2.7889753779752236e-06,1.2114102394146018e-06,2.607894325131448e-05,1.0816740029359774e-06,5.218516118913935e-07,1.4327029410783012e-07,8.815789473684211e-08,3.537510873772159e-07,3.496027006270671e-07,3.324942529972984e-07,3.1778438455096206e-07,-3.5202053065548377e-06,2.855107472498226e-07,2.647998974878533e-07,3.3152118552722126e-07,1.4348022446498654e-06,1.809702576279266e-05,2.135242476328504e-07,2.0126724265996795e-07,1.7789549685435173e-07,1.183061688639977e-07,9.946719592164361e-09,1.0760805874419773e-06,3.338562015885725e-06,1.8652159475612844e-07,2.6344213743001325e-06,5.35710898193257e-06,-2.1153732299907178e-05,1.8333987154622329e-06,1.487161124762325e-06,7.116664650133814e-07,5.457966464346673e-07,1.133218060276642e-06,3.5845297522115106e-06,3.8729473678731474e-07,2.1552514058105052e-06,1.3038767889290785e-06,8.021402732270625e-07,1.0814064914489751e-09,2.3947141337440874e-07,2.388425438638884e-07,3.095065722289681e-06,1.00652273480072e-06,-1.246355427230194e-06,2.434954578944799e-06,6.177492793947568e-07,9.752038010268083e-08,0.00021187631329837645,6.458610225150632e-08,3.818056112010211e-08,3.7515439124551814e-08,3.318755328278166e-08,1
1.0953042923534437e-05,7.237292506646614e-05,1.15628789337962e-05,0.0003121441383527515,8.855348574135321e-06,6.262575622832508e-05,3.934384414737904e-05,0.00015141537074580234,4.807624512712057e-05,4.681273142457091e-05,7.045695753358181e-06,3.9953657039301366e-05,4.495671772070846e-05,5.357824562853262e-06,5.132197115969396e-06,4.748630456266822e-06,-3.564369153019484e-05,1.793787578858784e-06,1.941739227527374e-06,2.5674481642363662e-06,1.1640963316195802e-06,8.345503126365979e-06,1.9618143303007912e-06,-1.3437759715079468e-05,2.6256137322473825e-06,1.2226863660926707e-06,8.390489694311256e-07,-1.1472176373782024e-05,2.0961656252412094e-05,7.388485086648804e-07,3.738604649029376e-06,1.0374297965917723e-06,3.960277290549798e-06,4.591525664975057e-07,1.080972318932388e-06,4.297941132997406e-07,2.0792321400610906e-06,1.814116813378058e-05,8.676117737142362e-06,1.639670684509013e-05,2.8752299616128567e-05,5.651114793464134e-07,1.0173015485112637e-06,1.972663732458276e-06,1.9136280543835582e-06,1.0022276417104978e-07,1.6699155295646526e-08,7.079310079649525e-08,2.438189916856484e-07,1.254003422884095e-06,1.239810941359597e-07,2.0132118177854128e-07,1.091343744557854e-07,2.2418785072654147e-08,1.0634048857608441e-07,5.790576844144026e-07,1.1484405142807184e-07,2.9392317808895414e-07,8.561164999091855e-06,6.927048040633665e-07,2.705229507776715e-07,2.7375478570132314e-08,2.648931065261868e-08,7.07894813379907e-06,8.979580152571376e-07,4.6020882119373414e-07,4.543334243143408e-07,4.435982307632426e-06,1.5953905482946182e-06,1.8626648837699095e-06,3.7925351421287616e-07,5.152712008393986e-09,3.599754641717975e-07,1.2319089176405859e-06,1.0775469263989571e-07,4.920843710675823e-08,1.8125533878800108e-07,1.211636021678022e-06,-1
8.761248114503487e-06,8.462517061140597e-06,-4.995371339501497e-05,0.00011482078670350448,0.00011449923736340351,0.00022896541171078808,4.057117940151798e-05,-3.6714493365566514e-05,4.00636821040849e-05,0.00016423654591561496,6.0611854950115985e-06,8.99837905673785e-06,4.229188926441787e-06,4.738972059299364e-06,6.816265294966024e-06,1.1683772813715196e-06,6.270561089801852e-06,1.3544612068150004e-07,1.3416983805601817e-06,6.361384436692827e-06,1.3216401110012777e-05,7.734624484156416e-06,1.1577296147674618e-06,1.1351469289894411e-06,1.8564764462363335e-06,1.0285938103436065e-06,5.862872800415557e-06,9.715047805638297e-07,3.718739142808097e-06,4.46962331590768e-06,5.138020434771192e-07,1.5656387860853712e-07,4.361501670422059e-08,2.387493803554989e-06,2.3414019184371284e-06,3.107142517125576e-05,4.999619786555383e-07,1.952913172443736e-06,3.2301632060930874e-07,1.936451784901643e-06,2.941280679974844e-07,2.6941972895199685e-07,1.5292155757512578e-06,5.230428979703257e-07,1.4334785079124874e-06,4.737404222691058e-07,5.994307231459508e-07,1.9598221423391339e-07,7.174258851523527e-09,2.822199262117873e-06,2.6706165731828945e-07,1.298537002974183e-07,6.383046730683693e-07,1.268181935726535e-07,2.08124519736501e-07,2.4667999464707265e-06,1.6901156295874647e-08,3.0822870819660564e-08,4.1213983684349253e-07,1.232516421614638e-07,1.7283015429204556e-08,-4.205704645495475e-06,6.172273475694429e-08,1.6969299823461026e-07,1.575373750681376e-07,4.0876164729795994e-07,6.588664193019882e-08,6.475211468995987e-08,4.767796015719687e-08,4.5430081528126214e-08,4.179388344231412e-08,7.553448731812564e-08,6.006547308675635e-07,2.4950432372159622e-08,1.253872414346437e-06,3.438145939770916e-08,8.47068697692632e-08,7.352800891039035e-08,-1
8.97066639810176e-06,7.776755507366249e-06,8.379931601661103e-06,7.213467815781616e-06,7.846472442812103e-06,1.3137635717568666e-05,4.9406197917148335e-05,-4.2728633104624615e-05,0.00015743014875353026,6.812348985810346e-06,5.5023971229871644e-05,1.0633897891051217e-05,5.968115317199442e-06,6.060144510776167e-06,9.135595078405243e-06,5.107562387770582e-06,7.18843860408503e-06,1.9049015591074994e-05,1.4944721543478658e-05,1.1568739024066744e-06,1.1863175211933593e-06,5.727577810796257e-05,1.1264974237743004e-06,9.79023383360373e-07,8.541910683669497e-07,1.684551487775032e-05,5.286486158052234e-07,5.187583156092567e-07,1.7842452685822644e-05,3.029379079427379e-07,2.5221211932711684e-07,1.4607977622224037e-06,1.3307479530006461e-07,4.487382256700722e-07,-2.1853181387813832e-06,2.046431359401282e-06,1.773916413689388e-06,2.9453852600065676e-07,1.3135267930173001e-06,2.872961635080881e-07,2.5331277027372793e-07,1.494455233127856e-06,1.4881216476364898e-06,2.6083863510949588e-06,2.1355860207538424e-06,5.339875947677851e-06,1.998307087901447e-07,9.990250350078685e-06,1.0120307975158094e-06,1.3039848634946842e-07,1.384716487490036e-07,1.3800867222438223e-07,2.533472824433016e-07,1.2408527868643872e-07,4.203747631305988e-07,6.291546142000121e-07,3.1736798237381965e-07,-3.316307313435955e-05,5.254285872749832e-08,7.018895274386122e-07,-1.1638588343809107e-06,-4.382998989849022e-07,1.342037873787986e-06,3.3135125828643147e-07,5.650149677527431e-06,7.306914459278274e-08,2.3119169888453436e-07,3.914757751905519e-06,1.0536830878603665e-07,2.1478222719878683e-07,3.126622333537167e-07,1.6735492853640646e-06,-7.932810403175206e-07,2.6868094434091762e-08,1.8914019516362173e-07,7.64497874281986e-07,1.929577255812284e-08,1.4230372963147463e-08,-1
5.819918664737421e-05,9.678248502167755e-06,9.300982077292692e-06,0.0005810284189937408,4.356668573319193e-05,0.0005476776797477752,8.117066755641381e-06,0.000501009879620772,7.235246796414446e-06,0.0005357781037657666,6.726850751174223e-06,7.627562189186486e-06,5.772959512758967e-06,0.0006983592688265838,3.852674199151584e-06,3.764530056586553e-06,-1.549085933770977e-05,9.55719857019875e-07,1.3133255942355686e-06,1.3017724748113257e-06,1.222621682759133e-06,1.4424043880362905e-06,1.1388486601039692e-06,8.593356768478481e-07,8.360920699068738e-07,6.369328937725798e-06,3.3305245447171983e-06,7.541122465597264e-07,1.8655644158040369e-06,-3.4746905789430842e-06,-9.005861723433333e-06,1.5009769539055558e-06,9.949580898022803e-07,3.4001763940979937e-07,1.638380092815669e-05,7.319195724559111e-05,3.0216932457137525e-06,2.8550126581011347e-07,2.8749799895500793e-07,4.166416176877564e-06,8.013612595646284e-06,2.729006313236235e-07,2.355971980007351e-07,8.745091456266776e-07,5.261177732338336e-07,2.2899438093312987e-08,1.9016598869270734e-08,4.2464784923621285e-09,-1.0067986972152125e-06,9.675356389272683e-07,6.104946911888589e-07,1.2023898895945286e-07,7.194624703932151e-07,6.813878387315625e-07,6.630556086722485e-07,4.075603673585873e-08,5.656309146829752e-07,1.97768493286934e-07,2.6787867936842123e-07,7.596006530794931e-08,4.056993020703378e-07,8.028156929329988e-09,4.035840447558017e-07,1.2436049879061006e-07,1.5650109412522747e-07,-6.720357648157221e-07,7.967809160858901e-08,2.58344112674201e-07,-5.594014087533179e-07,7.166723126359075e-07,1.3366359483414216e-06,3.822573763715048e-07,-6.762845556452527e-07,4.9612622175639264e-08,5.785247622500173e-07,6.977627677851848e-07,5.42836968077806e-08,5.511454072501641e-07,-1
1.0052675373658225e-05,0.0001521298927022445,0.0010269496861436505,4.721278622311467e-05,4.508709932297721e-05,-5.640464698270339e-05,7.394225160028361e-06,4.1423282574001436e-05,8.18398821312418e-06,-6.204071094741514e-05,0.0034188499999999998,6.942437694724738e-06,-0.0020809523490173984,0.00033472250648815065,-0.002113379623644751,-0.019852012765278967,4.626142092320266e-06,6.904382330268617e-06,2.8456483611918496e-05,1.112252487698794e-06,8.829980097388386e-05,5.996787644420187e-06,2.3035152978171955e-05,5.532259548456238e-06,3.41670404655238e-06,8.756837096625543e-06,7.971747668870712e-07,6.697226297072082e-05,4.4479343384878385e-06,1.816813291248791e-06,9.960932818196852e-07,2.0291428943740588e-07,2.2726341170288113e-08,4.528228454663455e-08,9.953954222311038e-07,3.0919295769483697e-07,3.4403738554709185e-07,2.734023729264988e-07,3.2505162440764004e-07,2.702799429368356e-07,7.305344223595174e-07,-1.5194505466772e-06,2.305731146529299e-07,2.269177748540393e-07,1.597756181560403e-05,2.3212486261693062e-07,1.99883441798489e-08,3.759676947528101e-09,1.4953011614345825e-07,1.557820964737914e-05,-7.525752027360165e-07,7.60495524673056e-07,-1.5802445095722755e-06,1.627564263832945e-05,9.538709305754072e-07,-2.1771791573924313e-05,9.470602335955623e-08,7.643500413749527e-08,7.505428244679865e-08,8.013587528068092e-08,2.385189002582954e-07,9.173158394801847e-08,1.5718587056796115e-09,7.901578030510099e-07,-5.166651274033226e-07,1.6386209737803312e-06,8.111392060945713e-08,3.2821336754798906e-07,7.409469534511757e-08,5.010060498266008e-07,3.8460996101696455e-07,2.5887311364620414e-07,3.7883389837673756e-07,-4.309277393099757e-07,2.2777311678779174e-07,3.2455944165627035e-09,3.215281369073856e-08,1.8745013656932395e-07,-1
1.6735017059062416e-05,8.951349005861694e-06,4.902305484232239e-05,8.08191844305554e-06,0.0005169343897787505,7.916200821820426e-06,1.9861678451398826e-05,1.9491258537470045e-05,3.645774058577406e-05,6.969321667158829e-05,5.965232279336271e-06,5.821345163171586e-06,1.0457761179352545e-05,5.882099978449487e-06,1.3890857328787902e-05,1.2782100085365301e-05,2.414607164688585e-05,2.4012038604161215e-06,1.1057285802837767e-05,9.091892097009596e-06,7.530491614632406e-06,1.4697205346692435e-06,2.90113901434318e-06,1.1540858730943885e-05,3.4671893391742177e-06,1.6901766247331852e-06,1.5692870490799094e-06,2.0733169985028192e-06,6.755204485402283e-07,4.050253741209709e-06,4.2703306510678425e-05,-0.0002643973104723926,8.194557212750023e-06,-8.084942640467989e-05,2.1811443221235264e-06,3.270362999032736e-06,2.98920175415917e-05,2.997065624053428e-07,3.55495307801079e-05,1.6904021369098462e-06,2.637724398915374e-05,1.2654459431675484e-07,1.8793920147025456e-05,5.497917348629437e-07,2.1225966194853792e-07,1.4841370232439514e-07,1.1312566477273504e-07,3.0862351701151374e-07,1.5460563859520554e-07,3.582844479369036e-07,6.517088254642387e-07,1.2145600897953757e-06,8.358809189492992e-07,6.858620411182872e-07,5.275845114109259e-07,9.585104763527176e-08,7.683197381277885e-08,1.1231935318882859e-07,3.4909566928374607e-08,5.415548528877834e-08,-6.928696285233073e-08,4.739659125665595e-08,1.7293310949259156e-07,7.02028703222871e-08,3.959792672714567e-07,1.17286996071031e-06,-6.020601621888132e-09,5.8342914095037865e-08,7.601474400371357e-08,-2.232842050411178e-06,4.92626082469087e-08,1.146765117652231e-06,4.0936850936642075e-08,7.576481868764497e-10,2.1962797171859158e-08,9.347018250972157e-09,9.347018250972157e-09,2.4806572755330174e-08,1
5.9094557094584216e-05,5.354480066434176e-05,-0.0006516412281951797,8.529726948376777e-06,-0.00013643693302125263,7.92503943403541e-06,7.406177961075584e-06,7.35285514846542e-06,6.87462066643549e-06,4.3417214618467876e-05,6.031961369832111e-06,-3.6480488606001304e-05,5.452864958619377e-06,3.063678595548049e-05,4.193491452820603e-06,9.029256037847367e-07,-4.89232142265253e-06,1.0226654431224019e-07,0.0001119688922275245,-1.9550057199913464e-05,1.2732770462750815e-06,1.2533442982014904e-06,1.6784420902824426e-06,1.1673845314914908e-06,1.3451911883814332e-06,5.577222832919872e-06,1.5552766046813074e-06,9.463945892376477e-06,1.1784727864476044e-06,-1.2617868892538434e-05,1.2185140303839407e-06,7.790893442725432e-07,6.840147780660073e-07,3.531726707248917e-07,3.463319103705446e-07,5.2194941454481135e-06,4.600915535207545e-06,2.119325535124223e-06,2.389160842601771e-07,2.1473584367486382e-07,0.00012662407407407406,1.2350560887261532e-05,6.461368896364724e-05,-7.757342101529474e-05,0.0001411053385144931,1.672196846071402e-05,2.5790554107768896e-06,6.818097393976585e-07,4.465010446205257e-07,9.505676752007892e-07,9.49892177105124e-07,4.446325564362265e-07,5.477227469025886e-07,1.2470876842490144e-07,1.1413009694951478e-07,7.828279369074563e-06,6.949897403887248e-08,1.5309969328942662e-07,8.701283521198499e-08,6.204643290528867e-08,6.042008129692263e-08,1.2163231069911926e-07,-1.9862381607863977e-07,9.110789280831754e-09,4.0999633460330253e-07,6.150468528621447e-08,6.053744843339519e-08,1.149820566733605e-07,5.21367060371391e-09,2.890372162300118e-07,5.0541798156330504e-08,5.019470624284839e-08,2.759452998427181e-07,4.4616860447674856e-08,8.003731223670283e-08,7.259050226674945e-08,1.6167530788537992e-08,1.8682141077425962e-07,1
0.00021720790099236022,9.09433092516561e-06,-0.007010171302780439,1.0229859710073532e-05,-5.5874710514225364e-05,8.965715241746024e-06,8.512273388769072e-06,8.411575898533024e-06,4.875874479786293e-05,2.9660046698750922e-05,-0.003099699976803526,-4.478706589784999e-05,-0.0012388364882588633,2.394551369825176e-05,1.5012865295663827e-05,2.347677867062844e-06,6.0609302776978115e-06,5.25543339428348e-07,1.1671413824795788e-06,1.1115977269900802e-06,4.766769308750572e-05,8.766201597082959e-07,1.1461330470565929e-06,9.197780664808104e-07,7.661775785671652e-07,8.327703093564737e-07,7.5475029281084e-07,5.038739497447697e-06,7.300005608693074e-07,1.0132966352058036e-05,5.109342379958247e-07,1.3616045571490343e-06,3.222970384416646e-07,-1.988588101773163e-06,3.0568718127386186e-05,2.986893768350593e-07,1.5115695216302289e-06,2.4188294930429545e-05,2.767257691051846e-07,1.654079298136858e-06,4.293738887138954e-06,1.0675119259656938e-05,-6.396012238033935e-06,3.7047961602942333e-07,2.3180511549315528e-07,5.144761973625149e-07,8.14330428574359e-07,-3.4167750143343927e-07,1.7783592181161655e-07,8.263325459103332e-07,-7.885847468939509e-07,1.9058321623056406e-06,4.091294975146483e-06,1.0354128552011382e-07,9.03293523669853e-08,5.016205591606327e-07,5.249932776942671e-06,-3.2969754930217354e-05,2.2047709142889545e-06,3.9308215430853387e-07,4.998735557803899e-08,1.4331150568489e-07,6.279562280410162e-08,7.896234269164875e-06,8.21529983436665e-08,1.3134156513408292e-06,4.659393482039742e-07,6.854394296080732e-08,3.6996659615373257e-07,6.0105470386425e-08,9.984307067821408e-08,3.64293594018871e-06,-3.255013770871858e-07,5.0645772611791366e-08,4.618367610207173e-08,1.517640701938063e-07,3.011624045269242e-08,5.557130120748117e-09,1
5.804404162576251e-05,1.0520513467723656e-05,9.266231513193366e-06,9.130306371715458e-06,5.3193660261445626e-05,1.0338773448298512e-05,-6.028964396046391e-05,8.300447613218763e-06,9.702414228850066e-06,6.798117102147157e-06,9.517144728012086e-05,9.106894446109711e-06,-0.0002708590431133345,3.498837860802393e-05,-0.00014837349674152303,6.314312181305609e-06,6.457832302673062e-06,7.71872062484247e-06,1.0951037035804114e-06,9.200030691015702e-07,3.904106506816796e-06,-3.237985966133147e-05,-3.3206827892695934e-05,7.335006573666463e-06,7.814848384535035e-07,3.138511825161589e-05,2.6185545639189167e-06,-0.0001260552114561012,-9.772213978746944e-05,3.601864563118939e-07,1.8555445689287335e-06,2.5940722061260794e-07,1.8648467257982435e-08,2.201155166813376e-06,1.989201427576052e-06,1.5161121535646907e-06,2.940125998965728e-07,2.905471587913155e-07,2.713087824393975e-07,4.350159760934847e-06,1.086640956673179e-06,2.614710582209585e-07,3.764094754914281e-07,2.2638856017838998e-07,2.2076178786446422e-07,2.437758546466441e-07,-6.105388743239448e-07,6.107756188606783e-07,1.3526136523147451e-06,1.1229877527223323e-05,1.3119407084656347e-07,7.712800302033106e-07,1.4336816800571654e-07,1.1939108298726144e-07,9.699071593159915e-08,1.2006366734790273e-07,2.1419254516472023e-07,7.594252886745878e-07,3.991120117888044e-07,6.629816719403091e-08,-3.8886183392652893e-07,2.509088353953725e-07,6.480165073819482e-09,6.024393291705925e-08,3.74973522745327e-07,6.056634433267184e-08,5.8809655140303835e-08,6.512964041626724e-08,3.3206790091740226e-07,1.911328674081417e-09,-1.668788483303535e-05,2.685843596401013e-06,-1.6954777425954112e-05,3.8400385412281707e-08,5.468324527744969e-07,2.1284969829225974e-07,3.390815113117737e-08,5.111745906993458e-09,1
1.0002456717328206e-05,0.0010021606062583382,-8.298377008008923e-05,0.0008030840510483426,0.0008281304772580328,0.0007950989615856556,2.2878441029388814e-05,5.196363659178874e-05,6.068623557215754e-05,8.182750042789977e-06,9.007924867964803e-06,8.30167720281911e-06,6.43837633724096e-06,-3.828813241269897e-05,6.331462083882591e-06,7.751473392026597e-06,7.546086865181435e-06,3.3539480056266025e-06,1.3838053762641127e-06,1.1057863897979685e-06,4.589605895314444e-06,1.0608063047998823e-06,9.560261376333849e-07,9.354599337348738e-07,1.0158873804035757e-06,1.6317241696297687e-05,6.40946488809494e-06,1.3677118189360948e-06,3.0755499028171225e-06,5.14157307241765e-07,4.196901172010693e-06,1.9829176691966818e-07,-1.9992118808789065e-05,4.3571560055074786e-06,3.6290579057567915e-07,3.723669087022186e-07,3.3695247226905343e-07,3.3863177952293993e-07,1.1204761285386633e-06,2.8425502820728775e-07,3.4096962924009513e-07,3.0111963472235918e-06,3.666222810590915e-07,3.930707675557518e-06,9.430444118504192e-07,1.50565897717475e-07,4.796119647302866e-08,1.5813078900387854e-07,2.0347700577289534e-07,3.4393049481459e-08,1.5433039921685597e-07,1.7014512195932925e-07,2.5025797454377103e-06,1.1686415423995117e-07,1.2655024537187912e-07,9.514737959248914e-08,9.109745313707574e-08,9.038124228783942e-08,-8.811591009625711e-07,2.0189219318880716e-06,2.4911636991070146e-07,-2.4296642929938846e-06,7.02966742222087e-08,1.4256631876116035e-06,-7.459037013634134e-07,1.1217353698921693e-06,3.9286217291995817e-07,4.0558717792949985e-06,1.2092556173041833e-08,3.4349911097111634e-08,1.0428527809427764e-07,3.7809408610885783e-07,7.150559006592779e-08,1.9427516037723995e-07,1.3294558056527814e-06,8.503109852869162e-08,3.764749957062442e-08,3.118046134338568e-08,1
5.261610995878694e-05,5.103932313925878e-05,1.2368029076343718e-05,2.805566348104657e-05,-3.9925284906561364e-05,3.83244621387519e-05,3.811183904509794e-05,3.717629743302051e-05,6.018863660791784e-06,1.0430928233080223e-05,5.557823647357241e-06,3.2411460301634284e-05,3.224137274117807e-05,0.00037870575266517954,0.0004300209610547971,2.3486481315604674e-06,5.621226309815211e-06,2.89000974996916e-07,0.00012527007578229228,0.00010293018342327543,1.8468190837044963e-06,0.00010148278033021532,9.8755414611385e-05,1.106109068855883e-06,1.1830772258351165e-06,1.8265593932932136e-06,9.751249373778787e-07,-5.70639228180614e-06,1.609004881388375e-06,1.6732778347224047e-06,8.0479704215512e-07,9.191928052469936e-07,1.1067554074050684e-06,1.6932292522902002e-06,3.3709965009099825e-07,3.386256026209608e-07,1.8826983397266228e-06,4.79571678015382e-07,2.345677687286018e-06,1.7075495844295889e-06,7.20796737937683e-06,-1.5249646774073103e-06,1.0455958721018185e-05,2.517821148943392e-07,1.3228875850700666e-06,-6.639147691431253e-06,1.2068531803045903e-06,1.4318880936342637e-06,1.7851913384072432e-07,5.818232948472165e-09,9.534641278220516e-07,1.1967995064462434e-07,1.1390034885002585e-06,1.0703014036865737e-07,5.773700877526384e-07,-1.2426485169758035e-05,6.802903465814106e-08,3.754652187415288e-07,1.9376530875058583e-07,2.453206418066349e-07,-1.0488851130016052e-07,2.9138230090597555e-10,9.454875947328735e-09,4.7140992711916606e-07,4.4515259918776586e-07,1.591361142060842e-08,-5.2131298255614365e-06,6.82378155870142e-08,5.027857233362816e-07,-3.242184867107249e-07,6.12942062853732e-09,4.419107567076112e-08,4.4269728459343054e-08,1.1773737937701352e-07,1.0345583121465606e-06,1.357453010405583e-07,5.791031852862337e-08,1.684336786660554e-08,1
6.330155287850128e-05,1.0852746984241617e-05,0.00012436435244795295,3.6987699058946977e-05,9.580703852132075e-06,5.485427837632493e-05,0.00013957598388596217,1.9592295141160726e-05,0.00010116106738629362,1.3853718268587725e-05,1.382054683321614e-05,1.3405903891071362e-05,3.651641124073205e-05,4.153015538610329e-06,1.9355952248439876e-06,1.938771651735416e-05,3.0036907554825123e-05,5.927264208863498e-07,1.1585286132328768e-06,1.3148994059694033e-06,3.748300164349624e-06,1.0650975778995113e-06,4.039434760898437e-06,9.796022661733217e-07,8.081715196831379e-07,7.219613228773081e-07,3.934497339890641e-06,4.7383711289166615e-05,4.7028120409699224e-05,2.387457142867486e-06,1.7201081317571649e-06,1.0958798134625188e-06,-8.942856010780043e-07,3.7046135990104464e-07,3.654935102286867e-07,3.1740026087113776e-05,3.563176385476764e-07,3.3714078721419527e-07,1.972757865931898e-06,1.972757865931898e-06,2.866435294577174e-05,7.154078355496926e-07,2.9579063696242484e-07,1.6654362044377246e-06,2.1549637810396166e-07,4.993965377586875e-07,6.816094188517571e-07,2.7248155723328494e-07,2.2311956673326418e-07,1.371837904031055e-07,2.1207615988072227e-07,1.6154333512966426e-07,-7.956047285999117e-07,2.4620758490021816e-06,1.1219774377313433e-07,1.1685505350717018e-07,1.0596937413301094e-07,1.152904792217049e-07,7.420448692447648e-06,3.7000389061993074e-07,1.0634445859387445e-07,5.842647040031633e-08,4.1764858955706684e-08,5.227383406967233e-07,5.938420387006621e-07,3.489450560074006e-07,7.506210244272452e-07,7.172572193396821e-08,6.197260182271523e-08,6.021437432295546e-08,-2.144749369902034e-05,-2.7048789832862034e-07,1.5878827370031685e-07,1.442660664973974e-06,1.9021594476671667e-07,1.3290958692709135e-07,1.2322342671963912e-08,8.211382291144286e-09,1
9.033007786894357e-06,0.00028935344486507463,7.262110175823073e-06,6.891855413784238e-06,6.660418820883241e-06,0.00037046325070529454,0.0017111873961149317,5.1462149503376655e-05,2.842319468216128e-05,0.00044992911656145554,2.068776515538667e-05,3.725573551039366e-05,3.4828169245438493e-06,3.236176477622264e-06,7.691498684563292e-05,8.827058329137678e-06,7.979443740205694e-06,1.8088322806669378e-06,1.7549047548589749e-06,3.524974282877873e-06,0.00012107217685338776,2.737040218773622e-06,5.615275147997077e-06,3.809266477002024e-05,2.4871252447764536e-05,1.0251728900356932e-06,8.771679844227347e-06,3.1746998963429004e-06,7.860689004913823e-07,7.107165933710913e-07,2.4495064975729526e-07,2.4194940310549845e-07,3.7258709271311786e-08,3.2111559935754015e-07,3.111200855450426e-07,4.7111713487832216e-07,1.6377241082836483e-06,2.3840823746831757e-07,5.965570022071568e-07,1.4115495942628867e-06,1.1941249163399286e-06,2.138104826645994e-07,1.517645355098224e-07,1.40036737006762e-05,1.3874816084543268e-05,2.0129911575920686e-07,7.596139524254824e-07,6.270858913344687e-07,-1.9551864350230575e-06,2.51263004947176e-05,2.2807411599619465e-06,1.3681444612259383e-07,1.4551644304958683e-07,1.4923777787190333e-07,1.2849988150621538e-07,9.519219456996143e-07,1.2445251445356665e-07,1.319605472564244e-07,2.5035269782361805e-07,-5.96247426697952e-07,1.4362387581984275e-08,1.098320929956283e-07,-5.440564991518971e-06,7.8539951181275e-08,7.229843967300249e-08,8.846291118383747e-09,7.48638345728204e-08,6.005215466981715e-08,2.477900495380709e-07,3.4691301076918844e-07,5.3958609728465756e-08,2.1827590529624583e-06,5.1981207999462684e-08,2.0130192958984004e-07,5.575810840905137e-08,1.555521166411426e-07,1.310792994839614e-07,2.4625309340447797e-08,1
4.961367298357027e-05,1.164148658118118e-05,4.7482867581424146e-05,0.0024421472743350802,0.002430916108605676,0.0024084160887468922,0.002353869260052626,0.002178572834356296,0.001110586310481191,0.0010982947816469911,0.0010911195108609696,0.0010812283407010057,0.0010413917459813102,0.0004956385713208447,0.00048208412559895737,0.00045787953095201685,0.00045296324511966634,0.00010347789493726131,1.1163654773854921e-06,1.0742772049984146e-06,1.8430548664930754e-05,6.154639624123992e-06,8.352504005472009e-07,5.819399871894585e-05,-4.109727541159537e-06,8.9069622328348e-06,3.863209336514612e-06,4.005942997947277e-07,4.214618369982264e-07,1.0843516748901524e-07,2.709188129873853e-06,3.952739326188603e-08,1.544664019996109e-08,6.499647240218424e-08,3.573975248713285e-07,-1.820075407587998e-06,1.708898758024942e-05,2.537777491062373e-07,2.722282660852837e-07,5.31529251820795e-07,4.4354912387974316e-07,-1.0149329319580327e-05,1.3524596755826684e-06,3.519938875416665e-07,-1.1015701141766534e-05,8.119578404053667e-08,8.961089003907352e-09,1.0169389335402165e-07,1.6042015083548674e-07,-7.430524316317289e-07,7.064601620803165e-07,1.0966535479609536e-07,6.937804414727613e-07,5.146537136723497e-07,4.050532750657683e-07,5.890740265215585e-06,5.878140973276918e-06,5.27435939435985e-08,7.012762530454244e-08,3.559807911536831e-08,2.7480467408536698e-08,1.2037912682066886e-07,1.0788065539176643e-08,1.633559026542249e-07,7.667268842294194e-08,6.860382291196435e-08,4.097997989065022e-07,6.654609169288557e-08,-6.23607491794495e-07,3.4428100209448424e-07,3.35385736215068e-07,1.3740380928048858e-07,9.289573686050126e-08,3.832460553350399e-06,-3.032259288048707e-07,4.60953560634846e-08,4.6514330327851753e-08,6.362057604001319e-09,-1
1.2026735525936684e-05,1.437439627656131e-05,0.00027037786998226963,0.06432281736366198,8.219077651661114e-05,7.986146515570404e-06,0.0011147692637950434,6.924764077405503e-06,0.0006004424825398896,-0.0008500992614013171,-0.007442966681208079,1.3330875628745165e-05,1.4601111015786753e-05,2.1666284307507886e-06,9.040901184946404e-06,6.334621617276273e-05,1.8484802677538899e-06,1.8405638861998552e-05,2.0836563223354757e-06,9.124592736290394e-07,7.912390726635928e-07,0.00031506031727240836,0.0002918221210627083,9.258668955166643e-05,0.0002780463066083037,0.0002701610352591807,0.00016683992506913434,0.00016590278136386426,0.00013588153304457335,0.0001366954732183967,0.0002359505700411471,5.338274424432916e-05,2.610771347754753e-07,1.6373154700482237e-06,2.8632901414213437e-07,1.4070316053928137e-06,2.6896704354900274e-07,2.0401541563381044e-05,2.5969167410401634e-07,2.517176682124504e-07,2.155333285886883e-06,1.854537445769633e-05,2.680037049940502e-07,1.3508034049486361e-06,1.8043472562195006e-07,7.100068112835181e-07,8.418352731761375e-07,3.536122492492543e-07,1.7650183856253538e-07,6.96970156503087e-07,3.225290946558159e-07,5.779327977960465e-07,-2.843867824356247e-08,4.412852013411172e-07,1.0925078697884286e-06,2.2864448437218615e-07,2.159460442690022e-07,2.5816508911336717e-07,1.448302993140765e-07,-1.5858327061844262e-07,-3.621200296821548e-06,3.168738499692119e-08,1.7356460514699254e-08,1.2181526199504576e-07,5.921405122065339e-07,3.541088945197093e-07,1.0939570977766259e-07,3.3203470414617016e-05,2.734886903716726e-07,9.771179017340366e-08,7.002882725882769e-06,1.56198571773965e-07,2.597280992866357e-08,2.1224839878084607e-08,1.6874926440449195e-08,7.01363080616012e-08,9.63033014565351e-10,2.4343519183623584e-09,-1
4.6486815506838886e-05,1.0958185940457473e-05,9.815519105925956e-06,9.680822085849963e-06,9.172186730283143e-05,1.5122045175015252e-05,6.110440977558331e-05,8.467226969425998e-06,8.705642549259506e-05,1.0855194395035507e-05,6.2561245385061555e-06,4.1666245928470206e-06,3.2498468233190124e-06,9.113992694080922e-06,1.5384839866612002e-06,0.0003317799446691609,0.00021151328166108728,-6.417144166857668e-07,0.0008970937782731645,0.0007406351623856219,1.755117954719176e-06,0.00026439308595820147,0.0006876394413252838,-6.255801972868419e-05,-8.491496305741883e-05,2.0497756175962487e-06,-3.871448131579369e-05,-0.0009303708351510099,3.903166900811449e-06,3.6908732025257213e-06,3.806578947368421e-06,0.00018666051793653603,9.235750716369478e-08,2.218056527724704e-07,8.79357806068296e-05,8.743480191812506e-05,8.696694999908512e-05,8.063653765673065e-05,4.987650929402097e-05,4.417834911724742e-05,4.4157169717060946e-05,4.193571362990001e-05,4.1570894366096966e-05,5.032649372021236e-06,1.8232841520001497e-05,1.7167730177034416e-05,5.939486725060516e-05,3.8785874141638084e-06,1.4735366146593893e-06,-1.2331668801320133e-06,1.890188609983998e-06,-8.239890920287733e-07,5.1306397275113126e-06,4.202610055453168e-09,1.2261741625000187e-07,9.979673189895944e-08,7.366852403825897e-06,1.1255350186840917e-07,9.309501084609212e-08,1.2017966694630144e-06,2.403869865947273e-07,1.3792278639277622e-07,1.372605874951731e-07,5.553696654440611e-07,5.064124230280102e-07,1.265641000739614e-07,7.030638768453339e-08,-7.172750065254329e-07,1.23478932678716e-06,2.959015924715758e-07,4.388342270105994e-07,4.25223401456636e-09,1.1056437466572913e-07,1.081967740466135e-08,8.964055394622889e-09,2.055488336958451e-06,4.741811367090798e-09,8.007632099777652e-09,-1
-7.682086906594598e-05,1.1524938690461956e-05,9.345626404593275e-06,8.235562700337358e-06,8.997807558529837e-06,2.8948685151732788e-05,2.8266206561142086e-05,2.684123510183393e-05,3.656655295936754e-05,7.857936337895334e-06,8.920540501028807e-06,3.7166097915440897e-06,-9.85307776359825e-06,1.39855728829587e-06,9.24290809073429e-07,7.877078691810851e-07,1.7440137987286802e-06,0.00014785121809099034,0.00019513179449382387,1.6274873837882425e-05,1.1474560807429956e-05,1.4125544350217745e-06,9.545141926507478e-07,-5.130634287042447e-06,7.820155673132694e-07,1.5624326657477146e-06,5.208280741058776e-07,1.01176942470777e-06,4.165448469920069e-06,3.4554855791619206e-06,2.515209954025158e-06,2.3932483087077745e-07,2.643916020763591e-05,3.8293781456605594e-07,1.952394367473679e-06,4.6259468011141744e-07,5.452795089073689e-07,0.0002187826840878972,6.6091394502351115e-06,2.426344735765378e-05,-2.31696369365497e-06,8.463036146648183e-06,2.5736738412774747e-07,0.00022396236025143195,1.4456173706709072e-07,1.093592060007621e-06,1.9026527568808553e-07,7.58522452231924e-08,1.9433698031643005e-07,3.8191813855359374e-05,3.7423992796192814e-05,3.6695167836026496e-05,2.1009387107158586e-05,6.899557768290773e-07,1.826219983169619e-05,1.6519800078228437e-05,7.635926653191304e-06,7.075304344687558e-06,6.715530394602224e-06,8.341053788176431e-07,6.614301144961049e-06,1.6914020678303976e-06,9.449823169784009e-09,7.84583894217463e-08,6.833709377870537e-07,1.47444389319446e-07,-6.744404334310951e-07,1.0355779687824083e-07,4.410230091941166e-06,1.0191055223323381e-07,2.3584194342903813e-07,7.880908440459191e-07,2.7862535396350797e-08,2.4008858092021922e-08,6.383554992164555e-08,5.648056491061766e-08,5.497063147420224e-09,2.9317759616319858e-08,-1
1.0187928192305567e-05,5.7756691253711797e-05,1.2966805118221257e-05,9.007210670955603e-05,8.32237004810082e-06,9.821730156690777e-06,2.8031614898405874e-05,1.0674512325273663e-05,6.327009359362749e-05,7.299140636852406e-06,5.980869857175138e-06,5.900403153141558e-06,-3.466693043827174e-05,6.037588794811708e-06,3.0656045578852066e-05,4.0058076611430135e-06,-1.9371492430565977e-05,2.358962940061548e-06,1.261854383648892e-06,8.479182458841157e-06,1.0733672461164022e-06,3.324418975119688e-06,7.370318170339978e-07,5.203286022649963e-07,5.055131640201262e-07,4.973559165333924e-07,7.679476848001671e-07,3.3181403370836494e-07,3.0743208590330816e-07,-6.837154607983412e-07,2.3497950014281372e-07,7.977533865716192e-08,3.9681357893026956e-08,5.927555442295305e-06,3.868867075225495e-06,1.1823943681898809e-06,8.622055863845822e-07,3.6236585702256483e-06,5.455712823713834e-06,2.636708688277634e-07,1.4200260620949313e-06,2.568093505985447e-06,-1.9002349211268322e-07,2.0663647251374397e-07,0.00016644649526517086,2.8404503095727412e-05,3.2274732198364456e-07,8.248728369913884e-09,1.7631255543490422e-05,1.5427905726638545e-07,3.020696230180444e-06,2.8000174672727016e-06,3.050616199177624e-08,1.4382198608353228e-07,-6.596629767917268e-07,4.021365376996054e-09,4.932345454316009e-07,3.3050129978131005e-06,9.136421757299013e-08,2.082949316991432e-07,4.555317741620763e-08,2.3132749875833266e-07,1.4126408101478757e-07,7.656248011276269e-08,1.956124245967371e-05,1.908829714137405e-05,1.8494916042878216e-05,7.406935164133315e-07,1.75411464845928e-05,9.507344396341276e-06,9.384534237915383e-06,9.359654370128152e-06,9.313693924930228e-06,9.259116897872134e-06,9.159112905941522e-06,3.6621390115192695e-06,3.5701880773160318e-06,3.4073164386450263e-06,-1
1.546911101196308e-05,0.00016547057336050724,2.0825832297059205e-05,0.00015497780480407358,7.360578975464108e-06,8.113511928953162e-06,4.3078250834983464e-05,6.626012772382454e-06,6.480031105411567e-06,8.174018298645583e-06,2.7124847591992157e-05,1.391669945878347e-05,0.0005702709643145742,-4.7837018798235425e-05,7.627062877642704e-05,3.010213596525809e-05,5.488834871442826e-05,5.59289072107526e-05,2.4073460183463485e-06,1.2632759910683423e-06,1.2123624829175697e-06,1.097819720294173e-06,3.092530595406744e-06,1.0045727748955658e-06,9.906846676438266e-07,9.9054460159276e-07,9.922289864103302e-07,7.427057740620543e-06,1.0300208216162598e-06,0.0005214839786112309,4.3416349584747133e-07,5.121953660678183e-07,6.050292079176503e-07,2.587607043184335e-06,-2.560762689187152e-06,3.314980616895493e-07,3.3325213179740137e-07,4.5406707520137247e-07,1.0721735241382514e-06,-4.876808292423293e-06,2.4225226405848e-07,2.863881770061105e-07,1.7457530075193972e-07,1.2988010165171712e-07,1.228940865586537e-08,8.59121869069799e-08,4.1859917206647514e-08,-2.2365166070733765e-08,5.787181746122699e-07,1.7122165531964801e-07,1.1059455691795948e-05,-1.1989641305891734e-06,3.1533527339643336e-07,1.1373303775517656e-06,3.792942934577236e-06,1.2046721943781983e-06,6.127374823661197e-07,8.95878284714715e-07,1.0685413222295989e-06,2.5049779028973345e-07,5.042926905994446e-09,-1.8798662175015826e-06,-1.0026787760715106e-08,5.28731156018809e-08,7.989941036669222e-07,4.6955894736866534e-07,-3.636750278408292e-07,1.4870573753040797e-06,-5.940135852224592e-06,-2.5343851391233752e-06,4.3530028656555054e-06,3.945876363452807e-09,7.062114640028103e-08,1.4773575232901972e-05,3.4042782209206404e-08,2.705968784342302e-08,1.0186304410099513e-07,1.1301126481183005e-09,-1
1.7527650498740858e-05,-8.33863268816662e-05,8.865418243457475e-06,1.7214887467802613e-05,6.101807442842051e-06,5.841591408208525e-06,1.8040207631944573e-05,1.5137182144273806e-05,5.217812522647845e-06,4.702044648974555e-06,3.083634163228673e-05,0.00034484126971298483,4.427835037776035e-06,1.4270548349046692e-06,9.94023645928386e-07,3.847474244471728e-06,6.556809618291392e-07,-0.0001308940583182195,-1.1513567006058877e-05,-6.302994461718384e-06,1.798662669713616e-06,9.95605534688097e-07,-7.044472979330106e-06,8.401204620973787e-07,1.3241719579134539e-06,7.692373457493067e-07,-4.577826292341078e-06,2.9553812454315626e-06,1.129375639677042e-06,7.214334443564117e-05,9.39007314701432e-07,4.809334709475016e-06,6.719064552130094e-07,2.839852012871323e-06,2.1542614784213672e-06,8.983432512111418e-07,1.145381702002498e-07,2.0042587374282545e-06,3.907015656842065e-06,2.59770783453519e-07,-2.6791496399819204e-05,2.7778451737480484e-07,2.3649351431745855e-06,1.2632143609747772e-07,1.3033610410730967e-07,1.0696621271035827e-06,8.829374776735962e-05,4.584011995315568e-06,1.7513054460665743e-07,-4.001191701854925e-08,1.6771363220568784e-08,1.4605678645612736e-07,4.4217561713133854e-07,1.1972334455618364e-07,4.121859913793811e-07,5.569033710393256e-07,8.791104400151435e-08,4.706119337979094e-07,4.404036425487191e-07,5.2165519428364726e-08,1.6383447210097214e-08,4.474499945753923e-08,1.39054340634316e-08,7.852415284740764e-08,1.355886484619383e-07,7.316146898965803e-08,1.6554872460371522e-07,2.667320265066962e-07,6.773781575540799e-08,6.668233319236991e-08,1.212004490726701e-06,1.9491229057482508e-07,1.5953543530262483e-07,9.940602972841019e-08,1.034007177642984e-05,1.6667554628711993e-08,4.034341524795558e-11,8.535147656193281e-08,-1
