1.1386660454710432e-05,9.915792761064033e-06,5.810067494723905e-05,0.00010504211256696842,9.929968704111859e-06,0.000747913883768728,-5.607559474759355e-05,1.148266348158133e-05,8.937119301159112e-06,-0.0001637027952194097,1.0192500484109842e-05,5.7478315368132244e-05,1.0242957267286067e-05,-6.204995138844363e-05,5.972842000543398e-05,8.558136104996175e-06,8.437905545110746e-06,0.00018309886524667628,0.0015086669450960133,8.497454221047336e-06,9.316977153417082e-06,9.224881193159338e-06,7.78783931479939e-06,0.00020690369405624174,0.0028274348589925028,-4.794360177384811e-05,0.00012453163764083945,8.84461975990968e-06,7.416302989364411e-06,0.000189980564817023,7.289568296714851e-06,2.477214397301204e-05,7.2614050316816165e-06,0.0001600221322686857,9.294628288143343e-06,7.979290072737568e-06,6.824874423666471e-06,6.894385852526928e-06,6.599568303400588e-06,6.592527487142281e-06,6.585486670883972e-06,8.788434977273646e-06,0.0033093851374106525,0.0038788002292757333,0.0001714779145100072,7.620541848801892e-06,-4.3636240759989385e-05,4.0933812112953196e-05,6.207351975623301e-06,0.00010455796863461938,7.233577718834065e-06,7.200408722152378e-06,-3.639922867014091e-05,3.895079501390043e-05,6.037149115874771e-06,1.0970934196407675e-05,5.972935656411106e-06,0.0014376732234396951,0.001728733428145662,7.692627017201791e-06,6.968225745380566e-06,0.00019853959610599501,7.778481290503674e-06,-0.03231610931048086,-0.0008009369334952086,-7.511693515302651e-05,6.870681680511396e-06,6.578490034370742e-06,-3.780271800355004e-05,5.156200970447285e-06,4.608707067343943e-06,3.968319531828319e-06,5.676598828545651e-06,4.612330590116472e-06,0.0001425726073560071,-8.508099307358334e-06,4.550625458455162e-07,-4.8222022045691146e-05,-1
1.4649792333660435e-05,1.3793076573242608e-05,8.214224744701631e-05,0.0008650069669344255,0.0008517232017506503,0.000851649197487788,0.0008517602038820813,0.0008518342081449438,0.0008517602038820813,0.0008543873552136913,0.0008516861996192192,0.0008596416578769119,0.0008523522379849795,0.0008560154489966614,0.0008509443824145151,0.0008618140060290731,0.0008509443824145151,0.0008610376043423191,0.0008570816528907622,0.0008510183254323012,0.0008553070204638955,0.0008510183254323012,0.00086092668981564,0.0008516468410834831,0.0008563791942217942,0.0008509443824145151,0.0008574513679796927,0.000869725908932187,0.0008550482199016441,0.0008595587439865969,0.0008510922684500872,0.0008510183254323012,0.0008604090886911371,0.0008557137070617192,0.0008659548150250954,0.00085959571549549,0.0008610745758512121,0.0008619618920646456,0.0008511292399589805,0.0008509813539234083,0.0008510183254323012,0.0008503503900003072,0.000850387330886662,0.0008502395673412423,0.0008787209907209326,0.0008502395673412423,0.0008503503900003072,0.0008577016263849485,0.0008755810153807594,0.0008785732271755129,0.0008503503900003072,0.0008504242717730173,0.0008503503900003072,7.841171987220377e-06,0.0004132246535716441,7.712800270153608e-06,2.7812832817817327e-05,8.235633299553288e-06,4.131258229510736e-05,7.000373822541506e-06,6.956565149838144e-06,6.693017418063881e-06,3.9381950509451185e-05,6.355517163388965e-06,5.9443878659331674e-06,6.090406245035984e-06,5.639108533638291e-06,5.431337772080941e-06,-3.550893393625978e-05,5.505983575490486e-06,3.785608690765565e-06,3.675771406868983e-06,2.203156682011568e-06,1.3950497503546705e-06,1.2692664583779249e-06,4.997063297385915e-07,3.1343289036253367e-07,2.566808630913111e-07,1
6.790746355183849e-05,9.880955452781334e-06,0.002436025499545091,1.7803673669661083e-05,1.0039390251331593e-05,2.847602913539758e-05,9.7263022464235e-06,1.0489567076680902e-05,4.61959007236443e-05,9.422247587673872e-06,9.032649930931254e-06,2.6483593038012598e-05,9.26065230726211e-06,9.34768261046631e-06,9.007182853168657e-06,0.0001647823702561386,0.0008248931406995071,1.0050617460239633e-05,8.48329353494607e-06,0.00015268682007004867,8.336509420662842e-06,8.296387758932082e-06,8.884227629742058e-06,2.5661404680907047e-05,8.155437033319992e-06,7.788971366134918e-06,2.59153736035478e-05,7.773925319540083e-06,7.755448328361026e-06,2.238352312618837e-05,7.5530345499512335e-06,7.699508039438974e-06,-4.404583452490177e-05,7.280739706908584e-06,7.350165655905076e-06,4.764147212686428e-05,7.2769096180608116e-06,7.135317699110755e-06,7.1424222594256315e-06,7.352296732078948e-06,4.0978684333417265e-05,0.00012364364187481116,5.0919453440691236e-05,6.687938518819091e-06,6.8170578433175704e-06,6.5900998332763576e-06,0.0001475626605990833,6.5417100902327794e-06,6.577984502599105e-06,6.514518238657787e-06,3.82435401713122e-05,6.325709524647798e-06,6.1872229083921774e-06,6.122863862068198e-06,6.021053989001415e-06,1.7610401716971193e-05,5.874012026853907e-06,5.727797036862373e-06,5.609898751788988e-06,1.6109091369267378e-05,1.8416292379733283e-05,1.5168990722913944e-05,4.9456854392675186e-06,1.5485435946741436e-05,4.7222557750480715e-06,4.612134251322708e-06,3.590095639709585e-06,1.0466297462343588e-05,0.00014165785347764007,3.0412139845175563e-06,8.914102469498203e-06,2.2294513598696867e-06,1.9373326740499836e-06,4.819766618912695e-06,1.0436686590056732e-06,1.3760385530610404e-05,5.535938590369854e-07,1.0715862146022445e-07,-1
1.0451169007132608e-05,6.698338594222038e-05,0.00021906725051925205,5.914502939110704e-05,2.9537682830531767e-05,9.180651069541663e-06,0.0012628220203876339,0.0007647630392091884,-5.255954340448618e-05,9.187219502469808e-06,-0.0007419478617105439,8.641260501906602e-06,8.29828764704967e-06,8.25158963882701e-06,8.896871521733114e-06,8.547125968718974e-06,8.250008664559205e-06,8.227764982260698e-06,-0.0009824547452865807,8.206793425656018e-06,2.2868257838065987e-05,9.70380486597389e-06,6.712629625359958e-05,7.830735222251278e-06,8.529820745894585e-06,3.648875988158643e-05,-4.8481128971476686e-05,1.0673931616618503e-05,7.3957882166549284e-06,1.121485631320202e-05,7.04952222015169e-06,6.990285612154384e-06,9.562140017354206e-05,9.532626948080107e-05,6.717413284741411e-06,2.6550850844221262e-05,6.660024437495947e-06,2.119984019612702e-05,2.2950797442953456e-05,4.171637818207293e-05,7.095144919334165e-06,6.287455364771671e-06,6.31463763505664e-06,-3.912295603392774e-05,1.8084933997596744e-05,7.974343149639006e-06,6.137310178980014e-06,2.2266154166295896e-05,-0.0007301725162730129,2.7922280459090974e-05,1.2996545918747932e-05,3.550061008561889e-05,6.451745839925654e-06,3.680106686012469e-05,8.676731196329682e-06,1.680521256550718e-05,6.166589472557739e-06,-0.0006966652212743974,3.3538741558711704e-05,5.578173689808822e-06,0.0006518963242042712,5.560574734032269e-06,2.6269487986448483e-05,5.2186747284892745e-06,0.00028549819567796236,1.3587679017886882e-05,0.00020765576955178325,0.00020170516601631988,4.216065663186432e-06,2.9466263271219077e-06,2.888406069271968e-06,1.3033444184824949e-05,9.246322532167321e-06,0.00012397502662118366,7.05747263215275e-07,3.749613168748227e-05,1.7400814571889174e-07,1.4541444750053081e-07,1
3.24737782520822e-05,9.888059496622816e-06,0.0010286433485400116,5.480692009573381e-05,9.02796067636124e-06,2.6213888462595413e-05,9.34263760262064e-06,-0.00017384495122006025,8.87610102313737e-06,0.00015892451861797746,0.00015455039765970943,4.22511472295027e-05,1.0738031358116615e-05,2.5197691808080172e-05,8.488256037058765e-06,8.134313754443974e-06,2.4957580742304433e-05,2.5389071606547884e-05,8.903166377839807e-06,2.4680480402567032e-05,3.92453851551716e-05,-0.00023866166806960163,0.0002289024036641285,4.2225509051472155e-05,0.00014032805275206127,0.0001538643656794341,0.00014233922226477866,-4.420343536980641e-05,4.548764526890055e-05,0.0001719702123055538,7.404989805851921e-06,2.27617149064348e-05,7.164267960846604e-06,7.703630001539972e-05,0.000152566959389539,8.390250396898555e-06,6.811078258512264e-06,-0.0002079903140273234,-0.00019864555788517255,6.2298242875039005e-06,0.0003738962255858598,4.909510555508954e-05,0.0007045334249344411,-0.0006112608495407383,5.94963480317755e-06,7.587997792798993e-06,5.85603098335478e-06,6.213702768770444e-06,6.346839226021108e-06,0.00013169934972664748,6.0445281457680906e-06,2.795814481275961e-05,3.632215605516431e-05,3.506169845716232e-05,5.641321496042338e-06,9.851188069866057e-05,5.161878742074561e-06,5.3060074171355666e-06,1.615335101573386e-05,5.894220240463621e-06,4.93431227047584e-05,1.902921558157093e-05,3.382305087732028e-05,3.3764784374818993e-06,2.30761866885202e-05,9.251188088908799e-06,2.579108635097493e-06,5.527952014314027e-06,4.2293920503331466e-05,1.2241317957451297e-06,1.6354645863272023e-05,8.020811760719996e-06,7.828274769909884e-06,1.8975199783652348e-06,4.805185870219409e-06,9.031637672132172e-07,9.031637672132172e-07,3.598990969020029e-06,1
-5.8684948913898056e-05,9.64175256868265e-06,2.1058113613237285e-05,9.254126047517675e-06,5.464979682389535e-05,5.189726773684715e-05,1.2044743306083065e-05,1.1962942927858263e-05,-8.542133410277185e-05,5.154765039331904e-05,8.263793583413864e-06,8.13515216692676e-06,4.8326855215379035e-05,5.7678484281396166e-05,7.981615187406691e-06,7.968332857118711e-06,1.8109459226311135e-05,4.6642261974055925e-05,1.0979239956165666e-05,6.53068922506081e-05,7.605501446961567e-06,1.0552868589254658e-05,4.429634965158706e-05,1.6442313612815065e-05,1.3133840765384859e-05,7.134236308078468e-06,7.106433089777124e-06,7.075075084646368e-06,7.698495147657546e-05,7.805680920182264e-05,9.905064035630206e-06,1.2522532919607016e-05,9.655865842529779e-06,9.646036888812284e-06,-4.10072638778881e-05,-0.0010985505392874066,-0.001110165927481874,-5.687080976908812e-05,-0.0012197158487137318,6.575297355662738e-06,-7.37176389373258e-05,6.514093777972244e-05,9.103361613283995e-06,-3.858101514618977e-05,6.457426504033257e-05,9.080916045324715e-06,6.27842705396341e-06,6.565556977683179e-05,6.28596190576032e-06,5.3176537102322674e-05,8.641815207012181e-06,6.115609391505405e-06,3.282359748085652e-05,5.756900835066498e-05,5.626020649535045e-06,5.647613118182955e-06,5.6104987277182586e-06,5.592055268327441e-06,1.0094576927460444e-05,7.812531053034227e-06,5.536043998508974e-06,1.0720493928475717e-05,1.0124208218115201e-05,7.627375346751428e-06,3.2300103096802755e-05,5.539388380320654e-06,5.230780948943611e-06,5.740104148268886e-05,7.320799595372735e-06,1.5627034361140223e-05,6.042251924782319e-06,3.598630821483649e-06,3.3232276366084772e-06,2.4179195870806953e-06,2.8506128048760524e-06,9.183916560086754e-06,4.0042934157200403e-07,2.81146859204477e-07,-1
1.0602358921150574e-05,-6.015904780720194e-05,0.00021229783883405567,0.00019105427622415373,9.801599704430338e-06,5.466539486499593e-05,-5.6744372938129405e-05,5.585609075741665e-05,-5.55738342142333e-05,5.6518834214758636e-05,9.099150041638563e-06,7.439860159135983e-05,0.0005431882938633199,8.801515280507744e-06,1.6071135537910918e-05,5.3308390259227656e-05,6.285056853204116e-05,8.576774220294404e-06,0.00028747322939181246,-0.0018232422159283246,7.916499862992627e-06,0.0037552149547489637,0.0002892314622402537,4.684089209149941e-05,0.00033841266153106263,1.0844198285213528e-05,1.1488079511037029e-05,-0.0020637265589112754,0.0012336746419838011,0.00011128036876215298,1.6870525792130642e-05,0.00022765572598217192,1.2813976639672449e-05,1.3133186439461516e-05,7.4417049228925696e-06,4.4653166298622016e-05,7.3353760445682465e-06,7.272701949860725e-06,7.217759400354864e-06,7.128736774239854e-06,7.10562118419946e-06,7.842304362375808e-06,-0.0015808010757518791,6.885121174109482e-06,4.107273621429796e-05,6.698220818429628e-06,0.0005746483348332887,0.0005460155163713029,6.160461278207822e-06,8.993749841279175e-06,-3.7083987146583724e-05,7.122676698247654e-06,6.7167531732830785e-06,5.810306406685238e-06,5.926452758948011e-06,-5.919473737596403e-05,2.1204451579502252e-05,-3.30550161396671e-05,3.1691749512888195e-05,5.330277627876833e-06,5.6120979285498624e-05,5.4976231562155664e-05,0.00034991374265375634,2.9876342559719492e-05,0.00012292356477061988,4.291906732812272e-06,3.5583477287134895e-06,3.702276944899449e-06,3.4023244522468337e-06,2.927298050139276e-06,1.2339531278026172e-05,2.0496628510352773e-06,8.736061396457887e-05,8.41370521171026e-05,1.2398276033275176e-06,9.761521800968757e-06,8.562736916299625e-07,1.2130290559642301e-07,1
6.710938398941935e-05,5.9125874437393155e-05,7.377676822928629e-05,9.401762344478396e-06,0.0008194472663943055,0.00017560552423503717,0.00016765930500688684,1.2813903592584742e-05,-5.462386368274462e-05,-5.4363655326014714e-05,-5.3798887343532686e-05,0.0015978991366567801,9.010506807852347e-06,6.209089127076719e-05,9.615796449065863e-06,1.0726969403965757e-05,6.406946051138419e-05,0.0006643063344141328,0.0009794324643750125,8.361474269819194e-06,0.0009687240072316996,-0.0005489756540965352,8.11808066759388e-06,0.00013839404863119143,8.943830724299521e-06,0.00012246779868535482,1.0723639440065846e-05,7.923457115495514e-06,0.0001478707701946879,0.000302020911474164,7.91368730125024e-06,1.252147112079146e-05,1.6059560595422266e-05,5.669202063647088e-05,5.268327530731873e-05,1.7614865444299705e-05,7.272094303471218e-05,0.0003969538747625725,7.033240611961058e-06,7.691525429375466e-06,7.714630929817935e-05,6.942837273991657e-06,9.811680810294663e-06,3.644857112866403e-05,1.5753160836591705e-05,0.00023463297023000146,5.9937878151338585e-05,7.462634373410195e-06,-0.0006549819651498736,0.0397647735411905,1.257956442979187e-05,-5.537134666379073e-05,0.005142931926214695,1.0879990439677832e-05,9.870777022594278e-06,2.174733187909744e-05,-0.00021083324172958034,-0.00010448110923566608,1.7495800012974884e-05,4.328560533122932e-05,1.8831661974493304e-05,-0.0005137911140932594,1.0642319097440204e-05,-0.00021266045509323126,5.72990959608763e-06,0.00014069340662985278,3.731779039899325e-05,8.746025437202975e-06,1.8363567117789346e-06,2.0327163229377152e-05,3.6655540249696496e-06,-0.00011184112335804122,-5.8775327015873547e-05,7.334713140317244e-05,3.6378334347806703e-07,2.260880205858819e-06,1.060019244058397e-05,-1.2287622720875177e-06,1
1.0198234693381316e-05,1.2291177584447286e-05,6.002085616198835e-05,1.011449370761389e-05,8.729765441555697e-05,7.057281611287472e-05,-5.5343536587652744e-05,0.00011861804941666094,4.3323770440109014e-05,4.331826993023623e-05,1.0363642641864114e-05,8.261657186005515e-06,0.0002493096969239858,9.32893524926511e-06,-0.0001470445921610082,-7.921064255582752e-05,8.197119128927495e-06,2.3694329274123193e-05,7.9741336590966e-06,0.0003211194848730181,9.086013131210477e-06,5.541102523717832e-05,0.00022229850217362888,0.00022396087488589403,7.242528644162618e-06,9.025553032398499e-05,7.212313740859906e-06,-4.263140151281979e-05,0.00019952188734950665,7.987318692285737e-06,6.782656286242797e-06,8.128243103399921e-06,1.9242439572610275e-05,7.036007089309684e-06,6.355268617181164e-06,1.03816761528104e-05,6.214586185318027e-06,-7.967662651932192e-05,-4.028425074747366e-05,1.0790554218290886e-05,0.00011235667831720359,1.1952032200373558e-05,6.539401544181346e-06,6.494795923380659e-06,5.968265711945906e-06,3.976658348539668e-05,5.888695162102944e-06,3.517643117380883e-05,5.795193674704269e-06,5.601737715184678e-06,8.098897922438073e-06,-0.00010048048151842706,2.811120727931493e-05,-9.828125139302691e-05,-9.430045525400721e-05,5.738313726083695e-06,1.4711858882062138e-05,3.0267493089366145e-05,0.00014719825512145626,0.0001679676099856276,4.157293947533798e-06,1.0114546947269912e-05,1.6291035919397455e-05,5.1479234843283234e-05,2.1348432055749132e-06,2.107507925686176e-06,2.075989533264779e-06,1.8513414433977344e-05,-1.1305899358256963e-05,1.8493317583320763e-06,2.979630192835618e-05,1.1177267059798058e-05,1.7303480550077816e-06,4.751420955075555e-06,3.508710801393729e-07,2.112976502796952e-06,-1.6044224150446305e-06,1.69711229273209e-07,1
0.0003343577216281777,9.91261893994061e-06,0.00013770926071483974,4.18551693681261e-05,0.00010913963964434735,-5.8989197832277856e-05,9.763922804110305e-06,5.8541701899946836e-05,5.880281150681218e-05,0.0003224625598941409,9.635920446553136e-06,0.00044299936524074365,0.00032392831018909145,5.6910139836061495e-05,0.00019378254304064867,9.126563704926857e-06,3.987783583628102e-05,6.346998658510772e-05,7.188043238949049e-05,8.644556848207645e-06,5.113202197323312e-05,8.627119946449725e-06,0.0005290093642824088,3.451374788346032e-05,3.38565057322522e-05,3.186047919395985e-05,-0.00032752660273709837,0.00018727680494705568,0.00014683557092073593,5.783499422935208e-05,0.0001531903215686841,7.038305627922432e-06,6.834613537990999e-06,6.746149121276732e-06,6.69239710206566e-06,6.511229962661566e-05,2.8329323861608517e-05,6.598907761565063e-06,6.635260778481211e-06,6.589540039134106e-06,2.7216990967085956e-05,2.6739616487755182e-05,2.6665976916472772e-05,2.644472317989815e-05,6.2458518702830055e-06,6.311254788097371e-06,2.654697886028279e-05,4.968053481740606e-05,-3.6987679451427e-05,6.120190390480169e-06,2.5620887816248428e-05,-3.638227797999852e-05,6.061727784527079e-06,-3.519407738112996e-05,5.925083312852267e-06,5.760745318609161e-06,-0.00013994253037809447,5.453365757773905e-06,5.472513947247667e-06,3.561760858368499e-05,2.2419365301415422e-05,-0.00034070324749563134,2.596067561589682e-05,5.270665814340004e-05,-0.00013568285687126557,2.121900595111844e-05,2.1923957322153676e-06,0.0001846540604506605,5.464758515669415e-05,5.07942081288043e-06,9.659870836439978e-05,2.5879556210422478e-06,2.5557470881107954e-06,4.97215030634962e-07,5.028805132086388e-06,4.2101387553384454e-07,1.4071654700402999e-06,3.2302068893286576e-07,1
0.0002481113914850982,9.229670899489827e-05,1.1925421606014435e-05,5.758200694994233e-05,4.2577877229957236e-05,0.0002584159293723653,9.33890079789446e-06,0.00022571383087463686,9.400089823342813e-06,0.00027971021242275047,3.532946833215072e-05,-5.0986562576430634e-05,8.185978373866796e-06,0.0007842865328324977,-5.9088067547707595e-05,0.000781636319126444,0.0007771146786923657,1.451767145656321e-05,1.2928435692518402e-05,5.477614331723864e-05,0.000296670232685156,2.0450447870697183e-05,7.856908738797766e-06,3.4622460952710174e-05,0.00010257158168249471,9.587680220529885e-06,3.5048989048455624e-05,3.492099361680658e-05,7.71045491226578e-06,2.8177947216931638e-05,9.737625922827315e-06,3.058439778022094e-05,-7.319649857930478e-05,9.4999712519364e-06,5.461581893939988e-05,3.335859423620912e-05,-0.00030688335075082436,8.832710060588829e-06,8.28529543705159e-06,0.00039539615031758803,2.6497234286193274e-05,6.800435729898908e-06,4.765593704858438e-05,0.00012934949479679404,7.085144686315409e-06,7.999360365417734e-06,7.744982913049638e-06,6.4124665860594445e-06,6.353935297301357e-06,7.443344292303477e-06,2.3486678340365936e-05,5.624292868903827e-06,3.435573675137159e-05,6.518543330126727e-06,5.501265714325901e-05,6.6392777636237415e-06,6.121135331875179e-05,5.5295461075172235e-06,0.002000982031008137,0.0001435968330876383,0.00013413986470522214,5.375537831699683e-06,6.827898563276467e-06,1.957585318409701e-05,1.3550162742861987e-05,0.00018631452998213956,1.706132009635486e-05,5.5788320139871075e-06,1.207487312574755e-05,1.0027020056089013e-05,6.796395517347308e-05,1.7342734769795705e-05,3.984943556851456e-06,3.209704737736889e-06,2.902157835663653e-05,1.5329591593426208e-06,3.945646450074323e-06,4.19980681389363e-07,1
6.01352410527388e-05,7.080638070593165e-05,9.88968386548558e-06,0.0002899711176974738,9.637956120277582e-06,5.388400204674017e-05,8.932180200472037e-06,9.23559086304204e-06,5.736699472635323e-05,0.0001515668073166648,-0.0001697429829486394,8.647796012341737e-06,-5.213352356534434e-05,5.136672459466018e-05,0.0005641487334457103,5.48731781984701e-05,-4.876787363317306e-05,0.00012947738287689034,0.0005372303788155362,6.794497775673327e-05,2.1748377674271725e-05,7.471601022842985e-06,-4.431501703918821e-05,4.327839321550999e-05,7.273677940609273e-05,6.910311392652137e-06,4.13779663214795e-05,0.00020996275026535565,6.7301098920242345e-06,0.0005775844069743737,6.774488746578434e-06,4.468702092658613e-05,7.5120835404125775e-06,6.776469359897882e-06,6.687671748521526e-06,6.535266035496171e-06,-0.00019617634844360744,0.00032677349095253317,1.8326889231590296e-05,3.1026877259891334e-05,7.1000834109194235e-06,7.65630545909141e-06,-3.7006254492668487e-05,6.17720273791322e-06,-5.402695478473921e-05,3.6301893238263754e-05,2.2710673061328095e-05,0.00030166771349443485,0.00019152928275803285,3.5335500688545426e-05,0.00014933694989807819,0.00014025403024510137,7.929572214088443e-06,5.852523309863424e-06,-0.0006974007060504265,0.00019488558214690715,2.6783610215666643e-05,-3.4640769956975944e-05,2.0393768110157286e-05,0.00013134705129661173,2.8580991742574003e-05,1.5393202690809354e-05,5.0292905090062135e-06,4.875477449753123e-06,5.056509828318152e-06,8.352725576037752e-06,-2.812276738194597e-05,2.5813029173124327e-05,1.1860237899147845e-05,3.954178971556727e-06,7.282195261542596e-06,1.1474605491908374e-05,1.9931268620280625e-06,2.289355591388609e-05,1.697928407826353e-06,1.6234356648291328e-06,4.486345327692248e-06,1.074221894698395e-06,1
1.2112907636354355e-05,-7.62865860574276e-05,9.468485827843285e-06,9.355018195243851e-06,8.823212708845373e-06,0.0001200349129054751,9.628857204544936e-06,0.0008597475091012478,0.0008583011746738293,0.0008583011746738293,0.0007544978067079505,0.0007532384719359259,0.0007526436773360563,0.0007526158064675118,0.0007495789815120137,0.0007458500989205906,0.0007428128692596245,0.0007409999704827693,0.00073848223575135,0.0007372235051874885,0.0007354308939537245,0.0007354377020687045,0.0007347539345677818,8.292092263163533e-06,0.0007329272314584255,0.0007316484071540909,8.883857118413558e-06,0.0007273791663822523,0.0007261343256520468,0.0007261343256520468,0.0007249029529497989,0.0007249365090181524,0.0007243409107074245,0.0007218378866207507,-4.852530616197047e-05,8.16232070255664e-06,-4.540541689766085e-05,7.457510856502671e-06,7.334937343865477e-06,8.591529682589163e-06,0.00014630949738395822,5.3246870176137884e-05,6.927355108195205e-06,-0.00010782008422422923,6.663440945166206e-06,6.637167256892101e-06,1.0156312039563356e-05,7.592116842023115e-06,6.597658278882898e-06,3.528560840345744e-05,8.690527387653261e-06,6.965529264794209e-06,5.50096620282446e-06,5.457887421820709e-06,3.0806443273837086e-05,5.875418595622543e-06,2.0208909805719447e-05,1.9859983348297366e-05,1.8197405551442345e-05,1.938254266990291e-05,2.4922559019277644e-06,1.8940333691102627e-06,1.0196031023389783e-05,1.947749993064636e-06,2.6460680251753345e-05,2.6164236497504816e-05,1.7643368256021255e-06,5.150194923662032e-06,8.332556463861016e-06,1.0559449349173798e-05,5.300707622036792e-06,7.960246280546459e-07,3.264508819801289e-06,8.042883621596805e-07,3.940135575207523e-07,2.6687387734327444e-07,0.00018825652317033034,1.712894785854803e-07,1
2.9627741199286503e-05,0.0009082675239408807,3.117152375590827e-05,9.71591174820476e-06,-5.973522394038926e-05,7.186902931659128e-05,5.4618660145401354e-05,0.00016747988097153826,1.7961364821885934e-05,9.129246903083709e-06,8.753627541366422e-06,1.721842289443641e-05,1.6387117959776e-05,1.1183229244357576e-05,0.00010329633737017475,1.794340023278605e-05,8.294106722443802e-06,4.807634806612849e-05,1.6215619715913765e-05,2.3736918165513303e-05,1.5321875394467792e-05,2.285709521442238e-05,0.00022525791072499843,4.9581210443462215e-05,1.564405881919126e-05,2.334196765163269e-05,4.556007418948508e-05,2.9134281296948546e-05,9.186138684996228e-06,7.996765868305001e-06,-8.648751215553612e-05,7.292790762981773e-06,8.501726664375437e-05,1.4389005961390484e-05,9.048929173846437e-05,7.283301135461268e-06,7.01405072934881e-06,1.3370108793690425e-05,1.414280677416722e-05,6.424637918768269e-06,6.4153472615575065e-06,6.445103197360708e-06,1.967817056801257e-05,1.9149021043928657e-05,9.762246022395003e-06,1.2641118609615449e-05,1.2498179357836042e-05,1.290579246768126e-05,6.1693465221595805e-06,9.321984808060224e-06,6.2187998769796745e-06,2.080813248408931e-05,6.155373281830672e-06,6.79652153076637e-06,5.976171031913843e-06,1.0330543093385948e-05,5.7209564096848524e-05,5.558032448774577e-06,7.442484135311143e-05,0.0001008184880720386,4.68718914905129e-06,4.135690547375374e-06,-2.0168462808542846e-05,2.7193030248748587e-06,-4.534971317192865e-05,2.0150396685740284e-06,0.00011465104241180188,0.0001012408673874811,8.141057682011364e-06,1.531914849443708e-05,2.349788022578586e-06,8.848303066911936e-06,-2.5590499545559148e-05,-4.393036569808591e-05,5.388105272283763e-07,1.7524129200456053e-07,2.397163982380845e-07,1.1208020142891968e-07,-1
3.5752988258694984e-05,5.786708983805093e-05,1.81230598474609e-05,1.8509997408710598e-05,-0.00010743205054798372,1.776105790803273e-05,9.684560417306734e-06,1.8440731366729768e-05,-0.00014635443861616963,-0.00014595487120725914,1.7149217131900545e-05,2.9722594450064352e-05,-0.00013506442684935367,2.3176655275831907e-05,1.7510108790541917e-05,1.508630951497545e-05,7.993616155039979e-06,1.5106959370418916e-05,8.512104369730122e-05,7.586316025906782e-06,-8.072263174483444e-05,4.395891979910328e-05,2.732067231770825e-05,0.00010415899169184467,1.4066506240128074e-05,7.208221357698958e-06,-9.277517755010494e-05,6.862558090868929e-06,6.827448308351439e-06,0.0006263377265034787,6.803895262325301e-06,6.6196399452881814e-06,6.74413258214102e-06,6.458764712439918e-06,1.2101970067425554e-05,1.3366320287660272e-05,6.0616583492731795e-06,0.0005299211817473513,2.5084428150209912e-05,5.836588449990825e-06,6.706185425934148e-06,6.6658636746413235e-06,1.1706664793066604e-05,0.0004432603743166552,7.461629607284615e-05,5.474478001266978e-06,5.21873715250593e-06,1.875373606949387e-05,0.0004237968582605942,0.0004113762361708283,1.7579883339323155e-05,9.020471577110209e-05,1.0024034508551733e-05,4.924534811234948e-06,0.0003206110719481904,4.595854246291223e-06,4.567586633946822e-05,0.0002529327057931992,2.3055682848646543e-05,3.5968219870705056e-06,0.00017324205424601194,2.9597197705765086e-06,2.2011177345777966e-05,2.7251300775028946e-06,1.3595192806575423e-05,1.3796682256984894e-05,1.6561229664518346e-05,3.2198090403092014e-05,2.6678735664167118e-06,3.8446477139223853e-05,3.7796909105483597e-05,4.4831232366898555e-05,3.438368199165137e-05,4.360520990140147e-06,6.207252024304328e-06,8.824891684765788e-06,-3.311187061217241e-06,1.8214659811096819e-06,1
0.00017458372505462213,0.0001272505469310861,9.898411855762357e-06,5.8732451124670476e-05,5.041451444589162e-05,1.0657381151160741e-05,0.0001168369777947014,0.00015222071325852763,0.0001304248085490625,8.819207285872315e-06,0.0011972024675626523,2.4519424388376075e-05,6.652527530576049e-05,0.00014780027003019397,0.0016717064898046374,8.594247243346196e-06,0.00021739019456674033,0.00014726279629246277,8.148774849628086e-06,2.4228474692249967e-05,-0.00018379157547367337,0.001097019756564813,0.0010440823985465744,8.334333902409849e-05,0.00015884958569448152,4.5049648472688296e-05,7.484942693487814e-06,7.3178264542172835e-06,7.2432087003091824e-06,7.380356079653104e-06,7.207507545834358e-06,6.9083884327653495e-06,9.853518586281819e-06,7.188669431687316e-06,6.7607471067448536e-06,6.920621145980965e-06,1.2790272340376092e-05,3.117611357706683e-05,1.065695021709658e-05,-7.564652268888649e-05,1.3361590532166938e-05,0.00030984482155319937,6.3145748100623615e-06,6.52985870099726e-06,6.984432497920341e-06,-3.67684113562608e-05,6.092264030627256e-06,6.08997633188181e-06,1.2592323773079742e-05,3.533807024787158e-05,-4.622867510283586e-05,2.8946042546239603e-05,2.8285813735146842e-05,1.0200240024979978e-05,0.0007928050873036062,5.053327647624534e-06,0.0006436729249299207,4.993286613575312e-06,1.3507051612951988e-05,3.2180587931355185e-05,7.239878122930818e-06,2.2195915907913054e-05,3.666044605227354e-06,-0.00022151320385040138,-0.00012660954804579662,0.00033427982996606955,-0.0001231428635317525,3.885518092904076e-06,1.837411749748152e-05,7.085539940425571e-06,6.551842146898853e-06,1.0806708483294238e-06,1.1524000031919473e-06,-1.5825325666714287e-05,6.725089554578553e-07,5.264713036709988e-07,2.3983750247646317e-05,1.7893455368430636e-05,-1
1.0119322304623077e-05,1.276454802879539e-05,1.0704749377050902e-05,9.292733736780276e-06,9.003831975968302e-06,1.0896883669869964e-05,4.599352184097707e-05,1.4571859681079524e-05,7.64121064497764e-06,1.4556468016100036e-05,-4.494184711397136e-05,4.3443841042035336e-05,7.276271692359508e-06,1.5437659687881803e-05,7.573194936060583e-06,1.1598160741008665e-05,4.0416805840623845e-05,-4.4981111577309324e-05,4.568780140806031e-05,4.56209684728539e-05,6.732984255292069e-06,1.015478816387572e-05,0.0006110721277978206,0.0006124852534487614,0.0006118169052424662,0.0006101158666177129,0.0006095939965313543,0.0006108592686261604,0.0006099022155282414,0.0006085129386905826,0.0005420235647307685,0.0005353677710400692,0.0005350187411341185,0.0005356350694070128,0.0005337030143061316,0.0005339878819509625,0.000531837659035588,0.000531436405147209,0.0005314994140620096,0.0005324760522414186,0.0005293488577874526,0.000530671908036656,0.0005274813147183717,0.0005274845774291156,0.0005262050787200643,0.0005252403249081063,0.0005248351909623529,0.0005247711959810537,0.0005233098504320248,0.0005276394774977419,0.0005251151496623248,0.0005232746055397977,0.0005226496806520104,0.0005224018562034119,0.0005237339126146278,5.84744835921667e-06,0.0005209362712361199,0.0005208491490185123,0.0005192076894844222,0.0005166051879932201,5.927317828552656e-06,1.1270939731978782e-05,4.443064461653423e-05,6.136784979535914e-06,8.039210182019181e-06,5.7470878584253005e-06,2.3393524117768985e-05,2.0066318234526476e-05,5.5890041473666984e-06,4.71437764372176e-05,1.1771862653814984e-05,5.105448520679155e-06,9.170653715082898e-06,9.263911203611035e-06,1.3719400861360221e-06,8.217963601437896e-06,5.389798845434589e-07,1.1201340255564364e-06,1
1.3968001001754709e-05,5.881494061606685e-05,2.5602291629050854e-05,1.6565466729215726e-05,1.0432104141907587e-05,1.0927964879267067e-05,9.534403105171986e-06,0.00016637721053020966,1.005410797078912e-05,-0.00010854384568861391,2.9817452577030705e-05,1.0641292158026165e-05,0.00014957118470029524,3.636136946858068e-05,1.7317717899346612e-05,0.0006580681342732938,2.3975856641859292e-05,1.281859995813785e-05,9.170299691671687e-06,7.6970551763149e-05,1.2404782960992256e-05,4.996466878899887e-05,3.218846773153142e-05,4.604292077340232e-05,1.16708203603319e-05,0.00047427371457034836,7.439507688706523e-05,7.559642584547992e-06,8.15596314190887e-06,3.485369156807456e-05,7.363963923341789e-06,7.16846606265225e-06,7.315829040188906e-06,0.00029715427526308413,5.905935717775571e-05,4.2420631475772575e-05,2.5858120737281388e-05,2.6665148104352055e-05,7.671345294694198e-06,0.0007375402172719427,6.94364133878904e-06,2.0929777005584415e-05,6.8786154675529405e-06,6.71563835995141e-06,2.169146291570163e-05,3.9132569889273126e-05,0.0005150547140679569,1.3281244823846197e-05,7.0403865679798634e-06,-0.00011523599867784534,5.986569384252165e-06,5.950129004532106e-06,0.00022146800061457109,9.167757488979101e-06,9.375268237903283e-06,-9.058258869987508e-05,6.773900546995744e-06,1.2778120109401988e-05,6.305674568236073e-06,1.5597572668469974e-05,7.697114000912039e-06,2.8084383887443105e-05,4.589407542411555e-06,0.00010973358716238142,0.0009439924519260975,2.240148725637166e-05,0.004861131880204706,3.3421812157650585e-06,-4.402354012267333e-05,2.2077563750878624e-06,6.056397946352185e-06,-2.117703564200831e-05,1.5491537056228752e-06,3.597997251561083e-05,8.468534813468713e-05,4.228255149893332e-06,0.002751943122933103,2.0435079035481118e-07,1
6.07960675479006e-05,6.108817701489343e-05,-5.839845504029646e-05,-0.0024182834260424026,-0.0015089741505155462,1.037244380701375e-05,9.184510218626518e-06,3.7479991470778157e-05,-5.636353689436518e-05,2.7731969163042702e-05,9.041503719125414e-06,5.3957580077081454e-05,8.860512958502316e-06,8.726941841242493e-06,8.720528840964643e-06,8.653354814552815e-06,8.495677502002795e-06,1.7205994417563537e-05,4.266284503548161e-05,5.3547126249146514e-05,4.8855588027460585e-05,9.915438863117898e-05,8.184793945330422e-06,4.8311986188680596e-05,4.8311986188680596e-05,8.045028443770099e-06,8.105997452178048e-06,7.905643356903435e-06,7.923308313697181e-06,-4.7099335932940615e-05,3.884321094564427e-05,1.5132821034176625e-05,7.496986581111576e-06,7.282664120983114e-06,-4.218043680157523e-05,6.911498614248134e-05,8.013106274572765e-06,4.070156044576076e-05,6.666852367688023e-06,6.8466895322602294e-06,3.760755852484886e-05,6.260333690365627e-06,1.4575803241212654e-05,-0.0003043519185183557,1.2356650042603365e-05,6.1057071021739894e-06,6.01688656358428e-06,5.979868126449052e-06,1.2031625739945069e-05,7.591624625666123e-05,8.267014385591352e-05,5.806248072052861e-06,6.419036544381289e-06,3.296599230413833e-05,2.792615103347121e-05,-3.6259688206307385e-05,2.116156764561314e-05,-3.200184233597726e-05,5.133737075364385e-06,-3.09333069812638e-05,4.556195374901737e-06,4.274848080454566e-06,-4.764971661210989e-05,3.087693268079833e-06,2.6007102112615344e-06,1.7713314440549852e-05,2.3374818869563343e-06,-2.5628487292710844e-05,2.337138114223057e-06,2.2421642116392013e-06,3.1161659277290206e-06,1.0012153129952573e-06,1.0012153129952573e-06,8.889064528425062e-07,8.852378745957756e-06,5.903007877067286e-07,1.3559465896696375e-06,1.0422104264093399e-07,-1
1.841783455157262e-05,4.8710844226956246e-05,1.2801979378419274e-05,9.886520728771753e-06,7.729231967773515e-05,-5.8980964742280794e-05,-0.0001017405384314165,0.00023167188674634218,9.56055027809025e-06,9.484925222291113e-06,1.4565948388847537e-05,6.78611736698316e-05,-5.5997383817521154e-05,1.703418915321467e-05,0.00014441951463295513,9.213437024480096e-06,3.670279751588153e-05,0.00010005422979025165,1.668569273723764e-05,6.143339288908694e-05,3.1405257264210696e-05,9.029550138660776e-06,9.1004414071307e-06,8.891310105680557e-06,8.819762123617302e-06,8.814047010849172e-06,0.00012567236754192245,8.830702697506315e-06,5.28040730816779e-05,6.920095767025328e-05,1.1275517372900543e-05,3.286057340653623e-05,5.230291529006617e-05,6.40530023222186e-05,0.00012334549234981873,2.063536962808196e-05,8.669063211186237e-06,8.67312625106522e-06,4.4278067872098836e-05,2.5268387392886903e-05,7.130125988954467e-05,6.600808168069348e-05,8.605565519577583e-06,6.289294040617945e-05,1.1306168326746184e-05,8.636327258749249e-06,8.599743402698141e-06,-5.1413758036781285e-05,2.029883689857601e-05,1.0926243752266284e-05,8.615915297670086e-06,5.1061094585048545e-05,8.508597225334722e-06,8.493616548061779e-06,8.085790953768467e-05,-0.0004711440252511402,-5.100531199690303e-05,8.028039603583615e-06,4.861076395128923e-05,7.840109540779062e-06,4.6873583376752345e-05,7.872857266622558e-06,1.3387814051961222e-05,3.884613284076306e-05,0.00010268112011377632,1.3072115370670814e-05,7.067471209164098e-06,7.045245352160933e-06,2.7525113012948343e-05,4.666473038536546e-05,6.3895654377324705e-06,7.648433187992005e-06,7.484738067028144e-06,9.776802671824563e-06,2.1900779856696205e-05,-4.727025111377992e-05,5.815364276126725e-06,4.762629642097666e-07,-1
5.976955662697043e-05,9.891168402563601e-06,5.876288219048173e-05,5.859598841193891e-05,1.7935884936826136e-05,0.00016699368993028715,9.141355323510355e-06,9.333095445680837e-06,9.433856654216242e-06,3.9077547460377696e-05,5.283774335036645e-05,8.749446387652183e-06,0.0004333761246415325,1.561267867690923e-05,8.487525420626712e-06,0.00022568195606128942,8.53700556258767e-06,2.9263077841482833e-05,8.047347328555378e-06,-0.0001255737427580163,5.2980714709778316e-05,2.75649998104916e-05,4.268749360149607e-05,4.179504692933449e-05,4.161390109500135e-05,4.188407496678477e-05,4.148873270221116e-05,6.870139546896713e-06,6.795043018064753e-06,6.730139174535487e-06,4.084426400294424e-05,0.00012455450576633636,6.59363557442817e-06,6.6658481847572806e-06,1.1848698610758025e-05,1.195955139289811e-05,6.362166766780213e-06,8.575126410765714e-05,6.302405858100627e-06,1.1447222809397626e-05,2.8369084980900655e-05,6.199889607024791e-06,9.718611082978579e-06,1.3980900860756499e-05,5.027500723096119e-06,3.0553515912612114e-05,4.7705458808506614e-05,2.9193857122585113e-05,2.8364624926599636e-05,8.166591906926496e-06,-2.6725277715309505e-05,4.422796862544472e-06,4.34838067362888e-06,9.261601233898283e-05,3.875819323569151e-06,3.655411471454326e-06,3.5550557611674173e-06,5.432953380768461e-06,-6.732221972941511e-05,0.00016444579197215313,1.986174833734946e-05,-1.052374713001865e-05,3.547956225534291e-05,4.800189730188427e-06,5.678630771810132e-06,1.1987748082041175e-06,2.257103868598183e-06,1.010526879947582e-06,7.668947590275616e-05,1.3473180688434507e-06,6.647168107930523e-07,4.448875199213868e-06,2.1159442387904614e-06,6.982131977217876e-06,1.9701639949830466e-05,5.234246164055768e-06,1.5963461189128983e-05,1.4348581351867135e-06,1
1.0107584007900724e-05,9.54277212986869e-06,3.0248243565846785e-05,1.9625198365376123e-05,5.787909300306296e-05,8.932248798201981e-06,2.65748538568822e-05,8.643013069326618e-06,8.626841721159937e-06,1.7512529681293185e-05,8.497182720164928e-06,8.599627219984914e-06,5.2466556658120866e-05,5.098875556803049e-05,8.46660036008412e-06,9.762442246480419e-05,4.886882132641163e-05,4.844837926805926e-05,-4.787917912550036e-05,4.660008828743767e-05,4.567508292587817e-05,4.637904908221182e-05,7.3322091659616644e-06,7.593020261982864e-06,1.498869433174797e-05,7.547962954823576e-06,4.2647792651683426e-05,7.415501621648882e-06,6.805122358015144e-06,2.7628768138790293e-05,6.565117252912658e-06,1.3160506921922932e-05,8.920545270362688e-06,0.000131254198507265,6.541469122065645e-06,4.018029127579391e-05,3.8566187519206424e-05,5.3752629753756016e-05,1.2094554065143409e-05,-0.0001798782259188769,5.986321821177854e-06,-0.00020378970904851793,5.9188422548802605e-06,-0.0009071097909700684,5.890503525575596e-06,-5.883719602679789e-05,1.2355949430880946e-05,5.97851745286317e-06,6.041758633145543e-06,6.1114500914744445e-06,1.769384625741979e-05,7.386027680022001e-06,3.993508859465067e-05,3.3222736727138295e-05,1.1503645516569778e-05,1.7529820819445342e-05,3.284929591325633e-05,1.553347584230657e-05,-5.118958149255247e-05,-6.581584666856762e-05,-0.0004801660042163909,5.052123565989783e-06,4.5715769411488e-06,4.093963692690693e-06,0.0003974552064332538,0.00039803543549115847,0.0003964248349159433,7.84264819683082e-06,3.627440518846137e-06,1.4774987832205125e-05,3.35534522449652e-06,6.872708235246076e-05,3.33216649874118e-06,1.596052599573138e-06,-2.2579717164666756e-05,8.762679617334323e-06,2.6617353636631725e-06,5.473510520176395e-07,1
6.0368450509581174e-05,6.028355784030884e-05,1.1644636998981605e-05,0.00010605564670305673,-0.0001995647506434349,2.0306561824669773e-05,9.807435917558885e-06,1.6877674255067965e-05,0.0001247443460255697,-9.221384234249122e-05,1.78870549543307e-05,4.4269137896144664e-05,0.00048136798153490095,0.000520140038148024,0.00018915273100601627,-0.00011255577001158663,8.808491908341291e-06,4.898645302864064e-05,1.7376917958307214e-05,8.454224359392402e-06,2.7756593456538035e-05,0.0001408885010428953,4.8651234870902626e-05,3.589075460185525e-05,1.632772692169401e-05,1.6945577145803745e-05,-9.746154096662987e-05,4.406331937995509e-05,7.364183112311149e-06,7.0898376934845584e-06,4.151687094097981e-05,6.138969399296996e-05,6.475198614913328e-06,6.414933983473651e-06,6.552399673084454e-06,0.00010024839969760888,4.7696016808594364e-05,0.0004697212204378951,6.638757455224903e-06,1.4128105428084856e-05,5.808521228930933e-06,5.674998314789254e-06,1.8504553923492447e-05,1.2603268241100325e-05,1.1904831514395833e-05,0.00011835434551457062,3.857588792992079e-05,5.617135290028716e-06,-3.2174800486482635e-05,2.535630091786501e-05,1.7427594535516556e-05,5.1366300740862344e-06,0.00010483812704448091,5.502043822989306e-05,4.440994362823152e-05,0.00032753502702381786,3.8776347789492255e-06,1.686282441441328e-05,0.00017095467024598584,5.674686635412203e-05,4.312551871743929e-06,3.553418425391459e-06,3.0076548839950002e-06,0.0001162923922087055,4.495661230521912e-05,2.2235745326085006e-05,1.7904142970086416e-05,1.2401669497681613e-05,1.6791592802902922e-06,1.6332766339015348e-06,1.8754543221818082e-06,2.5133192311791483e-05,-5.449747284966198e-05,2.87653081839983e-06,7.017449117785057e-05,8.63436679219124e-06,4.1975267885497267e-07,2.08366822275521e-05,1
5.988708095089784e-05,9.342901994276965e-05,5.491261123444514e-05,1.2495484090552964e-05,2.012713196221083e-05,5.328129759692281e-05,1.8904945759723992e-05,9.054170453045553e-06,1.8852023187320514e-05,1.869779800846861e-05,9.422328713004486e-06,0.0001082711308843131,8.42440118431986e-06,3.79348527968757e-05,8.3348895134503e-06,5.5354265291345646e-05,1.7652499549668802e-05,0.000106634681612143,8.28957498873901e-06,8.41813457058215e-06,5.9767582042908796e-05,2.577676151478592e-05,3.0298797761798702e-05,8.689652296844595e-05,9.005868900413652e-05,0.008628645238896403,7.746726231685603e-06,-0.0005265875562551055,2.660968701342901e-05,-0.00012163260847292666,1.6107074831798873e-05,5.067858143583275e-05,-4.6339679755393505e-05,6.523413863255726e-05,-9.562063909856687e-05,-9.924857343957025e-05,-9.833468408538722e-05,4.396651935705335e-05,7.326776698821821e-06,7.260614594950029e-06,7.181783909370343e-06,-9.523970736559523e-05,-8.956019926709638e-05,2.749219064064806e-05,2.2873939982868177e-05,1.4624429310461524e-05,7.512031611508101e-06,-4.068842066463367e-05,-0.00011239239157251072,6.864400398041841e-06,4.515695589989483e-05,4.4920086320693794e-05,0.0005262866572684164,7.653868813926856e-06,3.6793554780773545e-05,-3.8510135947609624e-05,6.40348784437582e-06,4.385018617470467e-05,-0.0003135062142609528,5.014184751101337e-05,5.456328630812453e-06,-6.68448825758739e-05,4.902882213895954e-06,2.671000773645136e-05,3.848949147645115e-06,3.388864413915122e-06,1.3785561270364793e-05,2.881835443508682e-06,2.911844166729709e-06,2.241726750072237e-06,1.2988357477999446e-06,2.4014757436857947e-06,1.0016958710774633e-06,4.739115159934869e-06,7.293866315178143e-07,0.0001898246937280191,6.798051989199503e-07,8.093453244704242e-07,-1
2.3062923426455517e-05,3.524726628593801e-05,4.220514576141984e-05,9.728009177417765e-06,0.00012538965126638522,4.467106046913489e-05,0.0002953555743616034,9.049546218671714e-06,0.000293281523749208,2.1195781900241334e-05,9.923389372619145e-06,-5.3436387884648345e-05,0.0002862437847605162,0.00015703738541257773,8.078770531128884e-05,-0.00038059050442841363,1.7777917784594186e-05,7.990929769218877e-06,0.00020678546143056603,7.143777203183421e-05,0.00013967200978991283,0.00015559147420689766,4.743640453609246e-05,7.006571574086499e-05,9.500051596983761e-05,1.7618548759966667e-05,7.63412213935119e-06,7.723635022408052e-06,-5.6517963223257206e-05,7.105906662464261e-05,7.788337053106468e-06,8.720782179388688e-06,7.555275619596999e-05,1.0011696642245592e-05,-7.092843089222364e-05,9.079180336305712e-06,6.984722443038205e-06,1.60527367772998e-05,0.00014403905717074212,2.467188350140816e-05,1.946284783289558e-05,-9.860709887025504e-05,6.569004377415359e-06,6.574254857415622e-06,6.737374286161828e-06,-3.556179375111789e-05,4.514335849495292e-05,5.9243797683454766e-05,-5.487044669074563e-05,0.00011680296857073689,5.706556242278918e-06,3.4166090631517974e-05,1.2469410561754216e-05,-5.14440132694584e-05,5.501097965915582e-06,6.7754894563588765e-06,1.2558162647377983e-05,5.760014467625604e-06,3.2565794798793814e-05,3.115415268901881e-05,5.74950299389906e-06,1.819564272991471e-05,5.179746294964435e-06,1.6857842301430367e-05,0.00010199130005902843,3.684534410610734e-06,7.179113395870551e-05,3.276232096313999e-06,5.790099208154892e-06,2.674523422613546e-06,2.5072251160447606e-06,3.95536220679894e-06,8.947273246396134e-07,9.113891929321739e-06,9.65988832842392e-06,5.393528761150333e-07,4.396334720976019e-07,2.1626693684152244e-06,-1
3.1915724793817996e-05,2.27199950249347e-05,2.1502440178759214e-05,-0.00022123521697495975,1.0676660090785465e-05,8.817967139636977e-06,8.726311516245861e-06,-0.00034812414605457035,0.00012565005660282255,5.9148436747706086e-05,-0.0002129261347440326,9.53279646723056e-06,1.973116997709259e-05,-0.011695307832308157,1.2678654636238412e-05,7.843743625280884e-06,9.977544755399015e-06,1.6126131827169943e-05,1.8521075384156285e-05,7.427041239272916e-06,3.305918804516024e-05,2.9778666619154295e-05,7.720297237755641e-06,5.228314561140837e-05,4.476728845288911e-05,9.724248944435677e-06,-5.178585973097228e-05,7.87503442871179e-06,0.00030011783824605127,-4.306346555323591e-05,1.6554293057546998e-05,7.654332654280586e-06,2.2532624786487002e-05,-4.6611960503104446e-05,7.042278287461773e-06,1.4528288225669262e-05,6.709338334701565e-06,2.7755056711196416e-05,0.00012984485525531232,0.0001396477538911167,7.526446597548367e-06,1.6473405229477676e-05,8.25201938387934e-06,0.0006287644844295594,0.00011975310735153581,0.00015919785874056743,6.423215960898714e-05,1.2669903480175599e-05,0.00011695859875195554,0.00033968098247756916,0.0004824418774645669,6.058319298769342e-06,4.560785051481183e-05,1.4383712937143145e-05,-0.00021290544759031499,1.4228561845380152e-05,5.828057605886108e-06,7.503769865512553e-06,1.4003936092539622e-05,-4.472159034395578e-05,5.584777079938895e-06,3.632603028559842e-05,5.606155009392701e-06,5.610502999874294e-06,5.361866182578782e-06,8.692474196215756e-06,1.2358155224334174e-05,0.0001138314558848023,2.897748906557362e-05,1.2751347487258665e-05,3.537344505811929e-05,2.0832894161555336e-06,0.00016998857984036803,-0.0005691635521119722,2.663144212755223e-06,2.33182094670234e-06,3.01736506697354e-06,1.9531713671598654e-06,1
6.795186300549718e-05,2.0138758295809285e-05,1.075277089603355e-05,1.075277089603355e-05,9.415142477343234e-05,4.0018647069124785e-05,0.0003549582809175368,9.402961682361383e-06,-0.00022656378181427648,0.00014055348568947838,5.87912293273748e-05,1.7499208104483346e-05,0.0004207471629689003,8.885081648587787e-06,7.721870170319028e-05,0.00011474585760710703,5.4914322958430496e-05,5.032297170044386e-05,3.9640784186085154e-05,1.0896245698595376e-05,5.415176965495122e-05,1.8422782511151207e-05,2.939894953093997e-05,2.0536741471508386e-05,2.0462077344437405e-05,-0.0005058516693554267,4.1827442553333326e-05,-0.0002410704181407143,5.961483908692569e-05,-0.0010570427591306583,0.00013833728301814902,7.470208221757119e-06,0.00011631669799922607,2.408747990663623e-05,7.17861824327015e-06,4.949359979155085e-05,6.8902616652136286e-06,4.3862106642926675e-05,2.943458248377518e-05,6.436004205331697e-05,4.0305622110459055e-05,4.2615715934507206e-05,6.485147848668288e-06,2.4071113868840525e-05,3.947894811934357e-05,7.363327815271898e-06,1.0908105722191363e-05,7.625159422664646e-06,5.996857796886515e-06,7.63507607465691e-06,2.8824323001429748e-05,9.828854715234789e-05,5.744652823572935e-06,9.104193297994921e-05,8.234211825787081e-05,5.59543974781176e-05,4.930115809836092e-05,3.6167618322753975e-05,-0.0005840960894845196,5.000986427005511e-06,5.216594151543192e-05,2.038615330333108e-05,7.63912791309894e-05,3.337613746828463e-05,4.983523930537908e-06,2.1363799434889295e-05,2.1076020116537755e-05,0.0001447038402240913,1.2383422864620347e-05,6.083097039714068e-05,1.5536765430863347e-05,-5.189567568977199e-06,9.565399282313673e-07,1.8255280794163606e-06,7.006379036340291e-06,1.3478912192864914e-06,4.012996022603168e-07,4.4023179348595144e-07,1
0.00010866509550956146,1.013629423409143e-05,3.287121598522053e-05,4.319256216360544e-05,9.759279496214883e-06,9.71932623296788e-06,9.451977169649804e-06,5.594059078300593e-05,1.948282827457416e-05,9.166587354955232e-06,0.00011569140153797129,-5.4246813719847555e-05,8.795353136269588e-06,8.487330247078946e-06,8.424199132579346e-06,8.389569993320496e-06,8.350238195877574e-06,5.526667233568251e-05,1.0021408002469066e-05,2.681366720630962e-05,4.8038659530988535e-05,-9.890674278322892e-05,-9.889527044908165e-05,7.64421433909024e-06,4.207534779407816e-05,7.414338296196798e-06,7.632351759638137e-06,7.3376459307438705e-06,7.255844273449564e-06,-0.0002410939750867748,7.387750955172306e-06,4.314817507346164e-05,7.155183051508299e-06,2.3112764525245762e-05,2.3234188015654466e-05,0.00013686805513963185,1.5518733232900997e-05,4.1533707157759626e-05,6.913308695440012e-06,-4.052358449016511e-05,-4.0047642967124276e-05,6.695113066721653e-06,6.644663813204748e-06,6.307272141384919e-06,1.345060641571427e-05,6.247315172044803e-06,3.4474166923441394e-05,2.21110606058071e-05,0.00042928216035287867,6.0524945250933875e-06,1.429938771848726e-05,3.346910713221306e-05,6.112912116701845e-06,6.343960283401273e-06,6.211536640591412e-06,0.00032024568310748684,-3.596844251225913e-05,5.9580135886093065e-06,5.3979169954983625e-05,6.625824605623118e-05,0.0003151907559374528,3.920210966967662e-05,6.356516467438137e-06,3.169506649756969e-05,1.935450547763658e-05,5.812676659337999e-06,5.529936969821642e-06,5.3614636621299805e-06,1.1513251859713135e-05,1.1409916183513023e-05,2.8372865714585256e-05,-6.044377317840445e-05,4.988546667315384e-05,3.988728055532717e-06,7.278510346128514e-06,3.908918540899605e-06,5.872762556303553e-07,-1.378874119917453e-06,1
-0.0023839774574322356,0.0001824301304518931,6.15394824835818e-05,1.041497829381231e-05,-5.890029463274677e-05,0.001275981406438335,0.0006004773378420316,-5.7162077828436213e-05,0.0006512969409716448,0.0007083645674333821,9.190998192980999e-06,7.43529535110497e-05,3.323397860552438e-05,0.0001230294174217278,1.9066237109068863e-05,-5.8036033045876844e-05,0.00047035541817271574,4.940823377563609e-05,9.380426065815941e-06,9.380426065815941e-06,8.612322186766432e-06,0.00046820440966367387,6.203278494522838e-05,8.093974460960617e-06,7.818814712622915e-06,0.00043524290591142006,0.00017231327056937607,1.2271888134929546e-05,0.0004484503275416315,4.51039351873294e-05,0.00017702665014376326,0.00016871302504035835,0.0004110945665289896,7.580369857095675e-06,4.472541323900367e-05,7.238906167766319e-06,8.003174603795389e-05,7.140164316613967e-06,7.183490792524514e-06,4.130718945156664e-05,7.140873974818508e-06,3.1621034513693906e-05,7.062743142357494e-06,8.590191355658496e-06,5.5623687007440105e-05,6.518866291228564e-06,6.5747895680793056e-06,6.4333280515489325e-06,1.2915917279851411e-05,6.129502231215255e-06,8.560828261939585e-05,7.172446588289248e-06,8.604828857672252e-05,5.913696166327658e-06,6.220846637865582e-06,5.944856323331356e-06,1.5907410781104182e-05,6.297273278145661e-06,5.8721536538381296e-06,9.061773248955969e-05,5.2043762649667055e-05,-6.116738134391794e-05,-5.3813327749701796e-05,5.731887104082448e-05,-3.169346532768188e-05,0.00011074322652851186,5.0660291173691555e-06,2.937353789685097e-05,-2.8262322275040735e-05,9.412687219145992e-06,0.0002962382395342397,3.837933337448618e-05,4.1673561112048046e-05,2.1294364286305994e-06,9.78774965007586e-06,4.80447103113253e-06,1.362843486743988e-06,9.79826860311541e-07,1
1.025516529995865e-05,4.656310570607387e-05,1.6322075513343958e-05,3.672466990502389e-05,2.2466644833233777e-05,9.310610527998851e-06,9.1767307060826e-06,0.0001443215306320675,3.742058899131937e-05,6.704557171072074e-05,9.096947172473524e-06,-9.952069615939712e-05,3.2250721124077754e-05,-0.00027393064737949813,2.1031587733466722e-05,9.081653526095021e-06,2.764962287214616e-05,8.198788954755772e-05,-4.9159834234441396e-05,8.390429704548663e-06,0.00015061121464502987,-4.724656994984048e-05,-5.9997664164876574e-05,1.0664317164541858e-05,7.261298080207468e-06,7.491968588810443e-06,-4.3979204482183905e-05,1.0372131931894034e-05,4.206052520477927e-05,1.250725722804495e-05,6.9568321761413536e-06,1.2103569932422283e-05,4.516357190914245e-05,4.059187284218771e-05,2.7192119574590203e-05,3.899612252453279e-05,3.228344186934943e-05,6.748720660722337e-06,1.6275766084476833e-05,3.93416879299048e-05,1.5884325109851952e-05,6.48594353321384e-06,1.57960605357918e-05,3.8242029062041216e-05,1.1266871611465319e-05,0.0006228976236422146,0.0003352402945623709,6.251861927812609e-06,3.6856001996225296e-05,3.660424188422413e-05,1.811303463170083e-05,3.206708953538457e-05,3.182293003890421e-05,3.58846029918512e-05,3.4389128669954586e-05,1.9156217905242567e-05,5.856772615751228e-05,5.955288296915039e-05,1.0992410775091575e-05,6.203743091072752e-06,5.923927943674038e-05,5.3097430477107116e-05,-0.00010501737348584085,5.444500112621765e-06,5.399343378788149e-06,0.0007674563449694644,0.00026810137995740427,3.1652959681534356e-05,5.079679859810368e-06,0.00033401108760624767,4.99359354957248e-06,1.5609591150699968e-05,5.7383789593929956e-05,4.9345594159036434e-05,-8.1590542107263e-06,2.825067862292845e-06,2.844480658349121e-06,3.9342787757737405e-07,1
6.471757687104424e-05,1.0786262811840708e-05,1.2952693853045272e-05,0.0002526599432702706,1.0018308473485048e-05,6.079203354984274e-05,9.863584602847726e-06,1.2335940570596658e-05,2.482505277247303e-05,0.0002539071324140663,1.7201264309207455e-05,2.3406688315399848e-05,1.781136062266497e-05,0.0002408183951059623,1.895882805909604e-05,0.00025767669132567274,8.797028528473514e-06,8.976141550057147e-06,-5.2734560062543916e-05,9.014947338886823e-06,0.0002890514478590237,0.00017060671958373335,0.0001692988493345919,3.194739712016053e-05,1.2314395581317368e-05,1.490043871661137e-05,-9.285304896905005e-05,4.526623739741038e-05,9.82100006182893e-06,7.62678225712226e-06,5.744248874022954e-05,3.7428008492189185e-05,6.955019566115477e-06,6.979725286222713e-06,6.937108148417616e-06,6.864324322957688e-06,1.0904635922198456e-05,1.2430239011078886e-05,1.0649718457148218e-05,6.280764914698073e-06,3.823656312550054e-05,5.9795426790828325e-05,4.072432876456162e-05,6.344418559871573e-06,4.6744683588833364e-05,6.595454187326173e-05,6.1760774215582305e-06,-3.678219339067224e-05,6.649813042129265e-05,6.033229742583392e-06,9.433684915048104e-06,8.645307634250143e-05,5.971896184888968e-06,5.923713278415703e-06,9.488313352611575e-06,-4.058717366588253e-05,7.791119834418544e-06,5.6334525335448895e-06,5.975691947359643e-06,5.577633635282143e-06,5.518247479957829e-06,1.0458562795027038e-05,5.483580324986509e-06,5.263983360010649e-06,2.9273062854705418e-05,2.048661130207273e-05,1.4511287314656948e-05,2.288367536505849e-05,3.282729892664668e-06,3.8993659040441e-06,1.3045693828659825e-05,3.085581879002865e-06,3.210941068653199e-06,7.898857919844352e-05,-7.342557424727365e-06,8.83644090102376e-07,5.668180690199158e-07,2.8742462455791476e-06,-1
2.6837499110187083e-05,9.341237703520385e-06,9.334221443800306e-06,9.32018892436015e-06,0.00010677133977516696,1.738541017358325e-05,5.331451414932773e-05,3.2286063451061844e-05,8.815585247833161e-06,2.5218495434667827e-05,8.405670412675802e-06,1.4901641172676117e-05,0.0009667951383540707,5.699352854589935e-05,5.4774712967749917e-05,2.0638115282526473e-05,8.754902596140211e-06,0.000210623927624608,7.389018809832502e-06,1.4069670426835506e-05,7.717177116301842e-06,4.316557337505891e-05,0.0005753964132709761,6.826965701948365e-05,4.025825208475711e-05,4.017406238394099e-05,8.093772118287784e-06,1.2716330607851335e-05,1.2016902465488063e-05,6.534719698239124e-06,-0.00014025846445737367,8.182080797588303e-06,6.284585519035553e-06,-4.1456671269941756e-05,5.006187512993494e-05,2.9290891083824823e-05,6.009324941036188e-06,5.818335581042798e-06,-3.435158153424e-05,7.197740553019321e-05,-3.496649693756026e-05,2.3439843301513097e-05,8.257886080648341e-05,0.002480621071551059,5.348498453430664e-06,0.0001760146756572266,5.109118184206302e-06,6.006476230722733e-06,0.0003572151337937044,2.1154206730583614e-05,8.624484656879937e-06,4.784741743692524e-06,4.727176928187681e-06,4.583034100820836e-06,8.29882625976792e-06,2.7120356778237235e-05,-2.7169343942701265e-05,2.501508773134561e-05,2.3665266780477248e-05,3.893192728926083e-06,8.192192408979114e-06,0.01014342884369318,3.312460310370424e-06,8.718020272495095e-06,-2.2302496428471323e-05,1.541216948184152e-06,7.793755229042464e-06,1.1751791489069304e-06,1.1005871923015664e-06,0.0005865494057332854,-2.537927281393242e-05,3.937536215566492e-06,-0.0002080857160740046,4.672898498984324e-06,2.1747739213382872e-06,4.2653042687263574e-07,1.189938114622023e-06,1.8561087931512648e-06,-1
-6.14475433297903e-05,6.0291069737152037e-05,-0.00011476893853600015,0.003221222414899136,0.0026515178351526254,2.70550253865625e-05,0.00011095857635361207,3.5429265562123164e-05,3.475550604298325e-05,8.396845683651639e-05,2.5454704507483835e-05,8.384306090590517e-05,5.28284041529108e-05,8.650529659682155e-06,0.0003060603333243388,0.0003057964940044655,8.731216133395772e-06,8.700741509466735e-06,-0.00019282582692284255,1.6308868648917208e-05,1.637041643294813e-05,2.388302693153651e-05,-5.0551916861671516e-05,0.00029600485851620533,0.00011378294758153066,9.493227004916579e-06,8.182280211449732e-06,8.222826130328094e-06,-0.00018754051669218373,5.2024752362419234e-05,7.974934608636863e-06,7.958412732769983e-06,7.914212554011688e-06,5.220024510782444e-05,0.0001879926774460564,1.4541581707104286e-05,7.612962024387111e-06,7.539576855361965e-06,7.52104966294734e-06,7.2760800897162856e-06,7.204832564099754e-06,2.8719422859712734e-05,-4.185201719182666e-05,6.934970547856518e-06,-7.022292975099305e-05,6.8410615610663865e-06,6.993608225358051e-06,5.534067573791696e-05,0.0001872611655818258,6.538156588655588e-06,0.00012324795560605763,1.2348644926151821e-05,6.358646844964404e-06,7.016395776507387e-06,1.3664127893822924e-05,1.281404550729801e-05,1.984453785700326e-05,5.942510187180163e-06,6.022358121481452e-06,5.3845043426687875e-05,5.787310642626203e-06,3.36627510312106e-05,5.557263269531023e-06,2.9981196180867127e-05,5.408376261573091e-06,0.00017457189626868784,9.509893134974818e-06,1.7699041396484288e-05,5.019391880710385e-06,4.295394582719862e-06,1.567014821394821e-05,4.1385625329853124e-06,1.8896711926572044e-06,9.866232965524855e-06,5.739040218820164e-07,3.6734202306787785e-06,1.979873396937781e-07,1.3521002541510791e-07,-1
1.787025914801384e-05,4.53756350676512e-05,1.4471494548630088e-05,2.2598227257344686e-05,1.5096798373417087e-05,5.7100660861538296e-05,5.2815144158850345e-05,9.469598498089264e-06,1.0808313805747748e-05,9.439105147752351e-06,9.332887059473849e-06,9.101346169776417e-06,1.292489965330542e-05,0.0002646084276724348,1.7985884273322715e-05,8.708527349688803e-06,9.196394408253119e-06,8.477164523233733e-06,8.122284122562675e-06,8.09504694023265e-06,0.00048010661352621936,7.64753659753712e-06,7.64049051458074e-06,-0.00208991739610094,0.0003617756053557969,4.958794083594441e-05,-0.0016656706458709986,0.00035505105673030757,-7.66535773981012e-05,1.5685377016630802e-05,1.5545084849722772e-05,-0.0016234162295179677,0.0003374550446467835,6.91176802960115e-06,0.00012933445813330692,6.791193494441625e-06,-0.0015795627628319268,0.00012738091278115623,0.014143361335660376,9.565823486740975e-06,7.225399289272487e-06,6.470550637133129e-06,1.7354187691734422e-05,6.813669643395594e-05,6.218219476552022e-06,-3.6594861568516416e-05,5.907923038589719e-06,3.4805008673369636e-05,5.743074699220658e-06,2.4646652981604434e-05,8.045461450303926e-06,7.8487376033711e-06,3.355703646359459e-05,3.1806277398878045e-05,5.247650674249475e-06,9.265388097503167e-06,4.994754376469949e-06,6.865550643508047e-06,6.762095103941734e-06,6.720113968339299e-06,1.2360443857457475e-05,-0.00015790572640820338,4.365840095857118e-06,4.342065959291665e-06,4.2524254576053775e-06,3.7483291832473796e-06,-0.00011836423446994076,0.0002226517805337556,8.865750859868733e-06,0.00020382903771393575,1.906260369380702e-06,1.2007364615142375e-06,2.190325824286707e-06,1.9121237090861502e-06,1.9095732882902972e-06,5.885430904994152e-07,6.753049254287078e-07,1.7128971702167335e-07,-1
9.87220863020655e-06,3.0227771577937874e-05,1.6174393891388176e-05,1.4780881476037897e-05,0.00024348784764803867,1.831505327427719e-05,1.6591357154187763e-05,2.607010661417289e-05,9.004829272972254e-06,3.605869762435783e-05,5.377795935622901e-05,4.991663979722679e-05,5.066695382062335e-05,2.5010210629950353e-05,1.242271518358639e-05,1.4183952642524744e-05,8.28492938775594e-06,-4.927074233654809e-05,8.294420775060328e-06,1.2106511151926811e-05,1.3837239648490984e-05,1.2003469213628292e-05,1.93894841657984e-05,1.2387036219155159e-05,8.161108543770025e-06,1.2208766109327143e-05,1.1566108321438234e-05,5.2088886051547474e-05,1.8436200096100263e-05,-4.644696597869835e-05,4.3419188979985326e-05,6.9569587257064294e-06,6.949969406432485e-06,-4.545946479860573e-05,6.929001448610652e-06,6.919655586893204e-06,5.192773439242527e-05,1.4144237631200918e-05,1.4039376907283582e-05,1.0420206488051082e-05,6.440558331349236e-06,1.0132088481189513e-05,3.3801890409034065e-05,-5.380849841904006e-05,1.176922191678195e-05,0.00011169313928560082,3.313319795606891e-05,-0.0001416780899713834,-3.4739471009160765e-05,3.4193287538378195e-05,6.149179252851628e-05,1.0539402532108313e-05,5.313164789128145e-06,-0.0010585247375399843,8.791359640334085e-06,7.254557989195934e-06,8.078359477391928e-06,5.05706308517095e-06,2.534443906113018e-05,9.509754694330743e-06,7.68788239184224e-06,4.793269771880392e-06,-6.525643935199532e-05,0.0002002913468531623,2.1417615078675585e-06,7.037080060715095e-06,1.5610594482130394e-06,0.00013201308376954525,1.288625833695042e-06,-8.046632779292947e-06,1.1958888719386673e-06,1.1327476019589772e-06,1.3786561209542755e-06,1.0035482837726621e-06,2.7072750790136397e-07,8.195961810116694e-06,4.777332202607682e-07,3.834191668524762e-07,1
1.3362076459915807e-05,6.417098682222885e-05,-0.00015620800223448353,0.0003898523195252641,-5.359152680543577e-05,2.554060898516495e-05,2.927676821627424e-05,1.0255910150632956e-05,9.202435591855667e-06,8.548115957027785e-05,8.870108143647742e-06,9.246806999130382e-06,1.6158507701236548e-05,4.319440362154883e-05,8.924046677031548e-06,0.00019549923330861206,8.153330861160616e-06,4.901927211902041e-05,8.135415051653334e-06,8.00757001374226e-06,1.3700074754086965e-05,7.997678935410703e-06,3.278610784582529e-05,0.00010755379805185694,7.889126616994741e-06,8.203103160242104e-06,1.190320341270237e-05,7.77182511068401e-06,4.595164309269002e-05,7.975779170116993e-06,3.172675884027109e-05,3.6177536019047585e-05,4.518087095460254e-05,0.0001168648592809295,1.0683314790771865e-05,0.0001400309381827825,4.79569694386824e-05,5.330142396150644e-05,1.1971665526729603e-05,-4.583141198103988e-05,6.293008744601089e-06,2.6707211223692017e-05,7.117536092629262e-05,5.818789662479296e-05,6.515886001677743e-06,1.1946520470199949e-05,6.042762742760422e-06,-3.5774721553921925e-05,-4.3547094165385154e-05,1.554046477562556e-05,8.970567125239317e-06,6.657908068584732e-06,1.5682053510539803e-05,5.19925217502329e-05,-3.422745558081651e-05,5.727605187382495e-06,-0.014313414186684281,8.598921487647643e-05,5.927217688362166e-06,5.97308635502387e-06,5.386318057395313e-06,4.9994068662880844e-06,5.420480823439333e-05,6.929803143591903e-05,2.471528063559872e-05,4.946734285553149e-06,3.4375574024424813e-06,5.830660872151979e-06,-1.2849910475891041e-05,2.1416517459818403e-06,4.804810369878721e-06,4.612728627145596e-06,1.1515606020916737e-05,2.9247177452088983e-06,1.1907934201200933e-06,1.4951521058648479e-06,3.5148399295475277e-06,4.041987132462339e-07,1
4.3586878074992395e-05,9.82162800252404e-06,6.0239295746453325e-05,-0.00017227296048809204,5.7082201196863735e-05,1.848625916711408e-05,9.059955060487705e-06,5.4359730362926224e-05,9.196372519700916e-06,1.0600880467823887e-05,0.0005395494020431113,0.0003968188019665205,1.0112902836411525e-05,1.0112902836411525e-05,1.0112902836411525e-05,1.5785073466321723e-05,1.5590224484629912e-05,1.8112065839432066e-05,0.00019156077874342154,3.317153257949875e-05,7.931014040436076e-06,0.0001036966919794912,7.633944837582149e-06,3.206326893277425e-05,8.36347694615378e-06,7.712014633329335e-05,-5.603002339378103e-05,1.6669514794960603e-05,4.244951212779077e-05,-4.405865914072583e-05,0.0003624239020279306,0.00026193588494595265,6.919782812475977e-06,6.74393141982101e-06,6.71028626486379e-05,0.03187260669751052,8.007723799044274e-06,8.676569401670172e-06,8.63843692064322e-06,6.321255360386234e-06,9.35602315494288e-06,1.6789862388972376e-05,3.751729546105466e-05,5.299078762990776e-05,2.4503624232559963e-05,1.0772676715275899e-05,6.199070931053515e-06,-9.899466385362441e-05,1.0557971229045226e-05,6.6894285516793625e-06,8.007510138047595e-06,6.301421906172818e-06,5.308313349917879e-06,4.6181537264141925e-06,0.00010153760318478235,4.635454059077527e-06,2.3155722824801825e-05,4.335110100511779e-06,5.012407987311399e-06,3.5929186497395277e-06,6.6915606557426104e-06,6.799946616960635e-05,2.0334535954843207e-06,5.670864540274975e-06,-0.00014078357151036663,-3.075636782212428e-05,5.088130540262493e-06,-1.8545241456395825e-05,3.1109688627694607e-06,1.9916326347395604e-05,1.666260963132646e-05,7.385622453657191e-06,1.159944210739756e-06,3.3384314311018738e-06,1.258987721539205e-05,4.2793439337047347e-07,8.049507018820629e-06,2.976439134328766e-07,-1
0.004139964279615287,1.0878655386621228e-05,0.00018430638483528465,8.385971662220432e-05,6.201011353139752e-05,8.396282660897317e-05,9.699558412212691e-06,2.6483156538897056e-05,1.035144107143875e-05,0.00022127614877364213,9.077843899145767e-06,8.975473770008049e-06,8.601560065986772e-06,0.0017390220906430343,8.271624637686021e-06,9.35408621019856e-06,7.963206737317928e-06,4.713371458592784e-05,9.073098834634083e-06,4.2882891861557276e-05,7.80862436007789e-06,-0.0002229297239296491,1.5256504012746851e-05,4.369091011670263e-05,2.7669445422791986e-05,8.607560714478194e-06,8.734679570139685e-06,6.806248262429462e-06,7.935983504645352e-06,1.9611382280724155e-05,6.851104176771858e-06,3.858618452993499e-05,8.599772719680273e-06,-4.420609589910537e-05,2.713404742639006e-05,8.162911179214805e-06,2.2117448023184034e-05,-3.9405047966430185e-05,3.965194557322965e-05,1.024213385427052e-05,0.00012062221270504067,6.529192783024185e-06,9.32348467356269e-06,0.00019901618498307486,2.9181158676980213e-05,3.650369184914559e-05,6.903348459577231e-06,0.00010353802671199191,0.00010686564236729133,0.00012626996647484745,9.11902578695327e-06,6.077988915447571e-06,1.9169445226760796e-05,6.310951999081837e-06,5.2111869711992206e-05,2.249932145243712e-05,7.286885997707117e-06,6.569268036195233e-06,5.674138214490244e-06,6.276181564459725e-06,5.194969895121521e-06,5.469066128516899e-05,7.320431153613799e-06,3.527693309378294e-05,3.4808775055810706e-06,8.608480185745709e-06,3.091591187088036e-06,3.7508758441287422e-06,1.2439508996444128e-05,9.914158474828736e-06,1.443308706217277e-06,1.8257702814785936e-06,1.2989076951951768e-06,2.2279336230835364e-05,1.0041172294865787e-05,1.2834707922398071e-05,5.58120488673143e-06,6.819189353946013e-06,-1
1.0105636269835244e-05,2.8476724140948136e-05,6.0454747097912805e-05,1.4226998505667088e-05,1.513268070872765e-05,5.8406472979996934e-05,5.824627823106899e-05,2.129458328524995e-05,9.393444990915435e-06,8.066998802039229e-05,2.0858179217193114e-05,9.33094108403377e-06,1.033997755389826e-05,8.967492327190074e-06,2.028919580405504e-05,8.44378791947776e-06,5.057831355496099e-05,8.106132071855476e-06,8.035787103600835e-06,4.125584907822518e-05,7.480061854389158e-06,7.4356258882851345e-06,1.8262525248402703e-05,1.0687946019062984e-05,7.13887439467636e-06,1.0766531391251758e-05,-6.222226580224121e-05,8.390357318659623e-06,4.074408699296196e-05,-4.149514236003326e-05,7.010594384444997e-06,2.351392477872997e-05,2.3270969107084344e-05,3.401932373630087e-05,9.374464397733058e-06,3.9359115344458465e-05,2.571087929217779e-05,6.586838537241221e-06,-5.9131210596472797e-05,-6.0404763171393986e-05,6.444269469342979e-06,9.16638170063858e-06,-6.618767525645368e-05,8.98895952756412e-06,5.748682888710752e-06,6.744171130747963e-06,1.8525967859158178e-05,6.579370544574806e-06,3.987310109341596e-05,5.743901302084983e-06,1.9945522404694027e-05,-4.050205942747703e-05,1.1115138090085798e-05,9.073247400344796e-06,5.5885011615078465e-06,5.3415748194480254e-06,3.752289310192212e-05,5.584049327233785e-06,0.00010753272301495933,4.908368405128331e-06,4.151282049845386e-05,1.371777492930715e-05,4.755762615530799e-06,5.015485813262429e-06,5.196101730442222e-06,-2.7374734981678318e-05,4.6325113810103615e-06,5.499851359900985e-06,1.854285599916999e-05,1.8638761960422374e-06,1.6691466032716975e-06,2.3799791681744425e-06,1.3123952349507902e-06,1.3037234017609477e-06,1.1088799055490795e-06,6.4285380041812775e-06,4.562486724704811e-06,1.634414583383286e-07,1
1.667584214000138e-05,9.844490608115686e-06,1.5358981424708162e-05,-6.47844244437519e-05,9.80457350155666e-06,1.1133809873513797e-05,1.1021180088863318e-05,2.1147253370499134e-05,9.238121131257787e-06,1.0271447670193073e-05,8.899640135042994e-06,5.7759122988188305e-05,8.82400794566685e-06,8.44923388387659e-06,9.538402222339264e-06,0.00017060612076995893,9.401609172057538e-06,8.673388582639964e-06,2.2007282084792815e-05,1.1404601607804272e-05,1.555623766145204e-05,-4.363115988625033e-05,1.1307337434041299e-05,1.3432528000730258e-05,1.2884909225888402e-05,-4.4133670359157465e-05,1.1832281709134208e-05,8.086106321629288e-06,6.23166070602058e-06,1.4703387859348002e-05,3.7275421818827465e-05,-5.912898843210467e-05,8.320039631043029e-06,-5.405244529904715e-05,6.15795558913047e-06,6.302958218380121e-06,8.95798112205949e-06,6.265438622672396e-06,7.74514025246518e-06,6.484260577767738e-06,6.342905104710706e-06,5.38295521665602e-05,6.405513576944755e-06,1.2321207212397944e-05,5.0111007913393785e-05,5.966190083081109e-06,5.89535997870457e-06,7.04603336570036e-06,6.626158318363597e-06,2.4604398189157943e-05,1.1301836607965737e-05,6.7263089546785364e-06,6.319464642211215e-06,2.249473008861041e-05,7.848034496126552e-06,5.146405251819248e-06,5.157942441144871e-06,-8.115057678393151e-05,-4.805638802866445e-05,4.567897758853343e-06,5.505523572763179e-06,7.607901496750117e-06,5.3583461339079547e-05,3.557547566842341e-06,3.215684014654615e-06,2.9895952484626878e-06,-1.3008845563242791e-05,2.5122292334488903e-05,2.4042189971126363e-06,-1.4828123637882966e-05,1.636375160385213e-06,1.16596834704891e-06,4.267597753291115e-06,8.647306804896879e-07,1.970180996145088e-06,3.0841568852639243e-06,9.028920571861598e-07,3.513218592936804e-07,1
1.6232877207008898e-05,9.949852609487492e-06,-6.090824129486296e-05,1.9763877493838615e-05,2.175736088975362e-05,2.2123825927768765e-05,1.8392167511250516e-05,8.580307799076656e-06,8.333237278473192e-06,2.117070252207669e-05,0.0007633402969714791,0.0007635274585321892,0.000763447246434742,0.0007626764044433842,0.000762783257147823,0.0007619857745494736,0.0007605778741546606,0.0007585591931177943,0.000758612329193542,0.0007585060570420466,0.0007578950828823456,0.0007564342399294328,7.686565571613467e-06,1.587515991049411e-05,7.800004509259866e-06,7.540158546508297e-06,2.5463207026622462e-05,0.0006784433194182678,0.0006784195573862877,0.0006777051896501031,0.0006777764031769252,0.00046036102616877397,0.0004580747851048752,0.00045801061452513967,0.000457070449867686,6.9204162216510474e-06,0.00047978362212820915,0.0022915677784325897,0.0006592394418565876,-8.262501294740946e-05,6.445278081392818e-06,6.46970061361646e-06,6.583511960476202e-06,6.361520819939049e-06,6.150924730635565e-06,2.1011309355146293e-05,9.487516800319309e-05,6.722878462357571e-06,-4.395617059152335e-05,7.1522858802931654e-06,1.8392818631166496e-05,1.4970719047253086e-05,3.6364230135857615e-05,-3.4800119467599806e-05,-3.346870041852894e-05,2.1051990976463238e-05,2.102538733826824e-05,5.582077929641862e-06,5.706520447588541e-06,5.529676601964222e-05,5.685088902991492e-06,0.000421919712203753,1.2914671057877749e-05,4.569831307500463e-06,4.4095596731810396e-06,5.9790795700428644e-05,-2.053440589404488e-05,4.720023212823438e-05,6.4830520184314125e-06,1.7625726048025891e-06,-1.5436131827738612e-05,6.205654898171938e-05,1.2167563339304808e-06,1.076785910871168e-06,-3.0079814744457835e-05,2.3408037638805972e-05,4.935888365080857e-07,2.0662920298753508e-07,1
1.0891693877053733e-05,-8.128815470562773e-05,3.7915802122649035e-05,8.622802514560336e-05,2.1604670152288594e-05,1.9931875360695844e-05,1.1262137583582453e-05,1.491033996091902e-05,9.024741658384728e-05,2.355412446821047e-05,1.4239984519303054e-05,5.7349156327312466e-05,1.2877622715214326e-05,1.8343434087900218e-05,9.683979282972235e-06,5.5147515220079984e-05,9.510949856980329e-06,1.0255077240345917e-05,8.85139718853042e-06,5.716781506308137e-05,9.545001540579734e-06,2.7826522206116508e-05,9.7886999823956e-05,5.2738298231217624e-05,8.752293258319918e-06,8.617570049541036e-06,-0.0002026170514612698,-0.00022684935194566298,0.0008289325056138622,-0.0008214269888937749,4.74391853525817e-05,2.2460095688168118e-05,2.7286415728073727e-05,1.5979857428342296e-05,3.5859316564798304e-05,1.1977264637883924e-05,0.004060138280660045,7.360207033210164e-05,4.301108606948536e-05,0.0012269393946215757,3.6975503699755324e-05,0.0010133798508844345,-7.610517254759837e-05,0.00015548351818536667,0.0007259982781405236,4.815938696602087e-05,1.2753588470483334e-05,7.349335641663467e-06,3.1387201637826346e-05,0.0008163709877670232,0.0005128027145128195,0.00022724760213173567,0.0003500610884285996,0.0002441351831014461,8.791164601799714e-06,-8.30209160013393e-05,6.650467489024592e-06,4.972635925702853e-05,2.521291608371578e-05,6.227684386821698e-06,6.731915867568126e-06,2.979940962328453e-05,2.1139613400045874e-05,6.141630217346544e-06,2.279899278285634e-05,4.006662989274873e-05,2.858292276601759e-05,4.5913567352444524e-05,7.905561703316182e-06,1.4923465364508111e-05,0.00024631934391102184,2.4552389881096596e-05,0.00012521760681588894,1.089789153121057e-05,2.0736055779124564e-05,5.874868624085222e-05,8.155177941514057e-05,5.933682960251384e-06,1
1.014263227582674e-05,9.945589575086323e-06,1.0119676534384863e-05,9.648147545878721e-06,2.6094315822680113e-05,-0.002065344297012266,0.00011175046166328494,9.108158096939548e-06,-5.3642630020491545e-05,1.0422641037821064e-05,8.748597920538747e-06,0.0003146314483292339,3.6533047697402564e-05,0.0014878594686342976,5.009229438719405e-05,8.458237446001489e-05,5.009229438719405e-05,6.568171353071719e-05,0.0015151423543998106,8.15521185507502e-06,-0.0017519442670075576,-0.0016079617007959683,8.060168891516001e-06,8.077791632286728e-06,8.053284367265887e-06,1.3981861394852258e-05,2.0664189242283825e-05,8.189311976093563e-06,-0.0002471644865971365,-5.041470828438017e-05,8.105636698138983e-06,1.2613362382304634e-05,7.6242468145945184e-06,0.0007431908521657492,2.0429049354364705e-05,0.00019043405392131851,-0.000252197820703313,7.124162112274432e-06,6.7827403629197465e-06,1.046519667768033e-05,6.990459613835795e-06,3.779933909309696e-05,6.251038936203498e-06,6.104926662248984e-06,-3.60817270236716e-05,7.834765687939792e-05,5.9834780222450725e-06,5.971740475346521e-06,6.090254163204421e-06,5.918218125228278e-06,3.278646181399954e-05,5.778598122077884e-06,5.354851821708096e-06,0.00010760301700446657,5.255121670267927e-05,1.2783216972696641e-05,4.4518427432350966e-06,2.5511235648795856e-05,4.244836345790463e-06,4.518883478223991e-06,3.5975002103098853e-06,6.939263460985689e-06,1.8292030485718988e-05,2.970101584761856e-06,1.694106811602039e-05,1.6856632967914227e-05,2.746112466906084e-06,3.911297097960409e-06,1.0945412674155511e-05,4.879203939673464e-06,9.383470877859023e-06,-1.7423719899448507e-05,9.259329469532353e-07,9.380822653291118e-06,4.6525597390308505e-06,4.782521284729548e-06,-4.469535567924132e-06,6.231449184889378e-07,1
1.014457076226524e-05,1.0277270935050907e-05,2.7432895797365923e-05,9.578163769029352e-06,9.420790728256435e-05,0.00021583432825436944,9.485911573130317e-05,9.279388652980764e-06,3.6863874770003575e-05,7.940302776303422e-05,5.343917147571307e-05,8.957710568885531e-06,1.666357545247477e-05,-5.1107295854258915e-05,5.357863006255339e-05,9.536647963664507e-06,9.255486863413375e-06,8.307044433600112e-06,7.805962862967689e-06,9.372434054184665e-05,7.546065154713294e-06,7.31712082531176e-06,3.189909851804601e-05,7.224650703493375e-06,7.583315928025503e-05,-4.255747634301752e-05,6.960947470435607e-06,6.946819160892307e-06,-4.44750581918884e-05,6.703071961772834e-06,2.838427603104753e-05,3.67265156243215e-05,0.00047045991782887774,5.2170259975432746e-05,0.0001822667114095235,0.0003608284637494093,5.8694302439942343e-05,2.331984394869194e-05,0.00021008067455968182,3.507359287197726e-05,7.736481966770864e-06,-3.7157671213244304e-05,0.0005991365559408597,2.0872296062938193e-05,-7.864744326022854e-05,0.0017075053133712974,2.3472870655439297e-05,5.832850791857822e-06,5.845128622641108e-06,6.491928707868852e-06,0.00041379186130107446,-5.3240276990417926e-05,-3.682223818956447e-05,2.463248775232802e-05,2.616105093321272e-05,0.00021062958780881355,-0.00016593676100708636,5.6453669033915114e-06,-3.2311256126076155e-05,5.073225056590092e-05,2.8579773494869313e-05,2.649603370451716e-05,-4.3980347345185365e-05,-3.402082315462386e-05,1.193381711124181e-05,5.928255062402368e-06,2.751129630296166e-06,8.535708005007088e-05,4.48854857952214e-06,4.399608363871482e-06,1.5182138066621778e-06,3.608409195580815e-06,4.654620222985044e-06,1.166318245899632e-06,6.124676881818039e-06,1.0237299016148102e-06,-6.015253192329526e-06,2.60313497319833e-07,1
-6.642393855051412e-05,6.006352129170266e-05,8.073067384228259e-05,0.00010052310739882826,6.462485319265484e-05,0.00019825707091919708,0.00020358116194666277,-0.00029439906003821847,1.5419775899352694e-05,9.275631445444584e-06,1.1324004507048188e-05,1.1314640718116169e-05,3.630811289051547e-05,5.418540492427245e-05,-0.0004696749087276345,4.896687637480471e-05,2.559614783296056e-05,1.1135636548434583e-05,5.256644456058036e-05,1.0071727020866299e-05,4.0969844114740624e-05,0.000255687170593789,8.05233364308495e-06,7.841034366170823e-06,-0.00020572075066991,0.00015088876826319683,2.566116303957225e-05,-5.245815312529002e-05,4.27292869895218e-05,6.9396423256400805e-06,-6.682154391129396e-05,8.801547817928177e-06,-0.00017050118659376207,6.526756658485217e-06,8.4171831082041e-05,6.124922687256105e-06,1.5859890651815807e-05,2.016984227358399e-05,9.402287559264072e-06,6.922510788392459e-06,2.553316863972018e-05,1.967289658554252e-05,1.5615505672535795e-05,5.667125944826392e-05,6.156770331429599e-06,9.602199555680667e-05,0.00015356781317998438,-3.761149983641671e-05,0.0006741212391484427,8.186394913916053e-06,-4.129945308277539e-05,8.16053959567261e-06,6.9644791828227985e-06,8.021537422817992e-06,0.0002626371787194445,1.3282814707703465e-05,5.90250295513152e-05,8.5255949418722e-05,4.7036651650424365e-05,0.00012513194267360452,4.436979949353538e-06,1.0331307063415742e-05,8.977492975863911e-05,3.6600443516329676e-06,2.3876187744091554e-05,3.2098988247928118e-06,1.1330979962384465e-06,2.2352185498349403e-06,8.951961330908302e-07,3.7117114878812965e-06,2.3482928886007832e-05,2.007460337972106e-06,7.15813758125665e-07,7.815009007182968e-06,6.288855976843911e-06,3.7132035437034898e-06,4.2027049228576195e-06,3.0324627529618224e-05,1
1.0022287230812438e-05,0.00015433427147327174,9.88087340700894e-06,0.00023894456662236068,9.85434639621083e-06,4.153896542142069e-05,9.469022704410424e-06,9.853228059251526e-06,9.207888838018346e-06,9.468790454803054e-06,5.3580159636011934e-05,9.11317840843172e-05,5.0160673480542935e-05,9.817500442305854e-06,8.845098890678838e-06,0.00013955449284374868,9.300142004845041e-06,0.00014755537467567043,-5.5035439887182416e-05,2.623654377435872e-05,6.008876696630835e-05,8.504991556612593e-06,2.232118186807172e-05,8.222506430470234e-06,8.450801296254076e-06,8.052262296737188e-06,2.2395720919485856e-05,2.043487099139599e-05,-4.646853218598327e-05,8.179515451415746e-06,3.1018372100633116e-05,7.619842372869285e-06,-0.00011530783950337828,2.0477005908285675e-05,1.9127838572060588e-05,1.954087872571747e-05,7.986116533638085e-06,9.020338952741826e-05,6.989299959773246e-06,-0.00010779443082279574,-4.0646384956927314e-05,2.689780077158098e-05,0.000109423857782207,0.00011356220420364964,8.281271667801714e-05,6.6827794496536495e-06,7.981421216795353e-05,5.6860046837506564e-05,9.425686780581954e-06,8.260513418721054e-05,6.936233293646656e-06,6.3239605391879024e-06,6.310269188820328e-06,7.064366055468156e-06,-9.715146164733895e-05,9.300128816689299e-05,3.618032170264209e-05,4.210010311294114e-05,0.00011350252267246999,5.8479339938475e-06,5.817274022178973e-06,5.935695753090161e-06,6.038555429066931e-06,5.52825016909284e-05,1.0920332833714639e-05,7.041005958005236e-06,4.997486351840497e-06,4.741698639819295e-06,4.2460953018741106e-06,3.8770838123769185e-06,3.5354995908461036e-06,6.800602882018424e-06,2.0195652930316755e-06,1.2730000651706533e-05,4.175466260989765e-06,-8.047987820918316e-06,3.8069095622908822e-06,4.213644042796158e-06,-1
1.0314879308020744e-05,-6.040466398185713e-05,1.0050329872231808e-05,-9.385868374337329e-05,0.00024183152585015752,0.0002741846217238986,1.0185775249585363e-05,9.182095747244922e-06,0.0008528408027952621,0.0008627516941049824,0.00011712511805554252,3.1388628283418806e-05,5.2756208389369374e-05,1.0154317949529956e-05,8.453672848622284e-06,3.085981497797603e-05,3.087289595603636e-05,3.087289595603636e-05,2.6919103291293237e-05,4.612639464290453e-05,8.825186978430805e-06,3.209658072715346e-05,3.351719556846506e-05,8.519213780878077e-06,8.013507163820598e-06,4.787107928352363e-05,2.5708542578188614e-05,1.0345597393626056e-05,0.0007658150842631993,1.0049856502524552e-05,0.0007755108207001935,0.001868337262519195,4.685039303576055e-05,7.12606162564857e-06,2.8842474869094126e-05,6.871225557240065e-06,2.100177955457577e-05,0.0003533574364184167,6.120669317576432e-06,5.599900745197575e-06,5.785035333721718e-06,5.054891382410311e-06,4.576528635206823e-06,4.435545130632462e-06,4.084569723753706e-06,4.1810002952101025e-06,3.969729382745914e-06,5.6058342760126005e-06,4.0333826625212e-06,3.725250816915282e-06,3.816189674912747e-06,3.0517142041960714e-06,2.954408554597292e-06,3.34027658402292e-05,3.5112682317809375e-06,2.4233837511476823e-06,2.680001725218388e-06,2.396215488001006e-06,2.682784214762336e-06,2.3461669154190667e-05,1.8399523782418626e-06,1.7245732829489857e-06,1.959698842462452e-06,1.8235596828639126e-05,1.4447393928770904e-06,1.3997852380821125e-05,5.3354931066036e-05,4.253594739909132e-05,2.8619269758358053e-06,-1.224076258323034e-05,6.2025149019629495e-06,-1.0024361624373246e-05,1.9933450721027096e-06,3.285788266267178e-07,8.183684823288414e-06,3.8086312720384975e-07,1.8798892426345606e-07,1.487867463755053e-07,-1
-6.910694995158042e-05,-6.024815751564796e-05,1.1393183098516887e-05,0.0005254147084769568,0.00010355408323724387,1.3799800977858942e-05,-0.00018662606714168347,9.547680520759231e-06,9.531306917453846e-06,2.2636051576150267e-05,9.193477705702616e-06,0.00011568069203221828,1.0404357410772277e-05,5.1981092802684356e-05,1.0522531744670626e-05,5.451742721277118e-05,1.0229858759993817e-05,8.917467244218496e-06,8.908801730523575e-06,8.827347517774228e-06,5.314789096052899e-05,1.2265908564115002e-05,3.8434406921503714e-05,4.996801698185606e-05,1.1500305597242742e-05,-9.399277827111226e-05,7.595562235737373e-06,7.5109273635180655e-06,2.7430614099722334e-05,8.484952513455787e-06,8.160803329334932e-06,4.04283950458373e-05,6.445198547995426e-05,-3.804041947473307e-05,4.339024726085885e-05,4.663934641827385e-05,6.589281083053525e-06,3.707428139710012e-05,5.998847640196951e-06,5.785000366806374e-06,-3.770646791235303e-05,6.494851569150345e-06,-3.366212640388242e-05,5.737091990399455e-06,7.676931346158258e-06,3.4025087170975394e-05,3.363304791333079e-05,3.354592807829866e-05,3.3502368160782587e-05,3.341524832575045e-05,6.698274837321995e-06,0.00034281411710042385,1.149559252805258e-05,5.952945772064995e-06,6.527157699411085e-06,3.448543030999428e-05,3.483379091536924e-05,6.357727512591799e-06,5.24333669248338e-06,4.949455806373993e-06,4.648897569089869e-06,5.0934539817690825e-06,-2.6407209736738227e-05,0.0001929031407516671,3.949892896556597e-06,1.6316603345079434e-05,0.00028763205814767544,1.3249878858593392e-05,0.00014742964318712222,2.1424945430277747e-06,1.1896649072813164e-05,2.560570958777539e-06,-0.00011239528358976223,1.4949180567750342e-06,1.28089197235973e-06,9.470211747903325e-07,9.814302687354257e-07,8.069316179569653e-07,-1
4.243455937959623e-05,0.00025566228948340625,6.111606371732114e-05,5.86619255266955e-05,9.72196940184903e-06,9.126146468135533e-06,8.833990430380545e-06,-5.217162726008345e-05,9.342123223431468e-06,-5.97631929267423e-05,5.3338952444078314e-05,-0.00021487086530124728,0.00015384187868041873,8.486503518654166e-06,8.401876848588309e-06,8.84827958550984e-06,9.468390945841971e-06,1.2488725379414742e-05,8.173700980712608e-06,8.166539736446273e-06,6.289783504195346e-05,7.77062157004424e-06,-4.580570652384772e-05,7.91892140471083e-06,-4.7000922853942554e-05,0.0009413762446471434,4.569074356762957e-05,9.636014192605459e-06,2.0171531217557905e-05,8.528095511206432e-06,0.0001087048058950035,4.354237028772824e-05,6.998484569996194e-06,6.824394056985059e-06,3.4686380828835155e-05,4.1308062076630855e-05,1.587222398578549e-05,1.934382533930046e-05,7.744193577741207e-06,9.331877862572453e-06,2.1994648407669452e-05,8.996344968443638e-05,1.4815618699215097e-05,0.0006313326298592469,4.289225055280779e-05,8.877234084593842e-05,1.5079611069780206e-05,3.908169329350104e-05,3.481997477132883e-05,3.7374552339002055e-05,3.566477106824338e-05,8.415469763497378e-06,6.42491086537552e-06,-4.114460686806186e-05,4.197634745479391e-05,6.822553456224353e-06,8.942727294875683e-05,4.021639132169033e-05,6.771753145057714e-06,6.120898711128119e-06,3.348629764332375e-05,5.784298930483717e-06,3.443660503685605e-05,5.129815857149157e-06,1.3448147674189023e-05,3.8725289959658116e-06,2.296095426627348e-05,1.8639479187621842e-05,0.0004628584454881948,1.9394654621637267e-05,6.32412495404835e-05,1.0872447397331027e-05,2.478009943978378e-06,1.6816633809279552e-06,1.450674751622332e-06,7.75787309544878e-06,5.658717884632024e-07,1.4403789863692153e-06,1
1.0654536411435657e-05,1.8936801312667095e-05,3.2858798562023266e-05,9.922288575355942e-06,9.429535426993047e-06,2.6793807827124515e-05,9.070077250887519e-06,9.042372238993633e-06,-5.884533304281733e-05,9.037263126127142e-06,2.478063006441845e-05,8.577573986688917e-06,1.0393093647861306e-05,4.730510731933858e-05,0.0001933799154432307,7.150442295525722e-06,7.179201393517914e-06,3.272933337219042e-05,3.30748278700532e-05,4.062243630167975e-05,6.483586365050321e-06,-4.776081312873086e-05,3.7676609656895886e-05,6.0959580362414285e-06,-0.0008369970463682699,1.6698740137649714e-05,1.9184313735057517e-05,1.6657603144391832e-05,2.7404443882709147e-05,8.198931499087008e-06,4.91534914283794e-06,2.3741738011968038e-05,6.652818745818944e-05,1.5374504850994586e-05,1.3252275733066502e-05,4.1474788569029744e-06,6.019834772673789e-05,3.298165270465322e-05,1.2570131480488243e-05,1.1715060878427437e-05,3.7207131075858825e-06,4.338516882047616e-06,-5.9102421462455984e-05,2.9438034979581696e-05,3.231732931106045e-05,0.0020926207802042557,2.5780062535523733e-06,1.7139802868197407e-05,-9.256711431170014e-05,2.365124867499796e-06,9.59992040854645e-05,5.816022019300389e-06,0.00021570052858241995,2.440061149535079e-06,-7.872860236225787e-05,9.438822616404736e-06,-9.471385734714045e-05,9.48409023984751e-06,1.4712736738470383e-06,1.326781343788035e-05,8.902021261966677e-06,2.2333646601395574e-06,8.237049186962196e-05,2.0954858145482367e-06,4.555832816311782e-06,2.4595048228445828e-05,4.08363056617039e-05,3.5187592120854304e-06,8.326622009597419e-07,3.2302364966326737e-06,3.3598725387658405e-06,5.423804297337273e-07,3.919609452678282e-06,7.00239308120859e-06,7.328651035715756e-06,9.863226937617236e-07,1.1894197435548087e-07,1.6664938688890011e-06,1
