0.0002863068471068831,1.0835263707557695e-05,1.6363284107917814e-05,-0.0004210296650248406,9.428012815643774e-06,9.402667276357286e-06,-0.0010297256629739108,1.9661652743164994e-05,1.0603569990782316e-05,7.471131848485837e-05,3.617959339023572e-05,6.133856887746641e-06,0.0007053435875787713,9.863413265575168e-05,0.0013863263507303764,0.0017451537705349186,-0.0007353413341469891,1.0603719439778714e-06,1.3342687332626434e-06,1.1483388924329413e-05,-1.2537794281200873e-05,1.5359504082148413e-06,3.259115213775135e-05,9.783139099127455e-07,9.91550412883146e-07,7.531949868570869e-07,5.1926431663049025e-05,7.658367554400202e-07,6.7470933855603e-07,4.022649603720092e-06,3.230414054076295e-05,3.6008058241234007e-06,6.790997076197042e-07,5.111163413492717e-07,1.3149582368867832e-05,3.1854538885124154e-07,-1.97812381671559e-06,-1.9889918034153646e-06,5.420717901401061e-07,-2.452216699895961e-06,2.7164899964130267e-07,0.0003802364522417155,2.5310478066177746e-07,7.472035944840245e-07,1.517381357630809e-06,2.0827118927930575e-07,2.7536168628854254e-07,1.3807121123085967e-07,5.5774209970976205e-06,1.670786967242729e-07,1.4335357891946203e-07,-1.2315381183809742e-06,-1.222244023767203e-06,1.2396511391607825e-07,2.543605474435897e-07,2.4025423564828546e-07,3.0742584375536884e-07,1.1075093531659377e-07,-5.644054306792446e-07,0.00015036897472362767,8.82500342079957e-08,3.481002634235626e-08,5.673492596984685e-09,8.607612890638739e-08,-4.963343861396409e-07,-1.4465193016732072e-06,7.687733694656557e-08,1.160520842379328e-06,-2.9874365206450505e-07,5.002457755853172e-08,5.417939961099539e-08,-7.605191686011047e-07,8.928125032432555e-07,2.996887864878654e-07,3.955828729307935e-07,6.66023721487797e-07,6.457371599181205e-09,7.023123602357449e-09,1
0.0007555396681749622,1.2760697258953794e-05,0.0001803445474634618,9.143954078802699e-06,0.011166668938223285,9.015121612643181e-06,2.920630318633759e-05,1.0379700971302767e-05,4.845653087088436e-05,7.544807986567618e-06,6.061645174425537e-06,6.889055802083074e-05,0.0005473513093196328,5.060279283713582e-05,4.937400211150807e-06,-0.0013519934247379092,2.9654457354489817e-06,3.2706659940950434e-06,1.3544079634447119e-06,-0.00045535229855949165,7.347621763452103e-06,1.6399058937965274e-05,-0.000118591425851693,9.626303027453768e-07,5.999439838383114e-06,5.540745737071209e-06,6.686039486351406e-06,9.24694862434912e-06,1.1179057671930924e-06,1.0303686789959007e-06,1.6357691420314506e-05,4.551081769685675e-06,6.102819448482083e-07,4.2531070090108936e-07,3.401890983674195e-07,2.989567031820554e-07,3.3988619968043606e-07,2.387688220020994e-06,1.7456495004895582e-06,2.555212732878753e-07,4.4707698903634194e-07,5.314180212889756e-07,2.7896110624336553e-08,3.359685896405478e-07,1.2447623361655332e-05,9.540554863573208e-06,0.00026762629107981225,1.476062401298519e-06,6.144579151700364e-06,-4.6472189283698976e-05,7.464762788276661e-07,-1.571448517663335e-06,1.2281272690003787e-07,4.967084726498813e-06,1.1805199875858759e-07,1.139792648618243e-07,1.1769847696233922e-07,5.48734227412233e-07,7.92640910692145e-08,1.5636164094858925e-06,-1.2162125653395197e-07,-5.511131364082306e-07,7.723380382025161e-08,8.33853847186313e-07,8.185883400987436e-08,7.48221750565513e-08,6.99515885175744e-06,6.512687331401902e-06,2.5927561455021287e-05,8.245595414949382e-08,2.553744644149043e-07,6.601482912751704e-08,3.330233743860334e-07,6.133348374745595e-08,7.032175461002812e-08,6.203491849520102e-07,3.5175645742602537e-07,2.0222314452856866e-08,-1
0.00030326649597563747,0.00025447227057590093,9.19452046825266e-06,-5.2043805375343675e-05,0.000702180858789756,7.61319666903325e-06,3.9239327136336054e-05,9.073407533861193e-06,0.0002889855190079716,0.0002770392360428258,7.1251144929773145e-06,5.998883184463504e-06,5.395428854591122e-05,0.00022040905753199742,6.839038802902233e-06,2.1111835115429807e-05,3.872104502217441e-06,1.3384348277558054e-06,2.10008602514992e-06,-0.0008150672025793761,5.728086432218791e-05,0.0007660364999451407,0.000561636615400219,8.748035101366614e-06,1.1544144048144855e-05,1.3518827560318663e-06,1.1861752802908193e-06,7.174084880168366e-07,4.3065910255144394e-05,7.995348661259527e-07,3.868603110310015e-06,4.983128353079794e-07,4.916767796076065e-06,5.016325790535969e-08,6.060475595525116e-07,1.1455673178444542e-05,4.171588391534194e-07,-4.3922750315441865e-06,4.136942788701435e-06,2.418385846468064e-05,1.5673525196612113e-06,1.3986249630981606e-06,2.3796527963160736e-07,2.541294346618975e-07,1.845998100674626e-07,2.465159408362446e-07,8.084934512169605e-08,1.0686318102574348e-07,9.900584965207805e-07,7.267895486272758e-06,4.113241333041155e-06,2.378014183388963e-06,1.5088004577166148e-07,1.4143283866627655e-07,1.4488547377725695e-07,1.3629995292611698e-07,1.041181373921671e-07,6.319149040722974e-07,3.992519895123051e-09,1.1941730915770065e-07,9.397166985056793e-08,4.382464344532637e-06,4.3200232812538175e-09,6.27044505350075e-06,1.339788191079402e-07,1.3220700311797406e-07,5.351785269996417e-06,6.92525267690768e-08,1.08216508614339e-07,3.9736677811990506e-08,3.1014300967207973e-07,8.544840923844656e-08,9.415878156987138e-10,-5.327447522764356e-07,1.2580068034117561e-07,1.973690138129565e-08,5.770139032036747e-09,1.2859985704015695e-08,-1
0.00013299404675759895,0.00014120214960332807,-4.8655509765880855e-05,0.0034999697079728686,0.0006759274719120555,1.8823965261186525e-05,8.541395395570169e-06,1.6579269645393035e-05,6.6106907211135445e-06,0.00010543635092051882,6.738141503474308e-06,0.0014995892065990432,4.902659029923343e-06,4.0869755543705744e-06,0.00011277814755200273,9.739753157078968e-06,3.169274348124646e-06,3.536514726287032e-06,1.1550606645859312e-06,1.1613028489486853e-06,1.0024646931704091e-06,1.031259616873577e-06,1.4788182746364209e-06,7.367735904426054e-05,3.462990450535322e-05,7.340965314643642e-05,7.720955486498179e-05,8.386733638442855e-05,9.139939384972833e-07,7.689069643546409e-07,7.50110859896289e-07,6.744286068238903e-06,2.7551132191499677e-05,3.540492231750786e-06,5.811947188459655e-07,3.5209071780308934e-06,1.6719033328906073e-06,4.410521425861318e-07,-0.00020467110615887322,1.0762941029340145e-06,7.083254194365308e-07,-1.5297795970693254e-06,7.40912563696923e-06,-1.7249660992383688e-06,1.8286667448706695e-07,2.4152386996833002e-05,0.00021232430652539584,5.978141894237949e-06,1.7162655045322156e-07,1.4968666039845666e-05,8.197762843606732e-07,1.441966420286681e-07,1.2752302105892739e-05,6.908806954116635e-07,1.3268619202103213e-07,5.335133730029164e-06,5.785764030116974e-07,2.1282106211580336e-06,2.7268027664608103e-05,-5.126830895927182e-07,-1.2445619558688136e-05,1.2168820248496638e-08,-6.771580220987957e-06,8.273511545657196e-08,-9.739667109662419e-07,7.894597360553057e-08,9.165295578309485e-08,2.719089597443489e-09,8.329450991373366e-10,9.553384732616054e-10,5.421820986322517e-08,3.082807914860901e-06,4.154114533043922e-07,4.5588860993541424e-08,2.209870833531978e-07,3.567158066219806e-08,6.538371204308191e-07,1.1808499210388152e-08,1
2.0070814158974128e-05,0.000118755473296238,1.963649367116117e-05,7.783791037196246e-05,7.866159738054377e-05,5.521963397960304e-05,7.453089818618065e-06,4.869032677344376e-05,-0.0001390198169082277,4.939617581709915e-05,6.968873543006611e-06,1.0736168617644187e-05,3.7127711813464e-05,-3.855780932539996e-05,1.4646919950895755e-05,0.0004436993624776683,2.9837119329551457e-06,5.118518080403765e-07,-7.746314479993211e-06,1.1605148448660999e-05,6.512662587323623e-06,1.0695072788215525e-06,-3.978827095373143e-05,8.41134347987937e-05,9.952212165918845e-07,8.657794033415724e-07,8.648197346177369e-07,-0.00010952026986019282,1.7072238573881867e-05,6.083551862377193e-06,2.7766796010365063e-05,6.055794238702036e-07,1.0666623125682357e-07,9.4451940455227e-06,4.0271189666544436e-07,3.105797099957673e-07,7.334571900725651e-05,2.0181260915361753e-05,3.3499796259075825e-07,2.819702470012315e-07,1.5191490526138603e-06,1.0563317890681362e-05,2.3634956086225992e-05,1.3623349520027987e-05,2.1422279952315513e-05,-1.587133261368715e-06,2.4584810888947286e-07,8.18078102640835e-06,-7.26044362687535e-06,1.9938589467115304e-07,7.665383819035389e-07,1.7259601934806485e-07,-5.181209384898062e-06,7.571332948575681e-07,1.391799314684329e-07,1.0434107581822216e-07,9.471320585039901e-08,1.1209507625263071e-08,1.1274613969451953e-06,2.5488775184930143e-07,7.906686380802472e-07,5.1657215743633163e-08,7.682449681368852e-08,8.404639617541943e-08,7.227247493387848e-08,1.0201841684714192e-07,7.30294771894026e-08,7.224189802239611e-07,4.631757559810143e-06,2.9198761102020997e-07,-1.7289839939177004e-06,1.1188999704785286e-08,5.97690547878867e-07,-2.9052348307999286e-07,1.9690951911194977e-06,0.00010686649798402437,4.427515305161775e-08,2.3510744304844084e-06,-1
8.369591380300197e-05,8.311794087572489e-05,0.000678608350970399,4.7548042519953005e-05,9.262365290317411e-06,1.5888315646832955e-05,-0.0001786444548056583,6.578203881386055e-05,1.4101175238318064e-05,-6.707606319737083e-05,-0.0002732918162122308,-5.1584713682013436e-05,-0.002328814571667206,3.793651591959741e-05,6.076207137858643e-06,0.0005174373936865369,2.315386241884204e-05,1.9867833628329115e-05,2.7033002058462967e-06,1.3061072094206673e-06,1.484443416202975e-05,2.1285835281178233e-06,9.609365743642107e-07,9.222486711813742e-07,1.3420210772055234e-06,1.6474493277664475e-06,8.173628912831754e-07,1.0346145039430172e-06,8.085319218161224e-07,8.045334924179579e-05,3.58133054536873e-06,1.3062282147322123e-06,1.9937383382264343e-08,2.354950571364396e-05,3.17383177258615e-07,3.281306227795507e-07,3.28976951695584e-07,1.6270623819090723e-06,3.038875093806608e-07,5.219286362397075e-05,2.5034350811557614e-05,3.1153123999553217e-06,-1.7199585774756588e-06,3.470931421970145e-07,2.2750933682251571e-07,5.017932114111357e-06,2.575331581091589e-06,4.676358047586059e-07,1.24180126386083e-06,9.605524438343951e-07,1.4042241324945128e-07,1.350478570030358e-07,-6.9301185883157e-07,4.405785109394242e-09,1.1282364045189422e-07,1.111783801205454e-07,1.0822510557101311e-07,9.447582484464814e-06,1.2782470353763048e-07,3.896701791468096e-06,3.905910657114286e-06,9.711064760300673e-08,2.091304418368446e-08,-5.8083549015002804e-08,-3.9432018420583206e-05,1.2004422125362937e-07,2.3365042549070073e-07,4.0433217778774353e-07,7.458100791635458e-08,1.7595715133091786e-07,6.296635603327504e-08,6.357522345796632e-08,4.6946154125998427e-07,1.377014993706744e-07,8.602948052875042e-08,1.213241737013042e-07,2.9197774633363743e-08,7.871843312482484e-08,1
7.319258981011545e-05,0.0005689231864116054,0.00012737642167254075,-0.00015705448930199075,6.710587399701733e-06,6.667205160087482e-05,4.786397500436965e-05,9.12722502805664e-06,-0.00011615351994838731,3.276281654040833e-05,8.232718747712875e-06,2.695444470425195e-05,8.508817895864417e-06,1.8752533680115816e-06,1.798672400726414e-05,1.5626027121614576e-06,-0.00011518904373497452,6.776925497131447e-07,1.1577956612896764e-06,6.048999993745734e-06,5.200642795773213e-05,0.0001419610005526564,-3.3703699851582996e-05,4.355417435501929e-06,-4.5490066941717746e-05,1.3071214128200382e-05,1.4480769637107726e-06,8.389232653638946e-07,6.51449776822877e-05,6.251590966092211e-06,7.066922803834971e-07,9.809209251262727e-06,-5.651352815756763e-06,7.720278091762013e-07,3.771343341223585e-07,-5.1488821077121365e-06,2.6575083684934225e-07,7.776696028434554e-07,4.719932631947963e-07,2.315516617994629e-07,2.1013671879885054e-07,1.1846553305229582e-06,1.8532863384965618e-07,1.7982741073300126e-05,3.1388604419316705e-05,-2.980217741177264e-06,3.155645770947327e-07,7.646208612460833e-08,1.391976788808411e-07,5.040735779966626e-06,7.996530477285457e-07,7.062268201232523e-07,7.193597207737039e-07,6.907771885001261e-07,5.4233303468283515e-09,1.2576053784833473e-07,1.0208783467246244e-07,6.209625985653886e-07,9.031663314256502e-08,4.6547575360471234e-07,2.813646423924739e-06,-2.1290349335907596e-06,6.929995673968058e-08,9.934410110886638e-09,2.4261319678050993e-06,7.347474750362395e-08,8.325661367438957e-08,4.349726938140745e-07,6.099689988784215e-08,-5.544094870652561e-09,5.95467196403536e-08,7.258726027088954e-08,5.8506049820963576e-08,5.4196688163202456e-08,6.000886879170313e-09,5.395428854591123e-08,4.214261411666866e-08,1.673043534694757e-10,1
0.00015236345826002138,1.1845247029308622e-05,1.2845671070602013e-05,2.369597587030102e-05,0.007662401027017218,-0.0006780186802430962,0.00031389795516496345,0.0006079714359593602,6.362958740527548e-06,6.72432553164701e-06,5.731665930364094e-06,0.0003290667573554902,0.0009090330860218311,0.0019454295939070475,0.00015594358379410395,3.20743324429534e-05,1.420653324190533e-06,3.8113670826837816e-07,1.2492761580390558e-05,4.1947095500589e-06,1.4033236033221609e-06,1.241756370186872e-06,2.4172794389647255e-06,2.370169542762807e-06,4.687977933696924e-06,7.626756851721716e-07,6.919210661733691e-07,2.2471858293247685e-06,8.081548402444517e-07,1.741266318569174e-06,-6.135197171974975e-07,1.880514258707524e-06,2.452139621206723e-06,3.099848659370443e-06,4.3753835371049785e-07,1.6131175687044184e-07,2.927760606068287e-07,2.884912520482185e-07,7.549596810622416e-07,2.344151975015106e-07,3.0244485085559774e-07,1.4050561451702745e-06,1.0040998382681703e-06,1.8743508199493328e-05,2.045792923388564e-05,-1.0419328698517567e-06,8.34993754304911e-06,7.358456899381154e-07,4.152356825770973e-09,2.205503611406221e-06,4.244520480849958e-07,7.374894737418692e-09,9.45867336619814e-08,-1.1885304143720077e-06,1.8590847925956277e-06,2.5114214495352693e-06,8.466015390433244e-08,7.036581478854743e-06,3.802547278910625e-08,1.1754036579045233e-07,8.412944651751678e-08,1.1046718123605322e-08,2.0452955090958448e-08,4.6029920500967967e-07,8.754114017185853e-08,2.53906541806892e-09,6.654228657917321e-08,2.8427585476447147e-05,2.8195864216295993e-05,2.4922499199642572e-08,5.725083237040355e-08,2.221343680829205e-07,1.956599815760208e-06,-4.634668831699511e-06,-1.7965039184933422e-06,1.5816614145938964e-07,2.0104083905925814e-08,2.535419478499717e-08,1
-0.0007122486622158384,5.721995559574496e-05,0.00040711095103837503,4.673921625706743e-05,4.057252036148612e-05,0.00015769314149899152,8.215538128591795e-06,3.749292526377952e-05,6.842741792018449e-06,3.3528294379218554e-05,-7.656848258992632e-05,3.0441643212497467e-05,-0.00045429447654423674,-0.0004905774325500535,-0.0005466805470751248,0.00010536149244273386,3.6468531468531475e-06,6.252891516977202e-07,1.29602098270265e-05,0.0023029208480374523,1.3115420787681958e-06,2.825416901430078e-05,1.3087746046408336e-06,1.42950732467067e-06,2.909103932244379e-05,2.362372381064548e-06,1.0022351854730996e-06,3.8599001243150386e-05,0.0003354143970424447,5.384759448907148e-06,0.0009873819134488735,2.68494947436702e-07,-1.3203406621105436e-05,4.375134832842582e-07,2.74848202388718e-06,1.0524964242436414e-06,4.006050493353982e-06,4.829204053061165e-06,1.5535961296514444e-07,-4.4439497907877e-06,1.0861387390993941e-06,6.926417249388201e-07,2.2467660914604e-07,2.7806109031315115e-08,5.571894099874145e-07,6.437095047059571e-07,2.5885774281759083e-08,1.8135586018984898e-08,1.6045667500956563e-07,1.48506435078859e-07,4.435216562606661e-06,1.4239541500755857e-07,1.1285723881929927e-06,-3.46363375428314e-05,-4.171598869881698e-05,2.5110146130892694e-06,1.0801250980260285e-06,3.128433522498154e-05,-5.954612638554802e-07,2.7852900941361106e-08,1.3208238633150734e-06,1.4808060699627816e-07,3.5775073715660004e-08,6.176222473409612e-09,1.5047693914659292e-07,6.403793235710933e-08,1.7028668224942586e-08,1.9985131072873944e-07,7.566938692958511e-10,6.047417143132388e-08,4.961149980480868e-08,8.690092996043574e-07,2.563476741294898e-07,3.82894823428112e-06,1.9429507420031293e-07,8.13112264042225e-08,7.196240399092157e-09,7.931073956813829e-09,1
6.196302788714397e-05,6.932955235983714e-06,6.678270722481883e-06,-0.00010415138133693443,2.558692413874022e-05,-0.00011517436659217753,5.929605757834858e-06,7.370287993819896e-05,1.3756295074357874e-05,4.215251012872417e-06,4.066799668296425e-05,3.911102495874633e-05,5.060243551274261e-05,1.566654657577465e-06,1.0664862876394383e-05,9.952207879501538e-06,9.026357479781075e-06,4.5735493910507743e-07,-7.04540487804434e-05,1.552488848186578e-05,1.7635209615577988e-06,1.182195940977878e-06,5.561598924430846e-06,5.071565045185765e-06,7.009311563918003e-06,8.505530770818156e-06,-1.0219561534927486e-05,1.0855127957339828e-06,8.779742755257839e-07,4.588088449474611e-06,3.017906301828167e-07,3.4923248537598276e-07,5.604234647732919e-07,1.72619305332445e-05,8.034389334894085e-07,3.3384000459421425e-07,4.3389721416815705e-07,3.3641456318066076e-07,4.533576569406311e-06,2.163300359918131e-06,6.067108947688637e-07,1.1625850191294944e-05,8.900492862944965e-07,3.7119821684188875e-08,3.5019008780046615e-06,1.0041974786046771e-06,-2.4037168184319736e-05,4.413493728205054e-08,4.624603891569399e-07,1.8332886285890995e-07,4.2590144522893995e-07,3.2182066666653953e-07,1.8094630594301732e-07,-4.560939421200261e-06,3.510572017906875e-09,1.9382067147815637e-07,1.9666702156573738e-07,4.205500658874333e-07,5.119190084438801e-07,6.206985499938941e-07,3.2519587027816205e-07,3.9251175002742386e-07,-1.7998288083589768e-06,9.262365290317409e-09,1.2710652517466365e-07,-5.969918711594659e-07,9.459145708133048e-08,6.522486219898248e-08,3.999755788261373e-07,6.613603381717664e-08,3.6983487171868777e-07,6.039677448497933e-09,3.1372614467486136e-07,5.708260447742975e-07,7.780760532286652e-07,2.562795963732009e-07,3.899479267579131e-07,1.3878300569300985e-07,1
0.00014351680256461164,0.0011776649803965566,-5.261268585706083e-05,-0.00029755703789053966,0.0012147998437008296,0.0010222908010975534,8.175246101985711e-06,-0.00011528805446730528,9.88683008280761e-06,3.845740820300583e-05,0.0003018705049863365,3.1700309766122134e-05,0.00029743621582196565,0.0008686916043401165,6.062452510022947e-06,-3.9208268359800136e-05,4.542726540852946e-06,2.9842952401562315e-06,1.0635888491324905e-06,9.523961195489053e-07,3.1983655173425273e-06,2.1192281622227115e-06,1.3366894465375423e-05,1.905478137213369e-06,7.623986881277054e-06,4.100523252967649e-07,9.94497467460631e-06,5.1106573129293885e-06,1.900471835413667e-07,2.4769332303167327e-06,1.3227116351123543e-06,5.675208492972898e-08,0.00011027158700079613,2.260366112623487e-05,2.4487698727361785e-05,-2.2055703443557213e-06,3.1740625773997546e-07,3.0722957528232437e-07,3.457687013031827e-07,5.9715317744255635e-06,2.746725321192645e-07,2.816627347147194e-07,1.2216617342429496e-06,2.150155582043467e-06,2.0917470603091732e-07,5.317804660245397e-08,6.51771652110907e-07,2.585556398019983e-08,3.900249217426988e-07,2.0071361047815645e-07,5.894041274040403e-07,1.0834635876406624e-07,1.0927255551343614e-06,-2.2267211062426715e-06,8.955728016193897e-08,4.466010907848719e-06,4.4601812451669304e-05,9.060602624645599e-08,3.6609530869782265e-06,-6.097811200973152e-07,5.011614444211469e-07,1.9746723071935914e-06,2.2197708190477078e-08,3.6996831132555192e-09,7.03838300085648e-08,2.238972092224031e-07,2.2282603893349242e-07,6.430057869592006e-08,-1.8866106100885364e-06,-8.414023438830788e-07,2.9186512604927046e-07,4.746030895481167e-07,1.017862984555112e-07,6.311254508636357e-08,1.0634076652329068e-07,7.421442581534913e-09,-4.90815773757998e-09,6.857370654333868e-08,1
9.595361425682297e-05,1.214404235302409e-05,4.609139970410571e-05,5.4948010421158826e-05,2.4007859580780916e-05,0.001108259217746406,1.7844044904324698e-05,7.125401123766291e-06,7.965593763874296e-06,0.0001548282518851399,-5.245698991953845e-05,-4.141532453877109e-05,1.4838600897872377e-05,5.259060924833522e-06,1.1598266476446533e-05,1.259229409430806e-05,2.1212052863492388e-05,-2.288652616489034e-05,3.579660583110678e-05,1.1652900978609923e-06,3.016003361470139e-06,1.0521058784100597e-05,0.00013333793133057738,2.0321413502263503e-06,7.527514064521156e-07,5.385589774981632e-06,2.7586330701333305e-05,4.296101061379142e-05,5.648118247327625e-05,6.235628596833432e-07,9.364947793007549e-06,5.678408176066182e-07,4.594416951950037e-07,6.0858296107642235e-06,6.454032306748434e-06,3.285238978651351e-05,9.851817755914734e-05,-2.235526341566152e-06,6.006432705626962e-07,2.1698421552354494e-07,1.0961808950842372e-06,2.453862928872332e-07,2.262017858614171e-06,2.7297362940073697e-06,3.2825836157490504e-06,1.7133511287009726e-06,4.15684180624936e-07,3.3465427892442704e-08,-9.514735143085724e-07,3.9936630779023346e-07,3.950697494977626e-06,4.047229082953205e-06,-9.493355196178609e-07,-8.207303883699205e-07,1.1110131243834851e-07,5.87792194780996e-07,1.0063409410583792e-06,1.9088464597546087e-08,1.5749069718693679e-07,2.2445299815068244e-06,3.5953739101140224e-07,6.613181920295192e-08,-3.568678664850775e-06,7.726201592738612e-07,2.2112391038511876e-07,1.8423366784299618e-05,2.3530190473632693e-07,1.895678069624082e-07,6.278080455490817e-08,6.318426031471878e-07,9.684494689874531e-08,-6.268614543379175e-05,2.9729956305356956e-06,5.080123692919201e-07,-1.781376884994137e-08,5.526075431899533e-06,-5.211337385598058e-06,3.767173983404847e-05,1
0.00014744593044906855,7.895951920373761e-05,0.00013898414949118265,2.3611816969012106e-05,8.175976429519684e-06,7.561813142412107e-06,0.00019268669537659405,0.0002087230695026737,0.000637938583603924,0.0006376593215380377,4.193365442633996e-05,-5.4585300790754446e-05,0.00014171058279022536,7.284342031384673e-06,6.787631795987693e-06,4.864018936695174e-06,1.3237546675374867e-05,1.2617312850515991e-06,1.7317874784393463e-05,1.095790250472405e-06,1.1021288459120835e-06,9.576370099777602e-07,1.100424146249308e-06,1.0039685465962539e-06,2.608636230648954e-06,-5.558365367635885e-06,7.676685415140771e-07,-2.3814095484484597e-05,8.758006946302301e-07,2.394673947265714e-07,1.3814408897292541e-07,2.3074718411338525e-06,3.364648602765933e-08,3.7519813041787906e-07,4.361722149616877e-05,3.1474995543205126e-07,4.894519813230248e-05,4.215064319096828e-05,5.0700575317855583e-05,3.7643702224857146e-05,1.5508754491696868e-06,2.2811977539493158e-07,1.7061016810437084e-05,2.2592699522007566e-05,1.0217159519012334e-06,4.528444287914799e-07,1.0211979925164576e-07,2.5484895885957006e-07,4.445932802046721e-07,0.00010291759200864003,-3.585971978078414e-06,1.3550859755373275e-07,1.2615458038570851e-07,1.0962388947528673e-07,3.8147923477119123e-07,1.0383876821120711e-07,2.840940968286405e-07,2.275237739651163e-06,1.1912479501995397e-07,1.7221556172745048e-07,2.9694872428338546e-09,1.9607329787595878e-08,1.6772142673023495e-07,1.2090965775642778e-07,3.194930462321868e-09,-5.697989297726708e-06,7.264014745590111e-08,6.91968718501799e-08,9.796322874197995e-07,6.350306193903203e-08,6.151671456326892e-08,7.023794204206271e-09,5.615535129316974e-08,4.464018247858482e-08,2.814078219118496e-07,4.106861342700535e-08,2.364007066236766e-06,1.369818223313705e-07,1
-5.945057978154424e-05,-9.14608249465463e-05,0.00012273726963998036,8.270288408366124e-05,0.00010219811433691094,1.3490980501330838e-05,8.860985995999201e-06,1.788497732747831e-05,5.235933415166642e-05,1.0305012215998169e-05,-8.544628359090665e-05,-0.004896831720973635,8.526666672563635e-06,1.3283010101414849e-05,7.648317440642583e-06,9.37567775725417e-06,-2.5559227008217383e-05,-4.056662916330389e-05,1.843074130613357e-05,6.681502765347092e-06,1.3174023421459147e-06,1.1525352767532647e-06,-6.221309811909543e-06,1.1558801621108887e-06,1.2077251620168321e-05,1.1937482554082347e-05,7.226283326069916e-07,1.5907855706620337e-05,4.745609084517908e-06,7.532473863295971e-07,5.600635896807865e-07,3.3970687846249843e-07,4.3313680608111487e-07,4.944707108798005e-07,-2.2361382934780272e-06,4.326079211211147e-07,3.366378780931895e-07,4.0584824091570554e-08,3.8095921937671995e-06,7.479128682998714e-07,1.1042092745885142e-06,9.567970789309546e-06,-1.7287190132256753e-06,1.0845091234881765e-05,2.209529442121828e-05,2.5613562430301934e-07,1.3799073725702286e-07,1.296644429179155e-06,1.4550921529516303e-07,1.708835494701684e-05,1.9216799995517856e-05,1.7417111586673843e-05,1.18961699134811e-07,-1.0308326540283949e-06,2.415345534105812e-07,1.025833367994111e-05,7.932230777591956e-07,5.435651543543588e-08,1.3939847980807468e-07,-2.161386426765499e-07,-4.698310914631232e-06,3.288726222683533e-08,7.178776487421933e-09,7.235890593171245e-08,4.440477597788299e-07,3.512585523541813e-05,7.62888104351491e-08,7.959255190853581e-08,-3.9555135033102777e-07,7.526492568425307e-08,8.30710145689657e-10,1.3383150872085775e-07,4.80514616450157e-09,5.605504044059585e-07,3.7474770653720887e-07,7.895217111154343e-08,3.8469429429244456e-09,6.706446703132017e-08,-1
7.751177970395025e-05,1.564074725488823e-05,7.605693209458232e-06,-6.489222122747062e-05,7.23828134802181e-06,7.095325498559274e-06,4.762860209192734e-05,6.85930791129022e-06,1.9088772409176242e-05,-3.7445750111668714e-05,1.2577017076683656e-05,0.00011679785461967603,6.99656545475091e-06,5.8846264594334224e-06,3.507566066449484e-05,5.298008018385638e-06,3.317067875943161e-05,2.295311492268115e-05,1.3004629366398702e-06,1.7230664918026363e-06,1.1321109489656837e-06,1.1580508953733622e-06,-1.1417146035116406e-05,6.654327362743328e-06,1.0957303536911599e-06,-1.0586980609608701e-05,1.0967973721769924e-06,-6.418236273122784e-06,1.1654214879120432e-06,-9.300026108765272e-06,8.397081452597634e-07,6.090717856315669e-06,1.1611625810227425e-06,6.826200483753173e-07,3.850151825189547e-06,3.190510569773834e-06,4.218534332247195e-07,-3.146604098760653e-06,3.1037335778068564e-07,6.454956687217065e-07,2.619277422300602e-07,2.3746504933935605e-05,2.3565296711429845e-05,2.3565296711429845e-05,2.521723303955233e-07,2.348875408348928e-05,1.6575129982833915e-06,6.155283370540328e-08,1.232034660422058e-05,-1.3185450125780898e-06,2.783607377654542e-06,5.546491087166092e-07,3.420938466131089e-07,3.156519958783886e-07,3.3859236381537166e-07,1.0722916428588871e-07,0.0002575596827973138,-4.10999357088584e-06,2.419655724345319e-07,9.273850089390148e-08,1.8660664960156002e-07,4.462242091517691e-08,1.1975785749527842e-07,3.0015850433430323e-09,9.14011243120626e-06,1.5373439996414286e-07,8.601304023514386e-06,6.7650969705468e-05,6.279462886568052e-08,-4.444481628401115e-06,5.729302717848416e-08,-9.223044357384424e-07,5.9406937580560174e-08,1.2363776809023666e-07,1.1100576941956588e-07,8.731548489430193e-08,1.0974127420245451e-08,1.397990756683399e-09,-1
0.0006936542657305766,1.0277745743261677e-05,2.3086168433162256e-05,0.00047522797282010984,0.0007357230444356535,0.00026470329332008803,0.0002678760239099931,0.00026494926070680375,0.0004317167933105705,4.321292241599058e-05,0.00025605180123441966,8.952897027380042e-05,1.2365617311183888e-05,6.827867339162717e-06,2.9978147713733958e-05,5.213703075542707e-06,2.386116332449133e-06,8.135314649421379e-06,2.5120741187115826e-06,-1.8170878329658422e-05,-2.3359991604831322e-05,2.974556201082522e-06,-1.0808666978643636e-05,9.001631210364128e-07,-5.215427927008344e-05,2.6421985777923164e-06,5.104671336407806e-06,7.78634040079234e-07,8.539914564512438e-07,-1.7399974197282117e-05,1.7296217676252066e-05,5.426682456317918e-07,4.6945657234811913e-07,-2.164342693252676e-06,5.111680093458235e-07,1.556743275090631e-06,5.901009238975363e-05,1.4700216051750095e-06,4.798811432696517e-07,1.1528403261200302e-06,3.251880942910051e-07,4.104579378866367e-06,3.0890404664038775e-07,3.1894338670189313e-07,1.623954028049249e-07,9.268317664298566e-07,1.561426465005379e-07,-1.5024677467890327e-06,1.6425977017798288e-07,1.2337424875584001e-06,2.9453304904830593e-06,1.37607791700563e-06,1.467283138401974e-07,1.3426339095402483e-07,6.662515648521248e-07,1.1473162256148385e-07,7.949775489651602e-07,9.956223113201704e-06,1.0772549082968327e-07,1.7862977945869443e-06,7.501676404382294e-08,-8.764778520776461e-07,1.9051171855574794e-07,7.934471815380538e-08,1.4028709507716343e-06,2.583367300093148e-06,7.423085375494589e-08,8.817030767296669e-09,1.3818798562400452e-06,4.170281804674111e-07,6.130690856658078e-08,3.687684586246525e-07,4.1416147730701906e-07,7.016687675841993e-07,1.1870880718297904e-07,-1.9051276387587674e-07,3.2560574848424153e-06,2.9039827423884276e-08,-1
1.0851242510251902e-05,9.465214344618103e-06,0.00015566729011019407,8.754418838799461e-06,1.0839488978312689e-05,9.557281824561912e-06,8.357998970964721e-06,7.901100748658164e-06,7.573501181233873e-06,2.323701031736161e-05,5.259651219130914e-05,-4.484880900107588e-05,5.828425532510623e-06,7.93227973342865e-06,5.022098403343111e-06,2.8442390486299477e-06,3.0204731268758133e-06,6.385582865892194e-07,2.5174465750217974e-06,8.40094123861377e-06,9.05802587939673e-05,7.932499886149376e-05,6.0942770862133444e-05,5.680681693349015e-05,3.280905595297105e-05,3.210780778162149e-05,3.235488268314509e-05,1.1202973272368137e-05,1.1191121284225052e-05,-3.876321515939735e-06,2.4330348688586527e-06,1.3470426918580367e-06,2.0382736515967385e-07,6.315805245230287e-06,1.5174114423046878e-05,5.310041629700421e-06,-1.872646855481077e-06,-1.7854268556348008e-06,-1.7458270652374501e-06,2.942521387415152e-07,-1.5577555303847336e-06,1.2641961003759957e-06,-8.312590625849722e-06,4.994516945733525e-07,2.207309775917433e-07,-2.8710049043352385e-05,4.6850620729361315e-08,4.078361114785231e-08,1.8268677697652563e-07,8.909427557465693e-07,-8.716809324193461e-07,1.1018787492183762e-06,1.4817500053062873e-07,4.2815401891315186e-07,1.5909710976030899e-07,-2.1893711754130733e-06,1.334347475792818e-07,-3.263473540908032e-06,1.3570414431349762e-07,1.1365082467694051e-07,2.9226099617319316e-07,9.89298028277528e-08,1.448174635046651e-08,1.0741071276321988e-09,9.924762199154962e-08,2.2121405188137165e-07,1.541493563012753e-06,9.178529804918709e-10,-3.4004838373206717e-07,1.8852237369143877e-07,5.057519476506318e-06,1.4255089086624343e-07,1.3574276446507058e-07,1.1665746779772327e-07,3.785320819476799e-08,3.568707320405377e-08,1.4875557877255823e-07,5.403802805884088e-07,-1
0.00043908560422376,-5.337890148431379e-05,9.358099485405505e-06,8.996089297557972e-06,-5.175807242686105e-05,8.591207247831243e-06,8.550412434875209e-06,-9.502890375232904e-05,-4.5692508049395565e-05,6.659540535621988e-06,6.996277380357552e-06,5.278259726822409e-06,4.81141162325037e-06,8.216146901657084e-06,5.333002442131829e-06,1.1430276915134863e-05,1.1824763983109882e-05,9.29076809375493e-06,1.2593249141056978e-06,1.6613038128415683e-06,2.020334590353978e-06,8.432574533325435e-06,1.0435572959124697e-06,1.2588895041010362e-06,9.930559833217835e-07,2.4555497903649874e-06,1.0219487358751227e-06,1.0454571275065238e-06,-5.369119307427347e-06,1.146838977994653e-06,4.183151850965207e-06,3.275341089439233e-07,3.362209997357099e-08,4.7585390682642643e-07,-4.702795236080635e-06,9.092597604981436e-06,1.2802628016709927e-06,1.2637279485009067e-06,2.6752122980843012e-05,8.553983148887178e-07,1.709376176815097e-05,1.9278362730753326e-05,9.97162300839091e-06,1.5826331960017665e-05,3.836098282213857e-07,6.441458261406486e-07,6.530946463473639e-07,1.518118016453777e-07,7.1785945586312e-07,-2.1583942612164934e-06,1.2979462859580703e-07,5.780403299180273e-07,1.6812964971057187e-07,1.0399717134981975e-07,6.896435642356608e-07,9.942092382720654e-08,-5.716455960337859e-07,-6.100644331423206e-07,1.5874460617860533e-06,9.017754766212779e-08,6.243806902588278e-07,7.920630271819942e-08,-4.6084881443873854e-07,1.6520468148032788e-07,4.4174388159981567e-07,-7.210082299251699e-07,7.512289920346304e-08,1.1413757457764521e-07,7.44562510261866e-08,7.789181233967108e-08,6.947934307006047e-08,2.406886015448614e-07,-7.091093230536242e-07,6.566810216614807e-08,2.090937926094621e-07,4.185985103938913e-08,6.223240050215952e-08,3.9114300885861915e-08,-1
-6.800724762325842e-05,4.764839336363877e-05,0.00011410879908811297,0.00011982560643274445,1.5700880139194618e-05,0.000109987658646193,-0.00031340718674816427,0.00020793012699658355,1.3765844385526724e-05,2.2556662002445912e-05,1.9908313981116592e-05,1.8552279872942514e-05,-6.469824481993959e-05,5.72769117518162e-05,0.0012465439803137064,0.00011053306143819734,-9.73122658290072e-07,1.1799816036294384e-07,0.00023776662625497584,4.3770251415694296e-05,1.1654851655481305e-06,3.635844812377912e-06,-1.3182697738237578e-05,-5.8639811432346256e-06,1.2548472343009115e-06,1.6317931892864152e-06,7.549037519183639e-07,4.4424564477113725e-06,6.491024926190597e-07,5.244448307001128e-07,1.7544222725348625e-07,4.121605304707225e-07,1.4212192907784728e-06,5.864710712576407e-07,7.552465674351052e-07,3.3650177641399896e-07,8.897774254118576e-07,3.1109163239112403e-07,3.033553006648067e-07,-2.187874473547136e-06,2.989402795300369e-07,2.9533551513028063e-07,4.801976734015567e-07,3.131407343893607e-07,7.867812850452083e-07,1.9186368150909447e-07,7.622310875984729e-06,7.537793796717971e-06,1.1262825837975605e-05,1.9373892552970863e-07,3.814830457463885e-05,-1.8167023505982894e-06,1.482243619463664e-07,3.386010601234136e-07,1.755598654552053e-07,6.581526315092673e-06,6.428967352294225e-06,7.319802747280429e-07,1.687518759619598e-06,9.306036651886346e-08,8.894437322665695e-08,3.623747993519875e-08,8.146411055535479e-08,8.450584346115535e-08,3.962246693299803e-07,6.469439060960517e-08,-3.716320921757326e-07,6.033540760769263e-08,1.1427709884185299e-07,-2.824313944970703e-07,-2.8133437035339444e-07,2.6908775883185417e-07,4.3245322923841344e-08,2.911613830545933e-08,2.649257222136313e-07,1.024493079954876e-07,4.3496392629370686e-08,2.2814614113337163e-08,-1
0.00015048657746664682,1.0446307403376137e-05,8.900260586626551e-06,7.957728874003621e-05,0.00013236296117340952,7.1120813264261654e-06,8.447667385364345e-05,1.3522257438253031e-05,0.0002707553626389428,0.00027089535550762545,0.00010565054535344869,6.957349666695108e-06,-7.671390114930403e-05,5.17751438338312e-06,6.263968983516849e-05,2.488351734712258e-06,6.303692989191285e-07,2.633753504221803e-06,0.0003569041612594753,1.7795581649188164e-06,1.1670526275407916e-06,1.8524265830531217e-06,1.1938604295102703e-06,-5.9510682558593355e-06,1.1530714772958989e-06,-5.893981603224619e-06,1.85283694457723e-05,3.5882981418081676e-05,1.298600672608771e-06,7.334428742468901e-06,0.000115027367223151,8.576666125424416e-06,-1.7113781528663461e-06,1.0480729748157175e-06,-1.8926046963599066e-06,2.7678643237922036e-07,-1.6865447066913117e-06,2.530202774786726e-07,2.5220573551787514e-07,6.043678478838576e-08,2.218308143544833e-07,2.3311084582594773e-07,2.2847692298418714e-07,4.64854753981479e-06,4.6923412633665156e-07,7.733720658660423e-07,4.044359858229117e-07,2.013886086775366e-07,-2.1562651178897094e-06,3.1567727974280904e-08,-4.616900007518026e-06,-8.614404053827035e-07,1.598650509155847e-07,1.7462803047242998e-07,2.1283439798138963e-07,1.0923189770766097e-06,2.3052823579576145e-07,1.2081161135507455e-07,-5.986279300357542e-07,3.2204467816908696e-07,8.739741640995963e-08,1.8019670756175954e-06,7.803634755127377e-09,4.1432903253786276e-07,1.5453078743636265e-07,7.350042027388956e-08,8.125736758050568e-08,3.6307118657033207e-06,2.1176263465607044e-06,2.1383998002180227e-06,2.1374318227733247e-06,2.065275220739405e-06,8.952897027380041e-08,7.150756565024467e-07,7.13475426174746e-07,2.568266148742135e-07,6.944820340684671e-07,1.855358972682176e-08,-1
0.0002862787748478708,1.1238732466536625e-05,8.205988408713427e-06,2.8035368914468637e-05,7.1798319327731095e-06,7.439366278482318e-06,3.085362354884608e-05,2.2070837629039328e-05,1.0466724606362457e-05,-0.00046181672862471014,0.0075488409596705984,5.948128522527451e-06,8.017965728912931e-05,5.699063377147171e-06,9.808583709591558e-05,4.657541323866769e-06,-0.0001337184341640863,-0.00032343329976748626,-3.6583262553001386e-05,1.2432865194663513e-06,1.1197697586180855e-06,-5.5833691425548835e-06,1.0559584231705432e-05,8.382774810271564e-07,3.5378756659361285e-05,1.4988214124569757e-05,3.387964799484409e-05,7.557650408459119e-07,1.3338148831524335e-06,1.6046403546245108e-07,2.4564308141023926e-07,8.05609116266535e-07,3.9734986601912297e-07,1.5799845501682989e-06,-7.462664687693171e-05,3.8190137406351154e-07,1.5322500885676958e-06,3.2386216763363503e-07,8.017136382737565e-06,1.5085554747836373e-06,8.664428141715445e-07,1.8284562567267372e-06,-2.1829561493424517e-07,2.8557948229919856e-06,5.173512292956064e-07,1.5551154135788306e-06,2.184802185905015e-05,4.007442178914766e-08,4.109887650265175e-07,1.9807359574214385e-06,1.3693586445135954e-07,2.6562766444806643e-07,1.3516791394121416e-07,1.539618851717489e-07,-9.162470536304102e-08,5.083114538349226e-07,3.1010860159253647e-07,2.017445235417157e-06,7.22177133348568e-08,1.9665516101983967e-07,1.3588297600585585e-06,1.9861248538726015e-07,7.785306976242647e-08,-4.770686235363536e-07,-8.556144080682158e-07,-4.120042460475189e-07,1.2345549009254655e-07,8.62562903738536e-08,9.395249343975188e-08,7.933953203804036e-08,6.65985203913008e-08,6.2942502803616656e-09,4.651722647812834e-08,-4.749467949548193e-07,-1.1402640836614738e-06,1.2479482264535302e-07,2.8225254069491478e-08,7.894956007570946e-09,-1
-0.00021005948371788,8.02614208247539e-05,0.00012507680689927513,1.0797951777705694e-05,0.00017615647281259698,9.886609366626237e-06,0.00011219651824246186,8.293271655431136e-06,6.534254740430994e-05,5.2414995328322e-05,2.555013833455561e-05,1.1822432498660197e-05,4.036636770865653e-05,2.9686444500465407e-05,3.629229173130624e-05,7.568279747130005e-06,0.0002809445650227061,1.9775224064254086e-06,0.00017823080991274218,-3.329110118788431e-05,4.319648858678997e-06,2.631603068238726e-06,1.350574173991937e-06,-1.562176965347228e-05,5.695784441101471e-06,2.410151680179051e-06,-4.187840255509858e-06,1.5515456919701646e-05,1.3928207668037046e-05,3.1931104349565906e-06,-4.416442242803615e-06,-4.042916247093578e-05,-1.990049564813556e-06,4.897841831769418e-07,5.985702247467457e-07,5.473675914779026e-07,6.214672562673839e-06,5.06088537897296e-07,2.9451818155172527e-07,9.998117356165467e-06,1.8136010318905373e-06,2.422598166759176e-07,3.5936935268305383e-06,1.4000832806657104e-07,2.3347011071078833e-08,5.793364508373848e-08,-7.44800449717007e-08,6.812926923620027e-08,9.039148173420288e-07,2.913218202216152e-07,2.2641829253586805e-07,-1.028149026559126e-06,1.0729313612652584e-06,6.327578509311314e-05,2.5599080045766746e-07,2.693338564248079e-07,-3.2915003283314233e-06,4.101125344833721e-07,5.123051663910087e-07,4.014939630309433e-07,1.5025770387236234e-06,3.220319034309671e-07,5.090244935323302e-07,7.91863112365399e-08,-4.391899627428984e-07,6.717937853055444e-08,1.0038777874407292e-08,-2.690921409824487e-06,-3.1218737273988936e-07,6.41816372737738e-08,4.965247200070368e-08,9.635762007245699e-08,-1.4175433978103052e-07,3.8146564025616706e-07,4.1123933649873734e-08,1.1256811121881063e-08,7.847253626074057e-08,9.763755686715191e-08,-1
1.032581420481002e-05,0.00016054925855631238,2.5583832916472093e-05,0.00044405319481469543,7.820639332870048e-06,2.1213518992221556e-05,9.375772700383188e-06,-4.537458573636879e-05,-0.0012738238553363151,9.074000478521148e-06,-6.419816387476883e-05,2.289076999776546e-05,6.383962711342103e-06,5.963824775129012e-06,5.588737969711476e-06,0.00021348183100665751,2.9339499312740308e-06,7.658185804731544e-06,1.312051331604519e-06,1.3309955147483994e-06,1.1143680497771698e-06,8.619111874347729e-06,8.167818425538742e-06,1.048490069599188e-06,4.723692979084986e-06,1.7754040913321867e-05,7.183147825113532e-07,1.279252142801738e-05,6.194227392604296e-07,1.2373130017646607e-05,3.7813781626378595e-07,-1.5925641959072579e-06,4.3337239179336035e-07,1.5199024761851701e-05,2.8175190809706533e-05,8.874335868215415e-07,1.4000696476402384e-06,1.6809150942113163e-06,3.853382040962211e-07,3.0076231330575633e-06,2.422112835405452e-07,5.096468816275756e-06,8.926487704366857e-08,2.1895822028131148e-05,2.8551810411532405e-06,4.587132676174406e-06,5.302368315435698e-06,1.8311744429858582e-07,2.377655995318753e-06,1.2713698080827448e-07,1.1463576777620693e-07,1.3203004073189524e-06,5.025854573047464e-07,1.775951183009812e-06,1.965005897665647e-06,1.5123439884388654e-06,9.469416683574468e-08,3.0093011126564675e-07,3.6965587489010594e-06,2.483929622112419e-06,5.612253439391734e-08,4.586013028159339e-08,3.642918192532694e-08,2.8648940395106905e-07,5.300030723983582e-06,4.058954694382909e-06,1.7018114646579494e-07,5.020277040568006e-07,8.074635110273568e-08,5.8965254100969736e-08,3.9494655145297523e-07,1.043429849038496e-05,1.8045329601956733e-07,4.066100550331376e-07,2.5762552274477367e-09,1.0855183125900391e-07,4.4525410030579294e-08,-5.1068446943077994e-08,-1
9.979808151870274e-06,1.9054459017097275e-05,1.8550048232641876e-05,0.00011214227411331736,6.785350942931915e-05,7.398517735808072e-06,1.9159244216530967e-05,1.2150306660594283e-05,4.00832077993292e-05,8.440961132400338e-05,1.4391698269137496e-05,6.056880266125814e-06,2.2933043214069383e-05,-0.00017900916292480618,1.8953042322142965e-05,2.961521475983208e-06,9.923564865020523e-06,3.8286742092148037e-07,3.1979791145590116e-06,3.187403619759929e-06,2.902162699192574e-05,1.1244427818324875e-06,5.69887492850767e-05,-1.7623599264921554e-05,3.831616507279732e-06,-1.3867311389797132e-05,-8.024770484346103e-06,5.328046159664e-06,7.024849701807138e-05,9.097461666104966e-07,7.401045717630654e-07,9.972199318954211e-07,2.565690699625047e-07,2.9726452157316263e-06,3.6212074005647545e-07,-1.8743473283878186e-06,2.994820137458983e-07,1.4816362273056346e-06,2.3064232771400013e-05,2.854186985691019e-07,5.7398157243392676e-06,3.866560657772262e-07,0.00011273232323232325,2.3197747310993897e-06,3.396743940334152e-06,1.8390152625123927e-07,-4.552249927133576e-08,3.896069757456664e-08,7.697081954966947e-07,4.3728999473020206e-07,1.1948805915496494e-07,-2.2906100763719244e-06,-2.1114563952885015e-06,1.1624009810128621e-07,4.5184016636013646e-07,7.325637731282355e-07,1.2912269234315034e-07,1.5102363279811705e-06,1.31073005285939e-06,-2.0893505338138486e-06,9.853913334721522e-07,-6.819702072131378e-06,-3.109452445021181e-08,3.6922948539638385e-07,-4.2148414160530523e-07,1.3267740018187178e-07,2.514574840736105e-07,7.185084851875104e-08,6.361592721517265e-08,5.272976416525808e-08,5.243005534968737e-08,1.4726318363400573e-05,6.046120326767296e-09,4.5159433822682964e-08,2.4078128653855708e-08,3.183140500550872e-08,1.0210105962814462e-07,6.372646226532114e-09,1
0.00012864185235514009,7.616856887052242e-05,5.781369332333845e-05,0.0002666150889396891,0.00029391552724913645,3.113146799279895e-05,3.65533758891968e-05,7.895837911055729e-05,6.520677776190951e-06,1.53601029104229e-05,4.031860383766741e-05,4.1257940121190885e-05,7.251159424371448e-05,0.0002257522474868959,1.197408540884937e-05,1.942142717361377e-06,1.145273762264292e-05,2.196258060445403e-06,1.2192621758886718e-06,-0.00011472560858083581,2.3912662785163172e-05,1.801095538382951e-05,-1.0723527688859531e-05,3.4153300071616294e-06,2.2519379779162457e-06,6.921875496641957e-05,8.147745006065225e-07,8.056953218061514e-07,7.279005960033829e-07,7.571100332657267e-07,7.386316316934708e-07,1.2077082402713872e-06,2.3691302902678707e-06,2.2342574306514577e-05,1.6505491725973374e-05,3.4725084075493296e-07,-4.853055821707203e-05,3.0313218111198904e-07,2.572209587670086e-07,6.889486072346979e-07,6.628551052992581e-07,6.668215582931927e-07,8.333765886340332e-07,-6.909066229470038e-06,3.927110663919387e-06,6.21951376704313e-07,2.000128611230969e-07,8.140101243603722e-07,1.0773889842934661e-06,6.608419498614363e-07,6.08863463654786e-07,7.38077027982029e-08,1.1583173965575904e-07,8.968462069280106e-08,3.566206893854187e-06,4.848228120129996e-07,1.1361378946025374e-07,4.183823408698666e-07,1.5420259387208065e-06,1.577883374258261e-06,2.613257483940005e-07,2.4393885864295693e-08,6.7714436217712554e-09,8.500790146497172e-08,9.134683429623087e-08,2.221260559076025e-07,9.559044732397197e-10,5.2870561615435286e-08,1.1781703869260875e-06,7.846358162560802e-07,3.4466573444448923e-07,3.862232975622229e-08,5.585244309939123e-07,5.853893102884863e-07,2.6709244231007897e-08,2.794661286444673e-07,-1.2546155995308207e-06,2.122719535801126e-08,1
-0.00013070417689331026,7.713953363877882e-06,5.160981837152569e-05,0.00031511147801011925,2.5177819720903392e-05,5.6783337903545234e-05,0.003741930265852654,1.8861401933682844e-05,6.8176858771383995e-06,0.0008294073601584689,5.354049531913479e-06,1.3354858005917338e-05,1.1551244466056934e-05,1.6551239671728575e-06,0.00010543557330126055,3.22591815526822e-05,3.2749815192417084e-05,6.967784017033872e-07,1.608023154439251e-05,1.4663765296945417e-05,1.386916228008485e-05,1.5002854496732736e-06,6.42651511672746e-06,-5.48434635612676e-06,5.038182004256912e-06,3.2212121508523366e-05,1.5636196503182518e-05,7.148259844058237e-06,2.0822187018118782e-06,3.3249782211908916e-06,2.661981950494658e-07,7.376229365633153e-06,6.41293386117205e-07,5.5438699733337e-07,1.2373522477476145e-06,2.2118788229067168e-05,1.180872236304354e-06,-2.9547863604401744e-06,-1.7438126308653238e-06,3.676129997391049e-06,1.2649370396894923e-07,2.913991445443352e-07,3.9500488697034556e-07,9.012114798781177e-07,2.0848055206160205e-07,1.7583811729899775e-07,4.0804896354439676e-07,4.520273444213141e-06,1.3624189655844795e-07,0.001194008632731665,2.854712779056132e-07,1.3975430282454134e-07,-1.963465132324729e-05,-1.7823126641805034e-06,9.0501706065937e-06,1.0744580589154882e-07,2.6208042079136093e-07,2.766069371858846e-07,9.326239819655484e-08,7.815273326263476e-08,6.543102531518671e-08,3.125200955048389e-09,2.071623279815867e-08,3.3055355724480315e-07,7.795473091134742e-08,5.867595321975574e-07,2.3958561099671864e-09,-1.3007669004033508e-06,4.870907709238288e-09,4.4532934533043754e-07,3.229309416692524e-07,4.3843032521930446e-07,1.449695162609652e-07,5.545355344963757e-06,8.202368071813387e-07,2.1317308916029673e-07,7.627465729275382e-08,3.171980988914902e-08,1
5.726289109893453e-05,0.00032939122605778415,2.7904451474998163e-05,8.257738966024315e-06,1.4603874721534882e-05,0.00011515680075738083,1.735139687675993e-05,1.735139687675993e-05,1.625038555964473e-05,6.27626547751155e-06,1.913450672490582e-05,1.3591896393845028e-05,5.3932757338057526e-05,0.00021249088267968699,0.0002206404576075856,5.732414818066919e-06,2.2906333179356184e-06,1.122897340669992e-06,1.0758342725470032e-06,2.3759215647905438e-06,6.451227296440711e-06,9.064830429477432e-07,2.1120158048286197e-06,1.7017349276196303e-06,6.263925890933453e-05,4.539751155998443e-06,2.2712830916837965e-06,7.503465044337836e-06,6.988119418040669e-07,5.39862781843013e-07,1.8214082417779607e-05,3.7604477995437743e-06,1.0804838209572157e-06,1.9452540649629838e-06,8.094749594348495e-06,2.6068916083458516e-05,5.136726770401797e-07,3.899130430706076e-07,2.642044988184645e-07,-2.0312393911580598e-07,2.5658073960181537e-05,5.845434939230396e-05,2.924384411502122e-06,2.924384411502122e-06,3.971868713957075e-07,4.4474481719588987e-07,3.004514493136926e-07,3.4472535661205243e-07,9.122895504649113e-07,2.113107006386419e-06,2.977259221421449e-07,1.8463748699659184e-07,1.6841920009462534e-06,2.388844234095973e-07,2.542847100808451e-07,2.1339121625970476e-06,-6.367632860318408e-07,5.103000253273781e-07,8.726098544816194e-07,6.375765055381199e-09,-1.990258270939045e-06,4.1054456808026694e-08,4.6273773062237624e-08,5.527393669597795e-06,4.913526050113562e-07,5.172457943638808e-06,3.704586180462456e-07,2.2591147311298891e-07,4.2867424004384075e-07,1.1180344225963307e-09,2.2932265686797331e-07,5.511588857877582e-09,5.940092898969095e-08,3.221138625619649e-07,3.453946902716031e-07,1.8126076731307263e-08,2.500160764038711e-11,1.071127338776813e-08,1
9.826881465280423e-06,8.858841834654744e-06,0.00014848389192255234,8.344217364514371e-06,-5.412388485525217e-05,-0.0003856704645880752,0.00015519532025349712,4.805630291039765e-05,0.0006402388917226563,9.329498065747401e-06,0.0002754867077977317,7.270038986579694e-06,-4.31488319988717e-05,1.1485380707530015e-05,3.8805150529246584e-05,8.833772629654472e-06,-3.7942467943387367e-06,7.271339313367104e-07,1.4741719737225407e-05,2.2315580726655027e-06,3.099881676746152e-06,1.7553796163875486e-06,1.9604859675379643e-06,2.759971015282911e-05,9.138052848758774e-07,1.6593123742095596e-05,6.882385410406397e-06,1.8958242212878993e-06,1.5657893829502851e-06,2.75800572009482e-05,2.4988074419919343e-05,6.303880667205599e-07,4.3992498255408237e-07,7.086210356568164e-07,9.473228070131952e-07,9.003464820545188e-07,6.648432193124027e-07,-3.5455483782337427e-06,5.475282189160848e-07,2.525068843384593e-07,2.2491166720806012e-06,1.0056294255954706e-06,1.1025323985188103e-05,4.097215139966603e-06,2.2084217056641053e-06,8.215793801734843e-08,1.3978779073484662e-06,1.1947845019511924e-06,2.010028943049064e-06,1.660523272622259e-06,1.660523272622259e-06,-1.0223076079643903e-06,1.0041429869886657e-07,-6.790850027353121e-07,-6.878150808977586e-07,7.29513440621526e-07,1.1541688509962821e-07,2.3947681573970944e-07,-8.370945782677525e-06,2.613185939759934e-07,1.7894902535379564e-07,5.430222521878091e-08,2.482127779250898e-07,4.4604667933391836e-07,4.311817959023991e-07,1.7695030583253736e-07,-6.8630577208701e-07,1.3562393408683887e-07,1.0292973397244786e-07,3.3109224740367005e-07,5.749012554323488e-07,1.55616938382336e-07,2.2705995017865762e-07,5.421926187936146e-08,2.0658646560707875e-06,2.6229640549057596e-07,6.528472997842417e-08,7.708250249708718e-09,1
3.745717561100318e-05,3.535665225040844e-05,-0.0003381500562483061,-0.00012278728140441555,0.0008218426064199318,9.629746476155398e-06,0.00020807946459944012,0.00017718842693683454,0.00018268304636808984,0.0004243664198285228,6.567116902408839e-06,0.0012038877416807568,9.548132313470282e-06,-3.617066614907273e-05,2.911496048751566e-05,0.00017368627943657513,-5.584118973981121e-05,6.647215745627932e-05,8.731808278639725e-06,-4.7305464232353475e-05,-6.146595604725099e-06,3.626976681727784e-05,2.198390177818859e-06,1.2740529200949449e-06,3.502676941604921e-05,3.359842101465689e-05,2.1131151890042947e-05,-5.984150719843658e-06,1.900179923395887e-05,0.0004480106849565931,9.32621672399083e-07,5.241470390037223e-07,3.9014358532562006e-07,3.299137601401511e-07,3.288457699419072e-07,3.524442902057945e-07,2.712938019010012e-07,8.202216744131036e-07,6.119882934299018e-07,1.504102978494503e-06,7.599097756202606e-07,5.24634682221459e-06,2.5490316334838505e-07,-2.411783018742712e-06,3.4495748378967598e-06,2.590011528090326e-07,3.4110480112783485e-07,-2.928992237786767e-07,2.0849358437079483e-07,3.1454830203775893e-07,7.630055511151909e-06,2.8048073314741994e-07,1.7041301263719395e-07,1.2637204615350847e-07,7.06491261751563e-07,9.727771390363836e-08,2.9470940521379443e-07,9.742579525803857e-08,3.0602508124644638e-06,2.2816885305190773e-06,4.9573118447687883e-08,4.892061642532578e-07,1.0887162526615425e-08,1.1731012237556335e-07,1.5473410645112551e-07,1.5687713946185788e-07,-5.502520647182069e-09,5.796141346120017e-08,5.201338912133891e-08,2.522684514446241e-07,5.3915250659447956e-08,6.77347108512373e-07,6.316670328844582e-07,3.721983111421473e-07,1.8060179798951671e-06,4.1343266474496595e-06,6.808071659207177e-08,6.284823169146799e-08,1
-0.00012772724712087151,9.74617897352789e-06,1.5276105663348396e-05,1.0011829590896034e-05,9.050288321937147e-05,1.4452593467438532e-05,2.136423812210139e-05,1.6069178241718878e-05,0.00020384954310573557,0.00019886368390389749,2.2490694510590676e-05,1.1721549832792599e-05,8.260335816369531e-05,1.0838142788461109e-05,3.688242265195605e-06,5.236757486689282e-06,1.2654408569533057e-06,1.4949770005331527e-05,-7.588929731989849e-06,7.326177384605841e-06,2.4256569222593793e-05,1.364854488560219e-06,1.285114619466306e-05,2.2279647566511852e-05,1.1641054001534084e-06,1.0291127017315967e-05,1.555230983974794e-05,1.2542648071562028e-05,1.590362511156167e-05,4.85297771445587e-05,1.2282700891351807e-06,6.0832617459814184e-05,4.579816179773385e-08,6.298893751489486e-07,2.6515412943195175e-05,1.715405962003091e-05,5.04587132965559e-07,6.074833065519142e-06,2.46388513957505e-06,2.762209416882381e-06,3.792455380541427e-07,-2.048330957166694e-06,1.0050020368612562e-05,5.837741103557357e-06,6.341885039718655e-06,5.77123315581123e-06,2.1365383707805764e-07,1.444976241946741e-08,-1.0495549092175664e-05,5.2496564682754585e-06,1.338253780727069e-07,1.4868743493056956e-07,7.393288472899227e-07,6.543228577965718e-07,1.5160535310042642e-07,2.7111557619937393e-07,-7.215847814260842e-07,-1.2354351340240304e-06,8.886186489576395e-07,2.138114966709673e-06,6.865393588016685e-07,7.389978759655992e-08,-1.6317999035144882e-07,7.633098170047705e-06,1.6879895962932652e-06,9.492844496485684e-08,2.1484119098633669e-07,1.6064471420402278e-07,2.4453370683626575e-06,6.661507973242357e-08,3.623309617153874e-07,1.0192076806709465e-07,2.783205878241892e-06,3.456409627415185e-08,1.1340799230192522e-06,7.9465342986847e-08,4.5391766384398744e-08,1.7638403641796886e-09,-1
2.0461960458373057e-05,3.418028179122768e-05,2.8028404743027396e-05,1.8086473464377214e-05,0.00019373960059624451,1.0129880492253344e-05,1.0897278244813592e-05,5.625928104006948e-05,-4.352192948177512e-05,6.616056082946171e-06,6.534049733173683e-06,6.668976413409026e-06,1.0165161071213701e-05,5.465670725692227e-06,4.3642201173077395e-06,0.00021640820458346146,1.3073260830737066e-05,-1.124683088827928e-05,2.461428274244527e-06,1.2420015866569562e-06,-4.64660730905616e-05,3.133205988160354e-05,1.6127702031903296e-06,2.5481192888216947e-05,2.4934543343297972e-05,2.4026815105025163e-05,8.772011780879572e-07,9.661920697196077e-07,1.7548300302800837e-06,1.732395349823709e-06,1.2813412396968342e-06,4.389511373540754e-06,2.2590760820287034e-06,2.2035739756434512e-06,1.412356176692415e-06,4.4317312043822817e-07,-2.2064668018188493e-06,3.167261062663961e-06,1.925579067686738e-06,-1.2665300579302477e-05,1.7270581665480731e-06,3.671647583741174e-07,4.5750032715004075e-07,5.179929344906592e-07,2.4322655194106813e-07,-1.1620436126844415e-05,-1.777638140196322e-06,4.41572708220422e-08,9.287322097550228e-06,-5.334152982815036e-06,7.6065018182662804e-06,2.6803218156298296e-07,9.635663634263013e-06,2.478229620654409e-06,8.010933845592721e-07,7.510877760275496e-07,6.6017747498498e-06,1.4492942857972243e-07,1.2435556663798727e-07,1.923790964967055e-07,4.897414670773492e-06,7.126973562841996e-06,4.9497043147373986e-08,1.771254459620641e-07,1.6994754685183568e-07,6.76427383172129e-08,5.112679085688753e-07,6.129811996547806e-08,6.023807501659873e-08,3.312637693405823e-07,1.7716788167323037e-07,5.333544120198466e-08,-3.690521436027937e-07,1.5404148986937638e-07,1.630431033792655e-07,4.5859318544535356e-08,1.69674308020267e-06,4.036316693436708e-08,-1
0.0001477449727427479,1.112680298680788e-05,1.0700211679847027e-05,6.575322376554053e-05,1.5034804942305251e-05,1.7924388312177033e-05,1.2838075595651688e-05,6.28318657067005e-06,-4.928222454067073e-05,2.221112325263213e-05,2.039770099174649e-05,8.084730699473341e-06,5.266562741147735e-06,7.334367802884174e-05,1.4831256990048868e-05,3.6991856303589885e-06,-0.012245043779871241,1.4004233532788283e-06,1.290025956615949e-06,1.1495337311425216e-06,6.15824250798174e-06,6.732794177448968e-06,2.117615889134372e-06,5.480690832335545e-06,6.662756175256112e-06,-4.7686282164337506e-06,7.433380277875637e-07,8.917788755461947e-07,7.509374737627404e-07,1.6921797652436673e-06,2.304257255765619e-05,9.71857150066077e-07,5.434956442536393e-07,1.704264834831717e-06,4.2570988354383535e-07,7.204225433021763e-06,7.052587785393603e-06,1.2193694040777518e-06,-1.541554692392799e-06,1.6830233219958397e-06,1.9788566376549796e-06,1.1233106150649005e-06,6.193299990769193e-07,8.876563145355279e-08,2.257617649113248e-06,-4.83529952339685e-07,3.8893350554067685e-08,7.979808675603065e-09,5.852683689219247e-07,7.882214572791893e-07,3.537222638036906e-07,3.232933579687883e-07,3.232933579687883e-07,1.6080430985462378e-05,1.408402492858696e-07,1.647809500983238e-06,2.590076969971527e-07,1.8862127410883898e-06,1.1098250896126329e-07,2.071908262272082e-06,5.737078223801356e-07,3.974569918354282e-08,3.442877100165928e-08,1.018823952366495e-07,-4.214319580245304e-07,1.5418837603485453e-06,6.492667392498068e-08,1.7800527349505e-06,1.6076684231489831e-06,6.78293623993276e-07,1.9707284320775243e-07,6.746520578899517e-08,-9.321162248741027e-07,1.5390327719736446e-09,2.2677993359055514e-06,1.2613626460947254e-07,2.1957571917284526e-06,4.721902150939404e-08,-1
-6.077192687362048e-05,-6.196517830864688e-05,5.9317803031512944e-05,8.576383398644517e-06,0.014219604923774234,0.00024833246624041334,0.004025505173196359,9.015806522079066e-06,7.707689203902388e-06,7.443166294075746e-06,7.870717729637573e-06,5.126638313539125e-05,6.614636665542225e-06,0.00016787577552397886,2.824603163359576e-05,2.000379356904425e-05,4.6962293036429515e-06,6.70415294063609e-07,-1.9698434002614812e-05,9.118102301039743e-06,-7.309078097986513e-06,2.624531122104285e-06,9.521724173944549e-07,2.008896288087729e-06,7.635200822853059e-07,-2.0835767719103014e-05,1.1632447157783378e-06,7.031795318992351e-06,9.060942492034361e-07,8.215728640609208e-07,-1.1332287442515923e-05,-1.5987519551911022e-06,8.048578649080027e-08,7.70091781336497e-07,5.012008825416633e-07,3.6413696856484275e-06,-1.9010697075048539e-06,1.7775507490605365e-06,1.746904016260729e-06,0.0002507419550860395,2.4503911418319157e-07,-2.019133496702429e-06,4.086776955394152e-07,3.9432516326551554e-07,1.4462228565790609e-06,2.9890365362131235e-07,8.01511868827635e-06,1.4983575772240323e-07,-1.9722982601405895e-06,9.610034127214329e-07,3.569682068168867e-07,1.451668222944897e-07,2.51995344248489e-08,2.6974959570942223e-07,2.993177870342421e-07,3.688715431638767e-07,2.4239228618301197e-07,2.0020956870263035e-08,2.205723146932764e-07,3.750406224921811e-08,9.439241759423238e-08,2.036531175374226e-08,1.97725133898954e-08,1.158158733888255e-07,2.356863387579758e-07,2.1875055984820685e-06,1.281276295945713e-07,6.030456297905724e-08,1.5433547324510618e-06,1.948177351753442e-06,9.966566002129882e-07,1.2674418302528152e-06,4.041471768694996e-07,2.6735716141767883e-07,7.23598605738261e-08,1.2702705543546306e-08,1.3488225602213713e-07,-7.376599446693016e-08,-1
1.2036450508649982e-05,3.936056249455357e-05,7.776330191685361e-06,3.1734506173044605e-05,-0.0001818774629545333,8.745626820849473e-05,6.779312766859056e-05,6.647407167492491e-06,6.144193499081109e-05,3.83099780462693e-05,0.0967725683127835,1.5185976770223254e-05,6.147672785789923e-06,9.95592906929652e-05,3.961634989879887e-06,7.520668784487605e-05,-1.4301442746648667e-05,5.739318117909402e-06,3.361557551896726e-05,1.5747194611830218e-05,9.60706024941323e-06,8.484540704927579e-06,4.7344051563048095e-06,1.0642196266703403e-06,-6.014764190922286e-06,1.16790733521757e-06,9.142921800285276e-07,3.9568204206597336e-06,4.938304914359272e-06,-0.00016679729734355223,4.224551924363362e-06,5.383452325559974e-07,9.690828112864722e-07,4.0391063533694425e-07,4.049645705856909e-07,5.262543042292514e-07,3.156795774844365e-07,3.9595167170010907e-07,1.3274375122630024e-06,2.187834231189572e-06,1.3350742926338073e-06,2.1408722505968034e-06,1.0484623624719943e-06,1.9559636039524287e-07,-2.624349692309446e-06,1.4904364368013595e-07,-3.2192381154560738e-06,9.269217144927046e-08,1.7260793950432584e-06,1.1134959681844814e-06,7.012613936960323e-07,6.803654150095781e-07,1.0622357944302405e-07,6.056717499732975e-07,1.4600359686964648e-07,-8.292407565462336e-07,8.258503607276991e-07,1.026102748874588e-07,1.965747107890434e-07,1.70014813300023e-07,2.0640659836664822e-07,-1.7573173262936375e-07,3.5830287081464918e-09,8.122300644728194e-08,-4.4892562470447984e-07,1.5909094712311803e-06,1.2389958761883703e-07,1.5285783286351057e-06,5.202308538461332e-07,7.849646577585115e-07,4.931414947755683e-08,-1.2332437539142393e-08,4.607231401971674e-06,6.137694935167877e-08,3.677778965284351e-08,8.986484920519205e-09,-1.7729477690101953e-06,3.815574541749599e-08,-1
-0.0001638368962942739,1.3514520961124992e-05,1.657043873780207e-05,1.4993843299767763e-05,9.0648256997786e-06,0.0032604923899233734,8.385271437526781e-06,7.761412267992203e-06,7.552399669859816e-06,1.0220334018884993e-05,1.2347038660222822e-05,6.264272674877395e-05,-3.84503627072076e-05,1.0171082697385365e-05,7.984893765694418e-06,9.067235173089813e-06,3.1266853932584275e-06,2.8036682314798213e-06,2.1186741061550994e-06,2.666869954501691e-06,8.257660405885989e-06,6.83174647376202e-06,2.0939602188779413e-06,9.720412739606701e-07,-1.1412267997833347e-05,1.0761392532678212e-06,0.00025826418832822624,7.607609786879777e-07,2.053186578439256e-06,8.992697722518848e-06,2.0334261149817188e-07,3.611188231178381e-06,-1.7352558397119854e-07,2.275939469965655e-06,3.492809558398357e-07,3.421583293925051e-07,4.975478769807772e-05,3.1577393900744925e-07,3.1734060023919183e-06,5.694585842232951e-06,-5.251668774150056e-05,2.422492491939247e-07,8.220699006293836e-07,2.5386273663536857e-07,3.4232944455077806e-07,-4.466045834604104e-06,1.5901938107061047e-07,2.7022689816223193e-07,2.6266497559597735e-07,8.162759545471557e-07,1.777098248659965e-07,2.3500038607088908e-07,-4.019928183331819e-06,3.1201803616654736e-06,1.6391949551683157e-07,5.883004556300752e-07,2.2194759629682344e-07,2.1210864314533281e-07,1.1542816591765733e-07,1.0773948274016343e-07,1.464461500859693e-07,8.082192203143677e-08,7.516187087652769e-08,8.741012627907374e-07,7.745322497301286e-08,8.156653419008568e-08,3.492487067834895e-07,2.446138054120246e-07,3.6923134778302213e-07,2.913095748518742e-08,9.030413210629667e-08,6.722145781405178e-08,3.9114937692057067e-07,5.562188804339199e-08,7.446239814201263e-08,6.003180806348259e-08,-3.814902573147e-08,4.006481291051261e-09,-1
-0.0003857645875384315,-0.0004159722921800209,7.044706465857451e-05,3.782271805559387e-05,2.368733649244015e-05,8.855800407661688e-06,1.1252566686909434e-05,2.1183566163452746e-05,4.835366560564952e-05,2.84784725606598e-05,0.00012255399188641642,8.987994542111482e-06,6.571226022652622e-06,3.3013615970664094e-05,5.502630043124686e-06,2.1493761181922915e-05,0.00017678106234397662,1.0459307421944991e-05,1.329011871092851e-06,1.3252619786760134e-06,2.1652982596344548e-06,8.399486140333734e-07,7.847478900796582e-06,1.6231071814212027e-06,1.0961627556935197e-06,1.2713853371731707e-06,7.123095465312717e-07,7.483266241816195e-07,8.407327756232349e-07,3.4180619346849103e-07,1.3845528116407716e-07,4.4396805251487706e-08,4.48546028207994e-08,4.4579446328333275e-07,7.50253382151845e-07,1.0057123679326163e-06,3.15065039086554e-07,2.5389631027078535e-06,2.928332274970649e-07,3.8163012519991554e-05,7.225452576782919e-07,1.0356557227914292e-06,6.600665781555954e-07,4.182150624136138e-07,1.973272971609223e-07,1.4837396467424533e-06,5.627284448339752e-08,7.830354763924374e-08,4.359942628646781e-06,1.287336727911534e-06,0.00014402033633279562,1.511308231534608e-06,5.776614743612877e-07,5.6858956301068386e-05,5.554033922532083e-07,3.5179279884484414e-06,1.258081450458204e-07,2.2484660233018383e-07,5.811080908746759e-07,-2.0094295544596728e-05,1.0019719006388817e-07,3.366293896568287e-07,2.546943117862658e-07,3.2312850826955545e-09,6.237485388370144e-07,7.708886616766195e-08,7.175513171199101e-07,1.082537610001683e-07,2.524023063617125e-07,1.8572372726550445e-07,1.8690189817964972e-07,5.867494242307339e-07,7.650801698604548e-08,3.992515592399136e-08,1.1294847217340762e-07,-2.0333966759369817e-06,-8.653402869619753e-07,7.552623405115745e-09,-1
-5.2274537835744536e-05,5.1403556364479656e-05,-0.0030196680366878373,-4.843816131113264e-05,9.984428943150247e-06,0.0004248569042367841,7.883382306589939e-06,-0.001956725669450887,6.741345063716462e-06,5.904293259612127e-05,0.001994625383751294,4.4110766973258534e-05,-3.546085685826905e-05,5.771760630810161e-06,5.681455115991032e-06,5.063257281408932e-06,6.584199378143476e-06,4.9466371604827276e-05,-9.068067096144528e-05,4.981750016566737e-06,1.3179326487845727e-06,1.682951710081775e-06,2.0281346396145907e-06,4.191859619752152e-06,9.334521635672608e-07,2.6479457704315932e-06,3.559809070082475e-06,8.213524409880678e-07,-9.181717880609535e-06,1.5197919123438936e-06,-1.2146333754065407e-05,9.946948611780404e-06,3.005620399114288e-06,6.137199532519286e-07,3.1899207682618274e-07,3.137528388548114e-07,7.358201615702104e-07,1.852220828995826e-06,7.796034178423261e-07,2.488121234736674e-07,-1.898380665949447e-06,5.630294472968614e-07,-1.8782572245380308e-06,2.903937100537068e-07,1.96485549117228e-07,2.911889980456662e-07,1.1935730343806065e-07,1.1583322505412912e-07,4.1450979429274715e-07,1.4941372088744355e-07,1.1728446871600038e-07,1.1593168461601593e-07,1.3695682793671056e-06,2.094345536240598e-06,1.1683825050530563e-06,1.673718676904344e-05,1.0313540283681179e-08,5.450145608912333e-07,1.7002407104008274e-07,4.7422484910057657e-07,3.6281651194832723e-08,1.2350540392565918e-08,7.472179838083232e-09,6.972407621540086e-07,8.360424587570303e-08,1.2365704740458274e-07,6.861106718915613e-08,-9.865935961190645e-07,2.8820072295206627e-05,2.916446919442089e-05,4.1013106508312996e-07,5.7461125621177724e-08,2.332973523961461e-07,-1.0108158949748678e-05,5.5906595308539856e-08,2.778789946422039e-07,7.96241451985595e-09,3.7158912682494006e-09,1
1.0291572849446976e-05,0.01419397597092034,7.4819925812663205e-06,1.885329323888677e-05,1.3745858968787576e-05,7.547032602344944e-06,7.354482007736043e-05,1.2257470012893405e-05,7.886294793974305e-06,6.010651770710138e-06,5.487820800044117e-06,6.254229834320574e-05,4.995753634459379e-06,4.961106157544595e-06,8.374725464272156e-06,4.1925419741310225e-06,-1.91000609164761e-05,1.7634190544917502e-05,1.1288434636052e-06,-0.00036156551809823223,9.527907490972549e-07,0.00010370840811573088,8.843101298843361e-07,2.8538883247207608e-05,9.70157275103125e-07,6.741188965587082e-06,1.8587969191313672e-06,1.9656985829871857e-05,9.12199554585609e-06,4.89093646479656e-06,4.635349694768604e-06,8.403724190027604e-06,3.939577588499549e-07,-7.170704670304445e-06,3.4482347072297584e-07,2.9317863866460796e-07,7.077116939311683e-07,3.455442757676212e-07,8.352846392836576e-07,1.7908765039129453e-06,3.1426283663869365e-06,2.822764559683319e-07,1.9380025928916928e-06,6.43932635721797e-07,9.786693283238187e-07,2.454690749299962e-07,4.826104202226056e-07,2.721711419285614e-07,1.8742762786679356e-06,1.642575808222076e-07,2.894095045305978e-08,1.586403683208391e-07,1.690945526560651e-07,2.9168900817867603e-07,-8.311838593142311e-07,1.9085287308544602e-07,8.048137801670831e-07,1.8617123536241063e-07,1.0205859699827966e-07,1.3812170547823712e-07,-5.000743708942343e-07,6.642919396301147e-08,5.292391185752571e-09,1.4477206137771153e-07,1.1721498089060682e-06,1.3157281236108058e-07,1.788900694034726e-07,5.512801766111264e-07,-6.754490522623832e-07,8.608667992017186e-07,1.2148781416178602e-07,8.634039441698931e-07,4.986443166386176e-08,3.760093964218553e-08,2.479071583718321e-07,-1.1441154197318933e-07,1.781172930604687e-06,1.7212266447470212e-08,1
0.00024075264667834667,0.0015432625901883287,9.651132526551353e-06,3.536137343853099e-05,-5.242200242714024e-05,8.599604026843759e-06,8.829632179356484e-06,3.253988639450507e-05,-0.00032808277078640757,5.0739411846003024e-05,0.000248320829392043,2.9417836040560786e-05,6.513564915170255e-06,0.0023958179237299087,4.406644670395003e-06,2.710298370456098e-06,1.67447874475987e-05,7.939578204424394e-07,6.776563971354004e-06,6.567496046054883e-06,1.9827987631020594e-05,1.0582473704871987e-06,2.579092849918833e-06,2.037403082418718e-06,1.5315469093873296e-06,1.3501817829112137e-06,3.3234626281565224e-06,2.340625917532952e-05,3.451334907040276e-06,2.1872072144747837e-06,6.990064089735542e-07,1.4801955150149914e-06,3.7978078161294486e-07,2.1756286181034945e-06,2.9677815389694406e-07,4.072730171725733e-06,3.257369973977684e-06,-1.8339470947114255e-05,2.641744876371273e-07,1.0834410821087816e-05,2.8745400743796296e-07,3.479612315285833e-07,2.0355891583358895e-06,1.3288747037960154e-06,1.0500092222660077e-05,1.1143101286247303e-05,3.053479728693042e-07,9.268292606633241e-07,2.375186102444956e-06,6.807948207376249e-07,7.783984400885527e-08,7.600274039453822e-07,2.3346525146187662e-06,7.546498424272176e-07,1.0957554068780793e-07,1.2098404042218637e-07,1.060958067204648e-07,7.047641989848727e-07,5.369321585820193e-07,1.198734570059803e-06,2.8204705391608674e-07,6.476305182000652e-08,6.046335348093525e-07,2.939013896934123e-07,1.0902309235188806e-07,8.11926420003363e-07,6.24420862998774e-08,1.2352489557242876e-07,6.192725074435837e-07,6.345275447510441e-08,1.9370961284689924e-06,4.995023145368659e-08,-3.8390766387545317e-07,6.801474106567705e-08,5.618879094498056e-08,1.1907737512347149e-07,2.7747087673121742e-08,5.424849208581951e-09,1
1.0578841604142336e-05,5.8836655099717905e-05,8.603853597968263e-06,-4.771476933875913e-05,7.570979673979625e-06,9.245941349456842e-06,1.3742016141472466e-05,3.877696983990498e-05,2.2830969747321886e-05,2.177670078422423e-05,1.194668626647438e-05,3.694480893831805e-05,1.664725455016948e-05,6.81574721150833e-06,-0.0003588631091270066,3.371026450802611e-05,1.8766728288934493e-05,-3.0608545592535515e-05,3.2826166086435566e-05,1.207083598196794e-06,1.1787615369630208e-06,7.12500448107675e-06,1.1018951163760965e-06,1.0935120556528136e-06,1.053719193638863e-06,4.3280948733786225e-06,-3.590979184189195e-05,8.608945668176001e-07,8.862867834851401e-07,8.370229810459662e-07,1.8932367013992362e-07,2.911910935615185e-07,1.354319653640528e-08,3.191211825143494e-07,9.700113480848594e-06,8.615399950017772e-06,5.036319018070627e-07,5.792516137307922e-07,3.081112723004431e-07,4.539742493591843e-07,5.68026070426878e-06,2.2635397260246774e-07,6.496769057855217e-07,2.060899141200867e-07,3.743878758678661e-06,1.4237970528233408e-07,2.327212241841495e-07,-1.3377010896467539e-06,5.157927980588417e-06,1.2848997632168392e-07,6.509734483067617e-06,8.857929977004947e-07,7.164831164684514e-07,-5.1744367981123935e-06,1.5158707423486327e-08,-5.535274930886368e-06,9.977164805300968e-07,8.046918424311476e-08,7.889886691156861e-08,1.2056661175450758e-07,1.2881867605423772e-07,1.0728901976590939e-08,-7.7243026222343e-07,-1.2574492286621164e-06,2.859534792098656e-07,2.316954916971641e-07,9.002053349527546e-08,3.353487695801722e-08,8.366241016036641e-07,2.6232217995901753e-07,5.347207482900108e-08,-5.975935558282585e-07,5.95616590426358e-07,1.6833115703623976e-07,7.932601744644955e-08,-3.2834101874463294e-07,1.5464469187837596e-07,-3.145411820593366e-08,1
3.0504721023628042e-05,5.428059771576268e-05,1.3496761412385333e-05,2.1948478079443533e-05,1.614917415740045e-05,7.638325195698171e-06,0.0002033734909958944,4.2455074936495945e-05,-0.00032948898773083805,3.438400973379791e-05,1.651426182431817e-05,4.7193278247089886e-05,1.622524700213726e-05,0.00031977913994503534,0.0001448465921430975,0.0001060273772387929,4.6280154919210704e-05,1.322504989166314e-06,2.2088347651933546e-05,2.0139431723274526e-05,1.51666373086624e-06,1.0354700854700856e-06,1.5099959231016828e-06,1.3013293120153073e-06,1.236694564105391e-06,1.7021556300403778e-06,8.230857409694499e-07,1.1642174262346587e-06,1.0564799880126898e-06,2.20765613010185e-06,2.8097982672235484e-06,1.0492865379271398e-06,2.3781375323689e-07,1.1374758710768458e-05,3.449196252576028e-07,8.210921446375917e-07,3.22690740690573e-07,3.175468307627188e-07,-6.764741650258161e-05,2.767978376964627e-07,1.7372420326125728e-05,1.0564912732188614e-06,1.0895494829837329e-06,2.818962927706828e-07,3.278540097780105e-07,8.177821454428786e-07,6.039701079524157e-07,1.2612745524912935e-08,1.465011476984108e-07,3.496961625503914e-06,-1.8495953195092634e-06,1.2322335615584852e-07,1.0994139534128582e-07,5.519104789041051e-07,2.312805492210924e-08,7.644230380536307e-07,8.955640363334699e-07,6.763381048700926e-08,7.184773658889359e-08,5.72990992905811e-08,2.7553422726433597e-07,1.154875500054057e-08,2.5552971880840886e-09,8.334534226103209e-07,9.083804770468917e-08,8.982624603292948e-07,-2.5149928705436897e-05,7.987543154520196e-08,7.018090283081961e-08,-3.756132449726368e-07,7.010503746473423e-08,6.966393865499109e-07,2.83406076461382e-06,1.5950719044396546e-05,5.23742747768711e-08,4.57587150911487e-08,6.59551621397697e-07,7.414634085306594e-09,1
9.047043568557452e-05,0.00035753907507728497,-5.32201961090821e-05,0.0006235284705907768,0.00016009421221112644,8.659231497032277e-06,8.374477875554894e-06,8.612640749390883e-06,0.0001446413530692111,0.00046415663249275925,0.00010085324436706282,5.932219157367125e-06,6.5766417947787964e-06,6.625761029016857e-05,0.00036407891990741483,0.00028727495584878886,3.2228718316754627e-06,3.227589241259974e-05,0.00011620036397224898,1.733859149607251e-06,2.245906450009252e-06,9.547906494622714e-07,1.4473144268849266e-05,-5.3595452130540436e-05,1.1459355464931907e-05,8.271070375200216e-07,2.398343549587765e-05,8.583619512234848e-07,9.590842971427794e-07,3.3281790859065575e-05,2.6647147839192458e-05,1.493816462794855e-05,1.8253573393434988e-06,4.1226418283828393e-07,4.092438428261265e-07,-1.8122446781003017e-06,4.862864984308502e-07,3.4447122743058996e-07,9.062507740857893e-07,-4.661745782363078e-06,1.0773121406820227e-06,2.771595205330847e-06,3.031299307940231e-07,3.4133930071691033e-07,1.2433078113360668e-06,2.457790579067009e-07,7.137298958052237e-07,9.840177749760111e-08,5.129088451005557e-07,9.849409948336985e-07,1.4008256340552817e-07,0.0002248912579204295,5.375743702591869e-07,1.2164554195804197e-07,-4.547935786069642e-06,7.928033100937972e-07,9.990956928267877e-07,1.000028163710199e-07,4.564537489352687e-07,9.503546294014918e-08,3.564717331187423e-07,2.9727792377531395e-06,4.2333429179756074e-07,6.657747143015185e-08,2.0632742799350667e-08,6.037626081875956e-08,9.857868492467881e-10,7.020556237278322e-08,-3.912350272040514e-07,4.702999077079037e-08,4.3902566400352935e-08,4.196243484349556e-08,-2.506036622630768e-07,4.054133000904139e-08,4.3560583708479134e-08,5.853589901600813e-07,1.6508293241551938e-08,5.912962560276774e-09,1
2.6820492147488927e-05,9.481196075472755e-05,0.00011472310491014563,0.00010125007785485492,2.3213956942718883e-05,5.508432072866593e-05,8.545572970676603e-06,7.309960667935591e-06,9.8867890004214e-06,2.0588081416287395e-05,7.209163996761348e-06,1.1807344792843742e-05,9.177391989254136e-06,5.8644360362868394e-05,5.035296768856822e-06,2.3908070226086015e-06,2.221983823978538e-06,-5.510837699054547e-06,1.41838015003011e-05,1.2518163702359637e-05,1.2741042661425459e-05,7.113185443829934e-06,2.0600447119558526e-05,3.0031983824478974e-05,1.025228814844545e-06,1.0174208672593305e-05,4.1069831710630996e-06,3.4365494562053867e-06,3.8261372509439464e-07,1.284893267840819e-07,1.0419543890674933e-07,8.775507207825777e-08,1.868952992677378e-08,4.30371718415737e-06,1.9480625612160577e-05,3.4432396306685825e-07,-1.7757178824254385e-05,2.9988834682036237e-07,2.720496804748854e-07,2.7258404344779533e-06,-2.370286005554279e-05,5.58659142645965e-06,5.2357984881941285e-06,7.55403284536508e-07,2.249175185389145e-07,3.801227980160449e-07,1.2684670395204102e-06,1.198607624203538e-08,1.6015883190300345e-07,3.7467776688095176e-07,1.8874949038771035e-07,1.8223963598627576e-07,1.372904919561418e-06,1.216607627760882e-07,1.1158206031676292e-07,9.349902906138179e-08,1.0085638346118432e-07,1.953070275036415e-07,4.2022092460275897e-07,2.368825185677759e-07,9.872074185889902e-08,1.0712183664904201e-07,-1.3553415778902923e-07,7.24573397265679e-08,8.519626842257625e-06,-4.284313366695405e-07,2.5815259255245845e-09,6.097135531589407e-08,3.4175860560158737e-06,1.3345628405150612e-05,6.342426480750378e-09,1.1061525570410958e-06,-1.1730169656129142e-06,2.622832078224084e-09,1.9654251154128485e-07,4.456700911453115e-08,3.6092762864565776e-08,6.5422571635430295e-09,1
9.810496803704721e-06,8.002311450604275e-05,8.456335824319166e-06,0.0010242386741952912,-0.00030347696817176873,4.8543953022371115e-05,3.995689124114131e-05,6.691736212168522e-06,6.20630895151108e-06,6.701268186666456e-05,0.0002839883659233479,5.016309867803404e-06,0.000179628297180778,7.476839935971305e-05,1.807190970227569e-05,1.1951613282541007e-06,7.916171921737065e-06,7.109903439977832e-06,1.1851495094340944e-05,1.3851101989818473e-05,1.2656259731856865e-05,4.359980767447692e-06,9.184929525549024e-07,9.137450834919489e-07,8.939931414158707e-07,5.274107637653576e-06,2.340169643182912e-06,2.3659144996730844e-06,8.24211079943899e-07,3.115581870324271e-06,1.1295921440759315e-06,8.873010808372462e-07,1.9946225436896383e-05,-2.1308901660504886e-06,4.5911514353781717e-07,3.1704772550937994e-07,3.158748025274785e-07,3.7353053469282526e-06,2.4679599113163734e-05,2.426802021553731e-07,4.922289584781232e-06,1.117473811695997e-05,1.6259681130962613e-07,3.129471618908114e-06,3.122419126204257e-08,2.8988695125200556e-08,2.7763679456733512e-08,0.0002742478564359015,-9.736821758373403e-07,3.6206576331654335e-07,1.0054163194291555e-06,5.38006192291966e-09,-2.1856833171589487e-06,1.796470544942902e-06,2.9937965449853605e-07,2.9161647163945564e-07,5.132065853122137e-07,6.8718688233215095e-06,2.580353410049714e-07,4.966315583533648e-07,1.7180605635098663e-06,5.8583472192699e-08,3.444819465606241e-08,3.1429092262152705e-07,1.1566753514602486e-07,7.886563743343832e-08,2.148206050482616e-06,1.2022501255802186e-07,9.66397390785077e-08,1.3992650274863662e-07,8.75816419602479e-08,5.413990784769006e-08,2.955584715065444e-07,4.9986710099493856e-08,7.445211966158977e-08,2.0448911947903883e-07,3.3617673968220714e-09,9.268534183409451e-08,1
0.00023430337071270242,0.0004504497597356331,0.000498872876487561,0.0004702535152439049,0.0003767529449578842,5.48247794866369e-05,9.34370138409204e-05,7.236357097912321e-06,5.4546960693396114e-05,3.150197740404813e-05,8.144390070648308e-06,0.0006990420885715216,9.459989851397792e-05,0.00011372426379882947,1.295173370173153e-05,4.7117532053949756e-05,6.728531891158366e-06,5.348094447774929e-06,5.654638940950394e-06,1.0890153576683416e-06,5.1793760766526846e-06,9.60740770013046e-07,5.776458829984291e-06,8.683997400855654e-06,1.2291158540924568e-05,2.0676501344575876e-05,2.0176612759035005e-05,0.0014796382083007245,6.756108141958891e-07,1.1107913900657307e-05,3.904080620032454e-06,6.634287974039218e-07,3.812542364065231e-07,1.249675206279648e-06,3.7287666185100733e-07,3.2367430381510614e-07,2.9972309591670966e-07,3.2350900754402215e-06,2.503442897940713e-07,7.054707819326895e-07,-1.5289559223050222e-06,2.43107775597413e-07,1.3619681242560198e-06,1.2328734628335376e-06,1.0858365207694905e-07,4.105040726150256e-08,5.688009378502827e-07,2.3024296639431034e-07,1.390873972673689e-07,2.9897749288026334e-06,1.2534007013978328e-07,-8.100217518996086e-07,1.1114352255984271e-07,1.4252381582367758e-07,1.047794813458787e-06,1.0357292930323956e-07,7.879788815236415e-08,7.111894369368974e-08,5.801430044112006e-07,5.709888799362238e-07,5.266630557894137e-07,5.04310818946871e-07,1.583538335731704e-09,6.15859674538602e-07,1.5979636412336864e-07,7.887255584886541e-07,9.576029122175186e-08,7.923967653767435e-08,1.4090646871934033e-07,2.1806723475823626e-08,1.3973221098331466e-07,4.105652682497709e-09,4.10080585852015e-07,9.086762548691044e-08,2.623545548730301e-08,1.5075170165784584e-07,4.566481342273478e-08,2.755855572484993e-10,-1
-0.0003822051873329021,0.0028341364080852302,0.0012675895744436116,1.9845332186784543e-05,8.163543440764301e-05,7.376951629900051e-06,1.0559839132895927e-05,5.140215191074163e-06,3.4837881495131966e-05,4.2915109610992034e-05,9.640014445513667e-05,9.640014445513667e-05,0.00029543085425902437,0.00029543085425902437,0.00029543085425902437,1.3409731686541737e-05,1.3867181713838446e-05,1.2483924899310462e-07,0.00011443738037474035,8.635013872391347e-06,5.6306219966954136e-05,5.6361518248821764e-05,2.763631093003789e-05,2.6537453449616455e-05,1.5369501909564273e-06,3.971709350219981e-05,1.0398605903330722e-06,3.937747175506016e-06,6.1947840048273195e-06,1.4215532974853684e-05,6.571830979458474e-07,1.1672045278454694e-05,1.314020922514182e-07,3.6335173347054535e-07,2.967952938204095e-05,3.498587536865338e-05,5.683302562798746e-06,1.8568930916389572e-06,-4.046080090514565e-05,-1.1239887710065506e-05,3.941461299486468e-07,2.1389592625660616e-07,6.231611525115469e-06,1.2047542560340044e-07,5.524467451720332e-07,4.40123984844999e-08,2.4703672741631564e-08,2.6373749369726346e-07,1.7543102580373309e-06,1.481436886792618e-06,3.643764414279058e-06,8.606925113854052e-07,5.728973494877989e-07,5.723813466150594e-07,3.4109493156718945e-07,4.0912139425338586e-07,9.962213069813075e-08,1.8544598485190193e-07,2.7902801691852277e-07,3.655988846976611e-08,2.8510559366828322e-08,6.8559494858402494e-09,5.185083647444632e-09,1.5760191960766025e-06,6.971577179856394e-08,1.9102990408407273e-06,7.207421323637143e-08,5.148523444918036e-06,3.2178277341367183e-06,6.76177884579894e-07,2.5496530750195708e-06,6.155102054091873e-08,2.765738396624473e-07,9.98209716257935e-08,5.12918282538087e-08,1.5993925329930584e-06,1.1401905265894209e-09,2.3663646485949372e-08,-1
8.17336905839553e-05,7.545731036479506e-06,6.563217130495034e-06,-3.969942067739747e-05,6.29583191218621e-06,0.00014007612778196122,2.8187248254087527e-05,5.927906094316623e-06,5.618952970561622e-06,-5.413724460309503e-05,1.3036772460544777e-05,9.818773603641693e-05,3.5634810456566934e-05,8.524677314232564e-05,6.91178005052001e-06,0.00010660421892930009,4.204005151509385e-07,4.863513512433545e-07,0.00015844869680545144,0.00011090657507668262,1.1656434519724991e-06,1.0204429300955376e-05,1.014270429147741e-06,8.621269912548315e-07,6.424501281387942e-07,4.354735186891496e-06,5.364388701374004e-06,9.405915407335871e-06,3.1838904342234604e-05,3.893155116395743e-05,2.900597264388899e-06,1.740358358633339e-05,1.7940792162354737e-07,1.6779457054498716e-05,1.2196085711031371e-05,2.080227168371008e-06,3.0809104953706007e-07,4.5692213563140817e-07,2.536895385743758e-07,-1.0385521493054865e-05,2.4679949516629934e-07,2.975743655122713e-07,1.4471528740066338e-06,2.8008035016534713e-07,3.282478481129813e-07,7.215999886397294e-08,2.3616512541951054e-08,2.8146057586059485e-07,5.677370835477271e-09,2.437296450152189e-07,1.7166894093747025e-05,2.3728658466394364e-06,1.1798502329665117e-07,1.5436592724797368e-07,2.1049105943512362e-06,5.621583297048277e-07,1.1426398717075427e-07,1.0455837831513315e-07,9.872050911388905e-08,9.128753732154152e-08,9.099518446700802e-08,3.815930048528492e-07,6.864249595735876e-07,2.3799016575328751e-07,1.1851495094340942e-08,3.22327652339241e-07,6.224807581300013e-08,6.836458376541283e-08,1.6999602861680408e-07,5.265762652995062e-08,5.551634002270622e-08,1.5645514006399025e-07,1.0943863917595966e-06,2.3965894193541166e-07,1.3655117521419764e-08,1.3017557451697381e-08,7.644028687975562e-08,7.0067136498577895e-09,-1
2.8209747760731024e-05,2.7066812255527762e-05,2.0507439939724464e-05,8.802371043621619e-06,9.06307432913052e-06,1.9673615302889758e-05,-4.8314204159692575e-05,0.0005071006269267921,7.070115456469944e-06,0.0001803224269119583,0.00020254702330530172,0.00017833508972016983,0.00019191520923811828,3.9642781327777126e-05,1.371345610295904e-05,0.00017208040425273797,5.411124435356326e-06,6.953429102772473e-05,9.816406314713674e-07,9.387545102004328e-07,-4.962427584674684e-06,-5.842273569589634e-06,-8.68410246845719e-06,4.714357862287438e-06,5.406850332288695e-07,7.6080705530511e-06,2.182923790422517e-06,4.194072578775686e-07,2.1325817580424583e-07,1.6479937962297607e-07,1.7728107353399878e-07,6.681003046921528e-06,6.079391890541931e-08,-7.615811642128836e-06,1.665145707539927e-05,4.3171979702685154e-08,1.0478426066714484e-06,3.1130328943797475e-07,2.73220430737039e-07,2.7163491886506607e-07,2.8914534207595728e-06,2.426693551198385e-07,3.0192613624144696e-06,1.0941883491074976e-05,4.407849224680263e-06,4.962376175153007e-06,7.52234084595669e-06,6.644737837909161e-09,1.9058898979428364e-05,7.067241172547803e-06,3.5878055170081758e-06,1.513058529056124e-07,2.301929738533461e-06,-7.84261429949024e-07,1.3370625786745322e-07,-1.280571139481725e-06,1.203619248891033e-07,4.971304852456903e-07,4.73046581637366e-07,1.2705394992874745e-06,1.091106902424849e-07,1.6604018048624894e-07,1.0672599290093853e-07,1.5018820258299523e-05,1.3733515274997623e-07,9.0048807960652e-08,4.621167063987433e-08,5.876174297776427e-08,1.2349274179837893e-09,3.1243186118672855e-07,3.883516241789689e-07,5.201782217086854e-08,2.541063647059684e-07,2.1224415437250067e-06,4.013047894242723e-08,1.0383386563393897e-06,5.713780552442315e-09,2.1453239040603822e-08,-1
9.747687376107986e-06,3.823357850165024e-05,-5.9099173995177835e-05,3.095312003849285e-05,0.00013448760996780635,8.653575557180905e-06,1.14920406028892e-05,0.00011945701325166626,8.739328454159904e-06,2.8316146827207373e-05,1.22364016070929e-05,0.00013486810633315196,6.705331315109409e-06,1.65702795886333e-05,5.407899407264703e-06,3.4879644129423034e-06,2.469599695489437e-06,1.3283214996628749e-05,3.7500864902432346e-06,6.3065670519079625e-06,3.964667191170486e-06,9.257407477375607e-07,2.2540303363994787e-05,7.740906981436675e-07,7.703028079016462e-07,7.158180366313167e-05,1.977439358227965e-06,5.0309656205403935e-06,1.3825964987616365e-05,4.790236262866425e-06,2.849191527059917e-07,1.9900076922105758e-07,1.2553872725284483e-08,3.6930665290145004e-07,8.830406982952995e-06,2.076089712504682e-06,5.072027202425734e-07,4.2842034676224257e-07,2.5716840422784657e-07,3.6641506088731116e-07,2.307794166019364e-07,4.911142353146649e-07,1.3957478613619204e-07,1.3396575985378414e-07,2.0212035096155594e-07,6.890637936722215e-08,3.6922797523506077e-08,5.651970426834587e-09,1.7329152355731659e-06,1.290464108659484e-07,1.1149302343291462e-07,4.269069230266234e-09,4.244295607266657e-09,3.4867545362444614e-06,3.1578888833008603e-07,1.709669295480465e-07,9.022237586662451e-08,1.4696742823962299e-07,4.974828803474157e-07,2.1667471427872571e-07,4.532183225607655e-08,2.7193099353645924e-07,1.9506132655172597e-09,1.8415437908267686e-08,8.364815893298855e-08,2.4443758054617923e-06,3.614973671334891e-07,9.808623362059393e-08,-1.3474116798259176e-06,5.3263584040684593e-08,4.732371352902125e-08,5.8438165349943e-07,4.415409938681472e-07,1.9508179283929558e-07,8.315503939383979e-07,2.9066466300890455e-07,5.079518493022079e-09,4.9408296992044256e-08,-1
